date,open,high,low,close,volume,return
2019-09-16,5181.6,5227.4,5155.4,5180.6,101917.0,-0.0022725521916645564
2019-09-17,5158.2,5165.6,5055.0,5067.0,110346.0,-0.021927962012122215
2019-09-18,5087.8,5093.2,5059.4,5064.0,86609.0,-0.000592066311426831
2019-09-19,5072.4,5109.2,5047.6,5107.6,103818.0,0.008609794628751999
2019-09-20,5117.2,5140.8,5092.8,5099.4,100449.0,-0.0016054507009164443
2019-09-23,5063.8,5097.4,5023.8,5089.6,86268.0,-0.001921794720947445
2019-09-24,5089.2,5175.0,5069.8,5075.6,105606.0,-0.0027507073247406977
2019-09-25,5053.4,5055.0,4994.8,4996.6,91588.0,-0.01556466230593423
2019-09-26,5019.0,5022.6,4901.6,4904.4,98759.0,-0.01845254773245819
2019-09-27,4914.6,4962.2,4911.4,4929.6,77574.0,0.00513824321017875
2019-09-30,4937.0,4952.8,4836.6,4838.6,80725.0,-0.01845991561181437
2019-10-08,4879.2,4924.4,4861.4,4865.4,76050.0,0.0055387922126233224
2019-10-09,4839.2,4919.6,4831.0,4905.6,84155.0,0.008262424466642049
2019-10-10,4902.8,4973.6,4902.8,4965.4,86843.0,0.012190150032615588
2019-10-11,4975.8,5004.8,4928.8,4998.0,90910.0,0.006565432794941151
2019-10-14,5030.4,5092.6,5021.2,5043.4,108257.0,0.009083633453381257
2019-10-15,5032.6,5034.4,4981.8,4988.8,82931.0,-0.010826030059087
2019-10-16,5010.0,5023.0,4950.8,4950.8,98555.0,-0.007617062219371418
2019-10-17,4957.4,4974.4,4917.6,4936.8,94573.0,-0.0028278258059303285
2019-10-18,4947.6,4973.2,4825.4,4849.2,108159.0,-0.017744287797763825
2019-10-21,4845.8,4863.0,4798.6,4856.4,71565.0,0.0014847809948033142
2019-10-22,4861.8,4929.0,4853.4,4909.6,89089.0,0.010954616588419563
2019-10-23,4912.8,4921.4,4847.0,4876.2,71692.0,-0.006802998207593447
2019-10-24,4868.0,4886.4,4828.2,4879.0,81544.0,0.0005742176284813105
2019-10-25,4862.2,4932.0,4826.2,4927.6,90916.0,0.009961057593769196
2019-10-28,4998.6,5003.4,4950.2,4998.4,88973.0,0.014368049354655188
2019-10-29,4981.0,4983.2,4931.2,4932.2,68831.0,-0.013244238156209898
2019-10-30,4905.4,4911.8,4863.0,4870.2,78374.0,-0.012570455374883438
2019-10-31,4881.6,4895.4,4834.0,4846.6,73242.0,-0.004845796887191334
2019-11-01,4827.0,4902.4,4820.6,4899.6,82663.0,0.010935501176082107
2019-11-04,4914.4,4946.0,4897.0,4905.8,75719.0,0.0012654094211772549
2019-11-05,4917.8,4976.8,4890.6,4946.4,91420.0,0.008275918300786778
2019-11-06,4939.2,4956.4,4868.0,4900.2,82444.0,-0.009340126152353245
2019-11-07,4890.0,4954.0,4888.6,4933.4,102054.0,0.006775233663931957
2019-11-08,4979.8,4987.6,4908.4,4913.0,100409.0,-0.004135079255685681
2019-11-11,4872.0,4873.6,4793.2,4798.2,87777.0,-0.023366578465296217
2019-11-12,4811.8,4818.8,4746.4,4800.2,94204.0,0.00041682297528233825
2019-11-13,4791.4,4804.0,4767.2,4798.6,82799.0,-0.000333319445023017
2019-11-14,4795.2,4829.2,4780.2,4808.4,96364.0,0.0020422623265117235
2019-11-15,4813.2,4845.4,4770.2,4779.4,104282.0,-0.006031112220281187
2019-11-18,4768.8,4822.6,4763.8,4810.8,78791.0,0.0065698623258150235
2019-11-19,4812.8,4903.2,4810.4,4898.8,82599.0,0.01829217593747412
2019-11-20,4893.0,4908.8,4851.8,4854.8,72858.0,-0.008981791459132804
2019-11-21,4835.6,4885.0,4830.6,4870.6,77809.0,0.00325451099942331
2019-11-22,4880.8,4954.8,4787.6,4808.8,121332.0,-0.012688375148852349
2019-11-25,4819.0,4836.8,4774.0,4827.8,80036.0,0.003951089668940311
2019-11-26,4844.6,4852.0,4795.0,4804.2,79328.0,-0.004888354944281081
2019-11-27,4799.2,4868.4,4789.4,4831.4,94270.0,0.0056617126680820196
2019-11-28,4821.0,4848.8,4807.8,4826.6,75653.0,-0.0009935008486151586
2019-11-29,4821.2,4844.4,4773.2,4831.2,92039.0,0.0009530518377325325
2019-12-02,4847.4,4871.6,4819.6,4845.4,77907.0,0.002939228349064349
2019-12-03,4829.8,4874.8,4800.4,4874.4,85899.0,0.005985057993148191
2019-12-04,4861.8,4881.6,4836.0,4860.0,83962.0,-0.002954209748892045
2019-12-05,4876.0,4926.4,4862.4,4909.0,91983.0,0.010082304526749075
2019-12-06,4906.4,4967.8,4898.2,4966.6,85193.0,0.011733550621307876
2019-12-09,4977.8,5000.4,4957.0,4978.6,84302.0,0.0024161398139572743
2019-12-10,4961.4,5024.4,4955.6,5012.8,87936.0,0.0068694010364358515
2019-12-11,5009.6,5019.8,4969.6,4988.6,85634.0,-0.004827641238429603
2019-12-12,4987.2,5010.4,4973.2,4975.0,77562.0,-0.0027262157719601943
2019-12-13,5028.6,5062.2,4994.4,5050.4,101052.0,0.015155778894472283
2019-12-16,5048.8,5127.2,5041.2,5118.6,98161.0,0.013503880880722408
2019-12-17,5122.4,5234.4,5115.8,5204.6,115982.0,0.016801469151721093
2019-12-18,5214.8,5255.0,5188.2,5215.4,111010.0,0.00207508742266449
2019-12-19,5212.8,5232.8,5189.2,5222.0,94988.0,0.0012654829926757039
2019-12-20,5235.8,5243.2,5175.0,5183.6,108966.0,-0.007353504404442712
2019-12-23,5161.4,5184.6,5029.4,5031.2,110785.0,-0.02940041669881943
2019-12-24,5048.4,5118.2,5043.8,5099.4,79412.0,0.01355541421529649
2019-12-25,5105.6,5147.4,5083.4,5132.6,93426.0,0.0065105698709653215
2019-12-26,5137.8,5168.2,5099.8,5167.0,91280.0,0.006702256166465359
2019-12-27,5177.8,5205.0,5125.0,5125.6,101243.0,-0.008012386297658103
2019-12-30,5099.4,5225.6,5074.6,5216.2,107890.0,0.017675979397533848
2019-12-31,5221.0,5244.8,5188.4,5235.8,82370.0,0.0037575246347916202
2020-01-02,5276.6,5356.6,5253.4,5335.0,97640.0,0.01894648382291142
2020-01-03,5350.6,5372.2,5330.2,5349.4,78878.0,0.002699156513589429
2020-01-06,5339.8,5467.6,5338.6,5408.8,114538.0,0.01110404905223028
2020-01-07,5442.2,5481.6,5411.4,5476.6,96886.0,0.012535127939653945
2020-01-08,5451.6,5479.6,5379.0,5408.0,116448.0,-0.012526019793302479
2020-01-09,5467.6,5474.2,5420.8,5465.8,103744.0,0.010687869822485263
2020-01-10,5482.2,5483.8,5413.6,5436.6,97294.0,-0.005342310366277525
2020-01-13,5441.8,5542.8,5399.8,5542.8,117018.0,0.019534267740867417
2020-01-14,5561.0,5564.4,5508.4,5511.2,95851.0,-0.005701089701955708
2020-01-15,5503.0,5520.0,5455.6,5498.0,106405.0,-0.0023951226593119657
2020-01-16,5509.4,5525.0,5487.2,5514.4,100092.0,0.0029829028737722307
2020-01-17,5529.6,5536.6,5463.4,5476.8,117677.0,-0.006818511533439597
2020-01-20,5489.2,5570.4,5469.6,5570.2,91751.0,0.0170537540169442
2020-01-21,5551.0,5554.0,5463.0,5484.6,105623.0,-0.015367491292951674
2020-01-22,5428.0,5572.0,5383.4,5548.4,125458.0,0.011632571199358122
2020-01-23,5483.4,5510.4,5265.4,5304.6,152178.0,-0.043940595486987144
2020-02-04,4876.2,4954.4,4827.8,4914.8,135128.0,0.03057244705388973
2020-02-05,4968.2,5086.8,4951.0,5018.0,139506.0,0.020997802555546397
2020-02-06,5011.8,5216.0,4999.8,5196.6,150949.0,0.03559186927062585
2020-02-07,5170.2,5241.2,5139.2,5240.0,137111.0,0.008351614517184247
2020-02-10,5215.4,5356.4,5195.0,5259.2,119990.0,0.003664122137404524
2020-02-11,5282.8,5287.8,5223.0,5254.8,111478.0,-0.0008366291451170627
2020-02-12,5253.8,5368.0,5253.2,5368.0,121514.0,0.021542209027936243
2020-02-13,5368.0,5384.2,5307.0,5326.0,127027.0,-0.007824143070044753
2020-02-14,5334.6,5393.8,5304.6,5347.8,128129.0,0.004093128051070316
2020-02-17,5394.6,5559.0,5391.4,5556.0,135620.0,0.03893189722876689
2020-02-18,5562.8,5595.8,5506.8,5568.4,145492.0,0.002231821454283578
2020-02-19,5565.4,5594.0,5528.8,5541.8,125260.0,-0.004776955678471251
2020-02-20,5562.8,5662.0,5511.4,5633.4,157626.0,0.016528925619834656
2020-02-21,5644.6,5754.2,5640.0,5730.8,159652.0,0.017289736216139495
2020-02-24,5725.2,5800.6,5656.4,5757.4,146713.0,0.0046415858169888136
2020-02-25,5729.6,5820.8,5571.2,5807.4,203357.0,0.008684475631361321
2020-02-26,5742.4,5766.4,5635.8,5666.0,204206.0,-0.024348245342149633
2020-02-27,5699.4,5714.8,5620.0,5659.6,162802.0,-0.0011295446523119645
2020-02-28,5516.2,5555.0,5313.0,5327.8,218845.0,-0.0586260513110467
2020-03-02,5445.2,5598.4,5416.2,5542.0,181765.0,0.04020421186981493
2020-03-03,5657.2,5725.0,5538.8,5560.6,179794.0,0.0033561891014075584
2020-03-04,5582.4,5615.0,5478.4,5596.0,157430.0,0.006366219472718759
2020-03-05,5678.0,5697.0,5589.4,5662.4,166969.0,0.011865618298784852
2020-03-06,5622.8,5652.6,5589.0,5609.8,140347.0,-0.009289347273240933
2020-03-09,5511.0,5529.0,5352.6,5380.0,175064.0,-0.04096402723804771
2020-03-10,5486.8,5572.4,5327.0,5563.6,213847.0,0.03412639405204465
2020-03-11,5553.2,5579.8,5443.4,5443.4,158059.0,-0.021604716370695387
2020-03-12,5392.2,5408.8,5295.8,5395.4,169518.0,-0.008818018150420714
2020-03-13,5159.8,5410.4,5102.6,5368.8,223362.0,-0.004930125662601426
2020-03-16,5345.6,5349.2,5045.6,5059.6,190416.0,-0.05759201311279982
2020-03-17,5143.8,5160.2,4962.4,5072.2,212147.0,0.0024903154399555927
2020-03-18,5109.2,5208.6,4954.4,4963.0,218015.0,-0.021529119514214656
2020-03-19,5008.4,5069.0,4880.6,5030.4,238473.0,0.013580495667942616
2020-03-20,5080.6,5107.6,4986.4,5082.0,191920.0,0.010257633587786419
2020-03-23,4940.2,4990.0,4852.8,4885.0,166665.0,-0.038764266036993344
2020-03-24,4960.6,5007.4,4854.4,4953.2,185248.0,0.013961105424769693
2020-03-25,5052.2,5095.0,5014.8,5063.2,152591.0,0.022207865622223988
2020-03-26,5033.0,5067.6,4995.6,5004.2,133473.0,-0.011652709748775525
2020-03-27,5054.0,5084.8,4976.0,4976.0,158456.0,-0.005635266376243897
2020-03-30,4905.8,4947.4,4830.0,4898.6,152257.0,-0.015554662379421158
2020-03-31,4952.6,4961.6,4873.6,4884.0,133185.0,-0.0029804433919896622
2020-04-01,4889.8,4980.0,4862.6,4877.0,150892.0,-0.001433251433251459
2020-04-02,4885.4,5056.8,4884.4,5054.0,161194.0,0.03629280295263482
2020-04-03,5035.0,5035.6,4950.8,4983.2,130612.0,-0.014008705975464997
2020-04-07,5088.2,5157.2,5087.6,5134.0,129912.0,0.03026167924225409
2020-04-08,5118.0,5165.0,5108.6,5145.6,112051.0,0.0022594468250878297
2020-04-09,5179.8,5208.4,5161.4,5187.0,117004.0,0.008045708955223718
2020-04-10,5184.0,5184.8,5077.6,5110.0,136113.0,-0.014844804318488558
2020-04-13,5061.8,5087.8,5035.4,5051.8,113651.0,-0.01138943248532287
2020-04-14,5092.8,5172.8,5085.6,5167.2,131356.0,0.0228433429668633
2020-04-15,5177.4,5192.4,5142.0,5144.6,120043.0,-0.00437374206533514
2020-04-16,5133.8,5209.8,5123.4,5188.6,160837.0,0.008552657155075138
2020-04-17,5255.0,5267.8,5165.6,5179.8,159022.0,-0.0016960259029410452
2020-04-20,5196.0,5224.0,5180.8,5216.4,100267.0,0.007065909880690224
2020-04-21,5199.8,5199.8,5094.6,5171.0,127185.0,-0.008703320297523076
2020-04-22,5139.0,5228.0,5121.8,5227.8,124168.0,0.010984335718429827
2020-04-23,5230.0,5236.0,5169.6,5191.6,112486.0,-0.00692451891809176
2020-04-24,5172.0,5185.4,5103.4,5130.8,115295.0,-0.011711225826334881
2020-04-27,5140.6,5170.2,5107.8,5121.4,107457.0,-0.0018320729710767925
2020-04-28,5122.2,5126.2,4984.0,5081.0,149067.0,-0.007888467997032023
2020-04-29,5086.2,5130.6,5080.2,5103.2,107314.0,0.0043692186577444225
2020-04-30,5155.4,5262.8,5150.2,5249.0,131028.0,0.02857030882583489
2020-05-06,5231.0,5341.4,5221.6,5324.2,120325.0,0.014326538388264476
2020-05-07,5335.4,5341.8,5284.0,5309.4,107079.0,-0.002779760339581605
2020-05-08,5345.4,5409.0,5334.0,5382.8,126200.0,0.013824537612536325
2020-05-11,5413.0,5435.4,5344.2,5363.4,118148.0,-0.003604072230066202
2020-05-12,5367.2,5389.2,5317.6,5374.4,124299.0,0.002050937837938527
2020-05-13,5361.0,5402.2,5346.4,5391.8,113034.0,0.003237570705567183
2020-05-14,5373.4,5376.8,5333.4,5354.0,129152.0,-0.007010645795467174
2020-05-15,5376.4,5401.0,5334.0,5334.0,138830.0,-0.0037355248412401787
2020-05-18,5348.0,5374.4,5301.8,5320.8,118999.0,-0.002474690663667012
2020-05-19,5364.0,5391.0,5344.6,5379.8,103696.0,0.011088558111562064
2020-05-20,5377.2,5380.8,5316.2,5334.8,92505.0,-0.008364623220194045
2020-05-21,5343.0,5347.0,5265.0,5270.6,102156.0,-0.012034190597585592
2020-05-22,5262.2,5280.0,5176.4,5194.6,125778.0,-0.014419610670511895
2020-05-25,5201.8,5221.6,5161.6,5181.0,98197.0,-0.002618103415084949
2020-05-26,5212.4,5276.4,5205.6,5267.0,100912.0,0.01659911214051335
2020-05-27,5262.8,5265.2,5200.6,5224.0,100413.0,-0.00816404025061701
2020-05-28,5217.0,5248.6,5144.0,5206.0,122301.0,-0.0034456355283307705
2020-05-29,5183.4,5262.6,5182.8,5238.4,106121.0,0.006223588167499017
2020-06-01,5333.8,5444.4,5328.0,5440.0,129569.0,0.03848503359804534
2020-06-02,5455.4,5463.0,5407.0,5435.6,93918.0,-0.0008088235294116952
2020-06-03,5456.4,5474.4,5419.6,5423.2,100012.0,-0.002281256898962525
2020-06-04,5440.6,5448.4,5393.2,5424.0,89357.0,0.0001475143826523695
2020-06-05,5437.2,5443.2,5390.4,5442.2,96341.0,0.003355457227138592
2020-06-08,5481.8,5487.0,5405.6,5419.2,93294.0,-0.0042262320385138
2020-06-09,5421.8,5461.8,5407.4,5450.2,106276.0,0.0057204015352818605
2020-06-10,5446.0,5448.4,5407.8,5441.2,92417.0,-0.0016513155480533115
2020-06-11,5435.4,5510.0,5398.6,5436.6,149030.0,-0.0008454017496140054
2020-06-12,5382.0,5481.8,5381.4,5456.0,146939.0,0.0035684067247911955
2020-06-15,5455.0,5492.4,5419.6,5420.6,141380.0,-0.006488269794721391
2020-06-16,5484.6,5534.2,5470.4,5534.0,131050.0,0.020920193336530835
2020-06-17,5528.0,5545.8,5496.4,5541.0,113860.0,0.0012649078424287197
2020-06-18,5538.6,5558.2,5514.0,5558.0,132237.0,0.0030680382602419343
2020-06-19,5554.8,5643.8,5549.8,5613.6,143002.0,0.010003598416696624
2020-06-22,5638.6,5671.8,5613.8,5618.0,103485.0,0.0007838107453326248
2020-06-23,5606.8,5645.2,5576.0,5637.6,99718.0,0.0034887860448558072
2020-06-24,5658.4,5663.6,5602.6,5644.0,85017.0,0.0011352348517099653
2020-06-29,5632.4,5633.6,5566.6,5608.8,92194.0,-0.006236711552090712
2020-06-30,5637.8,5735.8,5636.2,5702.8,122406.0,0.01675937812009698
2020-07-01,5725.4,5731.2,5660.6,5725.4,118266.0,0.003962965560777132
2020-07-02,5731.2,5884.8,5711.0,5869.0,139196.0,0.02508121703287114
2020-07-03,5902.6,5962.4,5889.8,5955.0,140344.0,0.014653262906798359
2020-07-06,6022.0,6358.8,6021.6,6262.8,176354.0,0.05168765743073056
2020-07-07,6351.2,6470.0,6326.4,6355.2,168376.0,0.014753784249856183
2020-07-08,6403.0,6487.0,6314.4,6454.6,142959.0,0.015640735146022156
2020-07-09,6465.6,6653.6,6463.8,6650.2,156276.0,0.030303969262231556
2020-07-10,6612.8,6701.8,6561.6,6623.8,167483.0,-0.003969805419385852
2020-07-13,6700.2,6821.6,6648.2,6817.0,158876.0,0.02916754732932758
2020-07-14,6782.4,6802.4,6551.8,6692.6,208039.0,-0.018248496406043646
2020-07-15,6749.8,6751.6,6491.2,6546.6,216713.0,-0.021815139108866455
2020-07-16,6577.0,6640.8,6136.6,6210.6,258994.0,-0.05132435157180826
2020-07-17,6245.8,6342.8,6183.2,6238.0,206248.0,0.00441181206324659
2020-07-20,6301.2,6380.4,6220.2,6370.0,165086.0,0.02116062840654065
2020-07-21,6400.4,6451.8,6348.6,6406.6,146842.0,0.005745682888540049
2020-07-22,6389.8,6592.0,6366.0,6455.8,181725.0,0.007679580432678801
2020-07-23,6449.2,6504.0,6278.6,6468.4,180383.0,0.001951733325072036
2020-07-24,6442.6,6443.8,6087.0,6121.6,203980.0,-0.0536144950837919
2020-07-27,6175.0,6203.6,6074.6,6123.4,151940.0,0.0002940407736538031
2020-07-28,6207.8,6230.0,6113.0,6165.2,143145.0,0.006826272985596349
2020-07-29,6168.0,6415.6,6156.6,6415.2,168264.0,0.04055018490884321
2020-07-30,6444.0,6450.2,6336.4,6365.4,141795.0,-0.007762813318368922
2020-07-31,6391.8,6516.0,6276.0,6432.2,194204.0,0.01049423445502251
2020-08-03,6539.4,6591.2,6475.0,6578.6,157767.0,0.022760486303286642
2020-08-04,6588.2,6602.4,6499.0,6542.4,138194.0,-0.005502690542060762
2020-08-05,6546.0,6628.0,6477.0,6585.2,154306.0,0.006541941795059847
2020-08-06,6634.4,6635.8,6434.4,6594.0,183686.0,0.001336329952013715
2020-08-07,6510.0,6552.6,6360.4,6512.4,182733.0,-0.01237488626023664
2020-08-10,6475.0,6602.4,6441.0,6556.0,163291.0,0.006694920459431319
2020-08-11,6576.2,6602.0,6383.0,6413.4,155159.0,-0.021751067724222195
2020-08-12,6405.2,6408.8,6210.6,6339.2,176419.0,-0.011569526304300304
2020-08-13,6378.0,6397.6,6316.8,6356.4,145507.0,0.002713276123170072
2020-08-14,6345.0,6513.8,6338.4,6510.6,170902.0,0.024259014536530232
2020-08-17,6510.0,6610.2,6462.0,6588.2,161449.0,0.011919024360274033
2020-08-18,6603.8,6653.6,6590.4,6613.6,130281.0,0.0038553777966667813
2020-08-19,6607.0,6613.8,6470.6,6479.2,153547.0,-0.020321761219305734
2020-08-20,6428.2,6505.8,6394.2,6424.8,167621.0,-0.008396098283738662
2020-08-21,6475.6,6522.4,6385.2,6430.0,170984.0,0.0008093637156019184
2020-08-24,6448.4,6496.6,6376.8,6444.8,137515.0,0.0023017107309486473
2020-08-25,6464.8,6542.4,6398.4,6424.4,135237.0,-0.0031653426017875796
2020-08-26,6424.0,6450.4,6294.4,6338.4,132179.0,-0.013386464105597407
2020-08-27,6353.0,6410.4,6312.2,6407.2,125477.0,0.010854474315284746
2020-08-28,6389.6,6562.8,6351.4,6562.0,157461.0,0.02416031964040455
2020-08-31,6599.4,6620.2,6483.0,6483.2,136183.0,-0.012008533983541625
2020-09-01,6498.2,6555.2,6475.8,6549.8,113579.0,0.010272704837117619
2020-09-02,6567.8,6569.0,6443.2,6509.8,143435.0,-0.006107056704021452
2020-09-03,6502.8,6535.8,6436.8,6485.2,137457.0,-0.003778917939107229
2020-09-04,6406.6,6475.2,6371.2,6463.8,134465.0,-0.003299821131190983
2020-09-07,6473.2,6513.2,6287.2,6306.6,148894.0,-0.024320059407778705
2020-09-08,6332.4,6401.8,6285.8,6374.8,140113.0,0.010814067801985239
2020-09-09,6320.4,6330.4,6150.0,6207.0,169671.0,-0.026322394428060503
2020-09-10,6252.4,6263.4,6076.6,6103.6,167172.0,-0.01665861124536805
2020-09-11,6113.2,6178.2,6081.0,6156.0,152235.0,0.008585097319614654
2020-09-14,6198.6,6222.8,6121.4,6189.8,148269.0,0.005490578297595805
2020-09-15,6185.6,6215.0,6155.4,6204.8,138872.0,0.0024233416265468932
2020-09-16,6194.6,6203.2,6129.6,6172.0,131527.0,-0.005286230015471904
2020-09-17,6148.2,6245.2,6096.6,6187.0,182035.0,0.0024303305249513407
2020-09-18,6203.6,6321.2,6163.8,6316.4,172073.0,0.020914821399709016
2020-09-21,6334.0,6340.6,6228.4,6248.8,119241.0,-0.010702298777784724
2020-09-22,6218.0,6294.2,6137.4,6168.8,130648.0,-0.012802458071949796
2020-09-23,6192.2,6223.8,6158.2,6199.0,104295.0,0.004895603683050087
2020-09-24,6160.2,6171.6,6015.0,6070.2,143852.0,-0.020777544765284706
2020-09-25,6100.8,6117.4,6043.8,6093.8,119049.0,0.0038878455405093604
2020-09-28,6104.8,6109.2,6032.4,6051.4,118415.0,-0.006957891627556001
2020-09-29,6087.4,6165.4,6061.6,6104.4,140398.0,0.008758303863568795
2020-09-30,6120.0,6135.0,5982.2,6042.0,132935.0,-0.01022213485354817
2020-10-09,6173.8,6243.4,6172.0,6204.8,116696.0,0.026944720291294244
2020-10-12,6280.8,6415.4,6277.4,6415.0,133020.0,0.03387699845281067
2020-10-13,6389.6,6418.2,6340.4,6407.6,118363.0,-0.0011535463756819908
2020-10-14,6390.0,6403.2,6353.0,6377.6,98878.0,-0.004681940196017198
2020-10-15,6372.2,6377.2,6315.8,6329.4,122493.0,-0.007557701956849128
2020-10-16,6326.6,6345.4,6236.6,6287.4,135333.0,-0.006635700066357053
2020-10-19,6334.0,6364.2,6158.0,6199.8,143892.0,-0.013932627159079947
2020-10-20,6191.6,6270.4,6174.0,6266.8,95492.0,0.010806800219361978
2020-10-21,6261.8,6262.0,6145.6,6204.2,119906.0,-0.00998914916703908
2020-10-22,6168.4,6193.8,6106.4,6174.8,111590.0,-0.004738725379581532
2020-10-23,6186.2,6231.0,6073.8,6090.4,119257.0,-0.013668458897454272
2020-10-26,6038.4,6121.4,5993.0,6097.0,122026.0,0.0010836726651779482
2020-10-27,6095.6,6109.2,6050.0,6090.6,95537.0,-0.0010496965720845353
2020-10-28,6092.6,6138.0,6031.6,6130.4,117349.0,0.006534659967819101
2020-10-29,6082.8,6180.2,6074.6,6146.4,128659.0,0.0026099438862063895
2020-10-30,6147.8,6157.2,5983.6,5989.0,140577.0,-0.025608486268384634
2020-11-02,6008.4,6062.2,5997.2,6029.0,115071.0,0.006678911337451909
2020-11-03,6053.6,6146.2,6042.8,6120.8,124714.0,0.015226405705755619
2020-11-04,6118.2,6149.4,6050.6,6109.6,129808.0,-0.0018298261665141702
2020-11-05,6177.4,6245.4,6133.0,6234.0,146352.0,0.02036139845489071
2020-11-06,6221.4,6221.8,6119.4,6189.8,133141.0,-0.0070901507860121615
2020-11-09,6252.6,6351.8,6250.4,6283.0,141316.0,0.015057029306277947
2020-11-10,6278.4,6283.4,6190.6,6231.8,128445.0,-0.0081489734203406
2020-11-11,6230.0,6251.2,6154.0,6156.2,108024.0,-0.012131326422542554
2020-11-12,6186.2,6209.2,6146.8,6173.0,103458.0,0.002728956174263386
2020-11-13,6137.4,6180.8,6090.6,6175.2,140678.0,0.0003563907338408612
2020-11-16,6188.4,6236.6,6162.4,6235.6,115935.0,0.009781059722762109
2020-11-17,6210.8,6214.0,6162.4,6203.0,109334.0,-0.005228045416640015
2020-11-18,6205.8,6261.2,6180.6,6204.2,134790.0,0.00019345477994514582
2020-11-19,6186.8,6250.8,6159.8,6245.0,130655.0,0.0065761903226846385
2020-11-20,6251.6,6310.4,6247.0,6294.0,113426.0,0.00784627702161722
2020-11-23,6294.6,6417.0,6258.2,6356.6,122094.0,0.009945980298697199
2020-11-24,6363.0,6381.0,6332.2,6342.0,81505.0,-0.0022968253468835798
2020-11-25,6357.2,6363.6,6234.4,6248.4,110476.0,-0.014758751182592289
2020-11-26,6249.0,6254.2,6192.6,6240.0,100242.0,-0.0013443441521028276
2020-11-27,6241.2,6271.0,6160.4,6268.8,108111.0,0.004615384615384688
2020-11-30,6270.8,6324.2,6193.8,6216.4,134198.0,-0.008358856559469219
2020-12-01,6221.2,6358.4,6214.8,6329.0,124927.0,0.01811337751753439
2020-12-02,6326.8,6345.0,6281.2,6315.6,105987.0,-0.0021172381102859683
2020-12-03,6315.6,6348.8,6260.6,6335.0,108626.0,0.003071758819431114
2020-12-04,6314.6,6354.2,6273.6,6353.0,98248.0,0.0028413575374901523
2020-12-07,6352.4,6360.6,6269.4,6290.4,102300.0,-0.009853612466551254
2020-12-08,6300.4,6326.4,6279.0,6289.6,94755.0,-0.00012717792191263566
2020-12-09,6299.6,6307.8,6187.2,6197.8,114133.0,-0.014595522767743563
2020-12-10,6173.8,6223.4,6151.6,6202.2,106059.0,0.0007099293297621045
2020-12-11,6221.6,6230.6,6045.8,6088.0,132192.0,-0.0184128212569733
2020-12-14,6088.2,6134.2,6059.2,6131.4,103983.0,0.007128777923784524
2020-12-15,6110.0,6141.8,6091.2,6128.8,95330.0,-0.0004240467103759915
2020-12-16,6126.2,6136.2,6079.6,6104.6,111312.0,-0.003948570682678509
2020-12-17,6096.6,6197.8,6056.6,6192.0,150624.0,0.014317072371654138
2020-12-18,6191.8,6210.6,6112.8,6150.4,120249.0,-0.006718346253229979
2020-12-21,6147.4,6284.4,6141.6,6258.2,105124.0,0.017527315296566037
2020-12-22,6246.8,6258.6,6119.6,6150.2,109587.0,-0.017257358345850293
2020-12-23,6149.2,6221.2,6122.4,6183.4,107181.0,0.005398198432571277
2020-12-24,6167.2,6186.8,6093.0,6110.4,104013.0,-0.011805802632855689
2020-12-25,6097.0,6186.0,6090.0,6176.8,98224.0,0.010866719036397132
2020-12-28,6175.6,6191.2,6106.8,6131.8,101590.0,-0.007285325735008397
2020-12-29,6143.2,6188.4,6101.0,6117.2,95385.0,-0.0023810300401188034
2020-12-30,6117.2,6195.2,6093.4,6161.4,99396.0,0.007225528019355165
2020-12-31,6179.0,6271.6,6179.0,6257.4,108147.0,0.015580874476579964
2021-01-04,6288.0,6378.0,6246.2,6328.6,108774.0,0.011378527823057594
2021-01-05,6331.2,6384.8,6307.6,6360.2,103529.0,0.004993205448282412
2021-01-06,6382.2,6422.4,6313.2,6365.0,103839.0,0.0007546932486399704
2021-01-07,6365.0,6407.6,6319.0,6398.8,120888.0,0.00531029065200328
2021-01-08,6425.6,6474.8,6346.2,6436.2,136448.0,0.0058448459086077875
2021-01-11,6425.6,6429.0,6280.6,6327.2,133911.0,-0.016935458811099702
2021-01-12,6327.4,6395.4,6312.6,6380.8,115920.0,0.00847136173979024
2021-01-13,6390.8,6403.4,6307.6,6348.6,117299.0,-0.005046389167502441
2021-01-14,6344.8,6379.6,6277.4,6319.6,132827.0,-0.004567936237910741
2021-01-15,6316.0,6326.4,6224.2,6270.4,130480.0,-0.007785302867270194
2021-01-18,6294.2,6378.0,6260.4,6345.8,99756.0,0.012024751212043938
2021-01-19,6351.6,6371.0,6301.4,6319.0,92708.0,-0.004223265782092089
2021-01-20,6326.8,6391.4,6304.8,6381.0,97722.0,0.009811679063142842
2021-01-21,6412.4,6501.4,6405.6,6466.8,101272.0,0.01344616831217671
2021-01-22,6456.2,6474.4,6397.4,6464.4,106206.0,-0.0003711263685285404
2021-01-25,6455.0,6508.6,6406.2,6452.8,114570.0,-0.0017944434131550446
2021-01-26,6424.0,6431.6,6346.8,6377.4,101262.0,-0.01168484998760233
2021-01-27,6389.2,6403.0,6338.0,6368.4,84266.0,-0.0014112334180073072
2021-01-28,6323.2,6352.2,6258.6,6288.8,103136.0,-0.012499214873437525
2021-01-29,6305.4,6318.2,6108.6,6208.6,120462.0,-0.01275283042869857
2021-02-01,6215.4,6258.8,6198.8,6244.4,81780.0,0.005766195277518094
2021-02-02,6266.4,6296.8,6213.8,6287.6,86095.0,0.006918198706040712
2021-02-03,6284.4,6300.8,6242.4,6255.2,84782.0,-0.005152999554679183
2021-02-04,6237.6,6248.0,6130.0,6204.4,121136.0,-0.00812124312571938
2021-02-05,6218.6,6232.2,6098.2,6115.4,109465.0,-0.014344658629359852
2021-02-08,6138.4,6224.8,6101.0,6198.0,107594.0,0.013506884259410823
2021-02-09,6207.0,6323.4,6200.8,6304.6,106012.0,0.01719909648273643
2021-02-10,6311.0,6366.2,6261.6,6347.0,109479.0,0.006725248231449932
2021-02-18,6490.0,6532.0,6379.4,6418.2,137732.0,0.011217898219631373
2021-02-19,6427.8,6530.8,6388.8,6526.0,125001.0,0.01679598641363622
2021-02-22,6588.0,6634.0,6460.8,6472.6,125043.0,-0.008182653999387002
2021-02-23,6492.4,6519.2,6443.6,6463.8,92263.0,-0.0013595772950592
2021-02-24,6463.0,6492.0,6335.8,6392.8,118265.0,-0.010984250750332603
2021-02-25,6434.0,6434.0,6314.8,6368.6,103993.0,-0.0037855086972844454
2021-02-26,6261.6,6313.4,6194.0,6216.6,111674.0,-0.023867097949313854
2021-03-01,6268.8,6325.8,6257.0,6325.2,90247.0,0.017469356239745215
2021-03-02,6330.4,6336.4,6210.6,6266.6,103146.0,-0.00926452918484777
2021-03-03,6267.2,6358.0,6266.8,6339.0,93989.0,0.0115533143969615
2021-03-04,6308.8,6321.6,6222.0,6256.8,107933.0,-0.01296734500709884
2021-03-05,6198.8,6304.4,6187.2,6282.2,114746.0,0.004059583173507075
2021-03-08,6306.0,6356.6,6115.6,6129.2,122690.0,-0.02435452548470285
2021-03-09,6116.8,6117.0,5945.0,6015.0,151956.0,-0.018632121647196964
2021-03-10,6065.4,6071.8,5918.0,5922.0,118793.0,-0.015461346633416473
2021-03-11,5940.8,6077.8,5903.2,6073.0,116816.0,0.025498142519419176
2021-03-12,6065.8,6078.4,5977.2,6072.0,108077.0,-0.0001646632636258527
2021-03-15,6031.2,6072.6,5959.8,6041.4,107255.0,-0.005039525691699631
2021-03-16,6045.2,6081.6,5990.0,6030.6,103519.0,-0.0017876651107358033
2021-03-17,5996.6,6070.8,5965.8,6056.0,122739.0,0.004211852883626799
2021-03-18,6072.0,6128.4,6060.4,6093.6,126432.0,0.006208718626155907
2021-03-19,6023.4,6084.2,5994.2,6049.2,130121.0,-0.00728633320204819
2021-03-22,6048.2,6141.0,6042.0,6124.0,96157.0,0.012365271440851755
2021-03-23,6134.8,6145.2,6020.8,6069.6,97042.0,-0.008883082952318655
2021-03-24,6048.6,6078.8,5992.2,6019.4,87085.0,-0.008270726242256665
2021-03-25,6009.4,6059.8,5972.0,6042.4,93812.0,0.0038209788350997975
2021-03-26,6070.2,6135.8,6059.0,6114.8,91763.0,0.01198199390970478
2021-03-29,6099.0,6125.4,6065.0,6114.0,80533.0,-0.00013083011709302816
2021-03-30,6093.2,6140.4,6069.8,6123.2,81851.0,0.001504743212299653
2021-03-31,6120.6,6128.8,6044.8,6113.4,85330.0,-0.001600470342304705
2021-04-01,6124.4,6180.8,6087.6,6165.2,77682.0,0.008473190041548007
2021-04-02,6176.4,6185.8,6137.4,6172.2,69094.0,0.0011354051774477014
2021-04-06,6199.4,6227.0,6161.0,6175.6,73951.0,0.0005508570687924319
2021-04-07,6183.6,6190.8,6125.0,6183.0,77683.0,0.0011982641362782154
2021-04-08,6154.2,6218.8,6144.8,6208.0,84621.0,0.004043344654698355
2021-04-09,6199.6,6209.8,6152.2,6189.8,83695.0,-0.002931701030927769
2021-04-12,6168.0,6188.0,6072.8,6110.6,109843.0,-0.012795243788167654
2021-04-13,6109.6,6130.2,6075.6,6096.4,93167.0,-0.002323830720387665
2021-04-14,6105.6,6157.0,6098.6,6136.6,94523.0,0.006594055508168939
2021-04-15,6126.2,6154.2,6070.0,6150.8,118401.0,0.0023139849428022163
2021-04-16,6166.8,6236.6,6153.6,6232.0,114292.0,0.01320153475970609
2021-04-19,6206.2,6312.6,6192.4,6290.0,96758.0,0.009306803594351765
2021-04-20,6297.0,6327.2,6289.6,6301.6,72488.0,0.0018441971383147404
2021-04-21,6274.8,6306.8,6239.6,6286.8,75089.0,-0.0023486098768567
2021-04-22,6305.6,6327.2,6278.0,6298.6,73612.0,0.0018769485270726527
2021-04-23,6280.8,6344.8,6266.8,6343.0,79044.0,0.007049185533293034
2021-04-26,6350.6,6420.0,6301.4,6319.8,100556.0,-0.0036575752798360117
2021-04-27,6332.4,6346.6,6285.6,6314.4,79066.0,-0.0008544574195387122
2021-04-28,6295.6,6368.0,6276.4,6360.4,79639.0,0.007284936019257504
2021-04-29,6358.0,6373.2,6328.8,6362.2,74265.0,0.000283001069115274
2021-04-30,6340.6,6385.2,6304.0,6377.4,94069.0,0.0023891106849831534
2021-05-06,6383.8,6429.2,6314.0,6346.6,96438.0,-0.004829554363847244
2021-05-07,6379.2,6407.2,6324.2,6337.2,94673.0,-0.0014811079948319206
2021-05-10,6346.8,6383.4,6320.2,6346.8,85752.0,0.0015148646089755413
2021-05-11,6313.0,6357.4,6238.2,6340.6,109417.0,-0.0009768702338185387
2021-05-12,6323.4,6409.2,6296.8,6396.4,95623.0,0.008800428981484254
2021-05-13,6362.2,6380.0,6298.4,6328.6,93605.0,-0.010599712338190126
2021-05-14,6334.6,6438.2,6310.2,6436.6,103487.0,0.017065385709319703
2021-05-17,6453.8,6504.4,6446.6,6467.6,99463.0,0.004816207314420673
2021-05-18,6485.2,6506.0,6461.0,6488.0,74252.0,0.0031541839322160037
2021-05-19,6442.6,6485.8,6439.4,6480.0,81161.0,-0.0012330456226880004
2021-05-20,6444.6,6486.4,6401.8,6453.2,101406.0,-0.0041358024691358075
2021-05-21,6463.6,6474.2,6398.0,6420.4,100933.0,-0.005082749643587681
2021-05-24,6423.6,6468.6,6382.4,6441.2,79038.0,0.003239673540589294
2021-05-25,6451.8,6539.0,6425.4,6513.8,88898.0,0.0112711917034094
2021-05-26,6519.4,6533.8,6502.0,6520.6,67741.0,0.0010439374865669482
2021-05-27,6531.8,6581.4,6514.6,6562.6,74353.0,0.006441125049841956
2021-05-28,6578.6,6598.2,6529.0,6563.4,70869.0,0.00012190290433666817
2021-05-31,6560.0,6600.4,6543.0,6584.0,65084.0,0.0031386171801202067
2021-06-01,6562.2,6596.0,6512.2,6574.4,86620.0,-0.001458080194410738
2021-06-02,6577.8,6585.8,6505.8,6536.6,84791.0,-0.005749574105621713
2021-06-03,6542.4,6581.2,6493.0,6493.0,92517.0,-0.006670134320594823
2021-06-04,6475.8,6573.2,6468.0,6553.2,105612.0,0.009271523178807861
2021-06-07,6558.4,6572.0,6516.4,6544.6,72077.0,-0.001312335958005173
2021-06-08,6545.6,6592.8,6485.6,6526.6,92038.0,-0.0027503590746569273
2021-06-09,6512.6,6541.0,6501.8,6522.2,69367.0,-0.0006741641896240713
2021-06-10,6527.4,6615.4,6525.0,6603.0,92275.0,0.01238845788230969
2021-06-11,6616.6,6618.0,6567.6,6592.0,84701.0,-0.0016659094351052506
2021-06-15,6589.0,6590.4,6503.2,6519.4,97694.0,-0.01101334951456312
2021-06-16,6489.6,6511.0,6422.4,6450.4,110524.0,-0.010583796054851713
2021-06-17,6455.8,6486.6,6452.6,6471.0,107699.0,0.003193600396874663
2021-06-18,6467.6,6533.8,6460.0,6520.6,103476.0,0.007664966774841631
2021-06-21,6504.8,6586.2,6498.8,6556.8,81204.0,0.005551636352482792
2021-06-22,6552.6,6588.0,6541.6,6575.8,65785.0,0.002897755002440272
2021-06-23,6581.2,6668.6,6567.8,6661.8,76118.0,0.013078256637975683
2021-06-24,6642.0,6646.4,6616.8,6646.0,65018.0,-0.0023717313638956794
2021-06-25,6637.2,6720.2,6628.8,6707.8,74602.0,0.009298826361721302
2021-06-28,6691.0,6739.2,6683.4,6702.2,63947.0,-0.0008348489817824323
2021-06-29,6704.8,6715.6,6636.2,6656.8,71037.0,-0.00677389513890958
2021-06-30,6656.8,6704.8,6646.4,6670.4,61905.0,0.0020430236750390574
2021-07-01,6670.8,6675.4,6574.8,6593.6,89502.0,-0.011513552410649885
2021-07-02,6582.8,6602.4,6534.4,6550.8,85273.0,-0.006491142926474236
2021-07-05,6580.4,6607.2,6548.0,6589.8,72385.0,0.00595347133174573
2021-07-06,6585.0,6624.0,6523.6,6585.2,88291.0,-0.000698048499195747
2021-07-07,6550.8,6650.2,6544.8,6643.8,87668.0,0.00889874263499979
2021-07-08,6666.0,6671.6,6617.4,6625.6,78333.0,-0.0027393961287215385
2021-07-09,6623.0,6694.6,6577.0,6689.6,96731.0,0.009659502535619424
2021-07-12,6731.0,6808.8,6716.8,6765.4,102024.0,0.011331021286773435
2021-07-13,6781.0,6845.4,6772.0,6830.0,94082.0,0.009548585449492997
2021-07-14,6819.6,6842.8,6776.2,6805.0,114987.0,-0.0036603221083455484
2021-07-15,6793.4,6815.4,6737.8,6809.0,131998.0,0.0005878030859662875
2021-07-16,6825.2,6859.8,6791.8,6819.6,105791.0,0.0015567631076516264
2021-07-19,6809.4,6823.0,6751.8,6785.6,85289.0,-0.004985629655698265
2021-07-20,6755.6,6803.4,6746.0,6789.8,76310.0,0.0006189577929733847
2021-07-21,6820.2,6875.0,6813.2,6863.2,84972.0,0.010810333146779039
2021-07-22,6882.4,6899.4,6846.4,6895.8,70672.0,0.0047499708590745815
2021-07-23,6905.0,6914.0,6840.0,6868.0,86822.0,-0.004031439426897543
2021-07-26,6862.8,6879.2,6680.6,6750.2,127707.0,-0.017152009318578965
2021-07-27,6763.2,6801.6,6632.8,6642.4,120512.0,-0.015969897188231497
2021-07-28,6618.8,6623.2,6495.8,6557.0,141987.0,-0.012856798747440612
2021-07-29,6630.4,6667.6,6586.8,6655.8,107595.0,0.015067866402318053
2021-07-30,6639.4,6675.8,6600.0,6674.8,100452.0,0.002854653084527703
2021-08-02,6646.6,6755.6,6637.0,6746.8,100211.0,0.010786840055132751
2021-08-03,6731.0,6754.8,6691.4,6707.6,86883.0,-0.005810161854508777
2021-08-04,6721.4,6793.0,6712.2,6774.6,82881.0,0.009988669568847364
2021-08-05,6765.8,6793.0,6736.0,6772.0,76452.0,-0.0003837864966197424
2021-08-06,6793.6,6800.4,6748.8,6800.0,73853.0,0.0041346721795629815
2021-08-09,6775.2,6840.4,6747.4,6812.8,86398.0,0.0018823529411764461
2021-08-10,6811.0,6859.4,6811.0,6856.6,82444.0,0.006429074682949842
2021-08-11,6857.6,6901.2,6839.6,6883.4,85900.0,0.003908642767552317
2021-08-12,6872.2,6963.0,6870.0,6934.2,85681.0,0.0073800738007381295
2021-08-13,6921.2,6961.2,6892.4,6961.0,83454.0,0.0038649015026968048
2021-08-16,6952.0,6965.8,6894.8,6926.6,80689.0,-0.004941818704209067
2021-08-17,6920.4,6927.0,6768.2,6793.0,126743.0,-0.019287962348049636
2021-08-18,6797.0,6833.4,6759.0,6802.8,107871.0,0.0014426615633740258
2021-08-19,6784.4,6822.0,6723.4,6805.4,113786.0,0.00038219556653129594
2021-08-20,6778.8,6805.0,6708.2,6775.6,117454.0,-0.004378875598789134
2021-08-23,6815.2,6883.0,6814.8,6848.4,82365.0,0.01074443591711427
2021-08-24,6855.6,6930.0,6835.4,6922.6,75746.0,0.010834647508907391
2021-08-25,6921.6,6966.0,6890.4,6957.4,66259.0,0.005027012972004696
2021-08-26,6964.2,6995.2,6930.4,6957.4,74855.0,0.0
2021-08-27,6940.0,7016.6,6925.8,6999.2,82392.0,0.006007991491074227
2021-08-30,7027.0,7071.6,6988.2,7012.0,89400.0,0.0018287804320493706
2021-08-31,7002.8,7050.8,6969.4,7038.4,85412.0,0.0037649743297203386
2021-09-01,7059.4,7064.0,6919.0,7001.4,117172.0,-0.005256876562855228
2021-09-02,6992.4,7098.4,6992.0,7090.2,99110.0,0.01268317765018434
2021-09-03,7113.2,7150.8,7032.6,7090.2,109100.0,0.0
2021-09-06,7101.2,7135.0,7053.4,7117.4,98369.0,0.003836281064003799
2021-09-07,7119.8,7301.4,7113.2,7291.8,118392.0,0.02450332986764847
2021-09-08,7299.2,7341.6,7284.4,7318.8,95987.0,0.0037027894347074763
2021-09-09,7318.4,7399.6,7303.0,7393.6,93803.0,0.010220254686560626
2021-09-10,7384.6,7457.2,7373.4,7436.8,116042.0,0.00584289114910197
2021-09-13,7436.8,7466.2,7377.2,7434.2,109130.0,-0.0003496127366610091
2021-09-14,7403.4,7516.0,7339.6,7373.0,154010.0,-0.008232224045626957
2021-09-15,7370.6,7446.0,7345.4,7397.2,138474.0,0.0032822460328223446
2021-09-16,7422.4,7460.6,7224.8,7239.8,175677.0,-0.021278321527064215
2021-09-17,7238.4,7281.0,7104.8,7175.0,149715.0,-0.008950523495124152
2021-09-22,7149.0,7249.2,7107.4,7232.8,98790.0,0.008055749128919931
2021-09-23,7284.6,7309.2,7222.0,7268.0,91366.0,0.004866718283375704
2021-09-24,7262.8,7280.6,7202.4,7226.8,101637.0,-0.00566868464501924
2021-09-27,7226.6,7234.0,7008.0,7053.8,136514.0,-0.02393867271821548
2021-09-28,7048.2,7086.6,7023.8,7059.2,89638.0,0.0007655448127250608
2021-09-29,6998.8,7033.4,6887.8,6923.4,127010.0,-0.0192373073436084
2021-09-30,6931.4,6971.2,6906.6,6962.8,90739.0,0.0056908455383193335
2021-10-08,7048.0,7048.8,6921.0,6957.6,97214.0,-0.0007468259895444529
2021-10-11,6972.2,6997.6,6917.4,6965.2,95935.0,0.0010923306887431483
2021-10-12,6948.6,6969.0,6789.0,6833.8,138143.0,-0.018865215643484756
2021-10-13,6836.6,6887.2,6782.8,6859.2,123667.0,0.00371681933916701
2021-10-14,6854.6,6908.6,6830.2,6885.4,116779.0,0.003819687427105256
2021-10-15,6886.4,6942.0,6857.6,6938.6,106246.0,0.00772649374037826
2021-10-18,6932.4,6945.6,6867.6,6925.2,89392.0,-0.0019312253192287354
2021-10-19,6912.6,6995.2,6906.2,6974.6,71291.0,0.007133367989372141
2021-10-20,6938.0,7021.8,6934.4,6976.8,77051.0,0.00031543027557123793
2021-10-21,6980.4,7003.2,6911.6,6953.6,74534.0,-0.003325306730879496
2021-10-22,6954.6,6972.0,6896.8,6912.6,79763.0,-0.005896226415094352
2021-10-25,6910.4,6970.0,6887.2,6961.0,66553.0,0.007001707027746384
2021-10-26,6989.0,7020.6,6926.8,6962.8,74264.0,0.00025858353684826696
2021-10-27,6941.2,6961.6,6864.0,6895.6,71772.0,-0.009651289711035793
2021-10-28,6875.0,6896.6,6816.0,6846.0,83395.0,-0.007192992632983453
2021-10-29,6849.2,6920.2,6819.0,6918.2,80009.0,0.010546304411334972
2021-11-01,6913.2,6974.6,6893.8,6949.6,70911.0,0.004538752854788886
2021-11-02,6953.4,7000.0,6828.2,6900.0,96206.0,-0.007137101415908842
2021-11-03,6902.2,6955.0,6882.6,6918.8,86145.0,0.002724637681159381
2021-11-04,6943.4,6979.8,6928.0,6970.6,67711.0,0.0074868474301901244
2021-11-05,6964.0,6984.2,6910.6,6922.2,80546.0,-0.006943448196711999
2021-11-08,6917.6,6958.6,6892.6,6941.4,75974.0,0.002773684666724341
2021-11-09,6959.8,6998.0,6939.4,6979.6,75373.0,0.005503212608407582
2021-11-10,6970.2,6975.8,6861.4,6954.6,95716.0,-0.0035818671557109605
2021-11-11,6946.0,7014.2,6944.2,7009.2,77159.0,0.007850918816322938
2021-11-12,7018.4,7070.6,7012.8,7060.4,66818.0,0.007304685270786981
2021-11-15,7074.8,7090.6,6982.6,7008.0,80615.0,-0.007421675825732166
2021-11-16,6993.8,7030.0,6943.2,6956.0,79853.0,-0.007420091324200961
2021-11-17,6959.6,6998.6,6941.6,6993.2,71466.0,0.005347901092581875
2021-11-18,6997.6,7020.2,6941.6,6975.6,99042.0,-0.0025167305382370886
2021-11-19,6975.0,7085.2,6974.0,7081.2,95068.0,0.01513848271116447
2021-11-22,7096.8,7146.4,7086.0,7118.6,65782.0,0.005281590690843441
2021-11-23,7120.4,7158.6,7117.8,7133.0,53586.0,0.0020228696653836753
2021-11-24,7135.2,7156.4,7112.4,7127.8,55212.0,-0.0007290060283190458
2021-11-25,7118.2,7135.0,7103.4,7120.4,48617.0,-0.0010381885013609482
2021-11-26,7094.2,7133.4,7064.8,7097.0,64965.0,-0.0032863322285264784
2021-11-29,7058.0,7117.2,7056.4,7116.2,70696.0,0.0027053684655486965
2021-11-30,7134.0,7157.2,7082.0,7119.4,72292.0,0.00044967819903884987
2021-12-01,7123.6,7166.4,7098.0,7163.2,68211.0,0.006152203837402004
2021-12-02,7148.2,7156.6,7084.8,7107.4,81183.0,-0.007789814607996437
2021-12-03,7108.2,7171.2,7096.2,7171.2,75346.0,0.008976559642063231
2021-12-06,7176.6,7178.4,7092.4,7096.6,78964.0,-0.010402721999107412
2021-12-07,7115.4,7124.4,7014.8,7059.2,97964.0,-0.005270129357720643
2021-12-08,7073.2,7151.6,7067.4,7149.4,84388.0,0.012777651858567607
2021-12-09,7138.4,7199.8,7136.4,7175.6,81946.0,0.00366464318684101
2021-12-10,7158.0,7209.2,7154.0,7200.6,80477.0,0.0034840292101008252
2021-12-13,7210.2,7240.4,7187.6,7206.0,88271.0,0.0007499375052077983
2021-12-14,7199.0,7224.4,7189.8,7204.2,80750.0,-0.0002497918401332955
2021-12-15,7195.2,7223.8,7176.6,7186.4,99839.0,-0.0024707809333445185
2021-12-16,7223.2,7248.8,7205.0,7246.4,113374.0,0.008349103862852036
2021-12-17,7237.4,7246.2,7184.2,7208.4,102989.0,-0.005243983219253678
2021-12-20,7185.4,7210.2,7106.6,7132.4,84238.0,-0.0105432550912824
2021-12-21,7135.0,7201.6,7123.4,7170.8,68505.0,0.005383882003252793
2021-12-22,7180.4,7212.2,7172.0,7196.2,50739.0,0.003542143136051612
2021-12-23,7193.0,7259.8,7182.6,7240.6,60355.0,0.006169923014924583
2021-12-24,7232.6,7241.6,7172.0,7210.2,70552.0,-0.004198547081733617
2021-12-27,7198.6,7247.4,7191.6,7204.8,64702.0,-0.00074893900307893
2021-12-28,7218.2,7220.4,7167.6,7212.6,61289.0,0.0010826115922717428
2021-12-29,7212.0,7216.8,7179.8,7196.2,52455.0,-0.0022737986301750723
2021-12-30,7205.6,7258.4,7205.6,7251.2,71552.0,0.0076429226536227635
2021-12-31,7268.0,7310.4,7255.8,7279.4,61445.0,0.0038890114739629222
2022-01-04,7295.8,7300.6,7228.6,7283.8,67570.0,0.0006044454213260941
2022-01-05,7273.8,7275.4,7137.0,7143.8,99233.0,-0.01922073642878719
2022-01-06,7119.2,7155.6,7085.8,7139.0,75086.0,-0.0006719113077073846
2022-01-07,7155.6,7170.4,7103.4,7114.0,72092.0,-0.003501891021151393
2022-01-10,7104.2,7118.4,7058.4,7107.2,63987.0,-0.000955861681191994
2022-01-11,7115.2,7133.8,7050.6,7076.6,59017.0,-0.004305493021161566
2022-01-12,7107.8,7133.0,7079.6,7125.2,59040.0,0.006867704830002985
2022-01-13,7126.0,7126.0,7054.6,7058.0,81820.0,-0.009431314208723895
2022-01-14,7035.2,7085.4,7013.8,7035.6,86081.0,-0.0031737035987531304
2022-01-17,7053.0,7126.8,7036.4,7100.8,88675.0,0.009267155608619015
2022-01-18,7095.4,7131.0,7081.2,7112.6,81038.0,0.0016617845876520931
2022-01-19,7125.2,7140.2,7045.6,7082.6,107205.0,-0.00421786688412118
2022-01-20,7083.4,7104.4,7009.0,7038.8,116639.0,-0.006184169655211402
2022-01-21,7023.6,7023.8,6944.4,6969.0,106592.0,-0.0099164630334716
2022-01-24,6948.4,6979.2,6905.8,6953.8,84732.0,-0.0021810876739847274
2022-01-25,6934.0,6945.2,6714.4,6720.0,110014.0,-0.03362190457016312
2022-01-26,6741.6,6765.0,6699.4,6735.0,91345.0,0.0022321428571427937
2022-01-27,6714.8,6738.4,6550.4,6567.6,110204.0,-0.024855233853006586
2022-01-28,6592.8,6613.8,6433.0,6496.2,123091.0,-0.010871551251598888
2022-02-07,6608.4,6630.0,6567.2,6592.2,80784.0,0.014777870139466076
2022-02-08,6588.2,6682.4,6530.4,6678.8,92673.0,0.013136737356269634
2022-02-09,6679.6,6779.4,6666.6,6768.6,83146.0,0.013445529136970835
2022-02-10,6772.2,6790.4,6731.6,6767.6,67554.0,-0.0001477410395059886
2022-02-11,6741.2,6775.6,6677.2,6698.2,84753.0,-0.010254743188131799
2022-02-14,6665.2,6722.4,6627.4,6649.2,95280.0,-0.007315398166671594
2022-02-15,6659.2,6712.8,6633.4,6705.6,82527.0,0.008482223425374524
2022-02-16,6728.2,6735.2,6692.8,6716.2,79980.0,0.0015807683130517614
2022-02-17,6703.6,6751.4,6673.6,6713.4,98242.0,-0.0004169024150562084
2022-02-18,6686.8,6780.4,6685.2,6773.0,87991.0,0.008877766854351155
2022-02-21,6782.2,6806.4,6755.0,6785.8,62485.0,0.0018898567842906555
2022-02-22,6751.0,6762.4,6678.0,6733.2,82579.0,-0.007751481033923868
2022-02-23,6744.8,6829.4,6744.6,6829.4,66068.0,0.014287411631913383
2022-02-24,6798.4,6831.2,6648.2,6723.0,111475.0,-0.01557969953436611
2022-02-25,6801.8,6855.8,6750.6,6768.4,98409.0,0.006752937676632431
2022-02-28,6765.8,6801.6,6722.4,6793.4,79912.0,0.0036936351279475144
2022-03-01,6828.6,6833.2,6769.8,6802.6,71578.0,0.0013542556010246454
2022-03-02,6786.6,6818.8,6759.4,6809.8,59303.0,0.0010584188398552463
2022-03-03,6843.8,6844.4,6773.2,6797.8,62163.0,-0.001762166289758893
2022-03-04,6753.0,6817.2,6729.6,6761.8,86394.0,-0.0052958310041484324
2022-03-07,6724.6,6731.8,6572.0,6607.2,101284.0,-0.022863734508562827
2022-03-08,6610.2,6612.2,6327.0,6337.2,132649.0,-0.040864511442063156
2022-03-09,6362.8,6386.6,5916.4,6205.4,169232.0,-0.02079782869406055
2022-03-10,6334.8,6378.8,6278.4,6301.0,120292.0,0.015405936764753436
2022-03-11,6197.0,6413.0,6142.6,6408.0,146645.0,0.0169814315188066
2022-03-14,6369.2,6419.2,6229.2,6235.8,136955.0,-0.02687265917602999
2022-03-15,6092.8,6194.0,5767.4,5792.0,198374.0,-0.07116969755284008
2022-03-16,5928.0,6078.8,5687.0,6066.0,214232.0,0.047306629834254155
2022-03-17,6154.8,6256.4,6125.0,6143.4,171282.0,0.012759643916913976
2022-03-18,6148.2,6234.8,6103.4,6212.2,123560.0,0.011199010320018354
2022-03-21,6221.8,6249.8,6117.4,6209.0,106651.0,-0.0005151154180482731
2022-03-22,6184.4,6281.8,6156.8,6219.4,88715.0,0.0016749879207600404
2022-03-23,6229.4,6296.2,6212.2,6263.6,86152.0,0.007106794867672184
2022-03-24,6219.6,6255.4,6188.2,6212.6,86239.0,-0.008142282393511668
2022-03-25,6225.8,6249.2,6120.8,6122.8,88492.0,-0.014454495702282522
2022-03-28,6062.0,6200.0,6030.8,6169.8,104320.0,0.007676226563010369
2022-03-29,6180.4,6198.8,6111.0,6130.6,81269.0,-0.00635352847742221
2022-03-30,6173.2,6293.8,6157.0,6293.2,101520.0,0.026522689459432813
2022-03-31,6279.4,6287.8,6219.8,6237.0,74938.0,-0.008930273946481937
2022-04-01,6212.0,6295.2,6201.2,6289.4,87089.0,0.008401475068141595
2022-04-06,6269.0,6269.6,6172.4,6258.8,84052.0,-0.004865328966196958
2022-04-07,6228.4,6258.8,6099.2,6105.8,105910.0,-0.024445580622483587
2022-04-08,6112.2,6122.4,5989.2,6119.6,114807.0,0.002260146090602433
2022-04-11,6060.8,6060.8,5885.0,5909.0,132129.0,-0.034414013987842385
2022-04-12,5916.8,6058.4,5852.4,6046.2,157643.0,0.02321881875105758
2022-04-13,5996.6,6031.8,5941.4,5948.0,138377.0,-0.01624160629817073
2022-04-14,5986.2,6074.6,5972.8,6024.4,148044.0,0.01284465366509746
2022-04-15,6001.6,6020.4,5942.6,5956.0,131982.0,-0.011353827767080493
2022-04-18,5869.2,6009.6,5859.8,5986.2,108717.0,0.0050705171255875925
2022-04-19,5992.2,6021.0,5959.6,6003.6,86104.0,0.0029066853763657363
2022-04-20,6015.6,6016.0,5842.6,5844.8,106441.0,-0.026450796188953296
2022-04-21,5845.0,5874.8,5635.8,5658.2,145088.0,-0.03192581439912412
2022-04-22,5618.2,5688.0,5550.2,5617.4,153711.0,-0.007210773744300347
2022-04-25,5489.6,5539.2,5205.0,5230.4,174809.0,-0.06889308220885104
2022-04-26,5246.2,5330.4,5071.8,5086.2,193681.0,-0.027569593147751537
2022-04-27,5075.6,5339.4,5038.0,5338.8,209142.0,0.04966379615429983
2022-04-28,5313.0,5341.0,5198.8,5314.6,174857.0,-0.004532853824829486
2022-04-29,5336.8,5552.0,5313.0,5548.0,185585.0,0.043916757611109025
2022-05-05,5537.8,5622.8,5516.2,5575.2,119407.0,0.004902667627973978
2022-05-06,5472.4,5517.4,5416.8,5423.4,141744.0,-0.027227722772277252
2022-05-09,5408.4,5502.8,5404.8,5456.6,115580.0,0.0061216211232806295
2022-05-10,5375.4,5599.4,5350.4,5584.6,158876.0,0.02345783088370057
2022-05-11,5589.6,5755.8,5575.0,5613.6,169920.0,0.00519285177094142
2022-05-12,5612.2,5674.4,5563.2,5624.4,141996.0,0.001923899102180382
2022-05-13,5680.0,5694.8,5610.6,5691.8,130558.0,0.011983500462271701
2022-05-16,5731.8,5753.6,5623.0,5651.8,124696.0,-0.0070276538177729275
2022-05-17,5659.6,5694.0,5605.4,5693.6,119780.0,0.007395873880887471
2022-05-18,5672.8,5726.8,5646.2,5663.0,136991.0,-0.005374455529015054
2022-05-19,5611.0,5717.2,5583.0,5715.8,164755.0,0.009323680028253678
2022-05-20,5754.0,5816.2,5708.6,5812.4,151822.0,0.01690052136183895
2022-05-23,5802.0,5835.2,5764.0,5808.8,93232.0,-0.0006193654944600668
2022-05-24,5791.8,5809.4,5586.8,5600.0,134582.0,-0.03594546205756788
2022-05-25,5616.0,5692.4,5590.0,5688.4,112535.0,0.015785714285714292
2022-05-26,5675.0,5787.4,5595.6,5770.8,135245.0,0.0144856198579566
2022-05-27,5811.4,5829.4,5719.4,5764.0,117975.0,-0.0011783461565121334
2022-05-30,5773.2,5791.4,5721.2,5787.4,101229.0,0.004059680777237951
2022-05-31,5778.8,5913.6,5732.6,5891.2,127724.0,0.01793551508449398
2022-06-01,5879.2,5915.6,5829.6,5883.8,105049.0,-0.0012561108093427364
2022-06-02,5851.6,5974.0,5844.2,5966.2,116575.0,0.014004554879499587
2022-06-06,5970.0,6099.0,5944.4,6070.2,141639.0,0.017431530957728647
2022-06-07,6058.0,6080.0,6029.6,6052.8,117002.0,-0.002866462390036517
2022-06-08,6059.6,6114.0,5993.4,6093.2,143642.0,0.006674596880782424
2022-06-09,6084.0,6093.8,5952.0,6020.4,135714.0,-0.011947745027243495
2022-06-10,5977.8,6160.2,5977.4,6153.4,152744.0,0.022091555378380257
2022-06-13,6120.0,6152.8,6057.6,6116.8,168677.0,-0.005947931225013692
2022-06-14,6057.6,6192.2,5941.8,6186.4,216176.0,0.011378498561339212
2022-06-15,6208.6,6310.0,6136.0,6145.4,208937.0,-0.00662744083796718
2022-06-16,6189.6,6228.0,6134.0,6142.2,179358.0,-0.0005207146808995367
2022-06-17,6123.8,6225.8,6046.0,6209.6,187028.0,0.010973266907622792
2022-06-20,6226.0,6248.0,6139.4,6186.6,117591.0,-0.0037039422829168167
2022-06-21,6187.6,6207.4,6092.8,6146.4,131103.0,-0.006497914848220487
2022-06-22,6145.2,6155.2,6021.6,6031.2,135193.0,-0.018742678641155752
2022-06-23,6053.8,6198.8,6020.0,6195.8,140723.0,0.02729141795994172
2022-06-24,6204.0,6284.8,6191.6,6274.2,128720.0,0.01265373317408569
2022-06-27,6310.0,6356.4,6282.2,6288.4,124048.0,0.0022632367473143233
2022-06-28,6298.8,6423.2,6282.4,6404.6,110310.0,0.018478468290821226
2022-06-29,6396.0,6409.8,6283.4,6314.2,130037.0,-0.014114854948006239
2022-06-30,6342.2,6401.4,6339.4,6354.6,131572.0,0.006398276899686417
2022-07-01,6353.2,6392.0,6329.0,6341.0,100191.0,-0.0021401819154628354
2022-07-04,6326.0,6422.0,6294.8,6416.4,101638.0,0.011890868948115418
2022-07-05,6449.4,6457.2,6323.2,6402.4,135411.0,-0.0021819088585499635
2022-07-06,6372.6,6399.0,6260.6,6326.4,126413.0,-0.011870548544295922
2022-07-07,6317.4,6395.6,6289.2,6346.4,111142.0,0.00316135558927666
2022-07-08,6384.0,6391.4,6309.8,6311.2,107376.0,-0.005546451531576957
2022-07-11,6279.0,6287.2,6182.8,6226.4,129506.0,-0.01343643047281029
2022-07-12,6223.2,6260.2,6138.0,6146.2,139996.0,-0.012880637286393437
2022-07-13,6163.4,6188.6,6119.8,6158.0,141773.0,0.0019198854576811808
2022-07-14,6155.0,6249.2,6152.0,6222.6,151905.0,0.010490418967197268
2022-07-15,6210.4,6246.0,6102.2,6102.2,155184.0,-0.019348825249895674
2022-07-18,6132.2,6243.0,6114.0,6223.0,117182.0,0.019796139097374654
2022-07-19,6215.4,6261.4,6188.8,6242.0,105693.0,0.0030531897798489194
2022-07-20,6275.8,6349.0,6269.4,6328.0,99966.0,0.013777635373277697
2022-07-21,6309.8,6331.8,6262.6,6267.0,93492.0,-0.009639696586599245
2022-07-22,6286.2,6303.4,6127.0,6192.6,131595.0,-0.01187170895165146
2022-07-25,6194.0,6224.6,6088.0,6117.8,107947.0,-0.01207893291993678
2022-07-26,6129.0,6236.4,6117.2,6212.4,98804.0,0.015463074961587386
2022-07-27,6202.0,6255.4,6185.0,6239.0,80589.0,0.004281759062520152
2022-07-28,6275.0,6323.0,6239.0,6248.6,97409.0,0.0015387081263023017
2022-07-29,6268.2,6284.8,6183.6,6196.0,100341.0,-0.008417885606375908
2022-08-01,6168.2,6251.0,6151.0,6247.4,97877.0,0.00829567462879277
2022-08-02,6174.4,6175.2,5997.4,6115.4,165049.0,-0.021128789576463802
2022-08-03,6169.2,6202.4,6022.2,6044.6,125999.0,-0.011577329365209055
2022-08-04,6080.2,6088.6,5980.0,6058.0,117014.0,0.002216854713297689
2022-08-05,6069.4,6199.6,6063.6,6190.4,109393.0,0.02185539782106294
2022-08-08,6172.0,6234.8,6169.2,6224.0,70000.0,0.005427759110881336
2022-08-09,6210.2,6244.6,6189.6,6240.0,69400.0,0.0025706940874035134
2022-08-10,6234.8,6264.2,6190.4,6220.2,77481.0,-0.0031730769230770006
2022-08-11,6257.6,6364.2,6245.4,6354.6,99235.0,0.02160702228224176
2022-08-12,6350.4,6374.2,6334.4,6347.4,80516.0,-0.0011330374846568736
2022-08-15,6331.6,6397.6,6331.2,6357.4,87142.0,0.0015754482150172056
2022-08-16,6368.8,6425.6,6350.8,6380.0,90865.0,0.003554912385566489
2022-08-17,6379.6,6434.4,6339.6,6417.4,101218.0,0.005862068965517109
2022-08-18,6409.0,6412.0,6367.6,6391.6,90821.0,-0.004020319755664192
2022-08-19,6383.8,6406.6,6298.0,6301.0,105122.0,-0.014174854496526779
2022-08-22,6289.6,6394.0,6265.6,6372.0,84580.0,0.011268052690049268
2022-08-23,6370.6,6378.8,6330.4,6375.8,69099.0,0.0005963590709354705
2022-08-24,6377.6,6379.2,6164.8,6192.4,107953.0,-0.02876501772326623
2022-08-25,6196.6,6225.2,6139.0,6219.8,100502.0,0.004424778761062065
2022-08-26,6223.2,6277.4,6180.2,6209.2,84614.0,-0.0017042348628574233
2022-08-29,6130.4,6228.0,6129.6,6209.4,89010.0,3.221026863364784e-05
2022-08-30,6211.2,6219.2,6147.2,6202.4,82841.0,-0.0011273230907977716
2022-08-31,6187.0,6200.8,6053.2,6078.4,116628.0,-0.019992261060234773
2022-09-01,6075.8,6129.4,6028.0,6051.6,94242.0,-0.004409055014477414
2022-09-02,6065.2,6104.0,6041.0,6066.6,92443.0,0.0024786833234184957
2022-09-05,6065.8,6108.4,6036.2,6090.8,96175.0,0.003989054824778293
2022-09-06,6110.4,6210.0,6105.2,6202.6,101196.0,0.018355552636763584
2022-09-07,6185.6,6232.2,6178.6,6221.2,76202.0,0.0029987424628381554
2022-09-08,6215.8,6230.0,6192.4,6196.4,70184.0,-0.003986369189224015
2022-09-09,6204.8,6253.2,6181.0,6241.2,90658.0,0.007230004518752775
2022-09-13,6254.0,6278.8,6211.8,6221.2,105689.0,-0.0032045119528295585
2022-09-14,6176.0,6203.6,6144.6,6178.0,129834.0,-0.006943997942519098
2022-09-15,6198.2,6201.6,5977.0,6016.0,176628.0,-0.026222078342505672
2022-09-16,6018.6,6027.0,5847.2,5857.0,148338.0,-0.026429521276595702
2022-09-19,5848.2,5866.0,5772.4,5814.0,104180.0,-0.0073416424790848644
2022-09-20,5862.0,5917.8,5835.8,5855.8,82220.0,0.007189542483660105
2022-09-21,5828.6,5910.6,5786.8,5885.8,86564.0,0.005123125789815219
2022-09-22,5868.8,5927.6,5845.8,5878.6,79094.0,-0.0012232831560705648
2022-09-23,5883.2,5894.8,5739.4,5820.2,113538.0,-0.009934338107712826
2022-09-26,5780.4,5874.6,5742.2,5748.8,100003.0,-0.012267619669427132
2022-09-27,5794.8,5867.2,5745.0,5857.6,98953.0,0.018925688839410038
2022-09-28,5846.2,5847.6,5715.6,5720.6,107102.0,-0.02338841846490025
2022-09-29,5777.2,5814.0,5694.4,5745.2,101088.0,0.004300248225710401
2022-09-30,5752.6,5767.6,5663.0,5666.8,101251.0,-0.013646174197590955
2022-10-10,5674.8,5724.8,5574.8,5597.4,99544.0,-0.012246770664219753
2022-10-11,5601.2,5674.2,5580.0,5642.4,94215.0,0.008039446886054291
2022-10-12,5633.8,5792.0,5545.0,5774.0,128319.0,0.023323408478661545
2022-10-13,5766.8,5834.2,5755.0,5788.8,95228.0,0.0025632144094216436
2022-10-14,5846.8,5965.4,5825.2,5938.6,114577.0,0.02587755666113889
2022-10-17,5936.2,5991.4,5905.6,5957.6,93280.0,0.003199407267706178
2022-10-18,5980.6,6030.2,5947.8,5987.2,99394.0,0.0049684436685912825
2022-10-19,5975.6,6000.0,5920.8,5933.6,98823.0,-0.008952431854623133
2022-10-20,5908.4,5992.4,5824.6,5906.8,143780.0,-0.00451665093703657
2022-10-21,5928.6,5950.2,5874.4,5908.8,116786.0,0.0003385928082888512
2022-10-24,5933.4,6044.8,5797.4,5859.4,128406.0,-0.008360411589493744
2022-10-25,5850.0,5899.4,5747.4,5829.6,127431.0,-0.005085844967061326
2022-10-26,5853.4,6002.8,5838.6,5943.8,117737.0,0.019589680252504404
2022-10-27,5980.0,6006.4,5929.0,5937.6,97944.0,-0.0010431037383491493
2022-10-28,5903.8,5919.8,5720.6,5742.2,124880.0,-0.032908919428725536
2022-10-31,5732.6,5843.6,5711.6,5775.2,119348.0,0.005746926265194574
2022-11-01,5824.0,5944.0,5757.2,5937.4,140173.0,0.028085607424851
2022-11-02,5918.8,6003.8,5917.4,5969.6,96918.0,0.005423249233671434
2022-11-03,5955.4,5992.4,5938.6,5970.4,76038.0,0.00013401232913423655
2022-11-04,5996.2,6151.2,5988.6,6126.0,108503.0,0.02606190539997333
2022-11-07,6107.4,6150.6,6072.2,6110.4,88274.0,-0.0025465230166503705
2022-11-08,6103.8,6123.8,6081.6,6119.8,75198.0,0.0015383608274417426
2022-11-09,6127.0,6169.4,6096.0,6101.8,79659.0,-0.002941272590607502
2022-11-10,6082.2,6106.0,6044.8,6085.4,91101.0,-0.0026877314890688675
2022-11-11,6248.0,6249.2,6120.8,6123.2,126079.0,0.006211588391888734
2022-11-14,6133.4,6192.6,6096.0,6111.4,99961.0,-0.0019270969427750417
2022-11-15,6106.0,6222.4,6105.8,6208.4,106743.0,0.015871976961089107
2022-11-16,6207.4,6241.0,6173.6,6187.8,89665.0,-0.003318085174924157
2022-11-17,6153.2,6207.0,6133.6,6202.4,104755.0,0.002359481560489929
2022-11-18,6216.4,6249.4,6184.0,6198.0,102936.0,-0.0007094028118147522
2022-11-21,6128.8,6200.6,6123.8,6187.2,82105.0,-0.0017424975798645548
2022-11-22,6177.6,6188.2,6086.6,6118.0,95430.0,-0.01118438065683991
2022-11-23,6116.4,6139.6,6036.2,6106.8,90324.0,-0.0018306636155606126
2022-11-24,6140.2,6145.4,6078.6,6109.6,78363.0,0.0004585052728107719
2022-11-25,6084.0,6101.4,6041.8,6075.4,77719.0,-0.005597747806730502
2022-11-28,5981.6,6059.2,5957.2,6056.0,92228.0,-0.003193205385653597
2022-11-29,6100.6,6178.4,6082.2,6151.4,95656.0,0.015752972258916698
2022-11-30,6149.8,6171.2,6108.4,6138.4,73904.0,-0.0021133400526709423
2022-12-01,6210.2,6227.8,6165.4,6165.4,80820.0,0.004398540336243872
2022-12-02,6178.8,6206.2,6148.0,6151.4,68983.0,-0.002270736691861064
2022-12-05,6194.8,6201.6,6159.8,6179.0,85661.0,0.004486783496439939
2022-12-06,6179.4,6235.6,6154.2,6183.8,87060.0,0.0007768247289205998
2022-12-07,6172.2,6222.2,6152.6,6170.8,82218.0,-0.0021022672143342636
2022-12-08,6167.0,6179.0,6135.4,6158.8,79466.0,-0.0019446425098852416
2022-12-09,6160.6,6195.8,6123.8,6170.0,94187.0,0.0018185360784568338
2022-12-12,6150.0,6157.6,6109.6,6137.4,100559.0,-0.005283630470016232
2022-12-13,6130.4,6130.6,6094.2,6107.2,94174.0,-0.00492065043829637
2022-12-14,6100.0,6128.4,6061.0,6077.6,106403.0,-0.0048467382761330224
2022-12-15,6068.0,6097.8,6054.2,6076.6,106555.0,-0.00016453863367116295
2022-12-16,6067.0,6079.2,6027.6,6077.6,106371.0,0.0001645657110884713
2022-12-19,6078.6,6081.2,5910.4,5950.8,82979.0,-0.020863498749506437
2022-12-20,5929.4,5931.0,5865.2,5881.6,71706.0,-0.011628688579686686
2022-12-21,5888.0,5897.2,5808.2,5848.6,64933.0,-0.0056107181719260435
2022-12-22,5863.6,5878.2,5755.2,5786.8,75138.0,-0.010566631330574894
2022-12-23,5779.8,5821.6,5738.0,5778.0,74175.0,-0.0015207022879657472
2022-12-26,5788.0,5865.4,5781.4,5846.4,61496.0,0.011838006230529441
2022-12-27,5867.4,5893.2,5834.6,5884.0,53024.0,0.006431308155446125
2022-12-28,5865.2,5888.8,5849.2,5870.0,46293.0,-0.0023793337865397612
2022-12-29,5853.8,5903.6,5835.8,5856.2,54369.0,-0.0023509369676321112
2022-12-30,5871.4,5883.6,5837.6,5851.8,53373.0,-0.0007513404596837248
2023-01-03,5852.6,5955.0,5830.8,5933.6,68573.0,0.013978604873714051
2023-01-04,5931.6,5946.8,5897.8,5929.8,52527.0,-0.0006404206552514946
2023-01-05,5933.6,6004.8,5926.8,5990.4,61976.0,0.010219568956794323
2023-01-06,5982.2,6036.6,5978.8,6001.2,58244.0,0.0018028846153845812
2023-01-09,6016.6,6056.2,6007.0,6010.2,58461.0,0.0014997000599878962
2023-01-10,6002.2,6035.0,5992.6,6024.6,48961.0,0.002395926924228853
2023-01-11,6027.6,6049.4,5985.4,5998.4,63578.0,-0.004348836437274017
2023-01-12,6009.0,6035.4,5978.8,5994.8,63682.0,-0.000600160042677933
2023-01-13,6009.0,6057.8,5997.0,6057.8,64550.0,0.010509107893507785
2023-01-16,6069.6,6173.8,6069.6,6113.4,94966.0,0.009178249529532057
2023-01-17,6120.6,6140.0,6111.0,6127.2,64449.0,0.0022573363431150906
2023-01-18,6137.6,6175.4,6135.2,6150.6,75495.0,0.003819036427732181
2023-01-19,6128.6,6215.6,6125.0,6213.2,84499.0,0.010177868825805625
2023-01-20,6236.0,6259.6,6223.6,6247.8,74943.0,0.005568789029807508
2023-01-30,6335.2,6348.2,6253.0,6254.0,78405.0,0.0009923493069559086
2023-01-31,6258.0,6299.2,6246.2,6278.2,61423.0,0.00386952350495684
2023-02-01,6293.4,6348.4,6275.8,6335.6,71316.0,0.009142747921378813
2023-02-02,6355.4,6384.2,6319.6,6343.8,68471.0,0.0012942736283856338
2023-02-03,6318.8,6332.8,6245.8,6314.2,81332.0,-0.0046659730760743034
2023-02-06,6266.8,6302.8,6242.0,6282.4,72331.0,-0.005036267460644339
2023-02-07,6285.4,6294.6,6235.0,6290.2,70139.0,0.0012415637336049556
2023-02-08,6292.8,6297.4,6220.6,6239.6,68966.0,-0.008044259324027747
2023-02-09,6230.0,6339.8,6223.8,6335.2,83170.0,0.015321494967626137
2023-02-10,6332.0,6340.2,6255.6,6309.4,81919.0,-0.004072483899482338
2023-02-13,6302.8,6355.2,6297.2,6331.6,73183.0,0.003518559609471783
2023-02-14,6350.6,6369.4,6322.4,6350.8,60939.0,0.003032408869795944
2023-02-15,6350.8,6365.2,6312.4,6335.8,73965.0,-0.002361907161302468
2023-02-16,6338.4,6392.6,6217.0,6254.6,124251.0,-0.012816061113040123
2023-02-17,6262.0,6279.0,6194.0,6206.0,86747.0,-0.00777028107313027
2023-02-20,6210.2,6297.4,6175.0,6287.6,86147.0,0.013148565903964071
2023-02-21,6290.4,6348.6,6282.2,6315.2,71880.0,0.004389592213245086
2023-02-22,6300.4,6345.4,6294.6,6322.0,59916.0,0.0010767671649354327
2023-02-23,6329.8,6338.8,6261.8,6309.6,63939.0,-0.0019614046187914624
2023-02-24,6302.0,6321.2,6243.2,6295.0,60603.0,-0.0023139343223025355
2023-02-27,6272.0,6286.2,6217.8,6257.2,69675.0,-0.006004765687053215
2023-02-28,6278.0,6311.0,6230.8,6300.0,70847.0,0.0068401201815508905
2023-03-01,6295.6,6360.0,6285.8,6340.4,66225.0,0.0064126984126984254
2023-03-02,6342.6,6361.0,6315.2,6334.0,54675.0,-0.001009400037852437
2023-03-03,6338.6,6352.8,6284.8,6325.6,63983.0,-0.0013261761919797221
2023-03-06,6317.2,6344.2,6288.2,6311.8,67840.0,-0.0021816112305552693
2023-03-07,6301.6,6320.6,6223.4,6224.0,85402.0,-0.013910453436420722
2023-03-08,6210.2,6249.4,6207.4,6232.2,72879.0,0.0013174807197942062
2023-03-09,6236.8,6241.6,6185.4,6217.4,71137.0,-0.0023747633259523226
2023-03-10,6194.4,6200.0,6126.4,6138.6,87288.0,-0.012674108148100327
2023-03-13,6156.2,6171.0,6109.4,6169.0,96906.0,0.004952269247059604
2023-03-14,6159.6,6169.4,6057.2,6118.4,106211.0,-0.008202301831739423
2023-03-15,6148.8,6183.4,6127.2,6143.2,109682.0,0.004053347280334796
2023-03-16,6114.2,6129.4,6054.6,6069.4,116597.0,-0.012013282979554618
2023-03-17,6108.8,6173.0,6093.8,6109.4,100800.0,0.006590437275513228
2023-03-20,6123.6,6139.2,6086.6,6100.2,54376.0,-0.0015058761907879026
2023-03-21,6119.2,6174.0,6116.0,6161.6,53512.0,0.010065243762499732
2023-03-22,6183.2,6202.8,6173.6,6197.2,45604.0,0.00577772007270827
2023-03-23,6189.0,6234.2,6186.0,6233.4,46960.0,0.005841347705415334
2023-03-24,6236.4,6247.2,6216.4,6244.4,45226.0,0.0017646870086951427
2023-03-27,6239.8,6252.6,6201.2,6234.6,53427.0,-0.0015694061879443222
2023-03-28,6240.0,6253.4,6210.2,6228.8,52955.0,-0.0009302922400795666
2023-03-29,6232.6,6233.6,6190.6,6203.6,53441.0,-0.0040457230927305465
2023-03-30,6200.6,6242.8,6169.6,6242.8,61807.0,0.006318911599716204
2023-03-31,6242.8,6287.8,6237.2,6286.0,54750.0,0.0069199718075221295
2023-04-03,6304.4,6366.6,6304.2,6342.8,62867.0,0.009035952911231382
2023-04-04,6346.4,6355.4,6320.4,6352.2,52207.0,0.0014819953332911862
2023-04-06,6332.0,6364.6,6330.8,6344.2,51185.0,-0.001259406189981438
2023-04-07,6354.0,6403.8,6349.0,6388.8,51821.0,0.007030043189054647
2023-04-10,6392.0,6399.4,6344.6,6357.4,58741.0,-0.004914850989231279
2023-04-11,6360.6,6374.4,6337.6,6355.0,53136.0,-0.00037751281970610506
2023-04-12,6355.6,6377.2,6351.8,6372.6,45583.0,0.0027694728560190285
2023-04-13,6360.4,6372.4,6334.4,6346.8,60643.0,-0.004048582995951455
2023-04-14,6371.0,6388.2,6341.8,6360.6,59512.0,0.00217432406882212
2023-04-17,6365.0,6397.8,6349.4,6391.8,63916.0,0.004905197622865787
2023-04-18,6385.2,6391.8,6355.8,6377.0,71165.0,-0.0023154666916987976
2023-04-19,6375.8,6391.0,6339.0,6349.2,71326.0,-0.0043594166535988466
2023-04-20,6342.2,6350.4,6321.8,6343.4,79391.0,-0.0009135009135009531
2023-04-21,6344.2,6347.4,6196.0,6196.0,101494.0,-0.023236750007882168
2023-04-24,6199.6,6200.6,6133.2,6154.2,74466.0,-0.006746287927695271
2023-04-25,6152.8,6155.8,5997.6,6066.8,94991.0,-0.014201683403204268
2023-04-26,6067.0,6116.0,6056.6,6091.8,74313.0,0.0041207885540976985
2023-04-27,6088.0,6154.2,6080.4,6129.4,66546.0,0.006172231524344207
2023-04-28,6146.6,6217.0,6146.6,6213.8,58137.0,0.013769700133781537
2023-05-04,6204.2,6213.6,6182.4,6213.6,47200.0,-3.2186423766455974e-05
2023-05-05,6202.4,6202.6,6118.6,6152.2,64947.0,-0.009881550148062357
2023-05-08,6163.2,6214.6,6147.4,6184.4,59062.0,0.0052339000682681824
2023-05-09,6188.8,6214.4,6130.2,6130.6,67464.0,-0.00869930793609719
2023-05-10,6131.6,6160.8,6097.8,6124.8,68784.0,-0.0009460737937559971
2023-05-11,6140.6,6142.4,6098.8,6103.4,48155.0,-0.0034939916405434257
2023-05-12,6095.8,6133.4,6039.4,6042.8,65850.0,-0.009928892092931685
2023-05-15,6042.8,6120.8,6001.0,6115.2,82115.0,0.011981200767855915
2023-05-16,6114.4,6115.8,6053.8,6074.0,73796.0,-0.006737310308738809
2023-05-17,6065.8,6102.2,6049.8,6072.2,73450.0,-0.00029634507737896776
2023-05-18,6089.4,6106.6,6048.8,6077.8,84411.0,0.0009222357629854461
2023-05-19,6061.6,6113.6,6038.4,6085.6,73315.0,0.001283359110204385
2023-05-22,6078.4,6104.4,6042.0,6070.8,60782.0,-0.00243197055343769
2023-05-23,6074.2,6080.2,6008.2,6008.8,62132.0,-0.010212822033339952
2023-05-24,5987.4,6027.0,5956.4,5968.8,77247.0,-0.006656903208627329
2023-05-25,5984.2,5998.6,5880.0,5942.2,81995.0,-0.004456507170620627
2023-05-26,5942.2,6009.6,5911.6,5996.2,66894.0,0.009087543334118653
2023-05-29,6023.0,6025.4,5959.2,5988.4,58806.0,-0.001300823855108213
2023-05-30,5975.4,6028.0,5924.4,6021.2,66883.0,0.005477256028321387
2023-05-31,6010.2,6024.4,5965.4,6006.8,67423.0,-0.0023915498571712712
2023-06-01,5989.4,6059.4,5976.2,6021.6,73012.0,0.002463874275820732
2023-06-02,6049.2,6083.8,6037.6,6067.8,60345.0,0.007672379434037424
2023-06-05,6058.0,6066.4,6035.0,6050.4,46549.0,-0.0028675961633541913
2023-06-06,6034.2,6047.4,5928.6,5934.4,82135.0,-0.019172286129842675
2023-06-07,5948.4,5973.2,5929.8,5940.0,67447.0,0.0009436505796711625
2023-06-08,5926.6,5958.2,5884.0,5928.6,81681.0,-0.001919191919191876
2023-06-09,5937.4,5984.0,5925.0,5978.0,75301.0,0.008332489963903678
2023-06-12,5970.4,6014.2,5959.4,5984.6,90837.0,0.001104048176647776
2023-06-13,5984.2,6012.6,5984.2,6005.2,88430.0,0.0034421682317948843
2023-06-14,6017.2,6027.0,5994.8,6004.0,98951.0,-0.00019982681675878577
2023-06-15,6014.0,6068.8,6008.4,6056.0,102700.0,0.008660892738174608
2023-06-16,6062.0,6120.8,6056.2,6104.4,89161.0,0.007992073976221814
2023-06-19,6101.0,6111.8,6080.2,6084.0,47598.0,-0.003341851779044558
2023-06-20,6078.6,6098.6,6063.0,6079.8,47133.0,-0.0006903353057199357
2023-06-21,6059.8,6059.8,5953.6,5957.0,74697.0,-0.0201980328300273
2023-06-26,5939.0,5944.6,5857.0,5870.2,80036.0,-0.014571092831962451
2023-06-27,5874.4,5916.2,5869.6,5900.0,61783.0,0.005076488024258197
2023-06-28,5892.8,5911.2,5817.4,5908.8,66589.0,0.0014915254237288789
2023-06-29,5897.8,5921.4,5880.6,5903.0,49130.0,-0.0009815867858110616
2023-06-30,5895.0,5982.8,5895.0,5968.2,60367.0,0.011045231238353326
2023-07-03,5990.0,6021.6,5963.0,5997.0,55715.0,0.004825575550417183
2023-07-04,5997.4,6012.8,5989.6,6011.0,38442.0,0.0023345005836250543
2023-07-05,5995.2,6009.2,5968.0,5980.8,45336.0,-0.005024122442189305
2023-07-06,5962.8,6008.2,5937.6,5940.2,53000.0,-0.0067883895131086724
2023-07-07,5930.2,5946.2,5894.2,5924.4,53817.0,-0.002659843102925885
2023-07-10,5949.6,5971.6,5917.2,5943.2,44171.0,0.003173317129160802
2023-07-11,5957.2,6002.0,5941.4,5994.2,47450.0,0.008581235697940448
2023-07-12,5997.2,6003.0,5931.2,5936.2,53260.0,-0.009676020152814435
2023-07-13,5958.4,6027.8,5958.4,6027.8,64558.0,0.015430746942488582
2023-07-14,6035.0,6038.4,6001.0,6003.8,42223.0,-0.003981552141743228
2023-07-17,5991.4,5991.4,5944.4,5980.8,63119.0,-0.003830907092174929
2023-07-18,5982.6,5996.0,5946.4,5971.0,68443.0,-0.0016385767790262351
2023-07-19,5969.0,5988.8,5935.6,5965.6,73778.0,-0.0009043711271142785
2023-07-20,5983.4,5990.2,5900.8,5905.4,96421.0,-0.010091189486388763
2023-07-21,5898.0,5952.8,5897.4,5915.4,74537.0,0.0016933653943846938
2023-07-24,5902.6,5944.8,5885.8,5903.4,44846.0,-0.0020286033066233555
2023-07-25,5976.2,6014.2,5968.6,6006.4,67858.0,0.01744757258528984
2023-07-26,6006.0,6008.2,5975.4,5995.6,39923.0,-0.0017980820458176616
2023-07-27,5999.8,6008.4,5942.2,5954.6,51949.0,-0.0068383481219560505
2023-07-28,5935.2,6049.8,5928.2,6039.6,68659.0,0.014274678399892604
2023-07-31,6063.0,6145.0,6063.0,6086.2,70370.0,0.0077157427644214405
2023-08-01,6087.4,6121.8,6083.4,6093.0,50039.0,0.0011172817192994788
2023-08-02,6084.6,6111.2,6049.8,6070.0,52949.0,-0.00377482356802894
2023-08-03,6052.8,6086.2,6037.6,6084.0,49815.0,0.0023064250411861664
2023-08-04,6119.8,6165.0,6094.6,6120.4,68806.0,0.005982905982905962
2023-08-07,6112.0,6127.6,6087.0,6104.0,52332.0,-0.002679563427226972
2023-08-08,6090.4,6096.0,6054.2,6081.0,53743.0,-0.0037680209698558453
2023-08-09,6068.4,6081.8,6031.6,6041.6,50374.0,-0.006479197500411038
2023-08-10,6038.2,6055.8,6010.4,6033.8,48525.0,-0.001291048728813582
2023-08-11,6038.0,6039.2,5909.2,5909.4,74594.0,-0.020617189830620886
2023-08-14,5865.0,5924.0,5838.4,5912.6,78805.0,0.0005415101363930308
2023-08-15,5926.0,5934.8,5833.0,5882.8,82472.0,-0.005040083888644631
2023-08-16,5865.4,5890.8,5840.2,5840.6,73904.0,-0.007173454817433811
2023-08-17,5821.4,5895.4,5790.8,5879.2,100102.0,0.006608910043488514
2023-08-18,5883.0,5904.2,5785.8,5787.0,83217.0,-0.015682405769492425
2023-08-21,5776.0,5819.8,5706.8,5714.8,73535.0,-0.012476239847935
2023-08-22,5741.8,5759.0,5655.2,5732.2,88548.0,0.00304472597466221
2023-08-23,5723.8,5728.8,5622.8,5637.2,79606.0,-0.01657304350860056
2023-08-24,5657.6,5710.4,5627.8,5649.6,72616.0,0.002199673596821272
2023-08-25,5630.4,5659.0,5557.2,5585.8,84854.0,-0.011292834890965775
2023-08-28,5878.2,5898.8,5621.6,5646.2,111213.0,0.010813133302302269
2023-08-29,5637.4,5817.2,5637.4,5770.6,115104.0,0.0220325174453615
2023-08-30,5788.6,5829.2,5757.2,5771.0,71089.0,6.931688212663545e-05
2023-08-31,5772.2,5787.4,5727.2,5741.6,62959.0,-0.005094437705770116
2023-09-01,5758.0,5780.4,5731.6,5748.0,60355.0,0.0011146718684686974
2023-09-04,5779.6,5837.4,5759.0,5831.4,80473.0,0.014509394572024936
2023-09-05,5822.0,5828.4,5772.6,5784.2,65948.0,-0.008094111191137565
2023-09-06,5771.4,5805.8,5740.0,5780.4,72212.0,-0.0006569620690848321
2023-09-07,5768.6,5771.6,5687.0,5695.4,87125.0,-0.01470486471524457
2023-09-08,5681.4,5715.8,5676.8,5687.8,70039.0,-0.0013344102257961676
2023-09-11,5701.0,5799.4,5682.8,5749.4,127669.0,0.010830197967579558
2023-09-12,5755.2,5780.0,5744.8,5763.2,81457.0,0.002400250460917741
2023-09-13,5758.8,5764.8,5670.6,5705.6,120889.0,-0.009994447529150352
2023-09-14,5703.8,5705.8,5664.4,5699.0,115178.0,-0.001156758272574332
2023-09-15,5711.0,5736.4,5669.0,5706.2,98019.0,0.0012633795402701153
2023-09-18,5693.2,5747.2,5663.6,5727.2,74487.0,0.003680207493603538
2023-09-19,5728.4,5728.4,5679.0,5706.0,56593.0,-0.003701634306467305
2023-09-20,5690.6,5705.4,5667.4,5667.6,41966.0,-0.006729758149316423
2023-09-21,5657.2,5683.4,5617.0,5621.0,59194.0,-0.008222175171148316
2023-09-22,5617.8,5723.4,5616.8,5723.4,77518.0,0.01821739903931685
2023-09-25,5717.6,5717.6,5665.2,5684.4,52711.0,-0.006814131460320838
2023-09-26,5683.2,5696.2,5668.0,5670.2,40971.0,-0.0024980648793188065
2023-09-27,5667.8,5723.4,5666.4,5697.4,58667.0,0.004797008923847379
2023-09-28,5713.2,5720.0,5685.2,5689.2,42639.0,-0.0014392529925930653
2023-10-09,5687.0,5690.0,5630.2,5656.0,60393.0,-0.005835618364620654
2023-10-10,5674.2,5694.2,5625.2,5631.2,50789.0,-0.004384724186704436
2023-10-11,5651.6,5684.2,5610.8,5618.8,62620.0,-0.002202017332007311
2023-10-12,5649.6,5674.4,5638.4,5661.2,57434.0,0.0075460952516550606
2023-10-13,5638.4,5641.4,5618.8,5641.4,49110.0,-0.0034974916978732784
2023-10-16,5643.8,5643.8,5564.6,5588.6,70570.0,-0.009359378877583424
2023-10-17,5596.8,5596.8,5557.4,5589.0,73037.0,7.157427620496648e-05
2023-10-18,5579.2,5584.0,5517.0,5529.6,91476.0,-0.010628019323671412
2023-10-19,5504.2,5531.6,5456.8,5467.2,106502.0,-0.011284722222222321
2023-10-20,5451.6,5474.4,5403.4,5423.6,92582.0,-0.007974831723734144
2023-10-23,5404.2,5405.8,5222.4,5256.8,100497.0,-0.030754480418909935
2023-10-24,5282.2,5339.4,5250.2,5302.2,93544.0,0.008636432810835482
2023-10-25,5353.4,5397.8,5336.0,5336.8,71049.0,0.00652559315001322
2023-10-26,5316.4,5386.6,5313.6,5365.0,71616.0,0.005284065357517687
2023-10-27,5357.6,5507.0,5352.8,5475.0,96146.0,0.020503261882572232
2023-10-30,5466.0,5549.2,5464.8,5517.4,77452.0,0.007744292237442885
2023-10-31,5513.6,5531.4,5478.8,5502.8,58202.0,-0.0026461739224996617
2023-11-01,5518.8,5518.8,5465.2,5493.8,54862.0,-0.0016355310023987712
2023-11-02,5501.2,5516.8,5440.6,5448.0,53540.0,-0.008336670428483073
2023-11-03,5458.6,5536.6,5456.2,5492.6,73419.0,0.008186490455212914
2023-11-06,5535.0,5599.0,5533.6,5584.2,67040.0,0.016676983577904814
2023-11-07,5576.6,5619.4,5561.0,5587.8,53693.0,0.0006446760502847315
2023-11-08,5582.4,5612.8,5552.4,5579.8,62052.0,-0.0014316904685206522
2023-11-09,5574.6,5621.8,5552.4,5567.8,66829.0,-0.0021506147173734336
2023-11-10,5548.8,5554.8,5520.4,5543.0,62445.0,-0.0044541829807105415
2023-11-13,5563.4,5569.6,5521.6,5565.8,71509.0,0.004113296049070847
2023-11-14,5568.4,5607.2,5558.8,5581.8,83976.0,0.002874699054942642
2023-11-15,5648.2,5653.0,5592.0,5614.2,91945.0,0.00580457916801036
2023-11-16,5603.8,5610.4,5558.0,5562.8,87407.0,-0.009155356061415598
2023-11-17,5549.4,5581.6,5544.2,5570.0,74012.0,0.0012943122168691534
2023-11-20,5573.6,5618.0,5532.6,5608.4,70101.0,0.0068940754039497065
2023-11-21,5622.6,5651.8,5576.6,5589.2,64923.0,-0.0034234362741601965
2023-11-22,5577.8,5598.2,5521.4,5527.8,66923.0,-0.010985471981678874
2023-11-23,5523.4,5595.0,5496.8,5588.0,69454.0,0.010890408480769942
2023-11-24,5575.4,5575.4,5506.4,5527.6,69562.0,-0.010808876163206804
2023-11-27,5521.4,5537.4,5481.0,5520.2,66381.0,-0.001338736522179751
2023-11-28,5515.4,5547.0,5466.6,5534.2,66238.0,0.002536139994927744
2023-11-29,5533.6,5538.8,5483.2,5507.4,56425.0,-0.004842615012106588
2023-11-30,5500.0,5507.8,5445.0,5480.8,68917.0,-0.004829865272179101
2023-12-01,5480.0,5511.2,5440.6,5489.8,79489.0,0.0016420960443730426
2023-12-04,5497.4,5514.4,5469.8,5471.8,74202.0,-0.0032788079711464357
2023-12-05,5461.2,5461.2,5369.4,5379.0,88614.0,-0.01695968419898386
2023-12-06,5371.6,5439.4,5358.4,5403.4,87194.0,0.004536159137386031
2023-12-07,5396.2,5442.2,5347.0,5424.6,103193.0,0.003923455602028447
2023-12-08,5430.2,5474.6,5426.0,5444.8,97729.0,0.003723776868340467
2023-12-11,5424.8,5531.0,5382.0,5504.2,119649.0,0.010909491625036738
2023-12-12,5502.8,5517.8,5487.6,5511.0,99010.0,0.0012354202245559165
2023-12-13,5499.6,5499.6,5435.8,5444.0,107357.0,-0.012157503175467266
2023-12-14,5469.6,5497.4,5415.2,5426.0,113713.0,-0.0033063923585598953
2023-12-15,5440.6,5463.8,5369.2,5389.6,108523.0,-0.006708440840398011
2023-12-18,5373.8,5395.0,5335.2,5350.8,66569.0,-0.007199050022265174
2023-12-19,5347.0,5366.2,5310.2,5339.0,64053.0,-0.002205277715481846
2023-12-20,5351.8,5354.6,5277.2,5290.8,64067.0,-0.00902790784791152
2023-12-21,5270.4,5330.4,5227.6,5303.6,85587.0,0.002419293868602068
2023-12-22,5302.8,5335.2,5256.2,5292.6,79285.0,-0.0020740629006712474
2023-12-25,5289.8,5326.8,5264.4,5285.0,50093.0,-0.0014359671994861323
2023-12-26,5280.2,5282.0,5211.2,5241.8,62705.0,-0.008174077578051109
2023-12-27,5252.4,5266.8,5202.8,5249.2,58841.0,0.0014117287954518165
2023-12-28,5250.0,5372.6,5237.6,5356.8,79538.0,0.02049836165510932
2023-12-29,5358.0,5423.2,5354.8,5400.6,74378.0,0.008176523297491078
2024-01-02,5407.6,5407.6,5364.8,5366.6,51440.0,-0.006295596785542368
2024-01-03,5357.0,5391.2,5329.8,5356.0,59730.0,-0.0019751798158984535
2024-01-04,5350.8,5350.8,5273.2,5311.2,67510.0,-0.00836445108289774
2024-01-05,5298.4,5321.8,5216.8,5243.4,77135.0,-0.012765476728422986
2024-01-08,5227.8,5232.0,5066.6,5077.2,102613.0,-0.03169699050234576
2024-01-09,5087.6,5154.8,5070.8,5099.4,98511.0,0.004372488773339622
2024-01-10,5084.4,5149.6,5029.8,5085.6,93698.0,-0.0027062007294974544
2024-01-11,5086.8,5195.8,5076.4,5158.0,90077.0,0.014236274972471152
2024-01-12,5149.2,5202.6,5137.6,5137.6,76744.0,-0.003955021326095265
2024-01-15,5120.2,5178.6,5098.2,5122.2,87365.0,-0.0029975085643102473
2024-01-16,5115.2,5139.2,5041.2,5113.2,111773.0,-0.0017570575143492917
2024-01-17,5105.4,5105.4,4910.6,4926.8,119430.0,-0.03645466635375105
2024-01-18,4917.0,4950.2,4751.0,4938.2,191631.0,0.0023138751319313755
2024-01-19,4929.2,4959.8,4882.0,4903.4,127226.0,-0.007047102182981657
2024-01-22,4887.8,4895.4,4474.2,4554.0,161017.0,-0.0712566790390341
2024-01-23,4557.4,4786.4,4520.8,4735.8,173266.0,0.03992094861660078
2024-01-24,4779.2,4830.4,4604.2,4820.6,162081.0,0.017906161577769364
2024-01-25,4810.0,5004.0,4781.4,5002.2,150417.0,0.03767165912956871
2024-01-26,4986.6,4996.4,4900.4,4926.0,111364.0,-0.015233297349166341
2024-01-29,4943.8,4961.8,4812.2,4821.0,112133.0,-0.021315468940316662
2024-01-30,4793.2,4836.2,4664.8,4682.8,117441.0,-0.028666251814976063
2024-01-31,4663.0,4710.0,4559.4,4573.4,163954.0,-0.023362091056632894
2024-02-01,4561.6,4677.2,4510.2,4559.4,150648.0,-0.003061179866182706
2024-02-02,4586.2,4629.2,4239.4,4416.8,190040.0,-0.03127604509365256
2024-02-05,4375.6,4472.2,4095.4,4249.0,246996.0,-0.03799130592284006
2024-02-07,4759.6,5099.6,4759.6,5094.8,301874.0,0.07092109135241942
2024-02-08,5140.6,5384.2,5044.6,5070.8,306905.0,-0.004710685404726411
2024-02-19,5158.6,5179.4,4974.2,5038.0,158257.0,-0.006468407351897132
2024-02-20,5023.8,5071.6,4987.0,5048.0,113213.0,0.001984914648670122
2024-02-21,5018.4,5206.4,5011.2,5064.0,150858.0,0.0031695721077653616
2024-02-22,5066.8,5130.6,5051.2,5113.0,111561.0,0.009676145339652553
2024-02-23,5131.6,5144.6,5044.0,5139.0,115111.0,0.005085077254058268
2024-02-26,5131.8,5198.4,5093.6,5119.4,118090.0,-0.0038139715898035664
2024-02-27,5111.0,5260.0,5098.6,5259.2,117799.0,0.02730788764308323
2024-02-28,5268.0,5331.8,5124.4,5127.2,163503.0,-0.025098874353513878
2024-02-29,5133.0,5314.4,5131.4,5301.4,141718.0,0.033975659229208865
2024-03-01,5301.2,5349.2,5272.8,5340.2,110761.0,0.007318821443392354
2024-03-04,5345.4,5358.0,5270.0,5328.2,94137.0,-0.00224710684993068
2024-03-05,5299.6,5324.8,5257.4,5278.8,100419.0,-0.009271423745354834
2024-03-06,5262.6,5357.6,5237.0,5283.6,109156.0,0.0009092975676290305
2024-03-07,5289.8,5324.6,5212.4,5215.0,97415.0,-0.012983571807101302
2024-03-08,5236.6,5307.0,5204.8,5285.8,96050.0,0.013576222435282892
2024-03-11,5279.6,5397.4,5277.8,5396.4,106656.0,0.02092398501645909
2024-03-12,5361.6,5423.4,5327.2,5365.6,127206.0,-0.0057075087095098676
2024-03-13,5360.2,5405.6,5327.0,5354.0,111946.0,-0.0021619203816908295
2024-03-14,5363.8,5392.0,5294.2,5337.0,119045.0,-0.003175196115054124
2024-03-15,5320.8,5402.8,5292.6,5399.8,111350.0,0.011766910249203733
2024-03-18,5413.6,5485.8,5395.8,5482.8,76831.0,0.015370939664431926
2024-03-19,5461.4,5475.6,5414.0,5421.6,72764.0,-0.011162179908076109
2024-03-20,5434.4,5451.4,5401.8,5435.2,70593.0,0.0025084845801977007
2024-03-21,5435.4,5460.4,5397.4,5407.6,70748.0,-0.005078010008831235
2024-03-22,5416.6,5416.6,5291.4,5313.2,96976.0,-0.017456912493527765
2024-03-25,5332.2,5336.4,5226.4,5241.6,87965.0,-0.013475871414589946
2024-03-26,5260.6,5265.0,5186.2,5213.2,92255.0,-0.00541819291819301
2024-03-27,5228.6,5228.6,5093.4,5096.6,89652.0,-0.022366300928412408
2024-03-28,5136.6,5222.0,5106.4,5158.8,100678.0,0.012204214574422112
2024-03-29,5162.4,5236.2,5142.6,5231.4,79011.0,0.01407304024191669
2024-04-01,5256.6,5358.2,5256.6,5349.6,80997.0,0.022594334212639122
2024-04-02,5340.0,5355.0,5296.8,5329.0,66292.0,-0.003850755196650235
2024-04-03,5317.4,5326.0,5287.8,5317.2,66199.0,-0.0022142991180333915
2024-04-08,5315.6,5321.6,5225.8,5231.8,81429.0,-0.01606108478146384
2024-04-09,5242.0,5281.0,5228.6,5278.2,70077.0,0.008868840552008761
2024-04-10,5264.6,5274.2,5168.6,5213.6,83413.0,-0.01223902087832962
2024-04-11,5205.6,5302.2,5178.0,5246.2,91247.0,0.006252877090685782
2024-04-12,5247.4,5282.4,5200.8,5206.0,83766.0,-0.007662689184552596
2024-04-15,5223.6,5319.6,5156.8,5282.2,120420.0,0.014636957356895852
2024-04-16,5248.0,5290.6,5116.0,5136.4,129502.0,-0.027602135473855594
2024-04-17,5154.0,5291.2,5154.0,5287.8,134764.0,0.029475897515769844
2024-04-18,5266.6,5367.4,5243.4,5301.6,124795.0,0.002609781005333156
2024-04-19,5313.2,5322.4,5235.2,5250.6,109420.0,-0.009619737437754683
2024-04-22,5249.6,5289.8,5200.4,5206.0,85051.0,-0.008494267321830007
2024-04-23,5217.4,5237.4,5133.8,5143.4,84599.0,-0.012024587014982768
2024-04-24,5147.2,5205.8,5119.2,5203.8,72624.0,0.011743204883928993
2024-04-25,5187.8,5243.4,5166.6,5204.0,81284.0,3.843345247700469e-05
2024-04-26,5197.2,5352.8,5197.2,5336.2,105800.0,0.025403535741737038
2024-04-29,5334.0,5478.0,5334.0,5454.8,110215.0,0.02222555376485147
2024-04-30,5459.6,5465.0,5405.4,5408.4,74607.0,-0.00850626970741375
2024-05-06,5416.4,5515.8,5416.4,5485.6,85833.0,0.014274092152947393
2024-05-07,5489.8,5503.2,5459.0,5478.0,59005.0,-0.0013854455301153257
2024-05-08,5478.0,5478.0,5398.4,5404.8,66191.0,-0.013362541073384415
2024-05-09,5409.0,5525.0,5409.0,5503.0,81831.0,0.018169034931912353
2024-05-10,5505.4,5532.8,5435.4,5484.6,85628.0,-0.003343630746865278
2024-05-13,5476.4,5476.8,5398.6,5447.6,86359.0,-0.00674616198081901
2024-05-14,5445.2,5495.4,5422.4,5437.4,83499.0,-0.0018723841691755672
2024-05-15,5442.6,5442.6,5373.4,5387.6,83318.0,-0.009158789127156175
2024-05-16,5392.6,5425.6,5338.4,5357.2,96294.0,-0.005642586680525752
2024-05-17,5362.8,5443.0,5347.4,5436.2,100187.0,0.014746509370566763
2024-05-20,5404.6,5486.6,5404.6,5448.8,72403.0,0.0023177955189286337
2024-05-21,5452.0,5452.0,5389.2,5415.8,53251.0,-0.006056379386286892
2024-05-22,5403.6,5422.2,5384.8,5397.0,49366.0,-0.003471324642712048
2024-05-23,5405.8,5405.8,5274.4,5301.2,73219.0,-0.0177506021863999
2024-05-24,5292.0,5341.2,5239.4,5243.8,73984.0,-0.010827737116124614
2024-05-27,5261.8,5300.0,5210.0,5292.4,69867.0,0.00926808802776602
2024-05-28,5283.0,5290.8,5230.2,5248.8,64245.0,-0.00823822840299282
2024-05-29,5241.2,5303.6,5234.6,5258.2,72244.0,0.00179088553574136
2024-05-30,5252.2,5291.2,5229.2,5254.6,68812.0,-0.0006846449355291107
2024-05-31,5247.8,5307.6,5247.8,5250.8,62684.0,-0.0007231758839874036
2024-06-03,5258.8,5259.4,5160.6,5205.2,80800.0,-0.008684390949950549
2024-06-04,5186.8,5295.2,5183.8,5270.4,85942.0,0.01252593560285864
2024-06-05,5270.4,5280.8,5210.6,5211.6,65210.0,-0.011156648451730256
2024-06-06,5226.4,5249.4,5150.8,5174.8,95135.0,-0.007061171233402441
2024-06-07,5175.4,5215.6,5114.4,5143.2,86150.0,-0.006106516193862599
2024-06-11,5120.0,5179.2,5100.0,5160.8,75357.0,0.003421994089283009
2024-06-12,5160.8,5187.4,5148.0,5168.6,67865.0,0.0015113935823902747
2024-06-13,5175.6,5179.2,5118.2,5138.4,71079.0,-0.005842974886816732
2024-06-14,5130.2,5195.4,5107.2,5168.4,102100.0,0.0058383932741710165
2024-06-17,5171.6,5174.2,5143.8,5152.2,87688.0,-0.003134432319479852
2024-06-18,5154.0,5200.6,5154.0,5178.8,99315.0,0.005162843057334721
2024-06-19,5170.0,5194.8,5112.0,5117.8,107558.0,-0.011778790453386923
2024-06-20,5121.0,5132.8,5029.4,5036.8,117161.0,-0.015827113212708577
2024-06-21,5044.4,5073.0,5017.2,5032.0,98281.0,-0.000952986022871749
2024-06-24,5043.6,5043.6,4919.0,4934.2,92586.0,-0.019435612082670972
2024-06-25,4942.8,4952.8,4848.2,4889.8,90786.0,-0.008998419196627583
2024-06-26,4874.6,4967.2,4849.6,4954.0,90665.0,0.013129371344431151
2024-06-27,4947.4,4947.4,4857.4,4871.8,78125.0,-0.016592652402099284
2024-06-28,4869.2,4955.2,4861.8,4872.6,86637.0,0.00016421035346292356
2024-07-01,4880.2,4956.8,4859.8,4927.2,75809.0,0.011205516561999751
2024-07-02,4937.2,4937.2,4864.2,4885.4,68574.0,-0.008483520051956517
2024-07-03,4882.6,4893.4,4837.0,4839.2,65362.0,-0.009456748679739557
2024-07-04,4848.4,4867.4,4755.2,4763.8,75963.0,-0.01558108778310452
2024-07-05,4770.2,4814.4,4729.0,4797.2,82679.0,0.007011209538603458
2024-07-08,4797.8,4797.8,4695.4,4716.8,71060.0,-0.016759776536312776
2024-07-09,4713.6,4834.2,4684.2,4809.2,103989.0,0.019589552238805874
2024-07-10,4818.0,4838.4,4783.2,4787.8,72630.0,-0.004449804541295732
2024-07-11,4794.0,4895.8,4794.0,4883.4,85810.0,0.019967417185345893
2024-07-12,4878.6,4888.6,4849.0,4863.2,58733.0,-0.004136462300855959
2024-07-15,4871.0,4871.0,4802.0,4814.0,66946.0,-0.01011679552557987
2024-07-16,4813.4,4846.8,4781.6,4825.0,82417.0,0.002285002077274667
2024-07-17,4823.6,4839.0,4783.2,4793.8,87122.0,-0.00646632124352331
2024-07-18,4797.0,4824.0,4728.6,4822.6,113563.0,0.006007760023363451
2024-07-19,4810.0,4851.6,4779.0,4816.6,96237.0,-0.001244142163977946
2024-07-22,4811.4,4838.6,4771.2,4795.6,66880.0,-0.004359921936635813
2024-07-23,4792.4,4805.0,4654.0,4655.0,81402.0,-0.029318541996830483
2024-07-24,4680.4,4680.4,4586.8,4592.6,91226.0,-0.013404940923737785
2024-07-25,4603.6,4652.2,4565.2,4583.6,96489.0,-0.001959674258589894
2024-07-26,4587.2,4681.8,4587.2,4665.0,86962.0,0.017758966751025396
2024-07-29,4658.6,4674.8,4628.4,4637.0,59779.0,-0.0060021436227224445
2024-07-30,4641.8,4651.0,4575.8,4632.8,74833.0,-0.0009057580332111348
2024-07-31,4629.0,4856.6,4620.8,4855.4,123161.0,0.048048696252805945
2024-08-01,4840.6,4901.4,4776.6,4802.8,94216.0,-0.010833299007290687
2024-08-02,4807.8,4830.6,4728.0,4736.8,83769.0,-0.013741983842758376
2024-08-05,4714.2,4811.0,4636.6,4646.6,121600.0,-0.019042391487924304
2024-08-06,4651.6,4735.0,4640.4,4695.0,92537.0,0.01041621831016215
2024-08-07,4681.2,4734.2,4659.2,4691.2,73868.0,-0.0008093716719914656
2024-08-08,4698.0,4748.0,4645.6,4709.0,82618.0,0.0037943383356071614
2024-08-09,4714.0,4764.4,4658.0,4660.8,74510.0,-0.010235718836270946
2024-08-12,4671.4,4688.8,4638.0,4672.4,70785.0,0.0024888431170613234
2024-08-13,4666.0,4688.2,4628.6,4682.6,79056.0,0.0021830322746341224
2024-08-14,4656.6,4680.8,4602.0,4602.6,87764.0,-0.0170845256908555
2024-08-15,4616.8,4709.4,4592.2,4636.4,116290.0,0.007343675313952858
2024-08-16,4634.0,4657.8,4611.2,4615.8,79304.0,-0.004443102407039823
2024-08-19,4617.4,4690.2,4613.0,4632.2,66482.0,0.0035530135621126835
2024-08-20,4632.6,4640.0,4523.2,4541.4,84154.0,-0.01960191701567293
2024-08-21,4535.4,4554.4,4526.4,4540.4,55868.0,-0.0002201964152023228
2024-08-22,4538.6,4550.4,4465.8,4483.2,75108.0,-0.012598008985992393
2024-08-23,4479.4,4507.4,4469.2,4488.2,69289.0,0.0011152748037115412
2024-08-26,4489.0,4517.0,4474.6,4495.6,58392.0,0.0016487678802192818
2024-08-27,4489.4,4489.4,4440.8,4449.0,65934.0,-0.010365690897766733
2024-08-28,4447.4,4486.6,4435.4,4450.2,64910.0,0.00026972353337817445
2024-08-29,4453.8,4543.2,4430.8,4515.2,91142.0,0.014606085119769796
2024-08-30,4524.4,4678.6,4510.6,4595.0,122805.0,0.017673635719348102
2024-09-02,4618.0,4618.0,4491.0,4495.4,78130.0,-0.021675734494015275
2024-09-03,4507.2,4569.2,4497.2,4538.6,76650.0,0.00960982337500571
2024-09-04,4539.2,4578.0,4494.0,4530.2,80349.0,-0.0018507909928172639
2024-09-05,4530.0,4588.4,4529.2,4552.4,72419.0,0.0049004458964283515
2024-09-06,4548.4,4572.0,4470.0,4480.8,80872.0,-0.015727967665407183
2024-09-09,4483.0,4498.6,4431.8,4450.8,83211.0,-0.006695232994108236
2024-09-10,4444.0,4478.2,4365.8,4447.4,108865.0,-0.0007639076121147559
2024-09-11,4448.0,4474.6,4417.4,4458.0,83696.0,0.002383415029005853
2024-09-12,4449.4,4520.0,4434.6,4445.4,91581.0,-0.0028263795423957294
2024-09-13,4447.8,4457.0,4391.8,4392.4,91986.0,-0.01192243667611459
2024-09-18,4403.4,4415.2,4325.8,4402.0,130063.0,0.002185593297513888
2024-09-19,4397.8,4519.2,4363.2,4472.2,153339.0,0.015947296683325618
2024-09-20,4458.0,4460.4,4413.4,4437.4,110158.0,-0.007781405124994478
2024-09-23,4435.6,4500.0,4417.4,4444.6,76859.0,0.001622571776265458
2024-09-24,4441.2,4675.0,4441.2,4674.2,159022.0,0.05165819196328125
2024-09-25,4638.0,4820.0,4638.0,4700.8,152730.0,0.005690813401223904
2024-09-26,4709.2,4977.8,4693.4,4970.2,161088.0,0.05730939414567726
2024-09-27,4911.6,5402.6,4911.6,5401.8,253379.0,0.0868375518087805
2024-09-30,5351.2,5885.8,5351.2,5885.8,252295.0,0.08959976304194894
2024-10-08,5882.2,6470.2,5870.6,6063.6,344969.0,0.030208297937408757
2024-10-09,6083.6,6085.2,5666.8,5772.4,304768.0,-0.048024276007652356
2024-10-10,5825.8,5903.2,5624.0,5693.8,220550.0,-0.01361651999168445
2024-10-11,5710.0,5710.0,5377.8,5458.0,197494.0,-0.04141346728019957
2024-10-14,5434.0,5613.0,5379.4,5575.6,167597.0,0.02154635397581539
2024-10-15,5554.4,5639.0,5420.4,5423.0,148420.0,-0.027369251739723155
2024-10-16,5473.6,5538.0,5376.8,5439.2,155601.0,0.002987276415268303
2024-10-17,5427.0,5531.2,5382.8,5386.2,156430.0,-0.00974408001176641
2024-10-18,5414.8,5846.8,5389.2,5601.8,235795.0,0.04002822026660735
2024-10-21,5716.8,5783.8,5619.2,5673.2,154610.0,0.012745903102574063
2024-10-22,5682.0,5753.6,5645.8,5732.4,124213.0,0.010435027850243195
2024-10-23,5719.2,5839.4,5705.2,5748.4,143239.0,0.002791152048007728
2024-10-24,5755.0,5755.0,5668.0,5700.8,114485.0,-0.008280565026789977
2024-10-25,5695.2,5829.0,5695.2,5786.6,128361.0,0.015050519225371817
2024-10-28,5781.6,5855.8,5755.6,5845.6,108898.0,0.01019596999965433
2024-10-29,5838.8,5888.2,5765.6,5787.4,120776.0,-0.00995620637744643
2024-10-30,5781.4,5843.8,5734.6,5801.6,121135.0,0.002453606109824813
2024-10-31,5789.6,5905.2,5770.8,5845.6,153591.0,0.007584114726971958
2024-11-01,5868.4,5882.8,5759.8,5805.2,145047.0,-0.0069111810592583645
2024-11-04,5808.0,5900.8,5807.2,5898.4,104071.0,0.01605457176324676
2024-11-05,5870.0,6100.6,5870.0,6074.6,151258.0,0.02987250779872519
2024-11-06,6067.6,6167.2,6026.2,6078.2,164289.0,0.0005926316136040111
2024-11-07,6087.0,6197.6,6036.0,6188.0,135260.0,0.01806455858642364
2024-11-08,6171.4,6283.0,6133.6,6154.2,150944.0,-0.00546218487394956
2024-11-11,6166.6,6247.8,6121.0,6216.4,133828.0,0.01010691885216608
2024-11-12,6223.4,6288.8,6127.2,6159.2,154161.0,-0.009201467087060045
2024-11-13,6154.6,6191.0,6091.6,6158.8,135811.0,-6.494349915564523e-05
2024-11-14,6167.4,6167.4,6003.6,6025.4,138296.0,-0.02166006364876283
2024-11-15,6021.0,6044.8,5883.2,5886.2,151438.0,-0.023102200683772
2024-11-18,5915.4,5918.4,5741.2,5790.0,140266.0,-0.016343311474295796
2024-11-19,5778.4,5881.8,5737.0,5857.6,136545.0,0.011675302245250485
2024-11-20,5838.4,5940.6,5835.0,5902.8,123394.0,0.007716470909587603
2024-11-21,5894.8,5921.0,5851.8,5894.2,94331.0,-0.0014569356915362652
2024-11-22,5883.4,5897.6,5665.0,5669.8,126565.0,-0.03807132435275351
2024-11-25,5711.4,5711.4,5588.6,5648.8,128168.0,-0.0037038343504179894
2024-11-26,5623.6,5683.0,5588.4,5611.4,110566.0,-0.006620875230137435
2024-11-27,5612.4,5744.0,5531.8,5726.8,148402.0,0.020565277827280237
2024-11-28,5704.2,5756.8,5657.0,5680.6,108950.0,-0.00806733254173353
2024-11-29,5687.2,5846.6,5658.6,5779.6,148298.0,0.017427736506707037
2024-12-02,5782.0,5902.8,5778.4,5866.6,121048.0,0.015052944840473481
2024-12-03,5866.4,5890.0,5803.8,5856.8,112159.0,-0.0016704735281083405
2024-12-04,5865.2,5865.2,5769.6,5811.4,98519.0,-0.0077516732686792045
2024-12-05,5795.8,5853.4,5778.8,5824.0,97899.0,0.0021681522524692465
2024-12-06,5819.4,5951.0,5782.0,5910.0,134772.0,0.014766483516483575
2024-12-09,5913.4,5933.0,5821.8,5866.2,101734.0,-0.007411167512690331
2024-12-10,5860.4,6110.0,5860.4,5936.8,142019.0,0.012035048242473811
2024-12-11,5940.6,5997.8,5932.4,5978.6,105628.0,0.0070408300768090015
2024-12-12,5983.2,6054.8,5959.6,6036.0,107339.0,0.009600909912019562
2024-12-13,6040.6,6040.6,5907.6,5937.0,143249.0,-0.01640159045725642
2024-12-16,5934.8,5939.6,5824.2,5846.4,115384.0,-0.015260232440626686
2024-12-17,5839.6,5863.2,5781.4,5790.0,131261.0,-0.009646962233169076
2024-12-18,5796.4,5865.8,5790.6,5825.2,119642.0,0.00607944732297061
2024-12-19,5826.0,5864.8,5757.4,5844.6,132280.0,0.003330357755956914
2024-12-20,5843.8,5902.8,5830.2,5849.0,109646.0,0.0007528316736815643
2024-12-23,5852.6,5868.4,5757.2,5759.8,94710.0,-0.015250470165840246
2024-12-24,5769.6,5847.2,5769.6,5833.2,97665.0,0.012743498038126244
2024-12-25,5827.2,5833.4,5730.2,5783.8,103908.0,-0.00846876500034277
2024-12-26,5778.4,5839.2,5778.4,5823.8,70109.0,0.006915868460181995
2024-12-27,5824.4,5925.6,5813.8,5845.2,97030.0,0.003674576736838464
2024-12-30,5843.8,5877.8,5815.0,5845.2,81680.0,0.0
2024-12-31,5848.0,5859.4,5646.4,5646.8,127265.0,-0.033942380072538136
2025-01-02,5674.8,5674.8,5428.4,5486.0,127655.0,-0.028476305163986693
2025-01-03,5476.2,5518.6,5362.4,5386.2,134187.0,-0.01819176084578933
2025-01-06,5389.8,5426.6,5336.4,5370.4,111692.0,-0.002933422449964751
2025-01-07,5363.2,5431.6,5347.0,5421.0,97522.0,0.009422016981975423
2025-01-08,5411.4,5449.6,5258.8,5401.6,138351.0,-0.003578675521121455
2025-01-09,5416.8,5435.4,5380.4,5387.8,82060.0,-0.002554798578199069
2025-01-10,5398.4,5441.2,5314.4,5315.0,96337.0,-0.013512008612049486
2025-01-13,5277.4,5372.6,5272.0,5333.8,114246.0,0.003537158984007638
2025-01-14,5322.2,5541.4,5319.4,5519.0,151828.0,0.03472196182834009
2025-01-15,5515.6,5517.4,5456.2,5471.8,101214.0,-0.008552273962674328
2025-01-16,5468.8,5589.8,5445.8,5482.8,130571.0,0.0020103073942761007
2025-01-17,5479.0,5572.0,5456.2,5536.2,122039.0,0.009739549135478143
2025-01-20,5538.2,5623.8,5538.2,5560.0,91302.0,0.004298977638091062
2025-01-21,5559.6,5601.0,5517.2,5575.2,86212.0,0.0027338129496401464
2025-01-22,5566.6,5566.6,5490.8,5553.2,88153.0,-0.003946046778590895
2025-01-23,5542.6,5680.0,5517.6,5521.0,130725.0,-0.00579845854642369
2025-01-24,5530.8,5625.4,5521.2,5615.0,116184.0,0.017025901104872343
2025-01-27,5606.2,5635.6,5507.2,5512.6,93397.0,-0.01823686553873549
2025-02-05,5543.6,5588.8,5518.4,5544.2,93531.0,0.005732322316148286
2025-02-06,5542.8,5703.2,5529.0,5688.6,109202.0,0.026045236463331234
2025-02-07,5686.0,5850.0,5681.2,5783.0,141171.0,0.016594592694160193
2025-02-10,5753.4,5836.0,5753.4,5817.4,92141.0,0.005948469652429456
2025-02-11,5821.4,5821.4,5756.0,5795.0,85636.0,-0.0038505174132773545
2025-02-12,5791.6,5886.2,5781.8,5875.8,102061.0,0.013943054357204554
2025-02-13,5859.0,5885.8,5821.0,5843.4,104672.0,-0.00551414275502915
2025-02-14,5850.6,5900.2,5824.6,5892.6,107886.0,0.008419755621727143
2025-02-17,5881.8,5926.2,5828.0,5875.2,108748.0,-0.0029528561246310314
2025-02-18,5862.4,5883.0,5750.2,5786.4,115860.0,-0.015114379084967378
2025-02-19,5780.6,5885.0,5771.0,5875.0,115182.0,0.015311765519148368
2025-02-20,5872.6,5904.6,5839.8,5874.6,104413.0,-6.8085106382898e-05
2025-02-21,5886.0,5999.6,5864.8,5981.8,122479.0,0.018248050931127135
2025-02-24,5984.4,5984.4,5905.8,5940.6,102600.0,-0.006887558928750481
2025-02-25,5929.6,5942.4,5863.8,5894.2,98338.0,-0.007810658856007957
2025-02-26,5898.0,5967.6,5864.2,5930.8,117204.0,0.006209494078925015
2025-02-27,5923.8,5944.8,5823.8,5914.8,123943.0,-0.002697781075065797
2025-02-28,5894.2,5895.6,5742.0,5771.8,124661.0,-0.024176641644687913
2025-03-03,5762.2,5865.4,5755.2,5779.0,118508.0,0.0012474444713954647
2025-03-04,5777.4,5847.8,5744.0,5825.0,98810.0,0.00795985464613258
2025-03-05,5830.0,5845.8,5762.6,5826.8,106847.0,0.00030901287553652956
2025-03-06,5825.4,5966.0,5825.4,5943.0,119388.0,0.01994233541566559
2025-03-07,5948.2,5952.4,5888.0,5911.2,100408.0,-0.005350832912670356
2025-03-10,5905.2,5925.4,5832.8,5875.2,103292.0,-0.006090133982947665
2025-03-11,5874.0,5917.2,5815.4,5916.8,106285.0,0.007080610021786615
2025-03-12,5903.4,5979.0,5902.6,5919.2,108918.0,0.00040562466197946456
2025-03-13,5926.4,5926.4,5816.8,5869.6,121768.0,-0.008379510744695118
2025-03-14,5851.6,6005.8,5851.6,6005.2,143707.0,0.023102085320975796
2025-03-17,6024.2,6024.2,5981.2,5981.2,101577.0,-0.00399653633517616
2025-03-18,5990.6,6056.4,5987.4,6005.2,104494.0,0.004012572727880803
2025-03-19,6005.6,6005.6,5951.0,5983.8,112023.0,-0.003563578232198661
2025-03-20,5969.8,5982.0,5926.2,5931.8,114269.0,-0.00869013001771446
2025-03-21,5935.6,5943.6,5802.4,5823.2,142929.0,-0.018308102093799627
2025-03-24,5813.2,5842.0,5749.2,5813.8,102837.0,-0.0016142327242752996
2025-03-25,5790.6,5842.4,5774.0,5807.2,93307.0,-0.0011352299700713164
2025-03-26,5800.4,5856.2,5800.4,5807.6,88005.0,6.88800110208998e-05
2025-03-27,5820.2,5874.8,5746.0,5832.0,103103.0,0.004201391280391098
2025-03-28,5833.4,5849.4,5763.2,5777.8,88771.0,-0.009293552812071337
2025-03-31,5755.8,5783.4,5659.0,5724.4,112190.0,-0.0092422721451072
2025-04-01,5715.0,5794.0,5715.0,5749.6,85720.0,0.004402208091677906
2025-04-02,5753.0,5806.4,5743.6,5770.4,71593.0,0.0036176429664671605
2025-04-03,5769.4,5786.6,5692.6,5726.6,104762.0,-0.007590461666435511
2025-04-08,5151.2,5250.8,5076.6,5165.2,191988.0,0.0027178133250505
2025-04-09,5125.2,5329.2,4993.2,5283.6,194816.0,0.02292263610315204
2025-04-10,5300.2,5488.4,5300.2,5399.0,135247.0,0.021841168899992436
2025-04-11,5417.6,5504.0,5381.6,5442.6,107233.0,0.008075569549916617
2025-04-14,5493.2,5514.0,5453.6,5455.0,85546.0,0.0022783228603975303
2025-04-15,5463.2,5468.6,5399.2,5435.2,92479.0,-0.0036296975252062547
2025-04-16,5427.0,5427.0,5333.2,5384.8,113850.0,-0.009272887842213695
2025-04-17,5371.8,5459.4,5367.6,5410.8,117247.0,0.004828405883226861
2025-04-18,5426.4,5442.2,5370.2,5400.0,97876.0,-0.001996007984031989
2025-04-21,5414.6,5507.6,5368.4,5485.2,87317.0,0.01577777777777767
2025-04-22,5493.6,5500.2,5454.8,5471.4,72371.0,-0.0025158608619558764
2025-04-23,5482.6,5546.0,5461.2,5480.8,87116.0,0.001718024637204385
2025-04-24,5481.4,5500.0,5428.0,5463.0,75303.0,-0.0032477010655379557
2025-04-25,5460.4,5527.6,5450.8,5481.6,80942.0,0.0034047226798463726
2025-04-28,5483.2,5491.2,5429.2,5454.2,68008.0,-0.004998540572095811
2025-04-29,5457.6,5486.8,5424.6,5468.6,64920.0,0.0026401672105900165
2025-04-30,5468.0,5511.0,5465.4,5475.8,72439.0,0.001316607541235415
2025-05-06,5488.6,5599.2,5488.6,5595.8,86203.0,0.021914606084955546
2025-05-07,5594.2,5710.0,5564.6,5594.4,105938.0,-0.0002501876407305925
2025-05-08,5583.6,5653.0,5583.6,5628.4,85253.0,0.006077506077506012
2025-05-09,5628.4,5628.4,5549.6,5568.2,83632.0,-0.010695757231184655
2025-05-12,5568.6,5649.0,5568.6,5642.8,96321.0,0.013397507273445797
2025-05-13,5629.0,5671.8,5592.6,5605.6,92980.0,-0.006592471822499446
2025-05-14,5604.8,5690.0,5578.6,5642.0,130413.0,0.006493506493506329
2025-05-15,5629.2,5631.8,5538.8,5557.4,98288.0,-0.014994682736618303
2025-05-16,5550.6,5573.4,5524.6,5526.0,79190.0,-0.005650124158779191
2025-05-19,5525.8,5535.6,5460.6,5529.6,74735.0,0.0006514657980456473
2025-05-20,5526.0,5560.6,5501.2,5549.4,67678.0,0.0035807291666665186
2025-05-21,5544.6,5559.8,5525.6,5553.0,59269.0,0.0006487187804087302
2025-05-22,5550.0,5565.4,5494.4,5516.6,77616.0,-0.006555015307041168
2025-05-23,5515.0,5561.0,5458.0,5463.8,98824.0,-0.009571112641844626
2025-05-26,5477.4,5514.6,5454.4,5487.2,83587.0,0.00428273362860998
2025-05-27,5483.6,5490.8,5437.2,5471.6,74989.0,-0.002842980026242836
2025-05-28,5474.8,5487.6,5442.6,5462.6,62165.0,-0.001644857080195905
2025-05-29,5457.4,5588.0,5457.4,5568.0,106273.0,0.01929484128437009
2025-05-30,5561.4,5561.4,5484.8,5523.6,78470.0,-0.007974137931034408
2025-06-03,5515.0,5563.0,5497.6,5529.8,69380.0,0.00112245636903463
2025-06-04,5537.2,5591.2,5534.4,5574.2,58090.0,0.008029223480053416
2025-06-05,5574.0,5622.0,5555.0,5606.0,64999.0,0.005704854508270296
2025-06-06,5607.8,5615.2,5589.8,5607.4,53635.0,0.0002497324295396286
2025-06-09,5602.0,5685.8,5602.0,5653.6,76382.0,0.008239112601205578
2025-06-10,5656.2,5659.4,5570.8,5601.4,86124.0,-0.009233055044573502
2025-06-11,5601.8,5684.8,5601.8,5641.8,80540.0,0.0072124825936374926
2025-06-12,5649.2,5660.8,5612.4,5654.6,67708.0,0.0022687794675457784
2025-06-13,5651.2,5651.2,5580.2,5601.8,87685.0,-0.009337530506136615
2025-06-16,5603.0,5644.4,5592.2,5629.6,86423.0,0.0049626905637474295
2025-06-17,5631.2,5635.8,5593.0,5618.0,86313.0,-0.0020605371607219647
2025-06-18,5604.6,5622.4,5567.8,5600.8,88945.0,-0.0030615877536489533
2025-06-19,5600.0,5605.2,5510.2,5536.6,105878.0,-0.011462648193115266
2025-06-20,5525.0,5549.0,5494.0,5494.0,95848.0,-0.007694252790521272
2025-06-23,5495.2,5548.4,5472.4,5533.0,76708.0,0.007098653076083039
2025-06-24,5538.2,5653.0,5538.2,5639.0,94575.0,0.01915778058919204
2025-06-25,5632.0,5769.2,5632.0,5759.6,110445.0,0.021386770704025615
2025-06-26,5746.0,5765.2,5725.0,5731.2,76233.0,-0.004930897979026461
2025-06-27,5734.0,5801.8,5727.0,5747.8,82622.0,0.002896426577331246
2025-06-30,5751.0,5791.4,5751.0,5773.4,71303.0,0.00445387800549768
2025-07-01,5779.2,5784.2,5727.6,5769.2,68686.0,-0.0007274742785879917
2025-07-02,5774.2,5774.2,5729.6,5759.8,65479.0,-0.001629342023157343
2025-07-03,5752.6,5790.4,5739.0,5773.0,64956.0,0.0022917462411888856
2025-07-04,5773.8,5838.0,5732.6,5773.4,99284.0,6.928806513073482e-05
2025-07-07,5768.0,5781.0,5741.8,5753.8,55201.0,-0.0033948799667439244
2025-07-08,5756.8,5864.0,5756.2,5860.4,93001.0,0.018526886579304014
2025-07-09,5853.4,5862.6,5821.2,5827.0,70784.0,-0.005699269674424912
2025-07-10,5833.6,5882.0,5816.0,5856.6,73407.0,0.005079800926720557
2025-07-11,5863.2,5964.0,5833.2,5921.8,123705.0,0.011132739131919589
2025-07-14,5924.2,5929.8,5895.4,5897.2,66406.0,-0.004154142321591503
2025-07-15,5906.8,5938.4,5848.2,5893.2,100711.0,-0.0006782880010852699
2025-07-16,5891.8,5955.8,5867.8,5888.4,100200.0,-0.0008144980655671041
2025-07-17,5893.6,5967.8,5885.6,5965.6,99016.0,0.013110522382990375
2025-07-18,5960.4,6008.4,5953.0,5983.6,94505.0,0.0030172991819765738
2025-07-21,5972.0,6053.6,5972.0,6030.4,85044.0,0.007821378434387238
2025-07-22,6034.2,6106.8,6024.4,6104.4,92576.0,0.012271159458742353
2025-07-23,6086.0,6152.2,6072.8,6090.0,105221.0,-0.002358954196972629
2025-07-24,6091.6,6204.2,6087.6,6196.8,95468.0,0.017536945812807847
2025-07-25,6187.4,6199.2,6159.0,6182.8,76933.0,-0.0022592305706170546
2025-07-28,6183.2,6216.6,6144.6,6188.0,88191.0,0.000841042893187538
2025-07-29,6188.0,6226.8,6128.6,6224.0,88093.0,0.005817711700064621
2025-07-30,6202.8,6235.8,6136.6,6179.2,105254.0,-0.007197943444730126
2025-07-31,6173.6,6189.6,6043.6,6084.4,119559.0,-0.015341791817711115
2025-08-01,6071.6,6120.6,6037.0,6061.8,89442.0,-0.0037144171980803
2025-08-04,6067.8,6122.2,6041.2,6122.2,77587.0,0.009964037084694288
2025-08-05,6110.6,6153.0,6110.6,6149.4,65859.0,0.004442847342458478
2025-08-06,6146.0,6222.8,6143.4,6213.0,72137.0,0.010342472436335237
2025-08-07,6216.0,6237.6,6145.8,6177.0,87946.0,-0.005794302269435003
2025-08-08,6177.6,6198.4,6145.8,6173.6,69645.0,-0.0005504290108466758
2025-08-11,6179.0,6283.4,6179.0,6244.4,93503.0,0.011468187119346718
2025-08-12,6254.8,6288.4,6226.0,6285.0,79041.0,0.00650182563576962
2025-08-13,6280.2,6403.0,6280.2,6392.0,106869.0,0.01702466189339691
2025-08-14,6385.8,6408.4,6296.8,6320.4,112146.0,-0.011201501877346698
2025-08-15,6336.0,6475.2,6311.0,6467.2,122047.0,0.023226378077336962
2025-08-18,6457.6,6621.6,6457.6,6543.0,131737.0,0.011720682830282048
2025-08-19,6544.4,6584.0,6514.2,6525.8,102352.0,-0.0026287635641143448
2025-08-20,6531.8,6630.4,6448.6,6626.8,119244.0,0.015477029636213224
2025-08-21,6589.6,6656.4,6545.0,6582.8,121463.0,-0.006639705438522325
2025-08-22,6571.8,6741.2,6571.8,6740.2,128579.0,0.023910797836786735
2025-08-25,6715.4,6886.8,6715.4,6837.8,148122.0,0.014480282484199414
2025-08-26,6834.8,6906.6,6800.2,6840.6,119382.0,0.00040948843195187656
2025-08-27,6867.6,6965.4,6737.2,6756.8,176441.0,-0.012250387392918727
2025-08-28,6820.6,6892.2,6679.2,6882.2,191437.0,0.018559081221880103
2025-08-29,6837.2,6946.4,6833.2,6904.8,166467.0,0.003283833657842017
2025-09-01,6891.0,6971.2,6881.8,6917.2,126661.0,0.0017958521608156808
2025-09-02,6925.4,6935.2,6736.4,6802.0,172836.0,-0.01665413751228817
2025-09-03,6785.0,6850.4,6658.2,6685.2,166146.0,-0.017171420170538076
2025-09-04,6708.6,6748.2,6446.6,6543.8,194079.0,-0.021151199664931397
2025-09-05,6503.6,6804.4,6503.6,6795.6,170326.0,0.03847917112381194
2025-09-08,6775.6,6845.0,6737.6,6815.0,140430.0,0.002854788392489205
2025-09-09,6818.8,6836.4,6717.4,6755.4,138446.0,-0.008745414526779238
2025-09-10,6750.4,6831.6,6717.6,6744.0,134597.0,-0.0016875388578025952
2025-09-11,6769.4,7017.6,6707.4,7017.2,195795.0,0.0405100830367735
2025-09-12,6986.4,7082.8,6986.4,7031.2,175859.0,0.001995097759790232
2025-09-15,7042.6,7062.4,6978.6,6980.4,137356.0,-0.007224940266241875
2025-09-16,6992.2,7066.4,6918.0,7033.0,161577.0,0.007535384791702571
2025-09-17,7031.2,7117.0,6986.8,7108.8,163824.0,0.010777761979240852
2025-09-18,7097.8,7208.0,6921.2,7008.2,236268.0,-0.01415147422912455
2025-09-19,6985.6,7051.2,6940.4,6996.2,187556.0,-0.0017122799006877854
2025-09-22,6997.4,7018.2,6926.4,7012.8,114627.0,0.0023727166175924186
2025-09-23,6995.0,7031.4,6795.0,6947.2,181806.0,-0.00935432352270138
2025-09-24,6896.6,7160.0,6896.6,7155.8,177180.0,0.03002648549055742
2025-09-25,7135.2,7210.6,7131.4,7166.6,129665.0,0.0015092652114367944
2025-09-26,7184.8,7194.0,7078.8,7078.8,136035.0,-0.012251276756062857
2025-09-29,7096.0,7256.8,7055.6,7226.6,160425.0,0.02087924506978589
2025-09-30,7206.2,7314.4,7206.2,7284.8,128556.0,0.008053579830072266
2025-10-09,7281.0,7458.8,7281.0,7409.6,155474.0,0.017131561607731216
2025-10-10,7424.8,7424.8,7246.6,7259.6,170390.0,-0.020244007773698947
2025-10-13,7267.0,7267.0,7078.2,7223.2,176728.0,-0.005014050360901523
2025-10-14,7215.0,7309.8,6968.4,7005.4,221091.0,-0.030152840846162432
2025-10-15,7014.2,7156.6,6999.8,7132.2,182614.0,0.018100322608273656
2025-10-16,7126.6,7132.6,7011.2,7052.2,158548.0,-0.011216735369170783
2025-10-17,7037.6,7086.4,6733.2,6849.4,172400.0,-0.028756983636312072
2025-10-20,6842.2,6971.2,6842.2,6878.2,134833.0,0.004204747861126457
2025-10-21,6877.2,7063.0,6877.2,7020.4,145647.0,0.020674013550056713
2025-10-22,7035.6,7035.6,6938.2,6976.0,109239.0,-0.006324425958634805
2025-10-23,6980.0,7008.8,6858.2,7001.8,145145.0,0.00369839449541276
2025-10-24,6959.2,7121.6,6959.2,7121.0,137728.0,0.017024193778742536
2025-10-27,7090.6,7244.4,7090.6,7214.4,136694.0,0.013116135374245053
2025-10-28,7220.0,7270.6,7163.6,7191.4,126404.0,-0.0031880683078288063
2025-10-29,7196.2,7352.2,7196.2,7348.8,134767.0,0.021887254220318786
2025-10-30,7335.4,7335.4,7221.6,7255.4,168288.0,-0.012709558023078715
2025-10-31,7264.2,7309.2,7196.2,7199.2,145316.0,-0.00774595473716122
2025-11-03,7221.4,7221.4,7063.8,7195.4,140206.0,-0.0005278364262696345
2025-11-04,7189.6,7189.6,6988.2,7049.8,143967.0,-0.020235150234872212
2025-11-05,7027.2,7109.6,6962.8,7060.0,147163.0,0.0014468495560158168
2025-11-06,7078.6,7212.2,7073.8,7198.4,133488.0,0.019603399433427704
2025-11-07,7192.2,7217.4,7124.6,7178.6,106961.0,-0.002750611246943646
2025-11-10,7179.2,7247.8,7125.2,7184.8,122736.0,0.0008636781545148242
2025-11-11,7178.0,7241.2,7105.4,7119.4,112484.0,-0.009102549827413542
2025-11-12,7128.6,7158.0,7029.0,7101.0,145629.0,-0.00258448745680806
2025-11-13,7092.6,7218.2,7084.2,7207.2,132224.0,0.014955640050697161
2025-11-14,7189.4,7189.4,7074.8,7075.4,116612.0,-0.018287268287268343
2025-11-17,7115.2,7117.4,7043.0,7076.6,116917.0,0.00016960171863078521
2025-11-18,7047.6,7072.0,6960.6,7010.2,134440.0,-0.009383037051691523
2025-11-19,6988.2,7041.6,6939.2,6979.4,132592.0,-0.0043935979002025505
2025-11-20,6985.2,7048.6,6911.6,6922.8,137568.0,-0.008109579620024565
2025-11-21,6928.8,6928.8,6686.4,6691.2,193831.0,-0.03345467152019421
2025-11-24,6704.4,6781.2,6669.4,6741.8,131920.0,0.007562171209947399
2025-11-25,6756.0,6902.6,6756.0,6811.4,134717.0,0.01032365243703448
2025-11-26,6821.8,6886.6,6802.8,6818.2,106970.0,0.0009983263352615346
2025-11-27,6827.6,6914.8,6788.4,6802.4,112976.0,-0.0023173271537942908
2025-11-28,6816.8,6884.0,6795.0,6876.0,106633.0,0.010819710690344708
2025-12-01,6872.6,6948.6,6872.6,6930.2,94804.0,0.007882489819662553
2025-12-02,6924.8,6924.8,6862.0,6877.8,84055.0,-0.007561109347493544
2025-12-03,6874.2,6912.4,6823.0,6848.4,102068.0,-0.004274622699118935
2025-12-04,6839.6,6899.0,6807.6,6875.8,99796.0,0.004000934524852617
2025-12-05,6868.2,6979.2,6814.6,6975.4,131971.0,0.014485587131679134
2025-12-08,6968.8,7059.2,6968.8,7031.0,107047.0,0.00797086905410449
2025-12-09,7036.4,7044.8,6967.6,6978.4,95795.0,-0.0074811548855070464
2025-12-10,6978.6,7020.6,6922.2,7001.0,116534.0,0.0032385647139745455
2025-12-11,7006.2,7028.2,6938.0,6947.8,112902.0,-0.007598914440794191
2025-12-12,6956.0,7059.6,6932.0,7047.2,152440.0,0.014306687008837304
2025-12-15,7050.4,7050.4,6979.2,6981.8,132419.0,-0.009280281530253065
2025-12-16,6990.8,6990.8,6821.4,6876.6,163311.0,-0.01506774757225926
2025-12-17,6869.0,7041.6,6849.4,7017.0,184831.0,0.02041706657359743
2025-12-18,7014.2,7051.0,6973.4,6977.8,146506.0,-0.0055864329485534325
2025-12-19,6984.6,7084.6,6984.6,7050.2,146482.0,0.010375763134512273
2025-12-22,7037.6,7155.2,7037.6,7110.6,103188.0,0.008567132847295156
2025-12-23,7118.0,7165.2,7096.8,7120.6,96094.0,0.001406351081483903
2025-12-24,7117.2,7257.0,7117.2,7227.8,120446.0,0.015054911102996948
2025-12-25,7237.2,7327.6,7209.2,7304.8,107990.0,0.010653310827637652
2025-12-26,7314.0,7411.6,7314.0,7369.0,149544.0,0.008788741649326415
2025-12-29,7369.6,7394.0,7303.4,7321.2,112787.0,-0.006486633193106273
2025-12-30,7322.8,7405.4,7294.0,7363.2,117475.0,0.005736764464841837
2025-12-31,7370.0,7381.2,7319.6,7346.0,110981.0,-0.0023359408952629
2026-01-05,7349.4,7577.2,7349.4,7575.2,140198.0,0.03120065341682543
2026-01-06,7561.6,7761.0,7561.6,7760.8,167403.0,0.024501003273841082
2026-01-07,7738.4,7819.8,7738.4,7779.2,149529.0,0.0023708895990104395
2026-01-08,7785.6,7857.4,7752.8,7792.4,147847.0,0.0016968325791855143
2026-01-09,7783.8,8011.4,7783.8,8011.0,188896.0,0.028052974693290933
2026-01-12,7981.2,8239.4,7981.2,8208.8,203354.0,0.02469104980651604
2026-01-13,8203.0,8234.0,8052.2,8104.2,212314.0,-0.012742422765812278
2026-01-14,8093.8,8354.6,8035.2,8165.4,293457.0,0.007551639890427175
2026-01-15,8147.0,8205.0,8088.0,8175.8,195398.0,0.0012736669360962072
2026-01-16,8147.8,8247.4,8133.2,8178.2,187707.0,0.000293549255118819
2026-01-19,8164.8,8287.0,8139.0,8233.2,166526.0,0.0067251962534544685
2026-01-20,8253.4,8312.0,8083.4,8214.0,213569.0,-0.002332021571199605
2026-01-21,8181.8,8335.6,8172.4,8335.6,171870.0,0.014803993182371578
2026-01-22,8319.8,8398.8,8300.8,8366.4,138385.0,0.00369499496137049
2026-01-23,8341.8,8627.0,8341.8,8627.0,176293.0,0.03114840313635492
2026-01-26,8586.0,8706.8,8401.0,8429.6,226677.0,-0.022881650631737527
2026-01-27,8458.8,8568.2,8308.0,8514.0,211372.0,0.010012337477460331
2026-01-28,8527.8,8626.0,8483.2,8594.6,170659.0,0.009466760629551318
2026-01-29,8586.2,8670.2,8465.2,8489.4,204278.0,-0.01224024387406053
2026-01-30,8512.2,8512.2,8090.8,8329.8,248185.0,-0.018799915188352556
2026-02-02,8348.4,8348.4,7778.2,7840.2,289004.0,-0.05877692141467972
2026-02-03,7919.0,8249.8,7919.0,8234.0,221446.0,0.05022831050228316
2026-02-04,8225.0,8267.6,8077.0,8258.8,181396.0,0.003011901870293876
2026-02-05,8214.4,8214.4,7974.4,8062.8,199071.0,-0.023732261345473793
2026-02-06,8083.4,8194.4,7888.0,8061.0,199101.0,-0.0002232475070694795
2026-02-09,8122.8,8267.6,8122.8,8253.2,136869.0,0.023843195633296288
2026-02-10,8244.8,8267.0,8191.0,8229.0,94650.0,-0.0029321959967043565
2026-02-11,8238.0,8317.6,8225.0,8274.0,101790.0,0.0054684651841050425
2026-02-12,8275.8,8396.2,8271.8,8386.8,113982.0,0.013633067440173896
2026-02-13,8384.4,8384.4,8175.4,8204.6,141906.0,-0.021724614870987646
2026-02-24,8226.0,8386.0,8226.0,8304.0,123324.0,0.012115154913097559
2026-02-25,8313.8,8487.6,8313.8,8463.2,126978.0,0.01917148362235066
2026-02-26,8452.0,8494.0,8409.6,8459.0,114851.0,-0.0004962661877304653
2026-02-27,8457.4,8562.0,8406.6,8558.6,129654.0,0.011774441423336057
2026-03-02,8547.0,8598.8,8433.8,8537.6,178806.0,-0.002453672329586598
2026-03-03,8545.0,8551.4,8144.0,8173.0,261332.0,-0.042705209895052554
2026-03-04,8177.4,8282.8,8096.2,8116.4,203068.0,-0.006925241649333169
2026-03-05,8122.2,8259.8,8059.0,8132.4,175544.0,0.001971317332807754
2026-03-06,8103.8,8244.2,8099.6,8194.6,136523.0,0.007648418670995083
2026-03-09,8198.6,8198.6,7765.8,8130.2,203367.0,-0.007858833866204673
2026-03-10,8128.6,8282.6,8128.6,8272.4,155247.0,0.017490344640968214
2026-03-11,8261.0,8314.0,8220.2,8228.2,117568.0,-0.0053430685169961745
2026-03-12,8242.4,8253.2,8094.0,8159.2,141544.0,-0.008385795192144219
2026-03-13,8164.0,8211.4,8043.0,8060.8,143226.0,-0.012060005882929659
2026-03-16,8078.2,8078.2,7881.4,8028.8,169779.0,-0.003969829297340244
2026-03-17,8014.0,8070.2,7825.4,7829.6,170339.0,-0.024810681546432845
2026-03-18,7861.0,7929.0,7778.6,7904.8,170100.0,0.009604577500766265
2026-03-19,7906.0,7906.0,7624.6,7683.8,208430.0,-0.02795769658941405
2026-03-20,7661.4,7770.4,7561.4,7566.6,200135.0,-0.015252869673859304
2026-03-23,7596.8,7596.8,7167.6,7227.2,217723.0,-0.04485502074908154
2026-03-24,7209.0,7413.2,7171.8,7404.8,195375.0,0.024573832189506373
2026-03-25,7365.4,7641.4,7365.4,7524.0,176384.0,0.016097666378565245
2026-03-26,7541.0,7568.2,7400.2,7409.2,137371.0,-0.015257841573631081
2026-03-27,7420.6,7603.6,7346.8,7551.0,156429.0,0.019138368514819426
2026-03-30,7535.2,7564.6,7366.2,7551.6,159513.0,7.945967421529865e-05
2026-03-31,7547.4,7608.2,7411.4,7418.0,166503.0,-0.017691615021982132
2026-04-01,7431.8,7600.6,7431.8,7556.6,151535.0,0.01868428147748724
2026-04-02,7551.4,7551.4,7334.2,7401.4,154051.0,-0.020538337347484448
2026-04-03,7370.0,7437.6,7316.0,7342.8,128027.0,-0.007917421028454052
2026-04-07,7349.8,7457.6,7344.8,7378.0,116821.0,0.0047938116249932605
2026-04-08,7380.6,7823.0,7380.6,7822.2,193487.0,0.06020601789102731
2026-04-09,7797.4,7797.4,7689.8,7737.0,136362.0,-0.010892076397944317
2026-04-10,7732.8,7929.4,7732.8,7814.6,154400.0,0.010029727284477152
2026-04-13,7833.8,7847.6,7779.4,7794.0,126003.0,-0.0026360914186267514
2026-04-14,7804.4,7926.6,7804.4,7922.0,146811.0,0.016422889402104124
2026-04-15,7889.8,8005.4,7879.4,7884.6,143802.0,-0.0047210300429184615
2026-04-16,7894.6,8060.6,7894.6,8043.4,152723.0,0.020140527103467365
2026-04-17,8042.4,8093.2,7993.0,8073.6,128217.0,0.0037546311261407173
2026-04-20,8061.0,8182.8,8051.4,8113.2,128510.0,0.00490487514863247
2026-04-21,8124.0,8124.0,8023.6,8089.8,117634.0,-0.0028841887294778212
2026-04-22,8090.8,8226.2,8058.2,8224.4,123791.0,0.01663823580311008
2026-04-23,8202.0,8247.2,8053.4,8141.0,159064.0,-0.010140557365886815
2026-04-24,8130.2,8153.4,8005.8,8093.2,155713.0,-0.005871514555951363
2026-04-27,8119.6,8178.2,8065.0,8144.6,113902.0,0.0063510107250532855
2026-04-28,8143.4,8143.4,8015.0,8053.4,128319.0,-0.0111976033199912
2026-04-29,8044.2,8237.6,8029.6,8227.0,141779.0,0.021556112946084838
2026-04-30,8225.2,8242.0,8163.0,8224.6,110904.0,-0.0002917223775373845
2026-05-06,8219.8,8520.2,8219.8,8455.8,146632.0,0.02811078958247193
2026-05-07,8467.8,8591.4,8467.8,8579.0,113766.0,0.014569881028406728
2026-05-08,8578.2,8601.6,8501.8,8574.2,112987.0,-0.0005595057699031569
2026-05-11,8571.8,8740.0,8571.8,8687.8,155860.0,0.013249049474003183
2026-05-12,8702.0,8702.0,8605.6,8641.2,135762.0,-0.005363843550726166
2026-05-13,8647.0,8805.2,8600.8,8792.4,151477.0,0.017497569781974587
2026-05-14,8781.2,8829.2,8546.6,8547.2,212062.0,-0.027887721213775363
2026-05-15,8599.8,8599.8,8313.4,8384.6,232334.0,-0.019023773867465454
2026-05-18,8358.6,8470.4,8326.4,8402.2,151021.0,0.0020990864203420667
2026-05-19,8366.4,8463.2,8248.2,8456.0,171235.0,0.0064030849063339
2026-05-20,8440.0,8498.4,8365.6,8483.6,153619.0,0.0032639545884578514
2026-05-21,8469.4,8636.2,8228.6,8240.8,216930.0,-0.02861992550332415
2026-05-22,8318.4,8437.6,8268.6,8379.6,172502.0,0.016843024949034113
2026-05-25,8401.8,8504.6,8353.6,8485.2,157170.0,0.012602033509952815
2026-05-26,8485.6,8485.6,8325.6,8462.4,181029.0,-0.0026870315372650166
2026-05-27,8419.0,8553.0,8270.4,8315.0,197393.0,-0.017418226507846413
2026-05-28,8315.8,8412.4,8214.2,8351.0,182879.0,0.0043295249549006876
2026-05-29,8367.0,8407.0,8108.2,8163.0,197280.0,-0.02251227397916422
2026-06-01,8142.4,8266.2,8094.6,8117.2,163955.0,-0.005610682347176321
2026-06-02,8118.6,8231.6,7996.2,8152.8,172900.0,0.004385748780367571
2026-06-03,8165.0,8310.2,8130.6,8200.6,178286.0,0.005863016387008146
2026-06-04,8189.2,8234.6,8142.6,8184.8,140145.0,-0.0019266882911006533
2026-06-05,8184.8,8236.8,8043.0,8070.8,186896.0,-0.013928257257355137
2026-06-08,8084.4,8084.4,7722.0,7818.8,212220.0,-0.031223670515934
2026-06-09,7801.2,8000.8,7795.2,7983.8,164083.0,0.021102982554867644
2026-06-10,7975.8,7975.8,7787.2,7892.0,166031.0,-0.011498284025150962
2026-06-11,7873.8,7918.0,7786.6,7859.2,167755.0,-0.004156107450582924
2026-06-12,7833.4,8094.2,7833.4,7978.8,186033.0,0.015217833876221443
2026-06-15,7974.4,8249.6,7974.4,8249.2,201870.0,0.03388980799117669
2026-06-16,8216.8,8360.8,8216.8,8316.0,174867.0,0.008097754933811707
2026-06-17,8320.6,8456.4,8291.2,8453.4,175100.0,0.016522366522366383
2026-06-18,8423.4,8553.4,8423.4,8524.6,200274.0,0.008422646509097076
2026-06-22,8522.0,8673.8,8436.0,8651.2,210048.0,0.014851136710226864
2026-06-23,8623.8,8662.4,8372.4,8449.2,206245.0,-0.02334936193822823
2026-06-24,8423.8,8626.8,8409.6,8587.4,180187.0,0.016356578137574962
2026-06-25,8594.0,8704.2,8554.0,8693.4,189590.0,0.012343666301791067
2026-06-26,8681.6,8681.6,8399.8,8445.6,230308.0,-0.028504382635102354
2026-06-29,8459.4,8583.8,8346.2,8535.2,214084.0,0.010609074547693442
2026-06-30,8512.6,8796.4,8510.2,8774.6,185559.0,0.02804855187927635
2026-07-01,8753.6,8865.2,8652.4,8708.0,210988.0,-0.007590089576732906
2026-07-02,8712.8,8712.8,8450.0,8479.6,220984.0,-0.026228755167661877
2026-07-03,8507.2,8640.0,8434.0,8529.2,196737.0,0.0058493325156847575
2026-07-06,8557.6,8572.8,8365.2,8458.6,196746.0,-0.008277446888336537
2026-07-07,8456.0,8464.8,8269.2,8311.2,192518.0,-0.017426051592462022
2026-07-08,8306.8,8362.4,8189.6,8242.8,209159.0,-0.008229858504187337
2026-07-09,8262.0,8496.0,8158.8,8489.0,240976.0,0.02986849128936786
2026-07-10,8444.8,8603.0,8320.4,8320.4,214117.0,-0.01986099658381435
2026-07-13,8407.8,8407.8,7980.8,8005.8,247004.0,-0.037810682178741395
2026-07-14,8016.6,8144.6,7859.4,8101.4,274699.0,0.01194134252666812
2026-07-15,8096.8,8173.2,7966.4,8023.6,219212.0,-0.009603278445700636
2026-07-16,8001.8,8027.8,7800.8,7844.0,230553.0,-0.022383967296475404
2026-07-17,7842.4,7842.4,7344.0,7367.2,313578.0,-0.06078531361550232
2026-07-20,7434.2,7528.6,7060.0,7266.0,329115.0,-0.013736562058855428
2026-07-21,7178.8,7662.8,7165.4,7652.4,292167.0,0.05317919075144495
2026-07-22,7637.8,7725.0,7544.4,7569.4,245037.0,-0.010846270451100315
2026-07-23,7583.4,7643.6,7496.2,7561.2,195584.0,-0.00108330911300758
2026-07-24,7553.8,7553.8,7368.2,7372.4,215305.0,-0.02496958154790252
2026-07-27,7394.6,7621.8,7351.6,7604.2,229620.0,0.03144159296836846
2026-07-28,7563.0,7563.0,7241.6,7307.6,238769.0,-0.03900476052707702
2026-07-29,7280.2,7470.4,7214.8,7413.0,284484.0,0.014423340084295688
2026-07-30,7398.4,7446.0,7063.8,7204.0,291985.0,-0.028193713746121674
2026-07-31,7231.8,7567.0,7231.8,7355.2,272803.0,0.02098833981121606
2026-08-03,7397.6,7399.4,7297.6,7313.4,161387.0,-0.005683054165760315
2026-08-04,7319.8,7555.2,7319.8,7487.2,179748.0,0.02376459649410667
2026-08-05,7505.6,7730.4,7474.6,7698.4,197142.0,0.02820814189550158
2026-08-06,7687.0,7717.8,7597.6,7680.2,184396.0,-0.0023641276109320764
2026-08-07,7665.6,7830.6,7619.0,7826.0,185716.0,0.01898388062810863
2026-08-10,7803.2,7862.0,7741.8,7826.0,163535.0,0.0
2026-08-11,7816.4,7901.8,7774.2,7812.8,157983.0,-0.001686685407615629
2026-08-12,7815.0,7907.0,7800.2,7852.4,136299.0,0.00506860536555398
2026-08-13,7853.8,7958.2,7798.0,7803.8,163500.0,-0.0061891905659415825
2026-08-14,7845.0,7850.0,7737.6,7797.2,158781.0,-0.0008457418180887188
2026-08-17,7808.0,8013.8,7805.0,8007.6,168148.0,0.026984045554814706
2026-08-18,7996.0,8018.4,7860.0,7948.8,178667.0,-0.007343024127079323
2026-08-19,7942.4,7942.4,7606.4,7638.8,214554.0,-0.038999597423510446
