date,open,high,low,close,volume,return,ret_1d,ret_5d,ret_10d,ret_20d,ma_5,ma_ratio_5,ma_10,ma_ratio_10,ma_20,ma_ratio_20,ma_60,ma_ratio_60,volatility_10,volatility_20,volatility_60,rsi,bb_mid,bb_upper,bb_lower,bb_position,atr,atr_ratio,momentum_10,momentum_20,momentum_60,volume_ma_5,volume_ratio,volume_change
2019-12-16,5048.8,5127.2,5041.2,5118.6,98161.0,0.0135038808807224,0.013503880880722408,0.028120355119913176,0.05638337392165771,0.06398104265402837,5029.08,0.017800472452218052,4973.4,0.029195319097599315,4906.679999999999,0.04319010002690238,4919.993333333334,0.04036726337027563,0.007261545387675274,0.008117079230204627,0.00977618808318418,86.69467787114863,4906.679999999999,5085.616761543228,4727.743238456771,1.092164511563501,62.28571428571422,0.01216850589725984,0.05638337392165771,0.06398104265402837,-0.011967725746052538,90069.0,1.0898422320665269,-0.028609032973122783
2019-12-17,5122.4,5234.4,5115.8,5204.6,115982.0,0.016801469151721,0.016801469151721093,0.03826204915416542,0.0677416707697358,0.06242345064097332,5067.4400000000005,0.027066921364633734,5006.42,0.0395851726383325,4921.97,0.05742212975698746,4922.286666666667,0.057354102361639514,0.008095567090075403,0.007976212825400477,0.009590957676904344,88.3004926108376,4921.97,5144.9195019529125,4699.020498047088,1.1338430844750051,65.11428571428561,0.012510910677916768,0.0677416707697358,0.06242345064097332,0.027156108150779623,95678.2,1.2122092597895864,0.18154868022941906
2019-12-18,5214.8,5255.0,5188.2,5215.4,111010.0,0.0020750874226644,0.00207508742266449,0.04546365713827516,0.0731275720164608,0.07427700420202665,5112.8,0.020067282115474816,5041.960000000001,0.03439932089901521,4940.0,0.055748987854250975,4924.81,0.059005322032728014,0.007575190560359221,0.007464230381443596,0.009592028944418827,89.4160583941606,4940.0,5195.957858373516,4684.042141626484,1.0379791848354045,66.95714285714277,0.012838352352100084,0.0731275720164608,0.07427700420202665,0.029897314375987305,100753.4,1.10179904598753,-0.04286872100843231
2019-12-19,5212.8,5232.8,5189.2,5222.0,94988.0,0.0012654829926757,0.0012654829926757039,0.049648241206030175,0.0637604400081484,0.0721471687266455,5162.2,0.01158420828329021,5073.26,0.029318426416150567,4957.57,0.053338631627995126,4926.716666666666,0.059935115678799056,0.007702619421893785,0.007482517250465074,0.009533942614017792,89.45880452342492,4957.57,5240.31111722284,4674.828882777159,0.9676185809076926,64.98571428571424,0.0124446025058817,0.0637604400081484,0.0721471687266455,0.02239799514449059,104238.6,0.9112555233857706,-0.1443293396991262
2019-12-20,5235.8,5243.2,5175.0,5183.6,108966.0,-0.0073535044044427,-0.007353504404442712,0.02637414858229059,0.04369186163572669,0.07794044252204291,5188.84,-0.001009859621803666,5094.96,0.01739758506445588,4976.3099999999995,0.04165536311041729,4928.12,0.05184127009894257,0.008509066027043483,0.006950642658038414,0.00958333064686441,82.55679630342712,4976.3099999999995,5267.102151490406,4685.517848509593,0.8564229621356194,66.14285714285708,0.012760023370409962,0.04369186163572669,0.07794044252204291,0.016511746479978218,105821.4,1.0297161065720166,0.1471554301595992
2019-12-23,5161.4,5184.6,5029.4,5031.2,110785.0,-0.0294004166988194,-0.02940041669881943,-0.01707498144023767,0.010565219137910198,0.042130991341811974,5171.360000000001,-0.02710312180935015,5100.219999999999,-0.013532749567665592,4986.48,0.008968250148401413,4927.1466666666665,0.021118375476272933,0.013677728434590622,0.01016541604969808,0.010320433401772295,62.196639701306786,4986.48,5269.527130908949,4703.43286909105,0.5789974444474862,71.91428571428567,0.014293664675283367,0.010565219137910198,0.042130991341811974,-0.011474379126061085,108346.2,1.0225093265845964,0.016693280472807936
2019-12-24,5048.4,5118.2,5043.8,5099.4,79412.0,0.0135554142152964,0.01355541421529649,-0.02021288859854753,0.017275774018512546,0.06144623454477327,5150.32,-0.009886764317556973,5108.88,-0.0018555926152112878,5001.24,0.019627132471147224,4927.543333333334,0.03487674385410422,0.014144561335705547,0.010331883668058333,0.010464206957446678,67.1834625322997,5001.24,5274.89643000706,4727.583569992939,0.6793489741817272,74.8714285714285,0.014682399610038142,0.017275774018512546,0.06144623454477327,0.004689100795964851,101032.2,0.7860068374241084,-0.2831881572415038
2019-12-25,5105.6,5147.4,5083.4,5132.6,93426.0,0.0065105698709653,0.0065105698709653215,-0.01587605936265657,0.028865814056047823,0.062342178250610836,5133.76,-0.00022595524527824207,5123.28,0.0018191471088835343,5016.3,0.02318441879472921,4929.8099999999995,0.04113545958160669,0.014007593180081514,0.01034496813800217,0.010289583157561705,66.42185663924795,5016.3,5283.68145430314,4748.918545696861,0.7174795561328403,74.69999999999995,0.01455402719869071,0.028865814056047823,0.062342178250610836,0.027218508585838297,97515.4,0.958064059625454,0.17647206971238605
2019-12-26,5137.8,5168.2,5099.8,5167.0,91280.0,0.0067022561664653,0.006702256166465359,-0.01053236307927996,0.03859296482412056,0.07052583599220985,5122.76,0.008635969672598387,5142.48,0.0047681274404567375,5033.32,0.026559010752346346,4934.1866666666665,0.04718373038177193,0.013900825098056757,0.010328606232515507,0.01001302642342835,65.23722627737223,5033.32,5293.085802214222,4773.554197785777,0.7573086966423659,74.61428571428561,0.014440543006441962,0.03859296482412056,0.07052583599220985,0.05354375662670252,96773.8,0.94323050247071,-0.022970051163487715
2019-12-27,5177.8,5205.0,5125.0,5125.6,101243.0,-0.0080123862976581,-0.008012386297658103,-0.011189134964117553,0.014889909710122051,0.06093724126511013,5111.16,0.0028251903677443124,5150.0,-0.004737864077669851,5048.04,0.015364379046124865,4937.453333333333,0.038106014166547464,0.01374279586551951,0.010633392411505783,0.01006291367476019,60.698689956331876,5048.04,5292.494851282989,4803.585148717011,0.6586387007517688,77.22857142857136,0.01506722557916563,0.014889909710122051,0.06093724126511013,0.03975981824083097,95229.2,1.0631507982845598,0.10914767747589837
2019-12-30,5099.4,5225.6,5074.6,5216.2,107890.0,0.0176759793975338,0.017675979397533848,0.03677055175703603,0.019067713827999766,0.07652618978825276,5148.16,0.013216372451516634,5159.76,0.01093849326325258,5066.58,0.029530768289457665,4943.746666666667,0.05511069876827546,0.014201204467389626,0.011126924011095553,0.009977762105998942,63.680387409200954,5066.58,5302.41737126293,4830.74262873707,0.8172101164433176,83.09999999999998,0.015931137609754224,0.019067713827999766,0.07652618978825276,0.07803910221965027,94650.2,1.1398813737319098,0.06565392175261509
2019-12-31,5221.0,5244.8,5188.4,5235.8,82370.0,0.0037575246347916,0.0037575246347916202,0.026748244891555917,0.005994696998808724,0.07414245855900226,5175.4400000000005,0.011662776498229999,5162.88,0.01412389983884954,5084.65,0.02972672652001629,4949.919999999999,0.05775446875909118,0.013256399386101512,0.011114546460905624,0.009967587966665538,66.72983216025986,5084.65,5313.7733958510435,4855.526604148956,0.829844098719332,83.54285714285717,0.01595608257436441,0.005994696998808724,0.07414245855900226,0.07612940354338815,95241.8,0.8648513572822017,-0.2365372138288998
2020-01-02,5276.6,5356.6,5253.4,5335.0,97640.0,0.0189464838229114,0.01894648382291142,0.03943420488641225,0.02293208574605976,0.09773662551440321,5215.92,0.022830104756207836,5174.839999999999,0.030949749170988916,5108.4,0.044358311800172245,4957.076666666666,0.07623915439408857,0.014471903203230798,0.011502598841316278,0.010187581269561236,71.83406113537119,5108.4,5337.948536319258,4878.851463680741,0.9935775318663824,89.51428571428576,0.016778685232293488,0.02293208574605976,0.09773662551440321,0.08753261578604032,96084.6,1.0161878178188803,0.18538302780138394
2020-01-03,5350.6,5372.2,5330.2,5349.4,78878.0,0.0026991565135894,0.002699156513589429,0.03530094832591435,0.024396782841823006,0.0897127724587492,5252.4,0.018467748077069635,5187.58,0.031193735807447664,5130.42,0.042682665356832405,4963.4766666666665,0.07775262366499813,0.014466903862541838,0.011440312556526631,0.010091230256895749,69.58344249410533,5130.42,5363.889282099827,4896.950717900173,0.968969617824001,86.28571428571435,0.016129979864230447,0.024396782841823006,0.0897127724587492,0.07733515930237234,93604.2,0.8426758628352147,-0.19215485456780013
2020-01-06,5339.8,5467.6,5338.6,5408.8,114538.0,0.0111040490522302,0.01110404905223028,0.0552520680505697,0.04344471023998753,0.08903475214432399,5309.04,0.01879059114265491,5210.1,0.03813746377228844,5152.530000000001,0.04973673127570333,4970.323333333333,0.08821894216137527,0.014244657680726323,0.011419827468945635,0.01014827554579564,69.22873045322025,5152.530000000001,5403.756021950875,4901.303978049126,1.010038725307905,89.35714285714292,0.016520696431212636,0.04344471023998753,0.08903475214432399,0.08219287715086043,96263.2,1.1898420164715073,0.45209057024772425
2020-01-07,5442.2,5481.6,5411.4,5476.6,96886.0,0.0125351279396539,0.012535127939653945,0.04992139871937429,0.08852758785180481,0.10002812035511988,5361.12,0.021540275166383127,5254.64,0.04224076244994901,5177.43,0.05778349489997936,4977.543333333334,0.1002616417871467,0.008013288643130898,0.011553669676938313,0.010202389752796458,68.46822379141773,5177.43,5453.554861916523,4901.305138083478,1.0417295601770993,86.0857142857144,0.015718824505297886,0.08852758785180481,0.10002812035511988,0.08589443629297722,94062.4,1.03001837078365,-0.15411479159754837
2020-01-08,5451.6,5479.6,5379.0,5408.0,116448.0,-0.0125260197933024,-0.012526019793302479,0.03288895679743309,0.06051692355963456,0.07883817427385886,5395.5599999999995,0.002305599418781501,5285.5,0.023176615268186485,5197.1900000000005,0.04056230386035531,4984.530000000001,0.08495685651405438,0.010159291115964373,0.01217197420013186,0.010239284517165723,62.12540921682198,5197.1900000000005,5480.186670242635,4914.193329757366,0.8724602127283972,88.50000000000013,0.016364644970414226,0.06051692355963456,0.07883817427385886,0.08402822322001269,100878.0,1.1543448521977042,0.20190739632144994
2020-01-09,5467.6,5474.2,5420.8,5465.8,103744.0,0.0106878698224852,0.010687869822485263,0.024517338331771388,0.06491836496122816,0.09565810046906953,5421.719999999999,0.008130261245508974,5318.820000000001,0.027633948883398762,5221.05,0.046877543789084486,4993.113333333333,0.0946677223429071,0.01027066243964798,0.012082424621706157,0.010238846588935223,64.41920984149516,5221.05,5510.393849352102,4931.7061506478985,0.922939697090579,90.1142857142858,0.01648693433976468,0.06491836496122816,0.09565810046906953,0.10402359214672385,102098.8,1.0161138034923034,-0.10909590546853531
2020-01-10,5482.2,5483.8,5413.6,5436.6,97294.0,-0.0053423103662775,-0.005342310366277525,0.016300893558156115,0.05217727888523327,0.09278391959799004,5439.16,-0.00047066091087588635,5345.780000000001,0.016989101683944963,5244.13,0.03670198869974617,5001.443333333333,0.08700621753853732,0.01091190056193102,0.012180223670080544,0.010262821164939923,65.12795981822529,5244.13,5524.331740105038,4963.928259894962,0.8434489734572131,90.25714285714295,0.01660176265628204,0.05217727888523327,0.09278391959799004,0.10123966942148765,105782.0,0.9197595053978938,-0.06217227020357807
2020-01-13,5441.8,5542.8,5399.8,5542.8,117018.0,0.0195342677408674,0.019534267740867417,0.024774441650643464,0.08139534883720922,0.09749722794234139,5465.96,0.014057914803621063,5387.5,0.028825986078886423,5268.75,0.052014234875444876,5013.003333333332,0.10568448322063784,0.010694041677957651,0.012418523148090325,0.010196351503566044,82.37974683544306,5268.75,5563.434984347687,4974.065015652313,0.9649880627725842,89.38571428571433,0.016126454911906316,0.08139534883720922,0.09749722794234139,0.14303390249938142,106278.0,1.1010557217862587,0.20272575903961187
2020-01-14,5561.0,5564.4,5508.4,5511.2,95851.0,-0.0057010897019557,-0.005701089701955708,0.006317788408866765,0.056554579962424745,0.07670066033681078,5472.88,0.007001797956468936,5417.0,0.017389699095440303,5288.38,0.04213388599155121,5023.916666666667,0.09699271816477828,0.01087490030831825,0.012447342040353778,0.010247943252215605,77.32943987257764,5288.38,5593.085770763925,4983.674229236075,0.8656314080323614,87.1714285714286,0.015817141198183445,0.056554579962424745,0.07670066033681078,0.13483238612964343,106071.0,0.9036494423546493,-0.1808867011912697
2020-01-15,5503.0,5520.0,5455.6,5498.0,106405.0,-0.0023951226593119,-0.0023951226593119657,0.01664201183431957,0.05007830703999394,0.05637320831572068,5490.88,0.0012966956116322592,5443.219999999999,0.010063896002733719,5303.05,0.036761863455935684,5033.723333333332,0.09223325080109701,0.011159139932862284,0.012126037728054753,0.010198610762889838,74.9113716934824,5303.05,5618.822706396957,4987.277293603043,0.8086872235166025,87.20000000000002,0.015860312841033106,0.05007830703999394,0.05637320831572068,0.11984683069903856,104062.4,1.0225114931041375,0.11010839740847778
2020-01-16,5509.4,5525.0,5487.2,5514.4,100092.0,0.0029829028737722,0.0029829028737722307,0.008891653554831791,0.03362699156513593,0.05733021436514929,5500.6,0.002508817219939452,5461.16,0.009748844567820658,5318.0,0.03693117713426086,5044.360000000001,0.09318129554591636,0.01001863467666919,0.01212481767807374,0.01013447599988634,74.28012300810734,5318.0,5644.432119162695,4991.567880837305,0.8008282403456033,85.01428571428576,0.01541677892686163,0.03362699156513593,0.05733021436514929,0.13088060374882082,103332.0,0.9686447567065382,-0.05932991870682769
2020-01-17,5529.6,5536.6,5463.4,5476.8,117677.0,-0.0068185115334395,-0.006818511533439597,0.0073943273369385665,0.023815755037948305,0.048793565683646234,5508.64,-0.005780011037207045,5473.9,0.0005297868064817468,5330.74,0.027399573042391934,5054.323333333334,0.08358718641532614,0.010527339298640746,0.012314086140213273,0.01019811263172597,74.67678471051153,5330.74,5661.2596699298265,5000.220330070173,0.7209550796644125,84.52857142857154,0.015433934309920306,0.023815755037948305,0.048793565683646234,0.12252510760401725,107408.6,1.0956012833236817,0.17568836670263366
2020-01-20,5489.2,5570.4,5469.6,5570.2,91751.0,0.0170537540169442,0.0170537540169442,0.004943349931442631,0.029840260316521094,0.07458137201944592,5514.12,0.010170253821099262,5490.04,0.014600986513759517,5350.07,0.04114525604337893,5065.033333333334,0.09973609913722181,0.011218948314447837,0.012498685575530362,0.010332423112008616,74.77603583426654,5350.07,5689.457492248509,5010.68250775149,0.82430482122602,80.94285714285719,0.01453140949029787,0.029840260316521094,0.07458137201944592,0.13040831236301642,102355.2,0.8963980335146627,-0.22031492985035306
2020-01-21,5551.0,5554.0,5463.0,5484.6,105623.0,-0.0153674912929516,-0.015367491292951674,-0.00482653505588615,0.0014607603257494883,0.09011766576562263,5508.8,-0.00439297124600635,5490.84,-0.0011364381406123725,5372.74,0.0208199168394525,5073.136666666667,0.0811062978131214,0.012025132561684531,0.010826000269020357,0.010446400740455896,65.94054331112252,5372.74,5681.6481103363485,5063.831889663651,0.6810570785567979,84.57142857142857,0.015419798813300616,0.0014607603257494883,0.09011766576562263,0.09727112676056349,104309.6,1.0125913626358456,0.15119181262329562
2020-01-22,5428.0,5572.0,5383.4,5548.4,125458.0,0.0116325711993581,0.011632571199358122,0.009166969807202552,0.02596153846153837,0.08804957445974027,5518.88,0.005348911373322052,5504.88,0.007905712749414873,5395.19,0.028397517047592302,5083.406666666667,0.09147277875335558,0.0116012434272707,0.010748480117477616,0.010340307127281947,64.32214765100673,5395.19,5685.136157615139,5105.24384238486,0.7642042254675494,89.41428571428573,0.016115327970998076,0.02596153846153837,0.08804957445974027,0.124934106483922,108120.2,1.1603567141015279,0.1877905380456908
2020-01-23,5483.4,5510.4,5265.4,5304.6,152178.0,-0.0439405954869871,-0.043940595486987144,-0.03804584360945873,-0.02949248051520359,0.033511280832326795,5476.92,-0.031462939024123004,5488.76,-0.03355220486958799,5403.79,-0.018355635581693508,5090.6466666666665,0.04202871409919107,0.018307258798277083,0.015197561525129891,0.01178283651943425,47.70114942528739,5403.79,5670.189193139276,5137.390806860724,0.313832018725105,106.62857142857145,0.02010115209979479,-0.02949248051520359,0.033511280832326795,0.08919551558457561,118537.4,1.2837973500346727,0.21297964258955182
2020-02-04,4876.2,4954.4,4827.8,4914.8,135128.0,0.0305724470538897,-0.07348339177317798,-0.10261466549810105,-0.09597910458742598,-0.04880975420940581,5364.5199999999995,-0.08383229068024711,5436.58,-0.09597577889040532,5391.18,-0.08836284449786502,5091.783333333334,-0.0347586143689016,0.028938308037811347,0.02259957421264716,0.015234968745909702,31.069895769466555,5391.18,5721.080141829224,5061.279858170777,-0.22200635828553733,131.4714285714286,0.02675010754688463,-0.09597910458742598,-0.04880975420940581,0.014071720381298114,122027.6,1.1073560407645482,-0.11203984807265177
2020-02-05,4968.2,5086.8,4951.0,5018.0,139506.0,0.0209978025555463,0.020997802555546397,-0.09913468098093425,-0.0946813884679224,-0.020992664273451034,5254.08,-0.04493269992082338,5384.1,-0.06799650823721703,5385.8,-0.06829069033384083,5093.756666666666,-0.01487245497265599,0.029105524419419194,0.023134826744548066,0.015407870696207254,32.890613341292294,5385.8,5736.772687496357,5034.827312503643,-0.023972396005626076,138.55714285714288,0.02761202528041907,-0.0946813884679224,-0.020992664273451034,0.024165237978610365,131578.6,1.0602483990557734,0.032398910662482905
2020-02-06,5011.8,5216.0,4999.8,5196.6,150949.0,0.0355918692706258,0.03559186927062585,-0.05251066622907774,-0.05708375671360133,-0.0037575246347915092,5196.4800000000005,2.309255496024676e-05,5352.64,-0.02915196986907398,5384.82,-0.034953814612187495,5098.6033333333335,0.019220296277215887,0.03244284132351407,0.024209700420970003,0.01605961102401273,42.71135015859881,5384.82,5737.889831172539,5031.750168827461,0.23345216245901865,146.8142857142857,0.028251988937821975,-0.05708375671360133,-0.0037575246347915092,0.059276774430266244,140643.8,1.0732716266198725,0.08202514587186216
2020-02-07,5170.2,5241.2,5139.2,5240.0,137111.0,0.0083516145171842,0.008351614517184247,-0.05558359166606586,-0.046926154965441946,0.0008021696779860754,5134.8,0.020487652878398377,5326.84,-0.016302348108822473,5385.03,-0.026932069087823085,5103.496666666667,0.02674702116000205,0.03272923341513793,0.02426797995172209,0.01606018808892434,42.136787853461456,5385.03,5737.731436882445,5032.328563117554,0.2944011778319778,149.37142857142857,0.028505997818974917,-0.046926154965441946,0.0008021696779860754,0.05935629953097199,142974.4,0.9589898611219911,-0.09167334662700644
2020-02-10,5215.4,5356.4,5195.0,5259.2,119990.0,0.0036641221374045,0.003664122137404524,-0.008558609508728332,-0.046278833599303626,-0.01420805998125585,5125.719999999999,0.026041219575006158,5301.32,-0.007945191009031682,5381.24,-0.02267878778868815,5109.4800000000005,0.029302394764242123,0.032746780281470884,0.02388849131981294,0.016004683933781277,43.77893112638515,5381.24,5737.812823594719,5024.667176405281,0.3288708618204864,155.88571428571427,0.02964057542700682,-0.046278833599303626,-0.01420805998125585,0.0732623158238439,136536.8,0.8788106942597161,-0.12486963117474159
2020-02-11,5282.8,5287.8,5223.0,5254.8,111478.0,-0.000836629145117,-0.0008366291451170627,0.06917880686904865,-0.0405346187554777,-0.01768422626836641,5193.72,0.011760356738522715,5279.120000000001,-0.004606828410795849,5376.51,-0.0226373614110269,5114.836666666667,0.02736418432390475,0.032748914643339413,0.023877141318449046,0.015990772079221154,39.12386706948638,5376.51,5737.345486059776,5015.674513940225,0.3313497359571812,150.29999999999998,0.02860242064398264,-0.0405346187554777,-0.01768422626836641,0.06514776827340185,131806.8,0.8457682001232107,-0.07093924493707804
2020-02-12,5253.8,5368.0,5253.2,5368.0,121514.0,0.0215422090279362,0.021542209027936243,0.06974890394579503,-0.03630031237657527,-0.007543262830942199,5263.72,0.019811084176210025,5258.9,0.020745783338721013,5374.469999999999,-0.0012038396344196123,5122.42,0.04794218357729352,0.03309290482823946,0.024257795100667095,0.016188467289670473,44.90608992601023,5374.469999999999,5734.998040226371,5013.941959773628,0.49102705021787363,154.5,0.02878166915052161,-0.03630031237657527,-0.007543262830942199,0.0926114390392836,128208.4,0.9477850125264804,0.09002673173182152
2020-02-13,5368.0,5384.2,5307.0,5326.0,127027.0,-0.0078241430700447,-0.007824143070044753,0.02490089674017626,-0.028917332166429666,-0.027498813132235345,5289.6,0.006881427707198906,5243.04,0.015822881381793774,5366.94,-0.007628182912423065,5131.216666666666,0.03796045772120338,0.03286957112633403,0.024126851742494668,0.015903899850876528,44.00446179587282,5366.94,5724.767364432678,5009.112635567321,0.4427936428717401,155.41428571428574,0.029180301485971786,-0.028917332166429666,-0.027498813132235345,0.10999958317702485,123424.0,1.0291920534093855,0.04536925786329138
2020-02-14,5334.6,5393.8,5304.6,5347.8,128129.0,0.0040931280510703,0.004093128051070316,0.0205725190839694,-0.036154567082402056,-0.011131656804733714,5311.16,0.0068986812673692555,5222.9800000000005,0.023898234341314772,5363.929999999999,-0.0030071235083229952,5140.343333333333,0.04035852339305479,0.03259649339114255,0.02399882194678495,0.015905296665970212,44.2144742325323,5363.929999999999,5721.315600982283,5006.5443990177155,0.47743333817078043,159.08571428571426,0.02974788030324886,-0.036154567082402056,-0.011131656804733714,0.11407858005916438,121627.6,1.05345332802752,0.008675320994749214
2020-02-17,5394.6,5559.0,5391.4,5556.0,135620.0,0.0389318972287668,0.03893189722876689,0.05643443869790077,0.04739282886551277,0.016502616268432746,5370.5199999999995,0.03453669290869432,5248.12,0.05866481711546223,5368.4400000000005,0.0349375237499161,5152.966666666666,0.07821384445206325,0.03160294058053015,0.025464375149288003,0.01660310549674027,52.459016393442624,5368.4400000000005,5733.433960440292,5003.446039559709,0.7569357582982279,168.94285714285706,0.030407281703178017,0.04739282886551277,0.016502616268432746,0.15783770266327668,124753.6,1.0871028972310217,0.05846451622973725
2020-02-18,5562.8,5595.8,5506.8,5568.4,145492.0,0.0022318214542835,0.002231821454283578,0.05967876988657972,0.13298608285179436,0.024243093109663993,5433.24,0.024876500946028557,5313.48,0.04797609099874278,5375.030000000001,0.03597561315936826,5165.633333333333,0.07797043279623672,0.015803934315114808,0.02541928177454158,0.01660301879736773,49.94115339348763,5375.030000000001,5749.833095532905,5000.226904467097,0.7579621170485009,168.09999999999997,0.03018820487033977,0.13298608285179436,0.024243093109663993,0.15805673404874798,131556.4,1.1059287119440788,0.07279162365432823
2020-02-19,5565.4,5594.0,5528.8,5541.8,125260.0,-0.0047769556784712,-0.004776955678471251,0.03237704918032791,0.10438421681944998,-0.0001804142310745105,5468.0,0.013496708119970835,5365.86,0.03278877943144254,5374.98,0.031036394554026403,5178.34,0.07018851601092235,0.016386696635646104,0.025091262138322655,0.016592771752059914,51.945048966267684,5374.98,5749.689114408826,5000.270885591173,0.7225993358384014,165.09999999999997,0.029791764408675873,0.10438421681944998,-0.0001804142310745105,0.15951793112106127,132305.6,0.9467475299609389,-0.13905919225799357
2020-02-20,5562.8,5662.0,5511.4,5633.4,157626.0,0.0165289256198346,0.016528925619834656,0.05771686068343973,0.08405495901166127,0.022173029467266625,5529.48,0.018793810629570862,5409.54,0.041382446566621045,5381.09,0.04688826984867367,5192.05,0.08500495950539766,0.014030728581071855,0.025303078331021064,0.01668264903425831,52.83673741823522,5381.09,5768.907438873926,4993.272561126074,0.8252948097597305,162.38571428571427,0.028825525310774005,0.08405495901166127,0.022173029467266625,0.17099027188825122,138425.4,1.1387072025798735,0.25839054766086544
2020-02-21,5644.6,5754.2,5640.0,5730.8,159652.0,0.0172897362161394,0.017289736216139495,0.07161823553610835,0.0936641221374046,0.04234267006184078,5606.08,0.022247274387807492,5458.62,0.04986241943934555,5392.7300000000005,0.06268995480953055,5205.916666666667,0.10082438251348624,0.014323762194017283,0.025529200253080354,0.016667338963058654,65.76416629678948,5392.7300000000005,5808.303309005631,4977.15669099437,0.9067513392630079,150.79999999999998,0.026313952676764146,0.0936641221374046,0.04234267006184078,0.16983751122723922,144730.0,1.1031023284737096,0.012853209495895301
2020-02-24,5725.2,5800.6,5656.4,5757.4,146713.0,0.0046415858169888,0.0046415858169888136,0.03624910007199422,0.09472923638576214,0.044066444218772594,5646.36,0.01966576697199618,5508.4400000000005,0.045196099077052576,5404.88,0.06522253963085212,5220.96,0.1027473874536482,0.014285949161035046,0.025533913862244,0.016597362839273346,92.61582035201302,5404.88,5848.681461537873,4961.078538462128,0.8971595753407818,127.04285714285717,0.02206601193991336,0.09472923638576214,0.044066444218772594,0.1859190903847736,146948.6,0.9983967183083065,-0.0810450229248616
2020-02-25,5729.6,5820.8,5571.2,5807.4,203357.0,0.0086844756313613,0.008684475631361321,0.04292076718626525,0.1051609956611097,0.06036371603856261,5694.160000000001,0.01988704216249615,5563.7,0.043801786580872415,5421.41,0.07119734534004984,5236.573333333334,0.10900767168351799,0.013854808822923352,0.025472172990356413,0.016613659251775624,92.19585204190729,5421.41,5899.772073395406,4943.047926604594,0.9034496268279061,132.58571428571435,0.022830477371235725,0.1051609956611097,0.06036371603856261,0.192337699667392,158521.6,1.2828346420929386,0.3860871224772173
2020-02-26,5742.4,5766.4,5635.8,5666.0,204206.0,-0.0243482453421496,-0.024348245342149633,0.02241149085134797,0.05551415797317438,0.017198664320850376,5719.0,-0.009267354432593078,5593.5,0.012961473138464186,5426.2,0.04419298956912754,5250.860000000001,0.07906133471469423,0.01691781039837074,0.02596884742284599,0.01686741772964938,76.13003785348481,5426.2,5912.684861018299,4939.715138981701,0.746461934599626,129.40000000000003,0.022837980938933997,0.05551415797317438,0.017198664320850376,0.17825652969555805,174310.8,1.171505150570131,0.0041749239022998985
2020-02-27,5699.4,5714.8,5620.0,5659.6,162802.0,-0.0011295446523119,-0.0011295446523119645,0.00465083253452625,0.06263612467142332,0.03190752288225207,5724.24,-0.011292328763294224,5626.86,0.005818520453681142,5434.95,0.04133432690273153,5264.723333333332,0.07500425790022547,0.01645614236160732,0.02568494555278277,0.016874701094387153,74.36135624709718,5434.95,5932.037193452748,4937.862806547251,0.725966392776678,128.88571428571433,0.022772937007158513,0.06263612467142332,0.03190752288225207,0.1722937984174986,175346.0,0.9284614419490607,-0.20275604046893825
2020-02-28,5516.2,5555.0,5313.0,5327.8,218845.0,-0.0586260513110467,-0.0586260513110467,-0.07032177008445595,-0.0037398556415721984,-0.039759209862302525,5643.64,-0.055963881466571275,5624.860000000001,-0.05281198109819629,5423.92,-0.017721500317113836,5273.45,0.010306345940513495,0.02633901163780764,0.028887595290432846,0.018624751368731218,52.922133242460404,5423.92,5920.196975297585,4927.6430247024155,0.4031589165079006,142.1142857142858,0.026674102953242577,-0.0037398556415721984,-0.039759209862302525,0.10898796886058038,187184.6,1.1691399826695144,0.34424024274886067
2020-03-02,5445.2,5598.4,5416.2,5542.0,181765.0,0.0402042118698149,0.04020421186981493,-0.03741272101990478,-0.002519798416126706,0.04475361007427514,5600.5599999999995,-0.010456097247418028,5623.460000000001,-0.014485743652484562,5435.79,0.019539018247577644,5285.293333333333,0.048569994222963375,0.026550500312150883,0.028524894274059878,0.01926584452653489,60.37872217403875,5435.79,5931.406396228494,4940.173603771506,0.6071494010370009,156.81428571428575,0.02829561272361706,-0.002519798416126706,0.04475361007427514,0.1470795214637579,194195.0,0.9359921728159839,-0.16943498823368142
2020-03-03,5657.2,5725.0,5538.8,5560.6,179794.0,0.0033561891014075,0.0033561891014075584,-0.042497503185590646,-0.00140076143955159,0.13139903963538702,5551.200000000001,0.001693327568813796,5622.68,-0.01104099824283078,5468.08,0.016920015800792942,5297.526666666668,0.049659652491917505,0.026563050270501126,0.022217207887652187,0.01926075301327569,57.4709076803724,5468.08,5900.956117443113,5035.203882556887,0.6068666025588246,161.91428571428574,0.029118132164566005,-0.00140076143955159,0.13139903963538702,0.1520739236729789,189482.4,0.9488691297978071,-0.010843671773993924
2020-03-04,5582.4,5615.0,5478.4,5596.0,157430.0,0.0063662194727187,0.006366219472718759,-0.012354394634662924,0.009780215814356286,0.11518533280191301,5537.2,0.010619085458354327,5628.1,-0.005703523391553111,5496.98,0.018013527427787723,5310.2733333333335,0.053806395402119955,0.026565615635776325,0.02195151888138313,0.019265832940601652,60.5271366188397,5496.98,5877.326255542571,5116.633744457428,0.6301708621513132,166.1571428571429,0.029692127029510882,0.009780215814356286,0.11518533280191301,0.15830435502566664,180127.2,0.8739934890455189,-0.12438679822463483
2020-03-05,5678.0,5697.0,5589.4,5662.4,166969.0,0.0118656182987848,0.011865618298784852,0.0004947346102197603,0.005147868072567174,0.08963553092406551,5537.76,0.02250729536852436,5631.0,0.005576274196412712,5520.27,0.02574692904513709,5323.889999999999,0.06358320701592257,0.02630820439988755,0.0208651155369329,0.019302627309665938,61.85380557648832,5520.27,5879.6371929495135,5160.902807050487,0.697750382879228,167.47142857142867,0.02957605053889317,0.005147868072567174,0.08963553092406551,0.16861353035869064,180960.6,0.9226815118871179,0.06059200914692253
2020-03-06,5622.8,5652.6,5589.0,5609.8,140347.0,-0.0092893472732409,-0.009289347273240933,0.05292991478659115,-0.021113980596077386,0.07057251908396944,5594.160000000001,0.0027957727344229966,5618.9,-0.0016195340725051466,5538.76,0.012825975489098695,5336.146666666667,0.05128294824480073,0.025798256560658595,0.021066098551185474,0.01936037122381969,52.29639747310912,5538.76,5874.699984615034,5202.820015384967,0.605733171479137,157.62857142857152,0.028098786307635123,-0.021113980596077386,0.07057251908396944,0.15086985064828506,165261.0,0.8492445283521218,-0.15944277081374392
2020-03-09,5511.0,5529.0,5352.6,5380.0,175064.0,-0.0409640272380477,-0.04096402723804771,-0.029231324431613137,-0.06555042206551565,0.02296927289321582,5561.76,-0.032680302638013914,5581.16,-0.03604268646661268,5544.8,-0.02972154090318857,5344.813333333334,0.0065833293835018125,0.02842491647772369,0.023306577815943398,0.020148756075660742,43.217165898617516,5544.8,5863.476790560744,5226.123209439256,0.2414308087670615,169.6428571428572,0.03153212958045673,-0.06555042206551565,0.02296927289321582,0.10699588477366251,163920.8,1.067979170428646,0.24736545847079028
2020-03-10,5486.8,5572.4,5327.0,5563.6,213847.0,0.0341263940520446,0.03412639405204465,0.0005395101248066858,-0.041980920894031604,0.05876531932709139,5562.36,0.00022292695906056537,5556.780000000001,0.0012273294965789994,5560.24,0.0006042904622822753,5355.723333333333,0.03881392927317018,0.030950305912824747,0.02441508868164579,0.020549394327679226,50.70513649890026,5560.24,5848.198815768745,5272.281184231255,0.5058341676239893,182.51428571428576,0.032805069687663696,-0.041980920894031604,0.05876531932709139,0.1333469138317378,170731.4,1.2525346831338582,0.2215361239318192
2020-03-11,5553.2,5579.8,5443.4,5443.4,158059.0,-0.0216047163706953,-0.021604716370695387,-0.027269478198713393,-0.03928697493822808,0.014046199701937434,5531.839999999999,-0.015987447214669936,5534.5199999999995,-0.01646393905885246,5564.01,-0.021676812227152786,5363.67,0.014864822034166725,0.030759927794309822,0.024609433933105676,0.02073982198428638,43.96595528455285,5564.01,5843.212789158123,5284.807210841877,0.2840100373573011,181.50000000000006,0.03334313113127826,-0.03928697493822808,0.014046199701937434,0.09600128860790069,170857.2,0.9250941722093069,-0.26087810443915505
2020-03-12,5392.2,5408.8,5295.8,5395.4,169518.0,-0.0088180181504207,-0.008818018150420714,-0.04715315060751624,-0.046681744292882965,0.013030416823131663,5478.4400000000005,-0.01515759960864782,5508.1,-0.020460775948149212,5567.4800000000005,-0.03090805894228643,5370.616666666667,0.004614615950371936,0.030788238440263335,0.024629160068232306,0.020784313366437854,39.00327868852456,5567.4800000000005,5835.738395463838,5299.221604536163,0.17926446495278844,183.41428571428574,0.0339945668002902,-0.046681744292882965,0.013030416823131663,0.08371831438556998,171367.0,0.9892102913629812,0.07249824432648566
2020-03-13,5159.8,5410.4,5102.6,5368.8,223362.0,-0.0049301256626014,-0.004930125662601426,-0.04296053335234773,0.007695484064717206,0.003926848423650764,5430.24,-0.011314417042340597,5512.2,-0.02601502122564492,5568.530000000001,-0.0358676347258613,5376.55,-0.0014414447926643925,0.024258128932641784,0.0246509603451696,0.020789015944163807,37.25901639344264,5568.530000000001,5833.3097821825195,5303.750217817482,0.12283751736316113,195.0999999999999,0.036339591715094606,0.007695484064717206,0.003926848423650764,0.0710181934248324,187970.0,1.1882853646858542,0.31762998619615623
2020-03-16,5345.6,5349.2,5045.6,5059.6,190416.0,-0.0575920131127998,-0.05759201311279982,-0.05955390334572486,-0.08704438830747019,-0.08934485241180701,5366.16,-0.057128374852780994,5463.96,-0.07400493415032317,5543.71,-0.08732599648971529,5377.733333333334,-0.05915751369846034,0.02633515870250673,0.02613230091038156,0.022128081775639692,29.043829167133737,5543.71,5893.0090508824205,5194.41094911758,-0.19297354054786517,200.35714285714272,0.03959940367956809,-0.08704438830747019,-0.08934485241180701,0.014232449985968065,191040.4,0.9967315813827861,-0.14750047008891398
2020-03-17,5143.8,5160.2,4962.4,5072.2,212147.0,0.0024903154399555,0.0024903154399555927,-0.08832410669350788,-0.08783224831852687,-0.08910997773148477,5267.88,-0.03714587272299297,5415.12,-0.06332638981222949,5518.9,-0.0809400423997535,5379.3533333333335,-0.05709856079355269,0.026292326634425916,0.026135785590629186,0.022125516038354408,32.0647577624743,5518.9,5926.446714145161,5111.353285854838,-0.048035334963947525,202.22857142857134,0.03986999160691048,-0.08783224831852687,-0.08910997773148477,0.019537688442210932,190700.4,1.1124622706612046,0.11412381312494757
2020-03-18,5109.2,5208.6,4954.4,4963.0,218015.0,-0.0215291195142146,-0.021529119514214656,-0.08825366498879372,-0.11311651179413862,-0.1044425998772962,5171.8,-0.04037279090452073,5351.82,-0.07265192028132483,5489.960000000001,-0.09598612740347856,5377.896666666667,-0.07714850105586524,0.025978256361831886,0.026417906297065745,0.022222217788584055,30.189967011716504,5489.960000000001,5966.945703857258,5012.974296142744,-0.05238552826490897,213.61428571428567,0.043041363230764795,-0.11311651179413862,-0.1044425998772962,-0.017305559955646976,202691.6,1.0755995808410412,0.02766006589770309
2020-03-19,5008.4,5069.0,4880.6,5030.4,238473.0,0.0135804956679426,0.013580495667942616,-0.06765022055825332,-0.11161345012715462,-0.10704015337096606,5098.8,-0.013414921157919646,5288.62,-0.048825591553184,5459.8099999999995,-0.07864925702542758,5376.426666666666,-0.06435997143083882,0.026155603424417806,0.02629843786574991,0.022223011634376028,40.04552148882043,5459.8099999999995,5973.442651446121,4946.177348553878,0.08198724439440784,202.31428571428563,0.04021832969829152,-0.11161345012715462,-0.10704015337096606,-0.017231274176532807,216482.6,1.1015804503456628,0.09383757998302866
2020-03-20,5080.6,5107.6,4986.4,5082.0,191920.0,0.0102576335877864,0.010257633587786419,-0.053419758605274925,-0.09408535063638634,-0.11321281496475188,5041.4400000000005,0.008045320384652,5235.84,-0.029382104877154425,5427.37,-0.06363487287581271,5374.383333333333,-0.05440314082545905,0.02705037013506783,0.026025959918803156,0.022154898460430263,32.72235576923076,5427.37,5950.79910282502,4903.94089717498,0.17008903580638737,191.64285714285714,0.03771012537246304,-0.09408535063638634,-0.11321281496475188,-0.023556085001729343,210194.2,0.9130603984315456,-0.19521287525212494
2020-03-23,4940.2,4990.0,4852.8,4885.0,166665.0,-0.0387642660369933,-0.038764266036993344,-0.034508656810815164,-0.09200743494423791,-0.15152673081599333,5006.5199999999995,-0.024272348857090287,5186.34,-0.05810263114257841,5383.75,-0.09263988855351757,5368.876666666666,-0.0901262399397017,0.026773584996921444,0.026916024877113028,0.022705825303212846,27.623211446740825,5383.75,5935.986972398812,4831.513027601188,0.04842755472028158,194.71428571428572,0.03985962860067262,-0.09200743494423791,-0.15152673081599333,-0.06335084557272685,205444.0,0.8112429664531454,-0.13159128803668196
2020-03-24,4960.6,5007.4,4854.4,4953.2,185248.0,0.0139611054247696,0.013961105424769693,-0.023461219983439086,-0.10971313537996985,-0.14708819781657878,4982.72,-0.005924474985550154,5125.3,-0.033578522232844965,5341.04,-0.0726150712220841,5364.3966666666665,-0.0766529196511071,0.023727294644218275,0.02711160313525656,0.022784722787892515,29.162344398340224,5341.04,5887.415241790935,4794.6647582090645,0.14507908637228945,195.88571428571427,0.03954730563791373,-0.10971313537996985,-0.14708819781657878,-0.05147453083109921,200064.2,0.9259427723700692,0.11149911499114995
2020-03-25,5052.2,5095.0,5014.8,5063.2,152591.0,0.0222078656222239,0.022207865622223988,0.02018940157162996,-0.06984605209979056,-0.10638898693963994,5002.759999999999,0.012081331105229909,5087.280000000001,-0.004733374219622388,5310.9,-0.04663992920220672,5362.39,-0.05579415148842226,0.025584385004597945,0.027589586606166366,0.022955637735875712,31.109709962168978,5310.9,5848.227836809638,4773.572163190362,0.26950756779072865,198.3285714285714,0.03917059792790555,-0.06984605209979056,-0.10638898693963994,-0.023227100856547667,186979.4,0.8160845526298619,-0.17628800310934534
2020-03-26,5033.0,5067.6,4995.6,5004.2,133473.0,-0.0116527097487755,-0.011652709748775525,-0.005208333333333259,-0.07250620899284577,-0.11580323697787842,4997.5199999999995,0.0013366629848405864,5048.16,-0.008708123355836594,5278.13,-0.051899062736234236,5361.9400000000005,-0.06671838923971563,0.025623503832298652,0.027607376811473978,0.022684800498269663,30.9846772167797,5278.13,5805.770519971495,4750.489480028506,0.2404198600831498,198.22857142857143,0.03961243983625184,-0.07250620899284577,-0.11580323697787842,-0.005366512959135039,165979.4,0.8041540094734648,-0.12528917170737464
2020-03-27,5054.0,5084.8,4976.0,4976.0,158456.0,-0.0056352663762438,-0.005635266376243897,-0.02085792994883906,-0.07316346297124132,-0.06603100716993882,4976.32,-6.430454633132854e-05,5008.879999999999,-0.006564341729088929,5260.54,-0.054089504119348986,5359.883333333333,-0.07162158380313,0.025617541717203342,0.02465209581951718,0.022628061573894916,35.47598504457865,5260.54,5804.414739448825,4716.665260551175,0.23841403234836805,187.62857142857143,0.037706706476802944,-0.07316346297124132,-0.06603100716993882,-0.02419892536376822,159286.6,0.9947854998474448,0.18717643268676065
2020-03-30,4905.8,4947.4,4830.0,4898.6,152257.0,-0.0155546623794211,-0.015554662379421158,0.002784032753326615,-0.03182069728832315,-0.1160952724648141,4979.04,-0.016155724798354587,4992.78,-0.01886323851641758,5228.37,-0.06307319489630603,5355.983333333334,-0.08539670586478043,0.019048886262111823,0.022558899293242708,0.022697143255298417,24.11645648450876,5228.37,5778.227662347363,4678.512337652637,0.20013148621754295,180.52857142857147,0.036853095053397185,-0.03182069728832315,-0.1160952724648141,-0.045590928574211875,156405.0,0.9734791087241457,-0.039121270257989615
2020-03-31,4952.6,4961.6,4873.6,4884.0,133185.0,-0.0029804433919896,-0.0029804433919896622,-0.013970766373253563,-0.03710421513347262,-0.12167751681473227,4965.2,-0.016353822605333135,4973.96,-0.018086192892584618,5194.54,-0.059782001871195534,5351.266666666666,-0.08731889023159622,0.018949950966336906,0.0224662745547107,0.022679339241997925,26.276505513146716,5194.54,5741.581021842923,4647.498978157077,0.21616388204871403,177.07142857142858,0.036255411255411256,-0.03710421513347262,-0.12167751681473227,-0.05477065995742214,145992.4,0.9122735156076618,-0.12526189272086008
2020-04-01,4889.8,4980.0,4862.6,4877.0,150892.0,-0.0014332514332514,-0.001433251433251459,-0.03677516195291508,-0.017328228893814246,-0.1284846318799142,4927.960000000001,-0.01034099302754099,4965.36,-0.017795285739603872,5158.59,-0.054586621538055935,5347.123333333334,-0.0879207947949584,0.017873638010539577,0.022303349688494404,0.02265918840638014,27.22319859402458,5158.59,5688.787460336593,4628.392539663408,0.2344479924316928,174.91428571428574,0.03586513957643751,-0.017328228893814246,-0.1284846318799142,-0.048501638832527005,145652.6,1.0359718947687855,0.13295040732815266
2020-04-02,4885.4,5056.8,4884.4,5054.0,161194.0,0.0362928029526348,0.03629280295263482,0.009951640621877589,0.004691475826972047,-0.10744560610341902,4937.92,0.023507873760611808,4967.719999999999,0.017368128638490132,5128.17,-0.014463249073256135,5344.42,-0.0543407890846902,0.02115838661468232,0.023974722867274808,0.023037596279203966,37.7832971126979,5128.17,5603.647914036864,4652.692085963136,0.42200478948613196,165.77142857142866,0.03280004522584659,0.004691475826972047,-0.10744560610341902,-0.031095433457306032,151196.8,1.0661204469935872,0.0682739972960793
2020-04-03,5035.0,5035.6,4950.8,4983.2,130612.0,-0.0140087059754649,-0.014008705975464997,0.0014469453376204644,-0.01944116489571035,-0.11169738671610407,4939.360000000001,0.008875643808104572,4957.84,0.005115130782760158,5096.839999999999,-0.022296167821630575,5340.210000000001,-0.06685317618595543,0.021327463517789736,0.024038246021317714,0.02309916082934251,46.36190476190473,5096.839999999999,5518.1896830050155,4675.490316994983,0.36514763795532923,150.05714285714294,0.030112606930715793,-0.01944116489571035,-0.11169738671610407,-0.048244776347454166,145628.0,0.8968879611063807,-0.1897217018003151
2020-04-07,5088.2,5157.2,5087.6,5134.0,129912.0,0.030261679242254,0.03026167924225409,0.04805454619687244,0.05097236438075736,-0.045724907063196985,4986.44,0.029592254193372414,4982.74,0.030356791644757797,5084.539999999999,0.009727526973924983,5336.860000000001,-0.03801111515010713,0.019069790505627574,0.023802500096415248,0.023306353553814316,52.60057229422657,5084.539999999999,5484.926489072227,4684.153510927771,0.5617653209460305,148.35714285714292,0.028896989259279884,0.05097236438075736,-0.045724907063196985,-0.03767572633552019,141159.0,0.9203238900813976,-0.005359385048846921
2020-04-08,5118.0,5165.0,5108.6,5145.6,112051.0,0.0022594468250878,0.0022594468250878297,0.05356265356265366,0.03884357587014464,-0.07513121000790857,5038.76,0.021203629464392026,5001.9800000000005,0.028712629798599787,5063.64,0.016185984785648255,5333.463333333333,-0.035223516426787005,0.018826227867956465,0.022269462498633666,0.02330544164738268,58.37153860260408,5063.64,5396.715938235692,4730.5640617643085,0.6230350058220107,134.22857142857143,0.02608608742004264,0.03884357587014464,-0.07513121000790857,-0.0380977305866077,136932.2,0.8182954776159296,-0.13748537471519184
2020-04-09,5179.8,5208.4,5161.4,5187.0,117004.0,0.0080457089552237,0.008045708955223718,0.0635636661882304,0.02445094011692217,-0.04710291362016383,5100.76,0.016907284404676926,5014.36,0.034429119568599065,5050.82,0.026961958652258478,5329.766666666666,-0.02678666358126991,0.017807418710277655,0.02199722443192613,0.023283241396052808,57.35487507044901,5050.82,5339.072810092674,4762.567189907325,0.736216257451606,125.25714285714282,0.02414828279489933,0.02445094011692217,-0.04710291362016383,-0.04100724744860229,130154.6,0.8989616963211442,0.044203086094724675
2020-04-10,5184.0,5184.8,5077.6,5110.0,136113.0,-0.0148448043184885,-0.014844804318488558,0.011080332409972193,0.021142240517964872,-0.05289691218445336,5111.96,-0.0003834145807087852,5024.9400000000005,0.016927565304262204,5036.55,0.014583395379773822,5323.656666666666,-0.04013344211403547,0.01811641720154789,0.02213384273142764,0.023293197943742423,51.284403669724774,5036.55,5277.325164832273,4795.774835167727,0.6525281896311151,124.4142857142856,0.024347218339390526,0.021142240517964872,-0.05289691218445336,-0.0669393419274733,125138.4,1.0876996988933854,0.16331920276229872
2020-04-13,5061.8,5087.8,5035.4,5051.8,113651.0,-0.0113894324853228,-0.01138943248532287,0.013766254615508178,0.015233118971061055,-0.05904485173595586,5125.679999999999,-0.014413697304552553,5032.52,0.0038310826385190566,5020.7,0.00619435536877333,5317.719999999999,-0.05000639371760818,0.01848204714010273,0.022218463271932273,0.0232840294607966,58.76787216148025,5020.7,5204.340541332956,4837.059458667044,0.5846762914502998,113.3714285714285,0.022441788782499007,0.015233118971061055,-0.05904485173595586,-0.0658653846153846,121746.2,0.9335075755957887,-0.16502464863752908
2020-04-14,5092.8,5172.8,5085.6,5167.2,131356.0,0.0228433429668633,0.0228433429668633,0.006466692637319804,0.05483199281427331,0.021266503280891635,5132.320000000001,0.006796146771830047,5059.38,0.02131091161367582,5026.08,0.028077547512176393,5312.743333333333,-0.027395137352140053,0.018495801682389092,0.018794859706394287,0.0234386163685181,60.717147435897445,5026.08,5220.506786112159,4831.653213887841,0.8629129576790723,111.0857142857142,0.021498241656160825,0.05483199281427331,0.021266503280891635,-0.05463061217022214,122035.0,1.0763797271274633,0.15578393502916832
2020-04-15,5177.4,5192.4,5142.0,5144.6,120043.0,-0.0043737420653351,-0.00437374206533514,-0.0001943407960198762,0.05335790335790347,0.01427388509916816,5132.12,0.0024317436069305476,5085.4400000000005,0.011633211678832023,5029.7,0.022844304829313877,5307.876666666667,-0.030761202062595028,0.018571913582430093,0.018833081295182196,0.02343567150750147,54.46761800219542,5029.7,5230.339126162811,4829.060873837188,0.7863349791175908,104.55714285714274,0.020323668090258276,0.05335790335790347,0.01427388509916816,-0.053710039362837025,123633.4,0.9709593038774312,-0.08612472974207497
2020-04-16,5133.8,5209.8,5123.4,5188.6,160837.0,0.0085526571550751,0.008552657155075138,0.0003084634663583774,0.06389173672339554,0.04545637719121509,5132.4400000000005,0.010942163961001006,5116.6,0.014071844584294224,5040.98,0.02928398843082114,5301.973333333333,-0.021383233412465286,0.018433697358752586,0.018137833190982815,0.02331798624192569,60.29017857142862,5040.98,5250.97841202409,4830.981587975909,0.8514788482854483,105.5857142857142,0.020349557546489264,0.06389173672339554,0.04545637719121509,-0.06390272064660452,132400.0,1.2147809667673717,0.3398282282182219
2020-04-17,5255.0,5267.8,5165.6,5179.8,159022.0,-0.001696025902941,-0.0016960259029410452,0.013659491193737772,0.02489117530668783,0.02969942748091614,5146.4,0.006489973573760466,5129.18,0.009869023898556817,5048.45,0.026017886678089353,5296.45,-0.022024186011384894,0.015213730974503974,0.017962200117189204,0.02330953294245602,61.624458133698404,5048.45,5267.30581410698,4829.59418589302,0.8000834145895586,105.11428571428561,0.020293116667494036,0.02489117530668783,0.02969942748091614,-0.06013209464363467,136981.8,1.160898747132831,-0.011284716825108676
2020-04-20,5196.0,5224.0,5180.8,5216.4,100267.0,0.0070659098806902,0.007065909880690224,0.032582445860881215,0.04679723872210628,0.026446280991735405,5179.320000000001,0.007159240981441384,5152.5,0.012401746724890694,5055.17,0.03189408071340827,5291.756666666667,-0.01424038772253966,0.014080224445031334,0.017895450162823994,0.02333028932522339,69.0117252931323,5055.17,5286.274124174654,4824.065875825346,0.8488254495150243,97.84285714285703,0.01875677807354824,0.04679723872210628,0.026446280991735405,-0.051218624954529,134305.0,0.7465619299355943,-0.3694771792582159
2020-04-21,5199.8,5199.8,5094.6,5171.0,127185.0,-0.008703320297523,-0.008703320297523076,0.0007354079578882899,0.007206856252434779,0.05854657113613104,5180.08,-0.0017528686815647676,5156.2,0.0028703308638144964,5069.469999999999,0.02002773465470753,5286.033333333334,-0.02176174951602028,0.011336037986197162,0.015432267470690243,0.023348608010857495,66.55896607431343,5069.469999999999,5291.4525796863745,4847.487420313624,0.728689116378965,100.25714285714268,0.019388347100588413,0.007206856252434779,0.05854657113613104,-0.06227332076019143,133470.8,0.9529050548884102,0.26846320324732953
2020-04-22,5139.0,5228.0,5121.8,5227.8,124168.0,0.0109843357184298,0.010984335718429827,0.01617229716596036,0.01597481343283569,0.05543890818057018,5196.72,0.005980695515632961,5164.42,0.01227243330325578,5083.2,0.028446647780925538,5281.883333333333,-0.010239403243161305,0.01178958769662269,0.015334636913199815,0.023383908651176403,69.14011348756006,5083.2,5308.841392246068,4857.558607753932,0.820419933950572,99.4571428571427,0.0190246648412607,0.01597481343283569,0.05543890818057018,-0.04546450482033304,134295.8,0.924585876847973,-0.023721350788221907
2020-04-23,5230.0,5236.0,5169.6,5191.6,112486.0,-0.0069245189180917,-0.00692451891809176,0.0005781906487298816,0.0008868324657798077,0.025359456470216646,5197.32,-0.0011005672154108526,5164.88,0.005173401898979302,5089.620000000001,0.020036859333309565,5275.573333333333,-0.015917385282610552,0.011837369697642451,0.014768458809520914,0.023283466819994568,58.87055183084068,5089.620000000001,5320.119645849726,4859.1203541502755,0.7212150904268322,91.35714285714266,0.017597107415275186,0.0008868324657798077,0.025359456470216646,-0.06796883415317212,124625.6,0.9025914418867391,-0.09408221119773208
2020-04-24,5172.0,5185.4,5103.4,5130.8,115295.0,-0.0117112258263348,-0.011711225826334881,-0.009459824703656472,0.004070450097847456,0.02529874905079743,5187.52,-0.010933933748689229,5166.96,-0.006998312353879266,5095.95,0.006838764116602558,5269.676666666667,-0.02635392557291627,0.011430774526944049,0.014771177059000403,0.02324972595542275,59.63949843260193,5095.95,5323.50716459365,4868.39283540635,0.576574165577762,90.28571428571415,0.017596810299702607,0.004070450097847456,0.02529874905079743,-0.06450789483280461,115880.2,0.9949499569382863,0.02497199651512183
2020-04-27,5140.6,5170.2,5107.8,5121.4,107457.0,-0.0018320729710767,-0.0018320729710767925,-0.0182117935741124,0.013777267508610747,0.029220257234726654,5168.5199999999995,-0.009116729740815566,5173.92,-0.010150910721464679,5103.219999999999,0.0035624566450203066,5262.5599999999995,-0.026823447143595525,0.01070608331698283,0.014700796595557708,0.023192198271020203,48.99070810637613,5103.219999999999,5323.826051355675,4882.6139486443235,0.5412046720574525,82.31428571428556,0.016072614073160768,0.013777267508610747,0.029220257234726654,-0.07695912335087596,117318.2,0.9159448406129654,-0.06798213278980003
2020-04-28,5122.2,5126.2,4984.0,5081.0,149067.0,-0.007888467997032,-0.007888467997032023,-0.017404757300328755,-0.016682148939464292,0.03723512840403376,5150.5199999999995,-0.013497666255057661,5165.3,-0.01632044605347227,5112.34,-0.006130265201453766,5258.833333333333,-0.03381611891103853,0.007922249483785214,0.014326721151368816,0.0225198283835153,45.05359877488511,5112.34,5311.352979211767,4913.327020788233,0.4212614169082618,88.442857142857,0.017406584755531782,-0.016682148939464292,0.03723512840403376,-0.04215209440862655,121694.6,1.2249269893651813,0.3872246573047824
2020-04-29,5086.2,5130.6,5080.2,5103.2,107314.0,0.0043692186577444,0.0043692186577444225,-0.023834117602050675,-0.008047272868639044,0.044881244881244786,5125.6,-0.004370220071796549,5161.160000000001,-0.011230033558347507,5123.3,-0.003923252591103488,5261.973333333333,-0.03017372443291244,0.008069647558842097,0.014288455384207548,0.020382784938832475,43.3890817292521,5123.3,5291.053729270668,4955.546270729333,0.4400907506277569,87.55714285714281,0.017157301861017167,-0.008047272868639044,0.044881244881244786,0.038333197688613874,118323.8,0.9069519403535045,-0.2800955275144733
2020-04-30,5155.4,5262.8,5150.2,5249.0,131028.0,0.0285703088258348,0.02857030882583489,0.01105632175051996,0.011640905061095497,0.0762763994258766,5137.08,0.0217866959439994,5167.2,0.01583062393559387,5141.9,0.020828876485345926,5265.823333333334,-0.0031948153723350137,0.012111878421444396,0.015407810579383249,0.02053265324055855,59.89183034443497,5141.9,5273.200250530907,5010.599749469092,0.9078438524181996,91.14285714285714,0.017363851617995262,0.011640905061095497,0.0762763994258766,0.046034276604224766,122032.2,1.0737166092228116,0.2209776916338968
2020-05-06,5231.0,5341.4,5221.6,5324.2,120325.0,0.0143265383882644,0.014326538388264476,0.037693926873002104,0.027877524228734574,0.0534626038781163,5175.76,0.028679846051594238,5181.64,0.02751252499208734,5155.41,0.03274036400596647,5267.95,0.010677777883237205,0.012726939359114502,0.013652131265615989,0.020103767853298045,68.9271817676487,5155.41,5303.197413465939,5007.622586534061,1.0710567498324268,94.3714285714285,0.017724996914358682,0.027877524228734574,0.0534626038781163,0.02455451641457862,123038.2,0.9779483119876592,-0.0816848307232042
2020-05-07,5335.4,5341.8,5284.0,5309.4,107079.0,-0.0027797603395816,-0.002779760339581605,0.036708712461436255,0.017828387393604705,0.06545994541659983,5213.36,0.01842190065523952,5190.9400000000005,0.02282052961505987,5171.72,0.026621704191255313,5269.106666666666,0.0076470900823164545,0.012743287438429549,0.013150705706548534,0.02008241643939325,61.48626817447496,5171.72,5311.254287052188,5032.185712947812,0.9933554429833608,89.85714285714279,0.016924161460267224,0.017828387393604705,0.06545994541659983,0.013244274809160128,122962.6,0.8708257632808675,-0.11008518595470596
2020-05-08,5345.4,5409.0,5334.0,5382.8,126200.0,0.0138245376125363,0.013824537612536325,0.0593977563471757,0.040959195513440294,0.04846123880015596,5273.719999999999,0.02068369196696085,5212.12,0.03274675180157027,5184.160000000001,0.038316718619795465,5271.166666666667,0.02117810731337144,0.012663112454280923,0.011820553856717266,0.02015295569346874,67.78142729172886,5184.160000000001,5351.188852219276,5017.131147780726,1.0946278063960633,93.37142857142855,0.017346256329685023,0.040959195513440294,0.04846123880015596,0.023501673258290223,118389.2,1.0659756126403421,0.17856909384659914
2020-05-11,5413.0,5435.4,5344.2,5363.4,118148.0,-0.0036040722300662,-0.003604072230066202,0.05098761561373255,0.025938253184895954,0.042327425373134275,5325.76,0.007067535900979305,5225.679999999999,0.02635446487347104,5195.05,0.032405847874418914,5272.9766666666665,0.017148441771978273,0.012621357335588433,0.011897598401562324,0.020159438730021132,63.5461872287662,5195.05,5379.033288714816,5011.066711285184,0.9575143785503016,93.71428571428565,0.017472924956983566,0.025938253184895954,0.042327425373134275,0.020666818908426476,120556.0,0.9800258800889213,-0.06380348652931855
2020-05-12,5367.2,5389.2,5317.6,5374.4,124299.0,0.0020509378379385,0.002050937837938527,0.02389026481234513,0.035210725017335465,0.036128783497204386,5350.839999999999,0.004403046998228355,5243.96,0.02487433161198771,5204.42,0.03266069994350951,5273.083333333333,0.01921393239249647,0.012177337431187955,0.011816266279702779,0.019971475091085766,65.02934816187823,5204.42,5405.01515237886,5003.82484762114,0.9236892018182021,91.52857142857134,0.017030472504571924,0.035210725017335465,0.036128783497204386,0.0011922503725780853,119210.2,1.0426876223678847,0.05206182076717347
2020-05-13,5361.0,5402.2,5346.4,5391.8,113034.0,0.0032375707055671,0.003237570705567183,0.012696743172683211,0.050869260154361884,0.05514677103718202,5364.36,0.005115242079204219,5270.0599999999995,0.023100306258373005,5218.51,0.03320679657603409,5274.179999999999,0.02230109704257366,0.010954219179200872,0.01114499597528474,0.019947023251456825,63.96052212671125,5218.51,5430.4474475740735,5006.572552425927,0.9088234570708278,92.35714285714279,0.017129185588698168,0.050869260154361884,0.05514677103718202,0.012354487420202842,117752.0,0.9599327399959237,-0.09062824318779716
2020-05-14,5373.4,5376.8,5333.4,5354.0,129152.0,-0.0070106457954671,-0.007010645795467174,0.0084001958790072,0.0454172687155856,0.0598202620848014,5373.280000000001,-0.0035881249441682694,5293.32,0.01146350494585624,5233.62,0.023001287827545847,5274.283333333334,0.015114217729422785,0.011426749517308613,0.010892850327799243,0.019963699091303636,64.74379632613594,5233.62,5438.485610378588,5028.754389621412,0.7938023609173351,87.82857142857145,0.016404290517103372,0.0454172687155856,0.0598202620848014,0.0011593552488873282,122166.6,1.0571792945043899,0.1425942636728772
2020-05-15,5376.4,5401.0,5334.0,5334.0,138830.0,-0.0037355248412401,-0.0037355248412401787,-0.009065913650888047,0.04979334776618782,0.03228053878309334,5363.5199999999995,-0.005503848219079899,5318.62,0.002891727553387957,5241.96,0.01755831788109785,5270.583333333333,0.01203219125017796,0.010993334359636179,0.009917714830045674,0.019310503129816307,59.09558067831445,5241.96,5449.009715870627,5034.910284129373,0.722265458353757,85.02857142857147,0.0159408645347903,0.04979334776618782,0.03228053878309334,-0.0399568034557235,124692.6,1.1133780192248777,0.07493496035678882
2020-05-18,5348.0,5374.4,5301.8,5320.8,118999.0,-0.002474690663667,-0.002474690663667012,-0.007942722899653143,0.04263991221194563,0.03424950433464202,5355.0,-0.006386554621848672,5340.38,-0.00366640576138777,5250.7699999999995,0.013337091512292565,5266.456666666666,0.01031876587484204,0.011241994696442052,0.009866104224720588,0.0193088010426976,61.519258202567705,5250.7699999999995,5455.356865864384,5046.183134135615,0.6711497942551738,85.4714285714286,0.016063642416822396,0.04263991221194563,0.03424950433464202,-0.04446519646577107,124862.8,0.9530380545686946,-0.14284376575668079
2020-05-19,5364.0,5391.0,5344.6,5379.8,103696.0,0.011088558111562,0.011088558111562064,0.0010047633224175012,0.024919032196608848,0.036850017345719355,5356.08,0.0044286119699481485,5353.460000000001,0.004920182461435996,5260.33,0.022711502890503166,5263.756666666666,0.022045725264655758,0.007901039607473685,0.009974090535934444,0.019358820064616457,72.27191413237918,5260.33,5470.478189318122,5050.181810681878,0.7842517948587864,84.18571428571424,0.015648484011620178,0.024919032196608848,0.036850017345719355,-0.02923237937132339,120742.2,0.8588215222184125,-0.12859771930856567
2020-05-20,5377.2,5380.8,5316.2,5334.8,92505.0,-0.008364623220194,-0.008364623220194045,-0.010571608739196603,0.0019909094324030985,0.02992393528707682,5344.68,-0.0018485671733387,5354.5199999999995,-0.003682869799720434,5268.08,0.012664955733398209,5258.780000000001,0.014455824354698166,0.007364891042937302,0.010207873553173543,0.01925834966813414,67.94483686511941,5268.08,5477.153239245059,5059.006760754941,0.6595613102875313,84.34285714285716,0.01580993798134085,0.0019909094324030985,0.02992393528707682,-0.05300528987822617,116636.4,0.793105754292828,-0.10792123129146736
2020-05-21,5343.0,5347.0,5265.0,5270.6,102156.0,-0.0120341905975855,-0.012034190597585592,-0.015577138587971495,-0.007307793724337874,0.010390307491756845,5328.0,-0.010773273273273154,5350.639999999999,-0.014958958180703474,5270.79,-3.604772719068006e-05,5251.11,0.003711596214895696,0.008305530404644833,0.010549884554978909,0.01916533896718734,65.32988357050452,5270.79,5478.44296860007,5063.13703139993,0.4995425059384402,80.04285714285717,0.015186668907307929,-0.007307793724337874,0.010390307491756845,-0.0803029245480561,111237.2,0.9183618429805857,0.10432949570293504
2020-05-22,5262.2,5280.0,5176.4,5194.6,125778.0,-0.0144196106705118,-0.014419610670511895,-0.02613423322084729,-0.03496321617002296,0.004563914136530789,5300.12,-0.019908983192833296,5331.820000000001,-0.02573605260492673,5271.97,-0.014675728427893109,5241.73,-0.008991306305360824,0.007588029813834749,0.010886387029854852,0.01922455570211392,56.79857185361502,5271.97,5477.492626235501,5066.447373764499,0.3117725492877255,83.84285714285716,0.01614038754530804,-0.03496321617002296,0.004563914136530789,-0.09775245770660357,108626.8,1.1578910545095684,0.23123458240338302
2020-05-25,5201.8,5221.6,5161.6,5181.0,98197.0,-0.0026181034150849,-0.002618103415084949,-0.026274244474515096,-0.03400827833090947,-0.00895214047974291,5272.160000000001,-0.01729082577160035,5313.58,-0.02495116286947785,5269.63,-0.016819017653990853,5231.289999999999,-0.009613307616285649,0.0075933155999490165,0.010603918509989787,0.019178094143303025,43.70370370370373,5269.63,5478.31152617906,5060.94847382094,0.2876429178403869,76.72857142857141,0.01480960652935175,-0.03400827833090947,-0.00895214047974291,-0.10786238247752866,104466.4,0.939986445402541,-0.21928318147847792
2020-05-26,5212.4,5276.4,5205.6,5267.0,100912.0,0.0165991121405133,0.01659911214051335,-0.02096732220528652,-0.01998362607919013,0.014523460975421676,5249.6,0.0033145382505332943,5302.84,-0.006758642538715165,5273.4,-0.001213638259946026,5224.639999999999,0.008107735652600034,0.00982529862710231,0.011133132214180821,0.019087486547420124,44.80755265068994,5273.4,5478.845282765331,5067.954717234668,0.48442407653791203,74.9857142857143,0.014236892782554451,-0.01998362607919013,0.014523460975421676,-0.07042004941757851,103909.6,0.9711518473750259,0.027648502500076333
2020-05-27,5262.8,5265.2,5200.6,5224.0,100413.0,-0.008164040250617,-0.00816404025061701,-0.020769288445677492,-0.031121332393634793,0.018164808606844884,5227.44,-0.0006580658984128851,5286.06,-0.011740313201136665,5278.0599999999995,-0.01024239966957552,5217.38,0.0012688360824781864,0.00981497041587097,0.010950424730143918,0.019109665361602593,42.62521588946465,5278.0599999999995,5473.889231730098,5082.230768269901,0.36197157716855144,75.59999999999998,0.014471669218989276,-0.031121332393634793,0.018164808606844884,-0.0769665700756238,105491.2,0.9518613874901414,-0.004944902489297576
2020-05-28,5217.0,5248.6,5144.0,5206.0,122301.0,-0.0034456355283307,-0.0034456355283307705,-0.012256669069935167,-0.027642883825177433,0.01651892060764637,5214.5199999999995,-0.0016338991891869936,5271.26,-0.012380341701983988,5282.29,-0.014442599705809411,5215.35,-0.0017927847603709246,0.009721988551309067,0.010977964733251216,0.01756195058733692,33.116883116883145,5282.29,5467.2227604691425,5097.357239530857,0.29373584267475,75.95714285714283,0.014590307886504577,-0.027642883825177433,0.01651892060764637,-0.022861218514208526,109520.2,1.11669810683326,0.21797974365868966
2020-05-29,5183.4,5262.6,5182.8,5238.4,106121.0,0.006223588167499,0.006223588167499017,0.00843183305740558,-0.017922759655043197,0.030978153906711103,5223.280000000001,0.0028947328115664916,5261.7,-0.004428226618773401,5290.16,-0.00978420312429118,5210.29,0.005395093171397303,0.01011284178328637,0.010837583997009325,0.01676567130168655,38.35259038389863,5290.16,5450.829997199228,5129.490002800771,0.33892450083316245,75.14285714285714,0.014344619949384763,-0.017922759655043197,0.030978153906711103,-0.05478166726813427,105588.8,1.0050403073053202,-0.13229654704376903
2020-06-01,5333.8,5444.4,5328.0,5440.0,129569.0,0.0384850335980453,0.03848503359804534,0.04999034935340663,0.022402646218613764,0.06599780529863608,5275.08,0.03126398083062254,5273.62,0.031549485931864574,5307.0,0.025061239871867258,5208.28,0.04449069558472285,0.016234007866839175,0.013625602774989127,0.01751009674475573,54.51045104510453,5307.0,5455.2862097431835,5158.7137902568165,0.9484570757804869,84.74285714285718,0.01557773109243698,0.022402646218613764,0.06599780529863608,-0.02168830701722846,111863.2,1.158280828726516,0.22095532458231637
2020-06-02,5455.4,5463.0,5407.0,5435.6,93918.0,-0.0008088235294116,-0.0008088235294116952,0.0320106322384659,0.010372132793040612,0.0355496285006669,5308.8,0.023884870403857672,5279.2,0.029625700863767257,5316.33,0.02243464946683149,5205.606666666666,0.04418185008215536,0.015954767280442133,0.012272996196811907,0.017488884448002513,53.06636796415571,5316.33,5472.521368452121,5160.1386315478785,0.8818072700879153,84.75714285714288,0.015592969103161174,0.010372132793040612,0.0355496285006669,-0.028663330950678967,110464.4,0.8502105655758779,-0.27515069190933017
2020-06-03,5456.4,5474.4,5419.6,5423.2,100012.0,-0.0022812568989625,-0.002281256898962525,0.0381316998468606,0.01657044312813971,0.018594342812065623,5348.64,0.013939992222321784,5288.04,0.025559564602385842,5321.280000000001,0.01915328642732561,5201.62,0.04259826746282891,0.015665225698139284,0.011939493375659346,0.017416845397308308,55.02322880371659,5321.280000000001,5484.632374686714,5157.9276253132875,0.8119636313688962,84.49999999999993,0.015581206667650083,0.01657044312813971,0.018594342812065623,-0.04224357163040404,110384.2,0.906035465220566,0.06488639025532916
2020-06-04,5440.6,5448.4,5393.2,5424.0,89357.0,0.0001475143826523,0.0001475143826523695,0.041874759892431834,0.029104845748112007,0.02158435981466833,5392.24,0.005889945551385001,5303.38,0.02274398591087201,5327.01,0.018207211925639344,5198.523333333333,0.04337321431662988,0.014930321256857846,0.011908771741107434,0.017379333866802422,56.72043010752687,5327.01,5496.53105784424,5157.48894215576,0.786070654682666,83.65714285714277,0.015423514538558772,0.029104845748112007,0.02158435981466833,-0.03312061036044067,103795.4,0.8608955695531787,-0.10653721553413587
2020-06-05,5437.2,5443.2,5390.4,5442.2,96341.0,0.0033554572271385,0.003355457227138592,0.038905009163103355,0.047664882762868954,0.011035148993089106,5433.0,0.0016933554205780244,5328.139999999999,0.02140709515891115,5329.98,0.02105448800933596,5199.5599999999995,0.046665487079676105,0.013631344388763797,0.01154619886570917,0.016548553287447535,58.997924696116186,5329.98,5505.588651027755,5154.371348972244,0.8195172884229477,82.24285714285712,0.015112060773741708,0.047664882762868954,0.011035148993089106,0.011561338289962864,101839.4,0.9460091084590051,0.07815839833476956
2020-06-08,5481.8,5487.0,5405.6,5419.2,93294.0,-0.0042262320385138,-0.0042262320385138,-0.003823529411764781,0.04597568037058486,0.010403848305179597,5428.84,-0.001775701623182968,5351.96,0.01256362155173063,5332.7699999999995,0.016207336899960012,5197.153333333334,0.04272467106993183,0.013736993175638871,0.011558984863068885,0.015950779423069876,53.08487316003755,5332.7699999999995,5512.342604873491,5153.197395126508,0.7406547481473861,83.0428571428571,0.015323822177232268,0.04597568037058486,0.010403848305179597,-0.025954418002732127,94584.4,0.9863571582628848,-0.03162724073862633
2020-06-09,5421.8,5461.8,5407.4,5450.2,106276.0,0.0057204015352818,0.0057204015352818605,0.002685996026197568,0.034782608695652195,0.014103899970229206,5431.759999999999,0.003394848078707602,5370.28,0.014881905598963296,5336.56,0.02129461675686195,5197.266666666666,0.048666606806141655,0.013095953493235515,0.011612556043105288,0.015720983370021688,59.237912263848834,5336.56,5522.904044006887,5150.215955993114,0.8049198610173984,82.31428571428569,0.015102984425211128,0.034782608695652195,0.014103899970229206,0.0012492192379762734,97056.0,1.0949967029343883,0.1391514995605292
2020-06-10,5446.0,5448.4,5407.8,5441.2,92417.0,-0.0016513155480533,-0.0016513155480533115,0.0033190736096768703,0.04157733537519137,0.009162060907303538,5435.36,0.0010744458508729071,5392.0,0.009124629080118574,5339.030000000001,0.019136434895477006,5198.03,0.0467811844102477,0.012604112273048607,0.011609195160921489,0.015678915570258217,64.98068141903752,5339.030000000001,5529.716042323083,5148.343957676919,0.7679010974145952,79.48571428571424,0.014608122157927339,0.04157733537519137,0.009162060907303538,0.008488712607035653,95537.0,0.9673424955776296,-0.13040573600812977
2020-06-11,5435.4,5510.0,5398.6,5436.6,149030.0,-0.000845401749614,-0.0008454017496140054,0.0023230088495576062,0.044295044179792686,0.015427717594322043,5437.88,-0.0002353858488969296,5415.0599999999995,0.003977795259886507,5343.16,0.017487778767620865,5199.160000000001,0.04566891574792842,0.012455910299613328,0.011479861732533613,0.01566484927339739,74.29718875502007,5343.16,5538.726765016312,5147.593234983688,0.7388953971606746,80.04285714285705,0.014722962355673958,0.044295044179792686,0.015427717594322043,0.012628520339740712,107471.6,1.3866919260530224,0.6125821006957595
2020-06-12,5382.0,5481.8,5381.4,5456.0,146939.0,0.0035684067247911,0.0035684067247911955,0.0025357392231082354,0.04153940134392187,0.02287214098237711,5440.64,0.0028231972709091835,5436.82,0.003527797499273566,5349.26,0.01995416188407373,5205.766666666666,0.048068488150960764,0.01244129129623123,0.011443180289911368,0.013698322253996807,77.29257641921402,5349.26,5551.132793714515,5147.387206285485,0.7643744063673822,82.92857142857136,0.01519951822371176,0.04153940134392187,0.02287214098237711,0.07834611431733718,117591.2,1.2495747981141447,-0.014030732067368934
2020-06-15,5455.0,5492.4,5419.6,5420.6,141380.0,-0.0064882697947213,-0.006488269794721391,0.0002583407144967076,-0.0035661764705882115,0.018756577958201737,5440.92,-0.0037346625203089623,5434.879999999999,-0.002627472915685103,5354.25,0.012392025026847886,5211.573333333333,0.04010816950991147,0.003723264084708788,0.011545615000254097,0.013734644960898625,66.9461606354811,5354.25,5558.085015844207,5150.414984155793,0.6627541757857547,81.31428571428562,0.015000975116091504,-0.0035661764705882115,0.018756577958201737,0.06868814321201855,127208.4,1.1114045927784644,-0.037832025534405456
2020-06-16,5484.6,5534.2,5470.4,5534.0,131050.0,0.0209201933365308,0.020920193336530835,0.015375582547429545,0.018102877327250022,0.028662775567865006,5457.68,0.013983963882089112,5444.719999999999,0.01639753743075878,5361.96,0.03208528224753637,5221.089999999999,0.05993192992267904,0.007672470396343599,0.01218947363242052,0.013636951427820832,79.60275019098557,5361.96,5580.964815135716,5142.955184864284,0.8927767521764026,84.68571428571418,0.015302803448809936,0.018102877327250022,0.028662775567865006,0.11505138021358041,132163.2,0.9915770804581002,-0.07306549724147682
2020-06-17,5528.0,5545.8,5496.4,5541.0,113860.0,0.0012649078424287,0.0012649078424287197,0.01834154230684404,0.02172149284555247,0.038651870735547655,5477.64,0.011567025215238669,5456.5,0.015486117474571515,5372.2699999999995,0.03140758003599986,5229.6,0.05954566314823295,0.007542602560859271,0.011968172302967107,0.01355068862257432,82.67655091689436,5372.2699999999995,5604.882848448135,5139.657151551864,0.8626841791536327,80.74285714285705,0.014571892644442709,0.02172149284555247,0.038651870735547655,0.10150286259541996,136451.8,0.8344338440387009,-0.1311713086608165
2020-06-18,5538.6,5558.2,5514.0,5558.0,132237.0,0.0030680382602419,0.0030680382602419343,0.022330132803590308,0.024705014749262455,0.054528896140856764,5501.92,0.01019280542065304,5469.9,0.016106327355162042,5386.64,0.03181203867345861,5237.533333333334,0.06118656364955499,0.007511786336983467,0.011505922244544903,0.01350546591669644,82.13998390989552,5386.64,5628.146416172796,5145.133583827204,0.854773183080554,78.19999999999989,0.014069809283915057,0.024705014749262455,0.054528896140856764,0.09366391184573009,133093.2,0.9935669140121358,0.16139996486913755
2020-06-19,5554.8,5643.8,5549.8,5613.6,143002.0,0.0100035984166966,0.010003598416696624,0.028885630498533876,0.031494616147881516,0.08066068609710086,5533.4400000000005,0.01448646773074258,5487.04,0.023065259229019697,5407.59,0.0380964533183914,5249.676666666667,0.06932299957521182,0.007883964498934451,0.010869534685376568,0.012463420254108131,74.71526195899784,5407.59,5651.634360937225,5163.545639062775,0.922074903121797,70.19999999999989,0.012505344164172703,0.031494616147881516,0.08066068609710086,0.14915046059365422,132305.8,1.0808445283577894,0.08140686797189889
2020-06-22,5638.6,5671.8,5613.8,5618.0,103485.0,0.0007838107453326,0.0007838107453326248,0.03641663284507235,0.03668438145851782,0.08434665122563212,5572.92,0.00808911665697698,5506.92,0.020170984869945396,5429.4400000000005,0.03472918017327742,5260.756666666667,0.06790721486832996,0.007514859881860921,0.010787794800475235,0.01237192613054204,75.96810933940777,5429.4400000000005,5666.207586686307,5192.672413313694,0.8981963972328332,70.35714285714273,0.012523521334486068,0.03668438145851782,0.08434665122563212,0.13421626423322297,124726.8,0.8296933778466216,-0.27633879246444104
2020-06-23,5606.8,5645.2,5576.0,5637.6,99718.0,0.0034887860448558,0.0034887860448558072,0.01872063606794372,0.0343840593005762,0.07036263527624831,5593.64,0.007858925493953839,5525.660000000001,0.020258213498477895,5447.969999999999,0.034807460393504464,5270.33,0.0696863384266262,0.007479082138288954,0.010379650898565204,0.012091041951165078,79.91071428571448,5447.969999999999,5689.1758923954985,5206.7641076045,0.8930874119962823,71.3857142857142,0.012662429808023661,0.0343840593005762,0.07036263527624831,0.11344604202875663,118460.4,0.8417834145419061,-0.036401410832487824
2020-06-24,5658.4,5663.6,5602.6,5644.0,85017.0,0.0011352348517099,0.0011352348517099653,0.018588702400288648,0.037271190178637115,0.08039816232771813,5614.24,0.005300806520561974,5545.9400000000005,0.017681402972264282,5468.969999999999,0.032004198231111225,5280.993333333333,0.06873833079382807,0.007319715186348578,0.01003426719469125,0.011960752502835958,80.21978021978038,5468.969999999999,5701.032397235136,5236.9076027648625,0.8771184002349416,71.79999999999993,0.01272147413182139,0.037271190178637115,0.08039816232771813,0.1278526038127974,112691.8,0.7544204636007233,-0.14742574058845948
2020-06-29,5632.4,5633.6,5566.6,5608.8,92194.0,-0.0062367115520907,-0.006236711552090712,0.009139978409499872,0.03167420814479627,0.07737226277372256,5624.4,-0.0027736291871132135,5563.16,0.00820397040530918,5489.11,0.021804992066109197,5291.539999999999,0.059956080838470704,0.00786883045816247,0.01016072307854787,0.011967575496976395,71.8635170603676,5489.11,5693.32266417761,5284.897335822389,0.7930523444322294,73.55714285714274,0.01311459543166858,0.03167420814479627,0.07737226277372256,0.1271704180064308,104683.2,0.8806952787075673,0.08441841043555987
2020-06-30,5637.8,5735.8,5636.2,5702.8,122406.0,0.0167593781200969,0.01675937812009698,0.01588998147356424,0.045234604105571785,0.08865302382406859,5642.24,0.010733325771324909,5587.84,0.020573244760050402,5512.33,0.03455344654619741,5304.943333333333,0.07499734524339896,0.008974564545124564,0.010559306599400955,0.011887966785377214,81.37168141592937,5512.33,5701.573870511849,5323.086129488151,1.0032395487495438,76.81428571428562,0.013469573843425267,0.045234604105571785,0.08865302382406859,0.16416935450945158,100564.0,1.217195020086711,0.3277002841833525
2020-07-01,5725.4,5731.2,5660.6,5725.4,118266.0,0.0039629655607771,0.003962965560777132,0.019117123531505742,0.05622993764527906,0.05246323529411767,5663.719999999999,0.0108903688741675,5618.320000000001,0.01905907815859531,5526.6,0.03597148337133116,5318.966666666666,0.07641208505411456,0.008124982151798235,0.006847782656671449,0.011866445904900108,81.01893597835902,5526.6,5734.955687783098,5318.2443122169025,0.9770688098684249,77.9714285714284,0.01361851199417131,0.05622993764527906,0.05246323529411767,0.17227682227682228,103520.2,1.142443696978947,-0.03382187147688842
2020-07-02,5731.2,5884.8,5711.0,5869.0,139196.0,0.0250812170328711,0.02508121703287114,0.04104583510713766,0.06053487531622692,0.0797336080653468,5710.0,0.02784588441331004,5651.820000000001,0.038426559939983784,5548.2699999999995,0.057807208373060526,5335.5,0.09999062880704712,0.009054914579204031,0.008435985033670367,0.012198179533604895,86.99411968177115,5548.2699999999995,5801.988626580059,5294.55137341994,1.132058442699311,87.35714285714273,0.014884502105493736,0.06053487531622692,0.0797336080653468,0.2034037318023374,111415.8,1.2493380651577244,0.17697394010112788
2020-07-03,5902.6,5962.4,5889.8,5955.0,140344.0,0.0146532629067983,0.014653262906798359,0.05510276399716507,0.07471575527883045,0.09806018586812226,5772.2,0.03166903433699453,5693.22,0.04598100898964019,5574.86,0.0681882594361114,5350.516666666666,0.11297662842529221,0.009275419549527843,0.008632958733615373,0.011502083256626248,89.29654335961195,5574.86,5879.704618919534,5270.015381080465,1.1234979665170672,86.07142857142844,0.014453640398224759,0.07471575527883045,0.09806018586812226,0.17827463395330434,122481.2,1.1458411576633802,0.008247363429983556
2020-07-06,6022.0,6358.8,6021.6,6262.8,176354.0,0.0516876574307305,0.05168765743073056,0.11660248181429189,0.12680820439006846,0.15464601769911512,5903.0,0.06095205827545325,5763.7,0.0865936811423218,5616.8,0.11501210653753025,5371.843333333333,0.16585678534928738,0.016643950596080485,0.013510092126754077,0.012914849305129298,92.55274261603381,5616.8,6041.496072131817,5192.103927868184,1.2605438834851004,107.74285714285699,0.017203624120658012,0.12680820439006846,0.15464601769911512,0.25678279017498795,139313.2,1.2658814814389447,0.25658382260730783
2020-07-07,6351.2,6470.0,6326.4,6355.2,168376.0,0.0147537842498561,0.014753784249856183,0.1143999438872132,0.132107738349722,0.16776303700709283,6033.48,0.053322460669464444,5837.860000000001,0.08861808950540073,5662.45,0.1223410361239392,5392.196666666667,0.17859202712067246,0.01664424430466648,0.013575183330744428,0.012527651118337603,96.49751243781095,5662.45,6191.563067212213,5133.336932787786,1.1546332371358312,117.34285714285703,0.018464069917997393,0.132107738349722,0.16776303700709283,0.2378652123100895,148507.2,1.1337901462016655,-0.045238554271522013
2020-07-08,6403.0,6487.0,6314.4,6454.6,142959.0,0.0156407351460221,0.015640735146022156,0.12736228036469077,0.1489142043431826,0.1910614112784177,6179.320000000001,0.04454859110711196,5921.52,0.09002418298004566,5714.22,0.12956799003188535,5414.013333333333,0.1922024573267891,0.016126660352143673,0.013368757268864166,0.01262143698720131,96.44803229061556,5714.22,6337.37689196219,5091.063108037811,1.0940558545928134,121.55714285714281,0.01883263763163369,0.1489142043431826,0.1910614112784177,0.2543921019900497,153445.8,0.9316579534923732,-0.1509538176462204
2020-07-09,6465.6,6653.6,6463.8,6650.2,156276.0,0.0303039692622315,0.030303969262231556,0.1331061509626852,0.17961543919398304,0.22017540640710442,6335.56,0.04966253969656975,6022.78,0.10417448420828923,5774.219999999999,0.15170533855654966,5438.4,0.222822889085025,0.01639472517969574,0.01417066120523335,0.013065781452861204,97.01593760596813,5774.219999999999,6511.054400019842,5037.385599980156,1.094421215931565,132.24285714285705,0.01988554586972678,0.17961543919398304,0.22017540640710442,0.2820898399845768,156861.8,0.9962655024996526,0.093152582208885
2020-07-10,6612.8,6701.8,6561.6,6623.8,167483.0,-0.0039698054193858,-0.003969805419385852,0.11230898404701928,0.17360028348688883,0.21734176284643092,6469.320000000001,0.023878862075148444,6120.76,0.08218587234265029,5833.35,0.13550532712763674,5463.63,0.21234417411135098,0.017003963564517614,0.014280845813671145,0.012870621221055858,94.81917577796472,5833.35,6643.788497293104,5022.9115027068965,0.9876680973572539,139.0999999999999,0.02100003019414836,0.17360028348688883,0.21734176284643092,0.29624266144814104,162289.6,1.0320008182902662,0.07171286697893464
2020-07-13,6700.2,6821.6,6648.2,6817.0,158876.0,0.0291675473293275,0.02916754732932758,0.0884907709011944,0.21541149622022537,0.25390869293308316,6580.160000000001,0.035993045761804954,6241.58,0.09219140025442285,5902.370000000001,0.15495978733966176,5493.05,0.2410227469256605,0.015409634318264196,0.014655760840952534,0.01308971069250363,95.35655058043122,5902.370000000001,6800.875390781336,5003.8646092186655,1.0089730175155889,146.51428571428565,0.021492487269221892,0.21541149622022537,0.25390869293308316,0.34942000870976675,158794.0,1.0005163923070142,-0.051390290357827384
2020-07-14,6782.4,6802.4,6551.8,6692.6,208039.0,-0.0182484964060436,-0.018248496406043646,0.053090382678751435,0.17356386336536445,0.2266495601173022,6647.640000000001,0.006763302465235599,6340.5599999999995,0.055521909736679476,5964.200000000001,0.12212870125079633,5518.473333333333,0.2127629501395918,0.019588216648780986,0.016023526472157653,0.013219434542725287,87.14226462048947,5964.200000000001,6902.674686308621,5025.7253136913805,0.8880765302605419,161.29999999999993,0.024101246152466893,0.17356386336536445,0.2266495601173022,0.2952082365691284,166726.6,1.2477852964074119,0.30944258415367965
2020-07-15,6749.8,6751.6,6491.2,6546.6,216713.0,-0.0218151391088664,-0.021815139108866455,0.014253400675487304,0.14343102665315977,0.20772608198354425,6666.039999999999,-0.017917684262320432,6422.679999999999,0.019294126439430404,6020.5,0.08738476870691803,5541.839999999999,0.18130440431336914,0.022821928347337393,0.017196632832884588,0.013601980080959277,78.89383343928802,6020.5,6956.761884191292,5084.238115808708,0.7809577154016186,174.95714285714283,0.026724886636902027,0.14343102665315977,0.20772608198354425,0.2725187575321697,181477.4,1.1941597135511088,0.04169410543215446
2020-07-16,6577.0,6640.8,6136.6,6210.6,258994.0,-0.0513243515718082,-0.05132435157180826,-0.06610327508947089,0.05820412336002723,0.12226237802674378,6578.120000000001,-0.055870066219527836,6456.84,-0.038136301968145325,6054.33,0.025811278869833698,5558.873333333334,0.11724078380391223,0.03019622754465262,0.021696896438779027,0.015354471007477843,64.89015032061391,6054.33,6965.12506990781,5143.53493009219,0.5857876843886616,206.61428571428567,0.03326800723187545,0.05820412336002723,0.12226237802674378,0.19697028100065528,202021.0,1.2820152360398176,0.1951013552486469
2020-07-17,6245.8,6342.8,6183.2,6238.0,206248.0,0.0044118120632465,0.00441181206324659,-0.058244512213532995,0.047523089840470156,0.12578956866991509,6500.96,-0.040449410548595854,6485.14,-0.03810866072282171,6089.18,0.024440072390699452,5576.51,0.11862078611891658,0.03004663672379975,0.02167208561888483,0.01534226611571645,66.6033354443741,6089.18,6970.123024861756,5208.236975138245,0.5844663024736212,212.4857142857143,0.03406311546741172,0.047523089840470156,0.12578956866991509,0.20429360206957803,209774.0,0.9831914345915128,-0.2036572275805617
2020-07-20,6301.2,6380.4,6220.2,6370.0,165086.0,0.0211606284065406,0.02116062840654065,-0.06557136570338862,0.01711694449766865,0.1460957178841309,6411.5599999999995,-0.006482041811977091,6495.860000000001,-0.019375417573654685,6129.780000000001,0.039189008414657556,5595.736666666667,0.1383666493717539,0.026070742102670758,0.021912270077660785,0.015509174246783719,67.25993377483445,6129.780000000001,6982.025133008566,5277.534866991436,0.6409336297128406,214.85714285714286,0.0337295357703521,0.01711694449766865,0.1460957178841309,0.22114868491680095,211016.0,0.7823387799977253,-0.19957526860866526
2020-07-21,6400.4,6451.8,6348.6,6406.6,146842.0,0.00574568288854,0.005745682888540049,-0.04273376565161524,0.008087865055387722,0.1412640729656549,6354.360000000001,0.00822112691128618,6501.0,-0.014520842947238877,6169.429999999999,0.03844277348150493,5616.33,0.14070932441647854,0.025734875265750776,0.021902950165960826,0.015429187197832131,67.49537702897064,6169.429999999999,6993.894542277972,5344.965457722027,0.643832747097108,217.1857142857143,0.03390030816434837,0.008087865055387722,0.1412640729656549,0.23894797911429122,198776.6,0.7387288040946469,-0.11051209672534312
2020-07-22,6389.8,6592.0,6366.0,6455.8,181725.0,0.0076795804326788,0.007679580432678801,-0.01386979500809582,0.00018591392185407507,0.14912780348878618,6336.2,0.018875666803446878,6501.12,-0.006971106517030812,6211.32,0.03936039360393617,5636.796666666666,0.14529588022511608,0.025355669351548475,0.02185654107231575,0.01540860603829859,65.83891168214211,6211.32,7002.270228256421,5420.369771743578,0.6545482833597094,220.91428571428574,0.03421950582643293,0.00018591392185407507,0.14912780348878618,0.23489804506675838,191779.0,0.9475750733917686,0.23755465057681047
2020-07-23,6449.2,6504.0,6278.6,6468.4,180383.0,0.001951733325072,0.001951733325072036,0.041509677003832124,-0.027337523683498288,0.14736767418759733,6387.76,0.012624143674777821,6482.9400000000005,-0.0022428095894765354,6252.860000000001,0.03447062624143182,5658.076666666667,0.14321533288991595,0.023115475055802272,0.021872980488151842,0.015347958490605882,64.42945474985947,6252.860000000001,7003.163069713159,5502.5569302868425,0.6436352913246112,230.34285714285716,0.03561048437679444,-0.027337523683498288,0.14736767418759733,0.24593574235303173,176056.8,1.0245727515211,-0.007384784702159863
2020-07-24,6442.6,6443.8,6087.0,6121.6,203980.0,-0.0536144950837919,-0.0536144950837919,-0.018659826867585716,-0.07581750656722719,0.08462083628632189,6364.4800000000005,-0.038161797978782275,6432.719999999999,-0.04836523274757787,6276.74,-0.024716652274906936,5674.589999999999,0.07877397309761602,0.02822647983272081,0.025745366791595125,0.016936317620676707,46.11661166116612,6276.74,6973.974900838521,5579.505099161479,0.38874624619807313,228.7428571428571,0.03736651482338883,-0.07581750656722719,0.08462083628632189,0.1931082872066734,175603.2,1.1615961440338216,0.13081609686056894
2020-07-27,6175.0,6203.6,6074.6,6123.4,151940.0,0.0002940407736538,0.0002940407736538031,-0.03871271585557301,-0.10174563591022445,0.09174868064470099,6315.160000000001,-0.030365026380962834,6363.36,-0.03770963767569335,6302.47,-0.028412669953208902,5691.29,0.07592479033751576,0.025394966247731427,0.025644742654796018,0.016928070182009956,43.290494384624274,6302.47,6930.462132367692,5674.4778676323085,0.3574265577779926,223.15714285714284,0.03644333913465442,-0.10174563591022445,0.09174868064470099,0.19564962705510203,172974.0,0.8783979095124123,-0.25512305127953716
2020-07-28,6207.8,6230.0,6113.0,6165.2,143145.0,0.0068262729855963,0.006826272985596349,-0.037679892610745225,-0.07880345456175486,0.08108297678333454,6266.879999999999,-0.016224979575163334,6310.620000000001,-0.02304369459736144,6325.59,-0.02535573756756293,5709.360000000001,0.0798408227892442,0.025766475620741098,0.025494935122314846,0.016872321940931023,41.33429153191995,6325.59,6891.614979549148,5759.565020450852,0.3583189737246626,219.18571428571425,0.03555208497465034,-0.07880345456175486,0.08108297678333454,0.21338319228498315,172234.6,0.8311047838239238,-0.05788469132552321
2020-07-29,6168.0,6415.6,6156.6,6415.2,168264.0,0.0405501849088432,0.04055018490884321,-0.006288918491898832,-0.020071487489689344,0.12048066510636812,6258.76,0.024995366494321436,6297.4800000000005,0.018693191562339173,6360.08,0.008666557653362883,5731.2266666666665,0.11934152549076171,0.029318384053991967,0.02675710993460665,0.017541934708726125,43.185245331168076,6360.08,6851.230321506273,5868.929678493727,0.5561131669739687,223.47142857142853,0.03483467835319687,-0.020071487489689344,0.12048066510636812,0.2570935883367298,169542.4,0.9924597032954589,0.17547940899088332
2020-07-30,6444.0,6450.2,6336.4,6365.4,141795.0,-0.0077628133183689,-0.007762813318368922,-0.015923566878980888,0.024925128006955788,0.08457999659226445,6238.160000000001,0.020397040152865475,6312.96,0.008306721411192042,6384.9,-0.0030540807217027677,5749.833333333333,0.10705817559929276,0.023838800325708644,0.02653436202622938,0.017303908962298567,42.60700389105055,6384.9,6818.340123953189,5951.459876046811,0.47750554353142216,221.58571428571426,0.034810964634699196,0.024925128006955788,0.08457999659226445,0.21268813107258522,161824.8,0.876225399320747,-0.1573063756953359
2020-07-31,6391.8,6516.0,6276.0,6432.2,194204.0,0.0104942344550225,0.01049423445502251,0.0507383690538421,0.03113177300416803,0.08013434089000837,6300.28,0.02093875192848582,6332.379999999999,0.015763425441934986,6408.76,0.003657493805353962,5768.3,0.11509456859039924,0.02396390957776484,0.026466024484567096,0.0172698076626964,38.13224771773992,6408.76,6792.212847029017,6025.307152970983,0.5305643838370377,224.59999999999997,0.03491806846802027,0.03113177300416803,0.08013434089000837,0.2081063821794824,159869.6,1.2147650335023044,0.3696110582178498
2020-08-03,6539.4,6591.2,6475.0,6578.6,157767.0,0.0227604863032866,0.022760486303286642,0.07433778619721076,0.032747252747252764,0.05042473015264748,6391.320000000001,0.029302241164579357,6353.24,0.03547166485132003,6424.55,0.023978333112825156,5789.453333333334,0.1363076306571258,0.024101104583093794,0.024447515288744306,0.01743134854647231,46.531158714703025,6424.55,6808.7035411236175,6040.396458876383,0.7005057659359545,217.0142857142857,0.03298791319038788,0.032747252747252764,0.05042473015264748,0.2390477266734472,161035.0,0.9797062750333778,-0.1876222940825112
2020-08-04,6588.2,6602.4,6499.0,6542.4,138194.0,-0.0055026905420607,-0.005502690542060762,0.061182118990462664,0.021196890706458804,0.02945619335347427,6466.76,0.011696738397590112,6366.82,0.027577346304748618,6433.910000000001,0.016862219086061003,5808.78,0.1262950223626993,0.02424631243598613,0.024343431217135565,0.01742019081875883,49.86304943263334,6433.910000000001,6820.066019191485,6047.753980808517,0.6404743090981079,205.79999999999993,0.031456346294937626,0.021196890706458804,0.02945619335347427,0.21542691536003566,160044.8,0.8634707281961052,-0.12406270005767994
2020-08-05,6546.0,6628.0,6477.0,6585.2,154306.0,0.0065419417950598,0.006541941795059847,0.026499563536600546,0.02004399144954916,0.020233631828463272,6500.76,0.012989250487635218,6379.759999999999,0.032201838313667075,6440.4400000000005,0.022476725192688507,5829.143333333334,0.1297028780100904,0.024221275526976373,0.024154211502541635,0.017400219466225397,65.10240283825188,6440.4400000000005,6832.441881842856,6048.438118157145,0.6846419707470057,180.5714285714285,0.027420796417941522,0.02004399144954916,0.020233631828463272,0.22780325912667343,157253.2,0.9812582510244624,0.11658972169558734
2020-08-06,6634.4,6635.8,6434.4,6594.0,183686.0,0.0013363299520137,0.001336329952013715,0.03591290413799619,0.01941747572815533,-0.008450873657935065,6546.4800000000005,0.007258862778164676,6392.32,0.03155036043251913,6437.63,0.024289994920490887,5849.47,0.12728161696700724,0.024222910272202063,0.023170869509940555,0.017401525153747134,64.57105435494432,6437.63,6824.067031569621,6051.19296843038,0.7023227424204922,183.5571428571428,0.027836994670479648,0.01941747572815533,-0.008450873657935065,0.2269276570407861,165631.4,1.109004693554483,0.19040089173460517
2020-08-07,6510.0,6552.6,6360.4,6512.4,182733.0,-0.0123748862602366,-0.01237488626023664,0.012468517769969711,0.06383951907997898,-0.01681814064434317,6562.5199999999995,-0.0076373100577217246,6431.4,0.012594458438287104,6432.0599999999995,0.012490555125418634,5868.1466666666665,0.10978821251911453,0.015664802665892198,0.02331924057398719,0.0175227868306555,56.079234972677575,6432.0599999999995,6810.323424779921,6053.796575220078,0.6061958343537218,188.79999999999998,0.028990848227995823,0.06383951907997898,-0.01681814064434317,0.20783411847620448,163337.2,1.1187469847652585,-0.005188201604912734
2020-08-10,6475.0,6602.4,6441.0,6556.0,163291.0,0.0066949204594313,0.006694920459431319,-0.0034353813881373707,0.0706470261619363,-0.03828663635030072,6558.0,-0.0003049710277523987,6474.66,0.012562821831571203,6419.01,0.021341297178225194,5888.179999999999,0.1134170490711901,0.015521500768197938,0.022330572067278488,0.017475324099570016,56.3401799354948,6419.01,6757.247399656272,6080.772600343728,0.7025056959094612,192.95714285714283,0.029432145036171878,0.0706470261619363,-0.03828663635030072,0.22450504295853557,164442.0,0.9930005716301188,-0.10639567018546181
2020-08-11,6576.2,6602.0,6383.0,6413.4,155159.0,-0.0217510677242221,-0.021751067724222195,-0.019717534849596485,0.04025822357749953,-0.04171771807668179,6532.2,-0.01818682832736296,6499.48,-0.01324413645399325,6405.05,0.001303658831703025,5906.17,0.08588137490116265,0.017983597757337436,0.02248033690875145,0.01775484072848851,48.33280905945264,6405.05,6717.831716385702,6092.2682836142985,0.5133479669088182,192.45714285714283,0.030008598069221137,0.04025822357749953,-0.04171771807668179,0.20236220472440936,167835.0,0.9244734411773468,-0.049800662620720026
2020-08-12,6405.2,6408.8,6210.6,6339.2,176419.0,-0.0115695263043003,-0.011569526304300304,-0.037356496385834936,-0.01184686369871557,-0.03168056701188415,6483.0,-0.022181089002005328,6491.879999999999,-0.023518610941668627,6394.68,-0.00867596189332387,5923.143333333334,0.07024254576539568,0.013147963408532899,0.02211605027389123,0.017842986780271394,45.154515451545166,6394.68,6701.395363334129,6087.964636665872,0.40955783988628924,190.8428571428571,0.03010519578856277,-0.01184686369871557,-0.03168056701188415,0.19139978950533743,172257.6,1.024158005220089,0.1370207335700797
2020-08-13,6378.0,6397.6,6316.8,6356.4,145507.0,0.00271327612317,0.002713276123170072,-0.03603275705186537,-0.0014138938637006104,0.023475992657714162,6435.48,-0.012288127692106854,6490.98,-0.020733386946192978,6401.969999999999,-0.007118121453240089,5939.42,0.07020550828195349,0.01297550015192047,0.01873469544640218,0.017812005588770493,61.69788760462329,6401.969999999999,6696.970453879983,6106.969546120015,0.422762830699679,169.37142857142857,0.026645810296933574,-0.0014138938637006104,0.023475992657714162,0.1815309119298114,164621.8,0.8838865812425816,-0.17521922241935395
2020-08-14,6345.0,6513.8,6338.4,6510.6,170902.0,0.0242590145365302,0.024259014536530232,-0.0002763957987838017,0.012188675725257392,0.0436999038153254,6435.120000000001,0.011729384999813464,6498.82,0.0018126367555957312,6415.6,0.014807656337676889,5959.016666666666,0.09256281097832142,0.014819300448294182,0.019419689567458192,0.017958394817655186,66.74740484429063,6415.6,6703.813663432869,6127.386336567131,0.6648082864435875,172.6857142857143,0.02652377880467458,0.012188675725257392,0.0436999038153254,0.22040188948039297,162255.6,1.0532887616821853,0.1745276859532532
2020-08-17,6510.0,6610.2,6462.0,6588.2,161449.0,0.011919024360274,0.011919024360274033,0.004911531421598614,0.0014592770498280672,0.034254317111459986,6441.5599999999995,0.022764671911772894,6499.780000000001,0.013603537350494799,6426.51,0.025159845701632655,5980.9766666666665,0.10152578202110796,0.013404792702582645,0.019054346789071426,0.017873616580846807,67.74626615203888,6426.51,6723.83124678434,6129.188753215661,0.7719112773620256,174.91428571428574,0.02654963202608994,0.0014592770498280672,0.034254317111459986,0.24999051341403233,161887.2,0.9972931769775497,-0.05531240125920123
2020-08-18,6603.8,6653.6,6590.4,6613.6,130281.0,0.0038553777966667,0.0038553777966667813,0.031215891726697365,0.010882856444118572,0.03231042986919741,6481.6,0.02036534189089112,6506.9,0.016397977531543484,6436.860000000001,0.027457487035604355,6004.626666666667,0.1014173515089476,0.013286507319956037,0.01903873777168571,0.0177114076856138,60.25641025641025,6436.860000000001,6745.460729268715,6128.259270731286,0.7863570679479879,161.08571428571435,0.024356736767526664,0.010882856444118572,0.03231042986919741,0.2731682901474608,156911.6,0.8302827834271016,-0.19305167576138593
2020-08-19,6607.0,6613.8,6470.6,6479.2,153547.0,-0.0203217612193057,-0.020321761219305734,0.022084805653710182,-0.016096701694709337,0.003624647603705178,6509.6,-0.004670025808037437,6496.3,-0.002632267598479232,6438.030000000001,0.006394813320223625,6026.263333333334,0.07516045045050013,0.014716761135257396,0.01960214651893181,0.017972257155739853,55.409773721239766,6438.030000000001,6747.110136772469,6128.949863227533,0.5666008505591978,163.1857142857143,0.025186089993473625,-0.016096701694709337,0.003624647603705178,0.25056938814900587,152337.2,1.0079415927298125,0.17858321627865914
2020-08-20,6428.2,6505.8,6394.2,6424.8,167621.0,-0.0083960982837386,-0.008396098283738662,0.010760808004530942,-0.025659690627843457,-0.006740461319646229,6523.280000000001,-0.015096699819722614,6479.38,-0.00842364547225194,6435.85,-0.001716944925689745,6045.56,0.06273033432800257,0.014827980765163479,0.01969440695076155,0.017962424184007543,49.64402539926883,6435.85,6744.643124412009,6127.056875587992,0.4821077622420493,154.01428571428576,0.023971841257982466,-0.025659690627843457,-0.006740461319646229,0.21982153028289342,156760.0,1.069284256187803,0.09165923137540943
2020-08-21,6475.6,6522.4,6385.2,6430.0,170984.0,0.0008093637156019,0.0008093637156019184,-0.012379811384511497,-0.012652785455438798,0.05037898588604284,6507.16,-0.011857707509881354,6471.14,-0.006357457882227857,6451.2699999999995,-0.003297025236891238,6065.660000000001,0.060066010953465865,0.014432997047732354,0.015155607736073226,0.01790111600390149,41.72790024493432,6451.2699999999995,6722.506273773336,6180.033726226663,0.4607906425934494,152.45714285714288,0.02371028660297712,-0.012652785455438798,0.05037898588604284,0.2308575803981623,156776.4,1.0906233336139879,0.02006311858299381
2020-08-24,6448.4,6496.6,6376.8,6444.8,137515.0,0.0023017107309486,0.0023017107309486473,-0.021766188033150113,-0.016961561928004798,0.05248718032465627,6478.48,-0.005198750324149959,6460.02,-0.002356029857492725,6467.339999999999,-0.0034852041179216364,6086.306666666667,0.058901621782668334,0.014232168359255743,0.015146394076230725,0.017877997756980128,44.43430656934311,6467.339999999999,6690.631892043907,6244.048107956091,0.44952794793917816,153.62857142857152,0.02383760107816713,-0.016961561928004798,0.05248718032465627,0.237956204379562,151989.6,0.9047658524004274,-0.19574346137650311
2020-08-25,6464.8,6542.4,6398.4,6424.4,135237.0,-0.0031653426017875,-0.0031653426017875796,-0.028607717430748858,0.001715158886082202,0.04204243171348865,6440.64,-0.0025214885477220506,6461.12,-0.005683225199346276,6480.3,-0.008626143851364954,6106.073333333334,0.052132794561916995,0.012407457578772707,0.01516682689684962,0.017896806359157514,40.58988764044946,6480.3,6654.430961000227,6306.169038999773,0.3394886248863934,153.12857142857152,0.023835466569418394,0.001715158886082202,0.04204243171348865,0.22640500916310335,152980.8,0.8840128957359356,-0.01656546558557248
2020-08-26,6424.0,6450.4,6294.4,6338.4,132179.0,-0.0133864641055974,-0.013386464105597407,-0.02173107791085327,-0.00012619888944975788,-0.01197156752712314,6412.48,-0.011552472678277304,6461.04,-0.01898146428438774,6476.46,-0.021317201063544067,6121.046666666666,0.035509177624306165,0.012611248723835917,0.012553217493681566,0.01742808439676145,36.28166595105196,6476.46,6659.780397119131,6293.1396028808695,0.12344615719362029,149.88571428571433,0.02364724761544149,-0.00012619888944975788,-0.01197156752712314,0.1651470588235293,148707.2,0.8888540702803899,-0.022612154957592945
2020-08-27,6353.0,6410.4,6312.2,6407.2,125477.0,0.0108544743152847,0.010854474315284746,-0.002739384883576168,0.007991945126172073,0.006566751500298507,6408.96,-0.000274615538246481,6466.12,-0.009112110508311067,6478.55,-0.011013266857553106,6137.240000000001,0.04398719945773655,0.013056563332349383,0.012678083380252912,0.01745330504345528,44.27514148889859,6478.55,6657.438680468931,6299.661319531069,0.30057430181449546,140.21428571428572,0.021883862797210284,0.007991945126172073,0.006566751500298507,0.17874751637353725,140278.4,0.8944855373314781,-0.05070396961695878
2020-08-28,6389.6,6562.8,6351.4,6562.0,157461.0,0.0241603196404045,0.02416031964040455,0.02052877138413689,0.007894817681934008,0.020179720779826438,6435.36,0.019678774769399165,6471.26,0.01402199880703292,6485.039999999999,0.011867313077483121,6156.22,0.06591382374249122,0.013036944114903184,0.013586302045168516,0.017653071794401433,50.29126213592233,6485.039999999999,6666.25152978282,6303.828470217178,0.7123485191373752,143.78571428571436,0.021911873557713252,0.007894817681934008,0.020179720779826438,0.20998672370556126,137573.8,1.1445565943515408,0.254899304254963
2020-08-31,6599.4,6620.2,6483.0,6483.2,136183.0,-0.0120085339835416,-0.012008533983541625,0.005958291956305706,-0.015937585379921626,-0.014501565682668138,6443.04,0.006233082520052724,6460.76,0.003473275589868541,6480.2699999999995,0.0004521416545915091,6173.873333333334,0.05010252882847177,0.012977964257492623,0.012872793978569401,0.01775971521222466,53.61208859449389,6480.2699999999995,6656.053085228775,6304.486914771224,0.5083341352104129,137.9428571428572,0.021276970808066575,-0.015937585379921626,-0.014501565682668138,0.19528023598820066,137307.4,0.9918110750039693,-0.1351318739243368
2020-09-01,6498.2,6555.2,6475.8,6549.8,113579.0,0.0102727048371176,0.010272704837117619,0.019519332544673418,-0.009646788435950238,0.001131083394473098,6468.12,0.012628089769515682,6454.38,0.014783759245659445,6480.639999999999,0.010671785502666564,6192.333333333333,0.05772729719545677,0.013424800581186856,0.013042097208747758,0.017783619354744474,60.98476945545586,6480.639999999999,6657.00391085635,6304.276089143649,0.6960718597818238,129.12857142857152,0.01971488769558941,-0.009646788435950238,0.001131083394473098,0.2035206350373011,132975.8,0.854132857256734,-0.16598253820227193
2020-09-02,6567.8,6569.0,6443.2,6509.8,143435.0,-0.0061070567040214,-0.006107056704021452,0.027041524674996875,0.0047228052846031154,-0.011449917997934711,6502.4,0.0011380413385828625,6457.4400000000005,0.008108476424093736,6476.87,0.005084245939782628,6210.509999999999,0.048190889315048446,0.011791654631611487,0.013021845698332547,0.017798669256474112,57.81536580395354,6476.87,6646.933976815908,6306.806023184092,0.5968165058131228,132.3428571428572,0.020329788494709088,0.0047228052846031154,-0.011449917997934711,0.20124741659285506,135227.0,1.0606979375420589,0.26286549450162444
2020-09-03,6502.8,6535.8,6436.8,6485.2,137457.0,-0.0037789179391072,-0.003778917939107229,0.012173804469971294,0.009401070850454385,-0.01649984834698215,6518.0,-0.005032218471923922,6463.4800000000005,0.0033604188455753636,6471.429999999999,0.0021278140998204353,6227.759999999999,0.04133749534343023,0.011489683229738569,0.013034207510317183,0.017818261385496328,48.50903968067619,6471.429999999999,6632.437631070933,6310.422368929066,0.542761948326331,126.88571428571433,0.019565428095619924,0.009401070850454385,-0.01649984834698215,0.1899012880261275,137623.0,0.9987938062678476,-0.041677414856903794
2020-09-04,6406.6,6475.2,6371.2,6463.8,134465.0,-0.0032998211311909,-0.003299821131190983,-0.014964949710454145,0.0052566096423016795,-0.00746268656716409,6498.36,-0.005318264916071014,6466.86,-0.0004731817296182994,6469.0,-0.0008038336682639757,6244.803333333333,0.03506862505944941,0.011570267114058631,0.012763401992027497,0.017826915896114584,42.18200100553046,6469.0,6628.867050026348,6309.132949973652,0.48373648603904684,124.44285714285719,0.019252275309084004,0.0052566096423016795,-0.00746268656716409,0.1879364845989855,133023.8,1.010834151482667,-0.021766807074212302
2020-09-07,6473.2,6513.2,6287.2,6306.6,148894.0,-0.0243200594077787,-0.024320059407778705,-0.0272396347482724,-0.021443644488579938,-0.03804148871262958,6463.04,-0.024205327523889597,6453.039999999999,-0.022693180268524404,6456.530000000001,-0.02322145177053314,6259.303333333333,0.007556218982836871,0.013949296565962197,0.013717630805096224,0.018167774382574213,33.44835022643953,6456.530000000001,6626.417109265696,6286.642890734305,0.058736384861558855,135.91428571428574,0.021551118782590577,-0.021443644488579938,-0.03804148871262958,0.16002648714269951,135566.0,1.0983137364825988,0.10730673409437408
2020-09-08,6332.4,6401.8,6285.8,6374.8,140113.0,0.0108140678019852,0.010814067801985239,-0.02671837308009406,-0.007720565344623509,-0.006018648454797715,6428.04,-0.008282462461341233,6448.08,-0.01136462326770138,6454.6,-0.012363275803303098,6274.616666666667,0.01596644682145265,0.014517127570601343,0.013151873888207544,0.018198106328984085,43.93869019972134,6454.6,6627.402192968304,6281.797807031697,0.2691001525234186,133.9714285714286,0.02101578536917685,-0.007720565344623509,-0.006018648454797715,0.16840175953079184,140872.8,0.9946064818758483,-0.05897484116216911
2020-09-09,6320.4,6330.4,6150.0,6207.0,169671.0,-0.0263223944280605,-0.026322394428060503,-0.04651448585209994,-0.020730783794017382,-0.020854366481574904,6367.4800000000005,-0.025203063064195064,6434.9400000000005,-0.03542224169922337,6447.99,-0.0373744376154429,6287.723333333333,-0.012838245109385138,0.016248313123444245,0.014194352706583431,0.018545783207964087,38.826185101580144,6447.99,6647.437973957391,6248.542026042609,-0.10414251200035719,142.05714285714288,0.02288660268360607,-0.020730783794017382,-0.020854366481574904,0.1450761908275835,146120.0,1.1611757459622227,0.21095829794523002
2020-09-10,6252.4,6263.4,6076.6,6103.6,167172.0,-0.016658611245368,-0.01665861124536805,-0.05884167026460241,-0.047384192783118895,-0.03977093952551747,6291.160000000001,-0.02981326178320065,6404.58,-0.04699449456482696,6435.35,-0.051551197681555805,6297.216666666666,-0.030746387954466492,0.016163974001546216,0.014586233071953442,0.018545307526468584,34.78747203579421,6435.35,6684.969900522298,6185.730099477702,-0.1645103201023942,145.59999999999997,0.023854774231601015,-0.047384192783118895,-0.03977093952551747,0.10292735814962062,152063.0,1.0993601336288248,-0.014728503987127994
2020-09-11,6113.2,6178.2,6081.0,6156.0,152235.0,0.0085850973196146,0.008585097319614654,-0.04761904761904767,-0.06187138067662301,-0.05446502626486038,6229.6,-0.011814562732759826,6363.9800000000005,-0.03268080666501161,6417.62,-0.04076589140522502,6307.466666666666,-0.024013867162727687,0.013621918743136289,0.01348479039528747,0.01856576956938247,36.9956772334294,6417.62,6693.705323195805,6141.5346768041945,0.02619719699034194,143.98571428571424,0.023389492249141365,-0.06187138067662301,-0.05446502626486038,0.1109907958852192,155617.0,0.9782671559019901,-0.08935108750269183
2020-09-14,6198.6,6222.8,6121.4,6189.8,148269.0,0.0054905782975958,0.005490578297595805,-0.018520280341229878,-0.04525542941757155,-0.06047175252724568,6206.24,-0.00264894686637962,6334.64,-0.022864756323958457,6397.7,-0.03249605326914351,6317.996666666667,-0.020290714514463737,0.013925200512829083,0.013191167906141738,0.01857092924566774,39.56219967965833,6397.7,6679.39712738839,6116.00287261161,0.1309866523534736,140.94285714285712,0.022770179511915914,-0.04525542941757155,-0.06047175252724568,0.1136739834472833,155492.0,0.9535474493864636,-0.026051827766282343
2020-09-15,6185.6,6215.0,6155.4,6204.8,138872.0,0.0024233416265468,0.0024233416265468932,-0.026667503294220962,-0.05267336407218537,-0.06181202370872141,6172.24,0.005275232330564039,6300.140000000001,-0.015132997044510321,6377.26,-0.027042962024443118,6327.85,-0.019445783322929566,0.013200295443791015,0.013155659608925252,0.01854108417362413,43.65501519756842,6377.26,6652.24125026977,6102.278749730231,0.18641498314738073,134.05714285714288,0.02160539305975098,-0.05267336407218537,-0.06181202370872141,0.10531566196380227,155243.8,0.8945413601058465,-0.0633780493562377
2020-09-16,6194.6,6203.2,6129.6,6172.0,131527.0,-0.0052862300154719,-0.005286230015471904,-0.005638794908973788,-0.05189099511505735,-0.04741326089640696,6165.24,0.0010964698860060906,6266.360000000001,-0.015058183698351324,6361.9,-0.02984957324069848,6337.083333333333,-0.026050364915510493,0.01319739115481428,0.012534843419176094,0.018563490568254574,38.4343036978757,6361.9,6647.037484843864,6076.762515156135,0.1670027441253734,132.41428571428574,0.021454032034070925,-0.05189099511505735,-0.04741326089640696,0.09861160555357773,147615.0,0.8910137858618704,-0.05289043147646755
2020-09-17,6148.2,6245.2,6096.6,6187.0,182035.0,0.0024303305249513,0.0024303305249513407,0.013664067107936217,-0.04598161968790471,-0.03701282530195493,6181.92,0.0008217511711572367,6236.540000000001,-0.00794350713697034,6350.01,-0.025670825715235157,6346.240000000001,-0.025092022993142504,0.013417755659505336,0.012493743101993238,0.01856230211676611,28.62029646522234,6350.01,6643.8044996080225,6056.215500391978,0.2225781962945417,127.92857142857136,0.020676995543651423,-0.04598161968790471,-0.03701282530195493,0.09745281680147566,150587.6,1.2088312716319272,0.3840124080987173
2020-09-18,6203.6,6321.2,6163.8,6316.4,172073.0,0.020914821399709,0.020914821399709016,0.02605588044184537,-0.02280392338871884,-0.017667185069984548,6214.0,0.016478918570968615,6221.8,0.015204603169500785,6344.33,-0.004402356119558748,6357.446666666667,-0.006456470469800801,0.015676245969019877,0.013485092124412892,0.018726634251548673,41.009055627425596,6344.33,6635.997879616403,6052.662120383597,0.4521201991170002,129.37142857142848,0.020481829613613528,-0.02280392338871884,-0.017667185069984548,0.11913536498936916,154555.2,1.1133433232916135,-0.05472573955558002
2020-09-21,6334.0,6340.6,6228.4,6248.8,119241.0,-0.0107022987777847,-0.010702298777784724,0.009531810397751084,-0.009165001744204537,-0.030412115193644507,6225.8,0.003694304346429478,6216.02,0.0052734708060784286,6334.530000000001,-0.013533758621397385,6368.113333333333,-0.018736056833159265,0.0140473670569153,0.01364006167193794,0.018768955712458527,33.79280637518842,6334.530000000001,6625.1533525588775,6043.906647441124,0.3525066907989911,131.71428571428572,0.021078332754174516,-0.009165001744204537,-0.030412115193644507,0.11410640422193685,148749.6,0.8016223236902822,-0.30703248040076014
2020-09-22,6218.0,6294.2,6137.4,6168.8,130648.0,-0.0128024580719497,-0.012802458071949796,-0.005801959773078957,-0.03231473928593842,-0.03978581657431035,6218.6,-0.008008233364422912,6195.42,-0.004296722417527765,6321.75,-0.02419425000988651,6375.880000000001,-0.032478653926987455,0.01385594432178107,0.013871932740843449,0.01876231912594342,32.39727441668384,6321.75,6618.155635999997,6025.344364000003,0.2419920854676301,133.92857142857142,0.021710636011634584,-0.03231473928593842,-0.03978581657431035,0.08171424563372387,147104.8,0.8881287354321545,0.09566340436594789
2020-09-23,6192.2,6223.8,6158.2,6199.0,104295.0,0.00489560368305,0.004895603683050087,0.0043745949449125465,-0.0012888674077654594,-0.021992931970213236,6224.0,-0.004016709511568073,6194.62,0.0007070651629963454,6314.780000000001,-0.018334763839753854,6383.7733333333335,-0.02894421898856059,0.01135718778647792,0.013678717276957861,0.018764794220732045,35.31102443030177,6314.780000000001,6616.053141325514,6013.506858674487,0.3078487855063968,131.54285714285717,0.02122001244440348,-0.0012888674077654594,-0.021992931970213236,0.08271911132846621,141658.4,0.7362429619422498,-0.20170993815443028
2020-09-24,6160.2,6171.6,6015.0,6070.2,143852.0,-0.0207775447652847,-0.020777544765284706,-0.01887829319540979,-0.005472180352578904,-0.05259707828692717,6200.64,-0.021036538163802576,6191.280000000001,-0.019556537581889466,6297.93,-0.036159500026199165,6387.126666666666,-0.04961959942342353,0.012077468285384717,0.014056698246166194,0.018721878146799067,31.8047337278106,6297.93,6614.7349780309605,5981.12502196904,0.1405832992028534,136.54285714285717,0.022493963484375667,-0.005472180352578904,-0.05259707828692717,0.03428181973078881,134021.8,1.0733477687958228,0.3792799271297762
2020-09-25,6100.8,6117.4,6043.8,6093.8,119049.0,0.0038878455405093,0.0038878455405093604,-0.03524159331264631,-0.010103963612735467,-0.07135019811033216,6156.120000000001,-0.010123259455631195,6185.06,-0.014754909410741424,6274.52,-0.028802203196419796,6389.4400000000005,-0.046270095657835464,0.011773113493790788,0.01268960846288877,0.018637624027360453,38.77637130801685,6274.52,6578.081717300556,5970.958282699445,0.20233400705618323,125.65714285714284,0.02062049014689403,-0.010103963612735467,-0.07135019811033216,0.0233081444164569,123417.0,0.9646077930917134,-0.17242026527264132
2020-09-28,6104.8,6109.2,6032.4,6051.4,118415.0,-0.006957891627556,-0.006957891627556001,-0.031590065292536273,-0.02235936540760619,-0.06660291214215208,6116.639999999999,-0.010665986554709739,6171.219999999999,-0.01941593396443486,6252.93,-0.032229690720990134,6385.916666666667,-0.05238350015006987,0.011673846963582233,0.012563460336177983,0.017407828079415266,32.46584255042288,6252.93,6555.41924539376,5950.44075460624,0.16688071878776625,122.85714285714286,0.02030226771608931,-0.02235936540760619,-0.06660291214215208,-0.03375487002618649,123251.8,0.9607567597390059,-0.005325538223756587
2020-09-29,6087.4,6165.4,6061.6,6104.4,140398.0,0.0087583038635687,0.008758303863568795,-0.0104396316949813,-0.01618102114492015,-0.06800207639927947,6103.76,0.00010485340183752356,6161.179999999999,-0.00921576710954719,6230.660000000001,-0.02026430586807837,6381.736666666667,-0.04345786752926717,0.012115976387689265,0.012481234708692574,0.0173362996755051,43.64627198414662,6230.660000000001,6505.436114797301,5955.8838852027,0.27024931717019546,114.94285714285714,0.018829509393692608,-0.01618102114492015,-0.06800207639927947,-0.039463746223564966,125201.8,1.1213736543723811,0.1856437106785458
2020-09-30,6120.0,6135.0,5982.2,6042.0,132935.0,-0.0102221348535481,-0.01022213485354817,-0.02532666559122443,-0.02106286454957873,-0.0718608866631848,6072.36,-0.004999703574886771,6148.18,-0.017270151491986296,6207.2699999999995,-0.02662523138191175,6374.860000000001,-0.05221448000426687,0.012382085703047906,0.012561166504053232,0.017248925730405852,45.98121085594987,6207.2699999999995,6460.8198298371935,5953.7201701628055,0.1740877323677944,112.51428571428576,0.01862202676502578,-0.02106286454957873,-0.0718608866631848,-0.06392340346419612,130929.8,1.0153150772398645,-0.05315602786364482
2020-10-09,6173.8,6243.4,6172.0,6204.8,116696.0,0.0269447202912942,0.026944720291294244,0.022173898718328866,0.002877000161629173,-0.043236908653549566,6099.28,0.017300402670479276,6149.960000000001,0.008917131168332704,6193.25,0.0018649335970613024,6367.4366666666665,-0.025541937074626042,0.015422707357053913,0.014302149821518324,0.017150923892842403,52.78284671532848,6193.25,6410.50343434981,5975.99656565019,0.5265818582674348,119.9571428571429,0.01933295881529508,0.002877000161629173,-0.043236908653549566,-0.06697542931039657,125498.6,0.9298589785065331,-0.12215744536803697
2020-10-12,6280.8,6415.4,6277.4,6415.0,133020.0,0.0338769984528106,0.03387699845281067,0.0527093111030883,0.015610157684757153,-0.007549738543890627,6163.5199999999995,0.040801360261668806,6159.820000000001,0.04142653519096329,6190.8099999999995,0.036213354956782906,6363.956666666667,0.008020691529954771,0.017713607669054405,0.016401281220555765,0.017726496808885245,60.69122673756171,6190.8099999999995,6396.032445679003,5985.587554320996,1.0462121827323527,127.75714285714282,0.019915376906803246,0.015610157684757153,-0.007549738543890627,-0.03152269090250315,128292.8,1.036846962573114,0.1398848289572907
2020-10-13,6389.6,6418.2,6340.4,6407.6,118363.0,-0.0011535463756819,-0.0011535463756819908,0.05886241200383391,0.02541287927282032,0.01601496844575534,6234.76,0.02772199731826097,6175.7,0.03755039914503633,6195.86,0.03417443260499775,6357.133333333333,0.007938588672043112,0.0172218972544293,0.015399448769365125,0.01729691707560783,59.69778117827086,6195.86,6417.401360282305,5974.318639717694,0.9778791638053157,129.0571428571428,0.020141260824199824,0.02541287927282032,0.01601496844575534,-0.060055742995452466,128282.4,0.9226752851521332,-0.1101864381296046
2020-10-14,6390.0,6403.2,6353.0,6377.6,98878.0,-0.0046819401960171,-0.004681940196017198,0.044754603237009416,0.03384774996757889,0.0004392294660224838,6289.4,0.014023595255509447,6196.58,0.02921288839973024,6196.0,0.0293092317624275,6351.883333333333,0.004048667980362852,0.01659253407997783,0.015263984443861378,0.017154155117106107,59.85807441503646,6196.0,6418.020501661084,5973.979498338916,0.9089712405866325,127.58571428571427,0.020005286359400756,0.03384774996757889,0.0004392294660224838,-0.04706690972118455,119978.4,0.8241316770351997,-0.16462070072573354
2020-10-15,6372.2,6377.2,6315.8,6329.4,122493.0,-0.0075577019568491,-0.007557701956849128,0.04756703078450841,0.02103565091143733,0.01971967133881103,6346.88,-0.0027541091055763856,6209.620000000001,0.01928942511780085,6202.12,0.020522015052917286,6348.263333333333,-0.002971416329610399,0.016936339340892392,0.014083363061161789,0.016953683695247333,56.6171003717472,6202.12,6432.025111776569,5972.2148882234305,0.7768098521526032,121.38571428571433,0.0191780760081073,0.02103565091143733,0.01971967133881103,-0.033177527266061935,117890.0,1.0390448723386208,0.23882966888488855
2020-10-16,6326.6,6345.4,6236.6,6287.4,135333.0,-0.006635700066357,-0.006635700066357053,0.013312274368231014,0.03578135811011163,0.030113375712694124,6363.4,-0.011943300751170782,6231.34,0.008996459830469705,6211.3099999999995,0.012250233847610259,6349.543333333333,-0.009787055552026636,0.015316396231984561,0.013588937270586894,0.015607636761919591,48.53327938498887,6211.3099999999995,6439.319731094151,5983.300268905848,0.6668569135950174,117.91428571428573,0.01875406141080347,0.03578135811011163,0.030113375712694124,0.012365954980195104,121617.4,1.112776625713097,0.10482231637726236
2020-10-19,6334.0,6364.2,6158.0,6199.8,143892.0,-0.0139326271590799,-0.013932627159079947,-0.033546375681995255,0.017394729068889614,0.00711500974658863,6320.360000000001,-0.019074862824269512,6241.9400000000005,-0.006751106226589809,6213.5,-0.0022048764786352093,6348.906666666666,-0.023485408511281558,0.01628838751437976,0.01390637975526875,0.015705590344673597,47.57089034304977,6213.5,6440.1100011727685,5986.8899988272315,0.46977185488482726,124.62857142857138,0.020102030941090258,0.017394729068889614,0.00711500974658863,-0.006123757614620029,123791.8,1.162371013265822,0.06324399813792647
2020-10-20,6191.6,6270.4,6174.0,6266.8,95492.0,0.0108068002193619,0.010806800219361978,-0.02197390598664084,0.03559506890967379,0.012439820349607444,6292.2,-0.004036743905152407,6263.4800000000005,0.0005300567735506689,6217.35,0.00795354934176129,6347.186666666666,-0.012664928713823631,0.016190221923595097,0.014057868864990006,0.015525208741201413,54.92165528324628,6217.35,6444.879149086779,5989.820850913222,0.608667395361154,120.31428571428562,0.01919867966335061,0.03559506890967379,0.012439820349607444,-0.016200941915227585,119217.6,0.8009891157010374,-0.33636338364884777
2020-10-21,6261.8,6262.0,6145.6,6204.2,119906.0,-0.009989149167039,-0.00998914916703908,-0.027188911189162113,0.016348863115130063,-9.669932955136407e-05,6257.5199999999995,-0.008520947595852646,6273.46,-0.011040159656712567,6217.32,-0.002110233991494681,6343.8133333333335,-0.022007793419730803,0.016609172641670788,0.014250980084588227,0.015556737052565633,50.25291828793774,6217.32,6444.856274493693,5989.783725506307,0.4711694321505568,124.28571428571415,0.02003251253758972,0.016348863115130063,-9.669932955136407e-05,-0.03159242031654863,123423.2,0.9715029265162466,0.25566539605411975
2020-10-22,6168.4,6193.8,6106.4,6174.8,111590.0,-0.0047387253795815,-0.004738725379581532,-0.024425695958542604,0.02197947699437286,0.0004536616979908814,6226.6,-0.008319146885941042,6286.74,-0.017805730792111563,6217.46,-0.006861322790978952,6339.13,-0.025923115632586757,0.016256946790988967,0.014240629603526725,0.015529795918524004,55.63213439586476,6217.46,6444.882281924468,5990.037718075532,0.4062097178011603,118.1285714285713,0.019130752644388693,0.02197947699437286,0.0004536616979908814,-0.04352675113851112,121242.6,0.9203860689229693,-0.06935432755658599
2020-10-23,6186.2,6231.0,6073.8,6090.4,119257.0,-0.0136684588974542,-0.013668458897454272,-0.031332506282406136,-0.018437338834450867,-0.015613382899628325,6187.2,-0.01564520299974148,6275.3,-0.029464726785970452,6212.629999999999,-0.019674437396078548,6332.83,-0.038281463421566686,0.014378946198146395,0.014554583451625084,0.015616592976703892,49.82817869415805,6212.629999999999,6446.779795508741,5978.480204491258,0.23899187113439885,124.09999999999991,0.02037632996190725,-0.018437338834450867,-0.015613382899628325,-0.05843794446849293,118027.4,1.0104179199067336,0.06870687337575054
2020-10-26,6038.4,6121.4,5993.0,6097.0,122026.0,0.0010836726651779,0.0010836726651779482,-0.016581180038065746,-0.04957131722525332,-0.03473497561902339,6166.639999999999,-0.011293021807661785,6243.5,-0.023464402979098242,6201.66,-0.01687612671446026,6332.42,-0.037176940253489166,0.007385058227396507,0.013653078908116982,0.01399890034733713,52.39093959731545,6201.66,6435.897561822107,5967.422438177893,0.2765943276008726,127.78571428571415,0.020958785351109423,-0.04957131722525332,-0.03473497561902339,-0.0040185572399373815,113654.2,1.0736602782827207,0.023218762839917195
2020-10-27,6095.6,6109.2,6050.0,6090.6,95537.0,-0.0010496965720845,-0.0010496965720845353,-0.028116423054828643,-0.04947250140458204,-0.025316860837280686,6131.4,-0.006654271455132532,6211.8,-0.019511252776972854,6193.75,-0.01665388496468212,6331.873333333333,-0.03810457358064634,0.00739121164173601,0.013486892049834413,0.013999543544476216,49.23925027563401,6193.75,6431.936194305716,5955.563805694284,0.2834677188141202,123.87142857142842,0.02033813229754514,-0.04947250140458204,-0.025316860837280686,-0.005356501290132765,113663.2,0.8405271011197996,-0.21707668857456608
2020-10-28,6092.6,6138.0,6031.6,6130.4,117349.0,0.0065346599678191,0.006534659967819101,-0.0118951677895619,-0.03876066231811348,-0.006224873557255983,6116.64,0.002249601088178954,6187.08,-0.00916102587973655,6191.83,-0.009921138015740127,6331.293333333333,-0.031730220471014925,0.008251946563012463,0.013302895602775014,0.013997186157320594,54.99773857982812,6191.83,6431.477610593352,5952.182389406647,0.3718326465932553,120.55714285714268,0.019665461121157295,-0.03876066231811348,-0.006224873557255983,-0.005644585739311037,113151.8,1.0370935327586481,0.22830945078869957
2020-10-29,6082.8,6180.2,6074.6,6146.4,128659.0,0.0026099438862063,0.0026099438862063895,-0.0045993392498543395,-0.028912693146269763,-0.008485239554766988,6110.96,0.005799416131017088,6168.78,-0.0036279458823300637,6189.2,-0.006915271763717423,6326.813333333334,-0.028515671923306507,0.008378629305276613,0.01326632305690988,0.012952302747517264,46.04121475054227,6189.2,6429.669400613726,5948.730599386274,0.41100738827733174,113.71428571428552,0.018500957587251975,-0.028912693146269763,-0.008485239554766988,-0.04190048634493082,116565.6,1.1037475893402513,0.09637917664402762
2020-10-30,6147.8,6157.2,5983.6,5989.0,140577.0,-0.0256084862683846,-0.025608486268384634,-0.016649152765007114,-0.04745999936380696,-0.013376824486837302,6090.68,-0.01669435925052709,6138.94,-0.024424412032044596,6185.14,-0.03171148914980104,6320.54,-0.05245437889800553,0.011043422952766706,0.01369501916571298,0.01331857091940811,18.896028037383147,6185.14,6436.561494705497,5933.718505294503,0.10993788492557242,111.07142857142837,0.018545905588817562,-0.04745999936380696,-0.013376824486837302,-0.05913218336632409,120829.6,1.163431808100002,0.09263246255605906
2020-11-02,6008.4,6062.2,5997.2,6029.0,115071.0,0.0066789113374519,0.006678911337451909,-0.011153026078399186,-0.027549275783089855,-0.010633758902491075,6077.08,-0.007911694432194416,6121.86,-0.01516859255193681,6181.9,-0.024733496174315306,6313.820000000001,-0.0451105669784696,0.011071957036582588,0.013757072985196158,0.013272137455968924,23.613047114580397,6181.9,6439.862624791694,5923.937375208306,0.2036392381968762,110.74285714285692,0.018368362438689157,-0.027549275783089855,-0.010633758902491075,-0.06268461801560898,119438.6,0.9634322572434707,-0.18143793081371773
2020-11-03,6053.6,6146.2,6042.8,6120.8,124714.0,0.0152264057057556,0.015226405705755619,0.004958460578596391,-0.02329737665156062,0.01146842053078645,6083.12,0.006194189823643281,6107.26,0.0022170334978370843,6185.37,-0.01043914915356714,6306.1900000000005,-0.02939809932780335,0.011740547837601893,0.014094524273247078,0.01307782446888513,33.52156057494865,6185.37,6437.747971346547,5932.9920286534525,0.37207679090316326,115.21428571428545,0.018823403103235763,-0.02329737665156062,0.01146842053078645,-0.06958927431368378,125274.0,0.9955297986812907,0.08380043625240075
2020-11-04,6118.2,6149.4,6050.6,6109.6,129808.0,-0.0018298261665141,-0.0018298261665141702,-0.003392927052068284,-0.01524773540504809,0.00085184457112919,6078.960000000001,0.005040335846921096,6097.8,0.0019351241431335708,6185.63,-0.012291391499329896,6298.9766666666665,-0.03006467188056461,0.011425486722774998,0.013972821449866701,0.013065540407625666,35.192670439234746,6185.63,6437.667232838301,5933.592767161699,0.3491691105639575,117.85714285714253,0.019290484296376607,-0.01524773540504809,0.00085184457112919,-0.06615309366593292,127765.8,1.0159839331025986,0.04084545439966636
2020-11-05,6177.4,6245.4,6133.0,6234.0,146352.0,0.0203613984548907,0.02036139845489071,0.0142522452167122,0.009587355056034141,0.03177755710029784,6096.4800000000005,0.022557278954413063,6103.719999999999,0.021344360488358083,6195.2300000000005,0.00625804046016043,6293.123333333333,-0.00939491095306666,0.013241805537502876,0.014445254834563387,0.013321062928402728,46.76206645646376,6195.2300000000005,6438.71350079182,5951.746499208181,0.5796152508772007,119.78571428571396,0.019214904441083407,0.009587355056034141,0.03177755710029784,-0.0533317135394521,131304.4,1.1146008816155437,0.1274497719709109
2020-11-06,6221.4,6221.8,6119.4,6189.8,133141.0,-0.0070901507860121,-0.0070901507860121615,0.03352813491400908,0.016320767108892742,-0.0024174832387828804,6136.64,0.008662720967826054,6113.66,0.01245407824445599,6194.4800000000005,-0.0007555113584998274,6286.386666666666,-0.015364417079021475,0.012576975353606653,0.013266967455422666,0.013342282886121848,49.359959037378395,6194.4800000000005,6437.931787942864,5951.028212057137,0.4903882406460316,113.24285714285686,0.01829507530822593,0.016320767108892742,-0.0024174832387828804,-0.0612981498331816,129817.2,1.0256036950419514,-0.0902686673226194
2020-11-09,6252.6,6351.8,6250.4,6283.0,141316.0,0.0150570293062779,0.015057029306277947,0.042129706418974955,0.030506806626209526,-0.020576773187841013,6187.4400000000005,0.015444190165884386,6132.26,0.02458147567128588,6187.88,0.015371985235654195,6282.5633333333335,6.950453875242957e-05,0.013259630089227845,0.011248776650956313,0.013414529676866464,51.00322021302947,6187.88,6412.596051004135,5963.163948995865,0.7116448726625443,117.92857142857117,0.0187694686341829,0.030506806626209526,-0.020576773187841013,-0.03522510902278719,135066.2,1.0462721243360662,0.06140107104498238
2020-11-10,6278.4,6283.4,6190.6,6231.8,128445.0,-0.0081489734203406,-0.0081489734203406,0.0181348843288458,0.02318326601648435,-0.027436169548661016,6209.64,0.0035686448811846905,6146.38,0.013897611276881605,6179.09,0.008530382305485196,6277.160000000001,-0.007226197834689696,0.013688939749518986,0.01136267612718181,0.01341629571259954,51.733668341708565,6179.09,6380.123643688522,5978.056356311478,0.6310974596910456,115.89999999999971,0.01859815783561727,0.02318326601648435,-0.027436169548661016,-0.04945088468578396,135812.4,0.945753112381491,-0.09107956636191228
2020-11-11,6230.0,6251.2,6154.0,6156.2,108024.0,-0.0121313264225425,-0.012131326422542554,0.007627340578761244,0.0042085345165079335,-0.034715253386854106,6218.96,-0.010091719515803343,6148.96,0.001177434883297357,6168.0199999999995,-0.0019163361986503924,6272.873333333333,-0.01859966352474307,0.014317530848041875,0.011598041233956158,0.01321715373390318,48.895749228211805,6168.0199999999995,6346.100899415939,5989.93910058406,0.4668128360796517,115.85714285714253,0.01881958722217318,0.0042085345165079335,-0.034715253386854106,-0.04010353322730531,131455.6,0.8217527438922343,-0.15898633656428818
2020-11-12,6186.2,6209.2,6146.8,6173.0,103458.0,0.0027289561742633,0.002728956174263386,-0.009785049727301875,0.004327736561239082,-0.024710083104243608,6206.76,-0.005439230774188175,6151.620000000001,0.003475507264752986,6160.2,0.0020778546151098976,6270.103333333333,-0.015486719782927483,0.014319517367550084,0.011552651766716084,0.013144652929086797,55.331784146656375,6160.2,6321.375994033169,5999.02400596683,0.53970814660329,109.08571428571395,0.01767142625720297,0.004327736561239082,-0.024710083104243608,-0.026217819283190225,122876.8,0.8419652855543113,-0.042268384803377024
2020-11-13,6137.4,6180.8,6090.6,6175.2,140678.0,0.0003563907338408,0.0003563907338408612,-0.0023587191831723198,0.031090332275838906,-0.017845214237999785,6203.839999999999,-0.004616495589828129,6170.24,0.000803858520900258,6154.59,0.0033487202234430136,6267.083333333333,-0.014661259224785561,0.011030868404345627,0.011484675128573919,0.013138839790418714,55.076603479615684,6154.59,6304.544237229587,6004.635762770413,0.5687209657451852,106.35714285714253,0.017223270964040444,0.031090332275838906,-0.017845214237999785,-0.02850670190673965,124384.2,1.130995737400731,0.35975951593883515
2020-11-16,6188.4,6236.6,6162.4,6235.6,115935.0,0.0097810597227621,0.009781059722762109,-0.00754416679929959,0.03426770608724494,0.005774379818703768,6194.36,0.006657669234594099,6190.9,0.007220274919640168,6156.38,0.012867951620920026,6262.5,-0.0042954091816366224,0.011184595482734651,0.01128388697229495,0.012807103469898159,58.79640863867995,6156.38,6309.429281364745,6003.330718635255,0.7588055275189568,107.42857142857117,0.017228265351942263,0.03426770608724494,0.005774379818703768,-0.04223881055509482,119308.0,0.9717286351292453,-0.17588393352194376
2020-11-17,6210.8,6214.0,6162.4,6203.0,109334.0,-0.00522804541664,-0.005228045416640015,-0.004621457684778063,0.013429617043523745,-0.010180634454586057,6188.6,0.0023268590634391018,6199.12,0.0006258952883635427,6153.1900000000005,0.00809498812810916,6256.080000000001,-0.008484546233424206,0.010645132118945182,0.011069309630235174,0.012713108270183982,54.44308445532438,6153.1900000000005,6299.039033701046,6007.340966298955,0.6707587590264662,105.05714285714268,0.016936505377582248,0.013429617043523745,-0.010180634454586057,-0.05846817036519836,115485.8,0.9467311132624098,-0.056937076810281595
2020-11-18,6205.8,6261.2,6180.6,6204.2,134790.0,0.0001934547799451,0.00019345477994514582,0.007797017640752468,0.015483828728558136,0.0,6198.2,0.0009680229744120084,6208.58,-0.0007054753260810065,6153.1900000000005,0.008290008922201109,6249.256666666666,-0.007209924166980852,0.01059634219607014,0.010839408317703633,0.012698555145592831,53.60259286960859,6153.1900000000005,6299.039033701046,6007.340966298955,0.6748726018458143,103.27142857142839,0.016645406107383447,0.015483828728558136,0.0,-0.061902745857021935,120839.0,1.1154511374638982,0.23282784861067918
2020-11-19,6186.8,6250.8,6159.8,6245.0,130655.0,0.0065761903226846,0.0065761903226846385,0.011663696743884566,0.0017645171639397716,0.011368789272526936,6212.6,0.005215207803496158,6209.68,0.0056878937400961505,6156.7,0.014342098851657603,6245.353333333333,-5.6575395253721794e-05,0.008589269778116271,0.01087122432832443,0.01247720962528217,68.66977829638272,6156.7,6308.01521647472,6005.38478352528,0.7917750179300455,97.37142857142842,0.01559190209310303,0.0017645171639397716,0.011368789272526936,-0.036146437831831024,126278.4,1.0346583422026254,-0.030677349951776844
2020-11-20,6251.6,6310.4,6247.0,6294.0,113426.0,0.0078462770216172,0.00784627702161722,0.019238243295763624,0.016834146499079106,0.033429659792460376,6236.360000000001,0.009242570986921717,6220.1,0.011880837928650578,6166.88,0.020613340943880898,6243.173333333333,0.008141158983252073,0.008476811584467047,0.01043861869520622,0.012480005982018042,69.07572703714368,6166.88,6326.577313690456,6007.182686309544,0.8980029377525992,96.81428571428556,0.015381996459212831,0.016834146499079106,0.033429659792460376,-0.020358610384759057,120828.0,0.9387393650478366,-0.13186636561937926
2020-11-23,6294.6,6417.0,6258.2,6356.6,122094.0,0.0099459802986971,0.009945980298697199,0.019404708448264696,0.01171414929173964,0.042578317205183014,6260.5599999999995,0.015340480723769367,6227.46,0.020737186589717238,6179.860000000001,0.02859935338340991,6241.95,0.018367657542915472,0.007700738711599758,0.01059807821017275,0.012548904292341734,67.71866546438233,6179.860000000001,6356.900707777824,6002.819292222177,0.9991507383200218,99.78571428571415,0.015697969714267714,0.01171414929173964,0.042578317205183014,-0.011415241057542658,122059.8,1.0002801905295602,0.07641986846049398
2020-11-24,6363.0,6381.0,6332.2,6342.0,81505.0,-0.0022968253468835,-0.0022968253468835798,0.022408512010317683,0.017683494335504868,0.041276721505270286,6288.36,0.008530045989733503,6238.4800000000005,0.01659378566573899,6192.43,0.024153684417910215,6240.236666666667,0.01630760799136355,0.007111850727009572,0.010621479547608304,0.012547942803069678,67.37440191387554,6192.43,6378.267020842819,6006.592979157182,0.9024225079633253,96.21428571428565,0.015170969049871594,0.017683494335504868,0.041276721505270286,-0.015950844091360494,116494.0,0.6996497673699933,-0.3324405785706095
2020-11-25,6357.2,6363.6,6234.4,6248.4,110476.0,-0.0147587511825922,-0.014758751182592289,0.0071242061829084324,0.014976771384945131,0.019248336160772483,6297.2,-0.007749475957568475,6247.7,0.00011204123117303233,6198.33,0.008077982295231045,6237.303333333332,0.001779080810029754,0.007706462539350797,0.011202563313583613,0.012683060426607315,51.128526645767984,6198.33,6383.3659066148675,6013.294093385132,0.6352980643487078,95.74285714285718,0.015322779774479416,0.014976771384945131,0.019248336160772483,-0.027395554448664483,111631.2,0.9896516386099944,0.35545058585362854
2020-11-26,6249.0,6254.2,6192.6,6240.0,100242.0,-0.0013443441521028,-0.0013443441521028276,-0.0008006405124099114,0.010853717803337215,0.015228426395939243,6296.2,-0.008926018868523844,6254.4,-0.002302379125095899,6203.01,0.005963233978342641,6235.663333333333,0.0006954619636831971,0.007742700773881717,0.011207797788841161,0.012568578113075626,54.168050481567555,6203.01,6387.248677006774,6018.771322993226,0.6003860877665761,91.95714285714283,0.014736721611721607,0.010853717803337215,0.015228426395939243,-0.015524422567209317,105548.6,0.9497236344205418,-0.0926355045439734
2020-11-27,6241.2,6271.0,6160.4,6268.8,108111.0,0.0046153846153846,0.004615384615384688,-0.004003813155386005,0.01515740380878361,0.04671898480547676,6291.16,-0.003554193503264802,6263.76,0.0008046285298286548,6217.0,0.008331992922631537,6233.3566666666675,0.00568607497191187,0.007813627708169728,0.009339226146125638,0.012501340676289685,48.67980661956119,6217.0,6373.169354767069,6060.830645232931,0.6658455978039394,88.28571428571429,0.014083351564209146,0.01515740380878361,0.04671898480547676,-0.021600699213384922,104485.6,1.034697604263171,0.07850002992757532
2020-11-30,6270.8,6324.2,6193.8,6216.4,134198.0,-0.0083588565594692,-0.008358856559469219,-0.02205581600226547,-0.0030790942331132554,0.031083098357936656,6263.12,-0.007459540931676223,6261.839999999999,-0.007256652996563195,6226.37,-0.0016012540212033688,6227.596666666666,-0.0017979113397945667,0.007791655532438778,0.009572829479002903,0.012122659960055118,48.57142857142853,6226.37,6355.127251813936,6097.612748186064,0.4612837340827697,90.9714285714286,0.014634101501098482,-0.0030790942331132554,0.031083098357936656,-0.052666869856751064,106906.4,1.2552849969693116,0.24129829527060154
2020-12-01,6221.2,6358.4,6214.8,6329.0,124927.0,0.0181133775175343,0.01811337751753439,-0.00204982655313779,0.02031275189424475,0.03401516141680827,6260.5199999999995,0.010938388504469376,6274.44,0.008695596738513833,6236.780000000001,0.014786476354785583,6225.026666666667,0.01670247195728214,0.00946211486231476,0.009808380227713062,0.012274607874230242,64.99999999999994,6236.780000000001,6363.24453382561,6110.315466174391,0.8646081522237993,94.28571428571429,0.014897411010541048,0.02031275189424475,0.03401516141680827,-0.02378455083909181,115590.8,1.0807694037933815,-0.069084487101149
2020-12-02,6326.8,6345.0,6281.2,6315.6,105987.0,-0.0021172381102859,-0.0021172381102859683,0.010754753216823731,0.01795557847909479,0.033717428309545605,6273.96,0.006636956563318863,6285.58,0.004776011123874158,6247.08,0.010968324401160245,6221.123333333334,0.015186432032371355,0.009540466320524044,0.00981406294410267,0.012197237255344965,62.45197345441843,6247.08,6363.0510599105655,6131.108940089434,0.7954185296436955,94.38571428571433,0.014944853107497992,0.01795557847909479,0.033717428309545605,-0.035756817002045804,114693.0,0.9240930135230572,-0.15160853938700203
2020-12-03,6315.6,6348.8,6260.6,6335.0,108626.0,0.0030717588194311,0.003071758819431114,0.015224358974359031,0.014411529223378627,0.01620147577799158,6292.96,0.006680481045485687,6294.58,0.006421397456224165,6252.13,0.013254682804100248,6218.210000000001,0.018781932421066294,0.009409904847432768,0.008792528975191791,0.012183703263303855,63.54696507290604,6252.13,6374.331646986663,6129.928353013337,0.8390707164897877,94.24285714285718,0.014876536249859065,0.014411529223378627,0.01620147577799158,-0.026851823404712927,116369.8,0.9334552435425686,0.024899280100389776
2020-12-04,6314.6,6354.2,6273.6,6353.0,98248.0,0.0028413575374901,0.0028413575374901523,0.013431597753956082,0.009374006990784833,0.02636595689683019,6309.8,0.006846492757298206,6300.4800000000005,0.008335872822388124,6260.29,0.014809218103314814,6216.006666666667,0.022038800902186795,0.00916304385070165,0.008599381487076948,0.012182383508818255,60.72341980270363,6260.29,6386.690298133973,6133.889701866027,0.8667317299431365,94.69999999999995,0.014906343459782772,0.009374006990784833,0.02636595689683019,-0.020384876333806146,114397.2,0.858832209179945,-0.09553882127667412
2020-12-07,6352.4,6360.6,6269.4,6290.4,102300.0,-0.0098536124665512,-0.009853612466551254,0.011903995881860974,-0.010414372463266597,0.0011777813146585103,6324.6,-0.005407456598045868,6293.86,-0.0005497421296311034,6260.66,0.004750297891915611,6213.116666666667,0.012438738475322397,0.009147429691644183,0.00830665108228873,0.01223925566850697,57.568410114305465,6260.66,6387.383111338479,6133.936888661521,0.6173424471900945,95.98571428571424,0.015259079595210836,-0.010414372463266597,0.0011777813146585103,-0.02682632507193916,108017.6,0.9470678852335175,0.04124256982330432
2020-12-08,6300.4,6326.4,6279.0,6289.6,94755.0,-0.0001271779219126,-0.00012717792191263566,-0.006225312055616938,-0.008262377798801568,0.009275008825700537,6316.719999999999,-0.004293367443863105,6288.62,0.0001558370516903107,6263.55,0.00415898332415332,6212.833333333333,0.012356144539528602,0.009139211199233154,0.00807833937190784,0.011828810035656143,57.400346620450634,6263.55,6390.138126157813,6136.961873842188,0.6028927467001315,93.61428571428567,0.014883980811861751,-0.008262377798801568,0.009275008825700537,-0.002695588748295452,101983.2,0.9291236203610007,-0.07375366568914954
2020-12-09,6299.6,6307.8,6187.2,6197.8,114133.0,-0.0145955227677435,-0.014595522767743563,-0.01865222623345375,-0.008098073106715287,0.006757415288652258,6293.16,-0.015152959721348225,6283.5599999999995,-0.013648314013075313,6265.63,-0.010825727021863685,6209.883333333333,-0.0019458229220623569,0.009111598274145236,0.00829684970523124,0.011890639542161392,46.24203821656053,6265.63,6386.005851748372,6145.254148251628,0.21825744526490024,95.72857142857141,0.015445572853040017,-0.008098073106715287,0.006757415288652258,-0.02776557695927717,103612.4,1.1015380398485124,0.20450635850350896
2020-12-10,6173.8,6223.4,6151.6,6202.2,106059.0,0.0007099293297621,0.0007099293297621045,-0.020962904498816104,-0.006057692307692375,0.004730277012797712,6266.6,-0.010276705071330605,6279.780000000001,-0.012353935965909724,6267.09,-0.010354087782367905,6209.803333333333,-0.001224408073041472,0.009120501135580994,0.008278893846727736,0.01139351892905271,42.132327733973256,6267.09,6383.374187276094,6150.8058127239065,0.22098527959811112,96.18571428571424,0.01550832193184906,-0.006057692307692375,0.004730277012797712,-0.0007733204446592756,103099.0,1.0287102687707932,-0.07074202903629978
2020-12-11,6221.6,6230.6,6045.8,6088.0,132192.0,-0.0184128212569733,-0.0184128212569733,-0.04171257673540063,-0.028841245533435478,-0.01412100012955042,6213.6,-0.020213724732844107,6261.7,-0.027740070587859544,6262.7300000000005,-0.02789997333431271,6209.543333333334,-0.019573634776148374,0.01047270173934793,0.009272576809530742,0.01143928218050524,28.85039370078738,6262.7300000000005,6398.4377525611535,6127.022247438847,-0.14377309587108195,98.0428571428571,0.01610428008259808,-0.028841245533435478,-0.01412100012955042,-0.002555868667671546,109887.8,1.2029724864816658,0.24640058835176637
2020-12-14,6088.2,6134.2,6059.2,6131.4,103983.0,0.0071287779237845,0.007128777923784524,-0.02527661198016029,-0.013673508783218602,-0.016710500994290944,6181.8,-0.008152965155780012,6253.2,-0.01947802725004799,6257.5199999999995,-0.020154949564683777,6209.133333333333,-0.012519192157789072,0.010713687475614376,0.009133160831192484,0.011422336289410957,34.136788189213576,6257.5199999999995,6405.095117000907,6109.944882999092,0.07269219038049388,99.91428571428567,0.016295509298738572,-0.013673508783218602,-0.016710500994290944,-0.003996101364522442,110224.4,0.943375513951539,-0.21339415395787942
2020-12-15,6110.0,6141.8,6091.2,6128.8,95330.0,-0.0004240467103759,-0.0004240467103759915,-0.025566013736962656,-0.03163216937904878,-0.011961953893277366,6149.64,-0.0033888162559109203,6233.18,-0.01674586647585985,6253.8099999999995,-0.019989414452949328,6208.116666666667,-0.012776284809939642,0.008311158579879198,0.009073623145455493,0.011399623431483642,39.560055865921804,6253.8099999999995,6410.599230295895,6097.020769704104,0.10134379203189436,94.29999999999993,0.015386372536222413,-0.03163216937904878,-0.011961953893277366,-0.009854922614624062,110339.4,0.8639706215549477,-0.08321552561476397
2020-12-16,6126.2,6136.2,6079.6,6104.6,111312.0,-0.0039485706826785,-0.003948570682678509,-0.015037593984962405,-0.03340933561340176,-0.016053641081847703,6131.0,-0.00430598597292442,6212.08,-0.017301773319081448,6248.83,-0.023081120785811038,6206.446666666667,-0.016409819037624285,0.0083053658179282,0.009102688019562552,0.011405383427582873,38.498131158681616,6248.83,6418.085373544304,6079.574626455696,0.07392785534739355,93.94285714285706,0.01538886366721113,-0.03340933561340176,-0.016053641081847703,-0.016148788035069583,109775.2,1.0139995190170459,0.1676492185041436
2020-12-17,6096.6,6197.8,6056.6,6192.0,150624.0,0.0143170723716541,0.014317072371654138,-0.0016445777304826548,-0.022573007103393827,-0.008486789431545239,6128.96,0.010285594945961485,6197.780000000001,-0.0009325919926168602,6246.18,-0.00867410161090465,6206.78,-0.002381266937123594,0.009884330471868426,0.009583341113727249,0.011537449128998838,44.06674907292951,6246.18,6417.336802223303,6075.023197776698,0.3417240819639948,96.1285714285713,0.015524640088593557,-0.022573007103393827,-0.008486789431545239,0.003240440699935121,118688.2,1.2690730839291522,0.3531694695989651
2020-12-18,6191.8,6210.6,6112.8,6150.4,120249.0,-0.0067183462532299,-0.006718346253229979,0.010249671484888312,-0.03189044545883846,-0.022815379726723872,6141.4400000000005,0.0014589412255103795,6177.52,-0.004390111242051908,6239.0,-0.014200993748998303,6206.169999999999,-0.008986218553471703,0.009800590411254653,0.009477938383260782,0.011566803778011975,44.81458202388433,6239.0,6413.721191435902,6064.278808564098,0.24645319416647887,93.79999999999993,0.015251040582726316,-0.03189044545883846,-0.022815379726723872,-0.005915629545821921,116299.6,1.0339588442264633,-0.20166108986615683
2020-12-21,6147.4,6284.4,6141.6,6258.2,105124.0,0.017527315296566,0.017527315296566037,0.020680431875265137,-0.005118911356988387,-0.015479973570776906,6166.8,0.014821301161055844,6174.3,0.01358858494080284,6234.08,0.00386905525755199,6205.2,0.008541223489976213,0.011423315462572433,0.010076145489889506,0.01147068925071971,44.39518682710573,6234.08,6400.1873539990665,6067.972646000933,0.5726036488430711,93.74285714285705,0.014979204426649365,-0.005118911356988387,-0.015479973570776906,-0.009214109302767337,116527.8,0.902136657518635,-0.12578067177273822
2020-12-22,6246.8,6258.6,6119.6,6150.2,109587.0,-0.0172573583458502,-0.017257358345850293,0.003491711264847819,-0.022163571610277377,-0.03024282560706404,6171.08,-0.0033835244398063846,6160.36,-0.001649254264361133,6224.49,-0.011935114362783161,6203.556666666667,-0.008600979975465828,0.012593293363920965,0.010732406946597947,0.011603922447758134,38.61195263012937,6224.49,6386.458234702279,6062.521765297721,0.27066490804028426,99.11428571428561,0.016115619933381942,-0.022163571610277377,-0.03024282560706404,-0.01577902957367816,119379.2,0.9179739854178953,0.042454625014268776
2020-12-23,6149.2,6221.2,6122.4,6183.4,107181.0,0.0053981984325712,0.005398198432571277,0.012908298660026851,-0.0023234050792217964,-0.010402663081748975,6186.84,-0.0005560189046428521,6158.92,0.0039747228410174085,6221.24,-0.006082388719933718,6203.8,-0.003288307166575466,0.011972759730303295,0.010359737559173,0.011506351780977383,39.7567567567567,6221.24,6383.795621573677,6058.684378426323,0.3836090698258335,99.8714285714285,0.016151539375008652,-0.0023234050792217964,-0.010402663081748975,0.002366748800414875,118553.0,0.9040766576974012,-0.021955158914834794
2020-12-24,6167.2,6186.8,6093.0,6110.4,104013.0,-0.0118058026328556,-0.011805802632855689,-0.013178294573643501,-0.01480119957434467,-0.020769230769230873,6170.5199999999995,-0.00974310106765719,6149.74,-0.006397018410534416,6214.76,-0.016792281600576775,6202.323333333333,-0.014820790273752271,0.012512777874942045,0.01066570153598223,0.011590189423316384,34.742138364779805,6214.76,6384.347318294317,6045.172681705683,0.19231189852626548,100.81428571428569,0.016498802977593232,-0.01480119957434467,-0.020769230769230873,-0.014292627843200623,109230.8,0.9522314219066417,-0.029557477537996424
2020-12-25,6097.0,6186.0,6090.0,6176.8,98224.0,0.0108667190363971,0.010866719036397132,0.00429240374609785,0.01458607095926423,-0.014675855028075557,6175.8,0.00016192234204481792,6158.62,0.002951960017016919,6210.16,-0.0053718422713745495,6204.1,-0.004400315920117359,0.011477412414151325,0.01092716126486144,0.011354325878121978,42.889334001001515,6210.16,6378.562255266639,6041.757744733361,0.4009514452547586,101.15714285714277,0.016376949691934782,0.01458607095926423,-0.014675855028075557,0.01756120061941946,104825.8,0.9370212295064765,-0.05565650447540216
2020-12-28,6175.6,6191.2,6106.8,6131.8,101590.0,-0.0072853257350083,-0.007285325735008397,-0.020197500878846864,6.52379554426652e-05,-0.01360916285953273,6150.52,-0.0030436450901712986,6158.66,-0.004361338343081056,6205.93,-0.011945026772780198,6204.733333333334,-0.011754467019802095,0.011597620290227961,0.01089004106597013,0.011386952379911722,40.64056939501777,6205.93,6377.884866783322,6033.975133216679,0.2844492529152706,103.79999999999993,0.016928145079748186,6.52379554426652e-05,-0.01360916285953273,0.006235846269979417,104119.0,0.97571048511799,0.034268610522886434
2020-12-29,6143.2,6188.4,6101.0,6117.2,95385.0,-0.0023810300401188,-0.0023810300401188034,-0.005365679164905157,-0.0018927033024409567,-0.033465002370042685,6143.92,-0.00434901496113238,6157.5,-0.00654486398700771,6195.34,-0.012612705678784475,6205.83,-0.014281731855368296,0.011623309227378243,0.009958008010543567,0.011353694541066392,44.73752938103941,6195.34,6361.367320516352,6029.312679483648,0.26467728396452594,101.4285714285713,0.016580882009509468,-0.0018927033024409567,-0.033465002370042685,0.010873516872128786,101278.6,0.9418080423702538,-0.06107884634314398
2020-12-30,6117.2,6195.2,6093.4,6161.4,99396.0,0.0072255280193551,0.007225528019355165,-0.003557913122230527,0.009304458932608117,-0.02441573247197426,6139.5199999999995,0.0035637965182946374,6163.18,-0.0002888119444832693,6187.629999999999,-0.004239102855212673,6206.78,-0.007311359513306415,0.01175168712898087,0.010152340342078299,0.011335921469805452,47.46772591857,6187.629999999999,6344.194876076974,6031.065123923025,0.4162328082222488,103.57142857142851,0.01680972320761978,0.009304458932608117,-0.02441573247197426,0.009337527029683601,99721.6,0.9967349099894105,0.04205063689259325
2020-12-31,6179.0,6271.6,6179.0,6257.4,108147.0,0.0155808744765799,0.015580874476579964,0.024057344854673923,0.010562015503875921,-0.012249408050513111,6168.92,0.014342867146923455,6169.719999999999,0.014211341843714198,6183.75,0.011910248635536691,6210.37,0.007572817722615532,0.01191658828525998,0.010793540088218168,0.011422261552556646,60.756921513843004,6183.75,6328.324519120396,6039.175480879604,0.7547129343680086,98.24285714285712,0.01570026802551493,0.010562015503875921,-0.012249408050513111,0.03565044687189656,100548.4,1.0755715655346083,0.08804177230472043
2021-01-04,6288.0,6378.0,6246.2,6328.6,108774.0,0.0113785278230575,0.011378527823057594,0.024575832146095156,0.02897372528616038,-0.0038407051786556456,6199.28,0.020860487024299657,6187.539999999999,0.02279742838026122,6182.53,0.023626250095025947,6212.433333333333,0.01869906048622938,0.01196881084264799,0.011099636106473904,0.010983193059728894,62.09519136408246,6182.53,6321.389794491646,6043.670205508353,1.0259621783783783,102.29999999999998,0.01616471257466106,0.02897372528616038,-0.0038407051786556456,0.01995229499742135,102658.4,1.059572329200533,0.005797664290271509
2021-01-05,6331.2,6384.8,6307.6,6360.2,103529.0,0.0049932054482824,0.004993205448282412,0.037248442545418925,0.016298616215525197,0.011096273686888036,6244.96,0.01845328072557706,6197.74,0.02621278078783562,6186.0199999999995,0.028157037966253018,6211.52,0.02393617021276584,0.010876097479442206,0.010910225865910717,0.01008692683633878,63.70528310826815,6186.0199999999995,6339.0778095118885,6032.9621904881105,1.0690006950820454,104.19999999999995,0.01638313260589289,0.016298616215525197,0.011096273686888036,-0.008542478565861322,103046.2,1.0046852770893056,-0.04821924356923535
2021-01-06,6382.2,6422.4,6313.2,6365.0,103839.0,0.0007546932486399,0.0007546932486399704,0.0405087294840778,0.034925693473383035,0.011988043754769695,6294.5199999999995,0.011197041235868843,6219.219999999999,0.023440238486498455,6189.789999999999,0.028306291489695212,6210.81,0.024826069385474714,0.008658369077306032,0.010908878067699983,0.010086534314058357,65.78564500484961,6189.789999999999,6356.679536741011,6022.900463258987,1.0249280554715086,107.95714285714283,0.01696105936482998,0.034925693473383035,0.011988043754769695,-0.006648355078344492,104737.0,0.991426143578678,0.0029943300910855175
2021-01-07,6365.0,6407.6,6319.0,6398.8,120888.0,0.0053102906520032,0.00531029065200328,0.038530204174376026,0.034835203933111236,0.03243086256413563,6342.0,0.008956165247556047,6240.76,0.025323838763227524,6199.839999999999,0.032091150739374186,6211.163333333333,0.030209584999911554,0.008656241122248446,0.010337579690506237,0.010091436279502665,63.4076763485477,6199.839999999999,6391.177963878047,6008.502036121951,1.0199177308242158,104.20000000000002,0.01628430330687004,0.034835203933111236,0.03243086256413563,0.0033241344706471665,109035.4,1.1087041456260995,0.1641868662063386
2021-01-08,6425.6,6474.8,6346.2,6436.2,136448.0,0.0058448459086077,0.0058448459086077875,0.028574168184869242,0.05331893165750201,0.037728547934603895,6377.76,0.009163091743809693,6273.34,0.025960652539157802,6211.539999999999,0.036168164416553905,6212.943333333334,0.03593412247442562,0.006796484365334423,0.010376749840893353,0.010067241432521655,68.63102998696218,6211.539999999999,6430.158248383474,5992.9217516165245,1.0138180404911314,106.40000000000002,0.01653149373854138,0.05331893165750201,0.037728547934603895,0.016873637311593637,114695.6,1.1896533084093897,0.1287141817219244
2021-01-11,6425.6,6429.0,6280.6,6327.2,133911.0,-0.0169354588110997,-0.016935458811099702,-0.00022121796289864548,0.02434917756767252,0.039290407358738566,6377.4800000000005,-0.00788399179613275,6288.379999999999,0.006173291054293983,6223.5,0.016662649634449966,6213.6066666666675,0.01828138461720008,0.009415730067366304,0.010228707736138893,0.010273706777867448,54.49101796407185,6223.5,6439.821145278676,6007.178854721324,0.7396899292170629,107.31428571428576,0.016960786084569125,0.02434917756767252,0.039290407358738566,0.006330120558577512,119723.0,1.1185068867302022,-0.01859316369606001
2021-01-12,6327.4,6395.4,6312.6,6380.8,115920.0,0.0084713617397902,0.00847136173979024,0.0032388918587467064,0.04060797808147698,0.040675865218384066,6381.6,-0.00012536041118216268,6313.280000000001,0.010694916113335617,6235.969999999999,0.023224935334839714,6216.623333333334,0.026409299367770256,0.008910669679496821,0.010268614744629614,0.010159435024926866,66.15298402913982,6235.969999999999,6458.598480704945,6013.341519295053,0.8252728481580641,103.29999999999998,0.016189192577733196,0.04060797808147698,0.040675865218384066,0.02919449014484332,122201.2,0.9485995227542774,-0.13435042677599296
2021-01-13,6390.8,6403.4,6307.6,6348.6,117299.0,-0.0050463891675024,-0.005046389167502441,-0.002576590730557715,0.037827764336624714,0.03586346429969978,6378.32,-0.0046595341720075956,6336.42,0.0019222210648914828,6246.96,0.016270313880671683,6217.986666666667,0.021005727470199353,0.00915993059318098,0.010378555066572176,0.010093583278609814,61.588103254769955,6246.96,6469.013027332003,6024.906972667997,0.72886425197895,103.0857142857142,0.016237550686090507,0.037827764336624714,0.03586346429969978,0.013052913767792163,124893.2,0.9391944477361458,0.011896135265700547
2021-01-14,6344.8,6379.6,6277.4,6319.6,132827.0,-0.0045679362379107,-0.004567936237910741,-0.012377320747640197,0.025675982731197644,0.035219342790682395,6362.4800000000005,-0.006739510379600411,6352.24,-0.005138344898807268,6257.71,0.009890199449958503,6219.910000000001,0.01602756309978748,0.009419376568972203,0.010397563099634834,0.010024250709283374,65.63995215311007,6257.71,6471.404222269851,6044.015777730149,0.6448097176952362,103.68571428571424,0.016407005868364175,0.025675982731197644,0.035219342790682395,0.018600303020534614,127281.0,1.0435728820483812,0.1323796451802659
2021-01-15,6316.0,6326.4,6224.2,6270.4,130480.0,-0.0077853028672701,-0.007785302867270194,-0.025760541934682024,0.0020775401924122416,0.012661498708010255,6329.32,-0.009309056897107482,6353.54,-0.013085618411153521,6261.629999999999,0.001400593775103376,6221.503333333333,0.007859300887084641,0.00870674154669137,0.010167349780848043,0.010058156765572165,57.18232044198889,6261.629999999999,6473.113831408704,6050.146168591295,0.5207344456112389,104.12857142857138,0.016606368242627484,0.0020775401924122416,0.012661498708010255,0.015482282826974059,126087.4,1.0348377395362265,-0.017669600307166466
2021-01-18,6294.2,6378.0,6260.4,6345.8,99756.0,0.0120247512120439,0.012024751212043938,0.0029396889619421884,0.0027178206870397403,0.03177029136316345,6333.040000000001,0.0020148301605547037,6355.26,-0.001488530760346607,6271.4,0.01186337978760732,6225.759999999999,0.019281180129012476,0.008800477439152635,0.010312451676459056,0.009999890731340562,65.68914956011726,6271.4,6479.270972125902,6063.529027874098,0.6789571656857852,106.5,0.016782753947492828,0.0027178206870397403,0.03177029136316345,0.04193484828582705,119256.4,0.8364834088568832,-0.23546903740036784
2021-01-19,6351.6,6371.0,6301.4,6319.0,92708.0,-0.004223265782092,-0.004223265782092089,-0.009685305917753295,-0.00647778371749308,0.009715253587293526,6320.68,-0.0002657941867014735,6351.14,-0.005060508822038345,6274.4400000000005,0.007101829007847726,6229.46,0.014373637522353544,0.008737487139899126,0.009673189145877479,0.010020195822944482,64.53471622010946,6274.4400000000005,6483.27426216157,6065.605737838431,0.6066874744085926,105.22857142857148,0.016652725340808906,-0.00647778371749308,0.009715253587293526,0.03641134984418559,114614.0,0.8088715165686565,-0.07065239183608008
2021-01-20,6326.8,6391.4,6304.8,6381.0,97722.0,0.0098116790631428,0.009811679063142842,0.005103487383045113,0.0025137470542027085,0.037527234886670424,6327.160000000001,0.00850934700560746,6352.74,0.004448474201683039,6285.9800000000005,0.01511617917969832,6234.3,0.023531110148693468,0.009343650112492339,0.008917957088267345,0.010086936050117522,65.42134831460672,6285.9800000000005,6491.386827129756,6080.573172870245,0.7312970832755606,104.14285714285714,0.016320773725569213,0.0025137470542027085,0.037527234886670424,0.04768003152398781,110698.6,0.8827753919200423,0.05408378996418861
2021-01-21,6412.4,6501.4,6405.6,6466.8,101272.0,0.0134461683121767,0.01344616831217671,0.023292613456547873,0.010626992561105109,0.04583238994727834,6356.6,0.01733631186483331,6359.54,0.016865999742119664,6300.15,0.026451751148782288,6239.906666666667,0.03636165498201893,0.010148830952034801,0.009260001638246609,0.010192141031907296,64.91878027928185,6300.15,6514.660100363193,6085.639899636806,0.8884432474690945,104.8714285714285,0.016216896853378564,0.010626992561105109,0.04583238994727834,0.05487407020749058,104387.6,0.9701535431411393,0.03632754139293093
2021-01-22,6456.2,6474.4,6397.4,6464.4,106206.0,-0.0003711263685285,-0.0003711263685285404,0.030939015054860963,0.004381467325440536,0.05793401413982724,6395.4,0.01078900459705423,6362.36,0.016038073922255203,6317.85,0.023196182245542207,6245.206666666666,0.035097851045228445,0.01001568790338824,0.00867906336595523,0.01019113776502854,60.72669826224319,6317.85,6524.719636040962,6110.980363959039,0.8542085798685836,100.95714285714277,0.015617403449220775,0.004381467325440536,0.05793401413982724,0.05173760249902393,99532.8,1.0670452353395061,0.04872027806303825
2021-01-25,6455.0,6508.6,6406.2,6452.8,114570.0,-0.001794443413155,-0.0017944434131550446,0.01686154621954672,0.01985080288279173,0.044683331174718344,6416.8,0.005610273033287649,6374.92,0.012216623894888201,6331.65,0.019134032992979888,6252.936666666666,0.03196311493106463,0.008039498024632954,0.008524353121194293,0.00958740165115541,57.55301794453508,6331.65,6535.70575605426,6127.594243945739,0.7968551398466449,102.75714285714282,0.015924427048280253,0.01985080288279173,0.044683331174718344,0.0774419769577559,102495.6,1.117804081345931,0.07875261284673174
2021-01-26,6424.0,6431.6,6346.8,6377.4,101262.0,-0.0116848499876023,-0.01168484998760233,0.00924196866592819,-0.0005328485456369547,0.04005349163377803,6428.48,-0.007945890786002274,6374.58,0.00044238208634928,6343.929999999999,0.005275909412619573,6258.743333333333,0.018958544926217957,0.008732646115970211,0.00883377458264484,0.009704822147526923,50.90696313633701,6343.929999999999,6525.688163213275,6162.171836786723,0.5920728934763893,102.5285714285714,0.016076860700061372,-0.0005328485456369547,0.04005349163377803,0.05778736108807414,104206.4,0.9717445377635155,-0.1161560617962818
2021-01-27,6389.2,6403.0,6338.0,6368.4,84266.0,-0.0014112334180073,-0.0014112334180073072,-0.001974612129760245,0.003118797845194088,0.041064539331720384,6425.960000000001,-0.008957416479405622,6376.5599999999995,-0.0012796868530994265,6356.49,0.0018736755662323024,6262.87,0.016850102269406753,0.0085743462983527,0.008811078263708907,0.009527014464148564,47.692774741955034,6356.49,6503.715825823458,6209.264174176542,0.5404480665446613,100.84285714285708,0.015834881154270633,0.003118797845194088,0.041064539331720384,0.04045222846686691,101515.2,0.8300825886172711,-0.16784183602931013
2021-01-28,6323.2,6352.2,6258.6,6288.8,103136.0,-0.0124992148734375,-0.012499214873437525,-0.027525205665862584,-0.0048737261852016545,0.02067711883662815,6390.36,-0.015892688361844987,6373.4800000000005,-0.013286305126869458,6362.86,-0.011639420009241008,6265.8566666666675,0.0036616434996650238,0.00940574473621826,0.009292188084626483,0.00967358872813537,39.48644793152644,6362.86,6483.0954252024285,6242.624574797571,0.19202088371496256,99.49999999999987,0.015821778399694675,-0.0048737261852016545,0.02067711883662815,0.02933088909257564,101888.0,1.012248743718593,0.2239337336529561
2021-01-29,6305.4,6318.2,6108.6,6208.6,120462.0,-0.0127528304286985,-0.01275283042869857,-0.03957057112802409,-0.009855830569022617,-0.007798766260747159,6339.2,-0.020601968702675277,6367.3,-0.02492422219779178,6360.42,-0.02386949289512319,6265.433333333333,-0.009070934173214917,0.009951609128282676,0.009120896522561435,0.009465240975027338,41.178220767628744,6360.42,6491.186092498374,6229.653907501626,-0.08050216649965163,103.35714285714273,0.01664741533633069,-0.009855830569022617,-0.007798766260747159,-0.0040744305421879234,104739.2,1.1501138064831506,0.1679917778467266
2021-02-01,6215.4,6258.8,6198.8,6244.4,81780.0,0.005766195277518,0.005766195277518094,-0.03229605752541542,-0.015979072772542513,-0.013304680340043729,6297.5199999999995,-0.008435066502369137,6357.16,-0.01773748025848021,6356.21,-0.01759067117039881,6266.343333333334,-0.0035017764214432257,0.009214806906492519,0.008822454543820241,0.009448071376258069,39.57823960880192,6356.21,6496.373481992051,6216.046518007949,0.10114432657166204,101.72857142857136,0.016291168315382,-0.015979072772542513,-0.013304680340043729,0.008820963520630665,98181.2,0.832949688942486,-0.3211137122079992
2021-02-02,6266.4,6296.8,6213.8,6287.6,86095.0,0.0069181987060407,0.006918198706040712,-0.01408097343745085,-0.00496914068681753,-0.011414735385679609,6279.5599999999995,0.0012803444827345078,6354.0199999999995,-0.010453224887551404,6352.58,-0.010228914866085792,6266.42,0.0033799202734576816,0.009526800004521729,0.008897241941747581,0.009288080477988101,45.41629095281035,6352.58,6496.030289940928,6209.129710059072,0.27351039155529794,100.81428571428569,0.016033826215771627,-0.00496914068681753,-0.011414735385679609,0.0007321343307338246,95147.8,0.9048553933984811,0.05276351186109074
2021-02-03,6284.4,6300.8,6242.4,6255.2,84782.0,-0.0051529995546791,-0.005152999554679183,-0.01777526537277807,-0.01971477824792356,-0.017250589159465868,6256.92,-0.0002748956355523857,6341.44,-0.013599434828682422,6347.09,-0.014477500712925195,6266.8099999999995,-0.001852617200776785,0.008888490593893295,0.008950039219846197,0.009251210208145143,45.18540669856456,6347.09,6496.806390130175,6197.3736098698255,0.19311977158912172,97.68571428571424,0.015616721173697763,-0.01971477824792356,-0.017250589159465868,0.003754934368882079,95251.0,0.8900903927517821,-0.015250595272663925
2021-02-04,6237.6,6248.0,6130.0,6204.4,121136.0,-0.0081212431257193,-0.00812124312571938,-0.013420684391298954,-0.04057648295911431,-0.030380696380571393,6240.039999999999,-0.005711501849346989,6315.2,-0.01754497086394735,6337.370000000001,-0.020981889963818,6267.613333333334,-0.010085710456505637,0.0071911862244751195,0.00896882671659118,0.00917548993790938,45.07756563245825,6337.370000000001,6497.80899119187,6176.931008808132,0.08560572148891633,99.3285714285714,0.01600937583466111,-0.04057648295911431,-0.030380696380571393,0.007829505214255628,98851.0,1.2254403091521584,0.42879384775070184
2021-02-05,6218.6,6232.2,6098.2,6115.4,109465.0,-0.0143446586293598,-0.014344658629359852,-0.015011435750410862,-0.053987995792339594,-0.04984307510642927,6221.4,-0.017037965731185878,6280.3,-0.026256707482126718,6321.33,-0.03257700515556061,6266.653333333334,-0.024136221566428917,0.007721914136147717,0.009230634085229185,0.009357770292584734,33.15789473684208,6321.33,6502.917074661552,6139.742925338448,-0.06702824356805001,100.49999999999993,0.016433920920953648,-0.053987995792339594,-0.04984307510642927,-0.009330957395107808,96651.6,1.1325730769071594,-0.09634625544842157
2021-02-08,6138.4,6224.8,6101.0,6198.0,107594.0,0.0135068842594108,0.013506884259410823,-0.007430657869450963,-0.039486734440862925,-0.020419774939941848,6212.12,-0.002272976053263598,6254.82,-0.009084194269379453,6314.87,-0.018507110993575493,6267.033333333334,-0.011015312933817745,0.009780961902751737,0.009237103485670696,0.009521524821911561,41.82211408488782,6314.87,6504.588385203282,6125.151614796718,0.19199084244056175,104.3714285714285,0.01683953349006591,-0.039486734440862925,-0.020419774939941848,0.003692188107267791,101814.4,1.0567660370242324,-0.017092221257936302
2021-02-09,6207.0,6323.4,6200.8,6304.6,106012.0,0.0171990964827364,0.01719909648273643,0.0027037343342450892,-0.011415310314548122,-0.011942076228686038,6215.5199999999995,0.014331866038561625,6247.54,0.00913319482548336,6311.06,-0.0010235998390127898,6268.183333333333,0.0058097641262353505,0.011385302625763339,0.009890675255098342,0.00969584600321683,45.13003569607347,6311.06,6498.247183546689,6123.872816453312,0.48274454511895365,107.14285714285708,0.01699439411586097,-0.011415310314548122,-0.011942076228686038,0.011065494900250217,105797.8,1.0020246167689688,-0.014703422123910292
2021-02-10,6311.0,6366.2,6261.6,6347.0,109479.0,0.0067252482314499,0.006725248231449932,0.014675789742933931,-0.003360341687079882,-0.00025202406829860635,6233.88,0.018146002168793807,6245.4,0.016267973228295984,6310.9800000000005,0.005707512937768611,6270.583333333333,0.012186532353449353,0.011647447924429418,0.009959296033444745,0.009704604159030062,41.91632928475033,6310.9800000000005,6498.100986473668,6123.859013526333,0.5962478893436906,106.01428571428563,0.01670305431137319,-0.003360341687079882,-0.00025202406829860635,0.023214573593422605,110737.2,0.9886379644780616,0.032703844847753016
2021-02-18,6490.0,6532.0,6379.4,6418.2,137732.0,0.0112178982196313,0.011217898219631373,0.03445941589839463,0.020576262562014946,0.015602253307171354,6276.639999999999,0.022553468097580964,6258.34,0.0255435147339389,6315.91,0.016195607600488326,6274.15,0.022959285321517697,0.011291086826848323,0.01019801764587505,0.009803927815394214,47.14744381328724,6315.91,6509.0848474417435,6122.735152558256,0.7647601417954992,113.72857142857136,0.01771969889199018,0.020576262562014946,0.015602253307171354,0.03449276296702242,114056.4,1.2075780052675695,0.25806775728678555
2021-02-19,6427.8,6530.8,6388.8,6526.0,125001.0,0.0167959864136362,0.01679598641363622,0.06714196945416506,0.05112263634313696,0.040762949732074505,6358.76,0.026300725298643135,6290.08,0.03750667718057632,6328.6900000000005,0.031177068240030525,6278.833333333333,0.03936506251161309,0.010830388205868884,0.010579962166693331,0.00999618526840395,54.03973509933773,6328.6900000000005,6541.962031872152,6115.417968127849,0.9625782346329395,116.55714285714274,0.01786042642616346,0.05112263634313696,0.040762949732074505,0.04499599679743804,117163.6,1.0668927892280538,-0.09243313100804462
2021-02-22,6588.0,6634.0,6460.8,6472.6,125043.0,-0.008182653999387,-0.008182653999387002,0.04430461439173938,0.036544744090705406,0.01998172019288358,6413.68,0.00918661361340134,6312.9,0.025297406896988894,6335.03,0.021715761409180523,6281.81,0.030371819587029947,0.011599035035857574,0.010542357226762923,0.010018380422117494,55.38461538461542,6335.03,6557.772231006184,6112.287768993816,0.8088098726913204,121.35714285714273,0.018749365457025418,0.036544744090705406,0.01998172019288358,0.02837623133142686,120653.4,1.0363819005514971,0.00033599731202160754
2021-02-23,6492.4,6519.2,6443.6,6463.8,92263.0,-0.0013595772950592,-0.0013595772950592,0.025251403736954003,0.028023411158470513,0.02291501819908226,6445.52,0.0028360783924337163,6330.5199999999995,0.02105356274050174,6342.2699999999995,0.019161908906432767,6283.596666666666,0.028678373691500614,0.01163568911360769,0.010486373629415742,0.00994405310334974,55.39714867617111,6342.2699999999995,6572.118179640686,6112.421820359313,0.764370159881153,122.11428571428554,0.0188920272462461,0.028023411158470513,0.02291501819908226,0.01686436145109016,117903.6,0.7825291170074535,-0.26214982046176116
2021-02-24,6463.0,6492.0,6335.8,6392.8,118265.0,-0.0109842507503326,-0.010984250750332603,0.0072160075626279685,0.021997697915334458,0.0018492399310452434,6454.679999999999,-0.00958684241511576,6344.280000000001,0.00764783395436508,6342.86,0.007873419876837984,6284.443333333333,0.01724204689569442,0.012211968450980349,0.010616249183756508,0.010045638172971239,55.94149908592322,6342.86,6573.186856079585,6112.533143920415,0.6084111528504186,125.4285714285713,0.019620287108711568,0.021997697915334458,0.0018492399310452434,0.008010091453800161,119660.8,0.9883353612879071,0.28182478349934437
2021-02-25,6434.0,6434.0,6314.8,6368.6,103993.0,-0.0037855086972844,-0.0037855086972844454,-0.00772802343336132,0.026465089291470623,-0.01518525391229042,6444.76,-0.011817352391710445,6360.7,0.001242001666483361,6337.95,0.0048359485322542195,6286.446666666668,0.013068325826884664,0.011875349693981494,0.010169873123902268,0.00986731577064041,59.765624999999986,6337.95,6561.231248181304,6114.6687518186955,0.568635409936245,118.97142857142846,0.01868093907160576,0.026465089291470623,-0.01518525391229042,0.019236924652711318,112913.0,0.9210011247597708,-0.12067813807973615
2021-02-26,6261.6,6313.4,6194.0,6216.6,111674.0,-0.0238670979493138,-0.023867097949313854,-0.04741035856573694,0.016548386041796315,-0.038333023946537814,6382.88,-0.02605093625448074,6370.820000000001,-0.024207244907249015,6325.5599999999995,-0.01722535237986822,6286.056666666667,-0.011049322389181992,0.013642397665161031,0.011409513540219688,0.010350068137937206,48.51400470387004,6325.5599999999995,6546.78859242239,6104.331407577609,0.2537388842759476,127.15714285714277,0.020454451445668494,0.016548386041796315,-0.038333023946537814,-0.00374999999999992,110247.6,1.012938150127531,0.07386074062677306
2021-03-01,6268.8,6325.8,6257.0,6325.2,90247.0,0.0174693562397452,0.017469356239745215,-0.022772919692241267,0.02052274927395925,-0.0197743615174808,6353.4,-0.004438568325620951,6383.54,-0.00913912969919517,6319.18,0.000952655249573553,6286.996666666667,0.006076563319316719,0.014073317010554868,0.012203548070337264,0.010577949801095178,51.87849720223819,6319.18,6532.164285063806,6106.195714936194,0.5141324980812458,129.02857142857133,0.020399129107154135,0.02052274927395925,-0.0197743615174808,0.008996937212863543,103288.4,0.8737379996204802,-0.19187098160717808
2021-03-02,6330.4,6336.4,6210.6,6266.6,103146.0,-0.0092645291848477,-0.00926452918484777,-0.0305083696896562,-0.0060273451130919975,-0.017373851412801344,6313.960000000001,-0.007500839409815829,6379.74,-0.017734265032744223,6313.64,-0.007450535665638247,6287.833333333333,-0.0033768918811459825,0.013395152925303806,0.012102842292144745,0.010591014539418773,50.555014605647536,6313.64,6526.01117853799,6101.26882146201,0.3892505086522718,133.84285714285696,0.02135812994971068,-0.0060273451130919975,-0.017373851412801344,0.008075413422559796,105465.0,0.9780116626368938,0.14292995889060034
2021-03-03,6267.2,6358.0,6266.8,6339.0,93989.0,0.0115533143969615,0.0115533143969615,-0.008415717682392687,-0.001260438002205766,-0.004616544186922922,6303.2,0.005679654778525167,6378.9400000000005,-0.006261228354554338,6312.17,0.004250519235065031,6288.0,0.008110687022900853,0.01376729334384797,0.01241198147590992,0.010435561653827611,56.41808125119209,6312.17,6523.348877532107,6100.991122467894,0.5635243456010908,131.42857142857125,0.02073332882608791,-0.001260438002205766,-0.004616544186922922,0.0015800284405118603,100609.8,0.9341932893217162,-0.08877707327477558
2021-03-04,6308.8,6321.6,6222.0,6256.8,107933.0,-0.0129673450070988,-0.01296734500709884,-0.01755487862324534,-0.025147237543236334,-0.005088411143620353,6280.84,-0.003827513517300263,6362.8,-0.016659332369397095,6310.570000000001,-0.008520624919777564,6287.0199999999995,-0.004806728784066072,0.013693853079982936,0.012436895586938194,0.010567456368542321,56.78633134958729,6310.570000000001,6522.975739837041,6098.16426016296,0.37342620768804735,130.21428571428552,0.020811642647085654,-0.025147237543236334,-0.005088411143620353,-0.009310279308379243,101397.8,1.064451102489403,0.14835778654948983
2021-03-05,6198.8,6304.4,6187.2,6282.2,114746.0,0.004059583173507,0.004059583173507075,0.010552391982755704,-0.03735825927060987,0.011854524369423025,6293.960000000001,-0.0018684580137149354,6338.42,-0.00886971832096961,6314.25,-0.00507582056459599,6286.139999999999,-0.0006267757320072009,0.012216584647440866,0.012106256556300042,0.010573251011823015,54.275848060125945,6314.25,6521.7098604167595,6106.7901395832405,0.4227561419938875,129.74285714285693,0.020652455691136374,-0.03735825927060987,0.011854524369423025,-0.00833464877663781,102012.2,1.1248262462725047,0.06312249265748204
2021-03-08,6306.0,6356.6,6115.6,6129.2,122690.0,-0.0243545254847028,-0.02435452548470285,-0.030987162461266093,-0.05305441399128641,-0.0184485298827749,6254.76,-0.020074311404434497,6304.08,-0.027740764711107757,6308.49,-0.028420430245589712,6282.41,-0.024387138056892188,0.013834351726536754,0.01325638544342328,0.011019222438047628,41.493695441319055,6308.49,6530.034339389931,6086.945660610068,0.09536316636725527,137.9999999999998,0.02251517326894208,-0.05305441399128641,-0.0184485298827749,-0.03522745159767038,108500.8,1.1307750726261925,0.06923117145695712
2021-03-09,6116.8,6117.0,5945.0,6015.0,151956.0,-0.0186321216471969,-0.018632121647196964,-0.04014936329109886,-0.06943284136266592,-0.043355175265602175,6204.44,-0.030532973161155552,6259.2,-0.03901457055214719,6294.86,-0.044458494708381036,6277.820000000001,-0.04186485117445238,0.014349443608821436,0.013692636609115766,0.011201777503496687,34.947406601378276,6294.86,6552.428978190793,6037.2910218092065,-0.04327194595751077,143.6857142857141,0.02388789929937059,-0.06943284136266592,-0.043355175265602175,-0.043780999618466154,118262.8,1.2849010847028821,0.2385361480153232
2021-03-10,6065.4,6071.8,5918.0,5922.0,118793.0,-0.0154613466334164,-0.015461346633416473,-0.06578324656885948,-0.07364535101989744,-0.05326768128916737,6121.039999999999,-0.03251734999281153,6212.120000000001,-0.04670225301507391,6278.2,-0.05673600713580318,6271.693333333333,-0.055757403104318315,0.014553282219060293,0.01400312953548127,0.011362627447139144,27.938822692512858,6278.2,6584.974046798958,5971.425953201042,-0.08055758581401909,141.4571428571427,0.023886717807690427,-0.07364535101989744,-0.05326768128916737,-0.05844568812007134,123223.6,0.9640442252945052,-0.21824080654926425
2021-03-11,5940.8,6077.8,5903.2,6073.0,116816.0,0.0254981425194191,0.025498142519419176,-0.029376038869709742,-0.04641522469616566,-0.021178518470762575,6084.28,-0.001853958068990913,6182.56,-0.01772081467870923,6271.629999999999,-0.03167119233755811,6269.613333333333,-0.031359722343323626,0.01794118300030535,0.015270981334570463,0.01171926454896422,30.60455557458465,6271.629999999999,6590.450623383546,5952.809376616452,0.1884925481105976,143.78571428571416,0.02367622497706474,-0.04641522469616566,-0.021178518470762575,-0.02013617735325446,125000.2,0.9345265047575924,-0.016642394753899614
2021-03-12,6065.8,6078.4,5977.2,6072.0,108077.0,-0.0001646632636258,-0.0001646632636258527,-0.0334596160580688,-0.02326030305955029,-0.007096837492232666,6042.24,0.004925325707022532,6168.1,-0.015580162448728174,6269.46,-0.031495535500665084,6267.443333333333,-0.03118390114416658,0.01663024873918292,0.014942439315676294,0.011718567179647922,32.04231665770122,6269.46,6593.309038255302,5945.610961744698,0.19513573196975928,138.64285714285703,0.02283314511575379,-0.02326030305955029,-0.007096837492232666,-0.020992551030279527,123666.4,0.8739398898973367,-0.07480995754006303
2021-03-15,6031.2,6072.6,5959.8,6041.4,107255.0,-0.0050395256916996,-0.005039525691699631,-0.014324871108790771,-0.04486814646177195,-0.025266214908034934,6024.68,0.0027752511336700536,6139.719999999999,-0.01601375958512763,6261.63,-0.0351713531460659,6266.666666666667,-0.03594680851063836,0.015123241262724114,0.014615683883720362,0.011492957966347101,31.42806894125917,6261.63,6600.000740927356,5923.259259072644,0.17457292643502922,141.29999999999993,0.023388618532128303,-0.04486814646177195,-0.025266214908034934,-0.007654402102496793,120579.4,0.8894968792347615,-0.007605688536876487
2021-03-16,6045.2,6081.6,5990.0,6030.6,103519.0,-0.0017876651107358,-0.0017876651107358033,0.002593516209476343,-0.03765997510611818,-0.043460330552295146,6027.8,0.000464514416536721,6116.120000000001,-0.013982721071529092,6247.929999999999,-0.03478432056697167,6264.986666666667,-0.03741215730174463,0.015044888702746543,0.013961233252446005,0.011455975607592156,33.1847725162488,6247.929999999999,6600.850072060371,5895.009927939628,0.19209742204345054,136.68571428571425,0.0226653590497984,-0.03765997510611818,-0.043460330552295146,-0.01643996477150389,110892.0,0.9335118854380839,-0.034832874924245916
2021-03-17,5996.6,6070.8,5965.8,6056.0,122739.0,0.0042118528836267,0.004211852883626799,0.022627490712597176,-0.044644265657043714,-0.04584843233023472,6054.6,0.00023122914808570982,6087.820000000001,-0.005226829965406465,6233.379999999999,-0.028456471448876752,6263.7733333333335,-0.03317063410127663,0.01438072535701687,0.013888483936954516,0.011470143740847826,35.50361713967719,6233.379999999999,6593.032742458383,5873.7272575416155,0.2534010184552892,135.67142857142855,0.022402811851292694,-0.044644265657043714,-0.04584843233023472,-0.011878344863594847,111681.2,1.0990121882644528,0.18566639940494012
2021-03-18,6072.0,6128.4,6060.4,6093.6,126432.0,0.0062087186261559,0.006208718626155907,0.0033920632306931875,-0.026083621020329906,-0.05057492754978021,6058.72,0.0057569915757784695,6071.5,0.0036399571769745176,6217.15,-0.019872449595071617,6263.589999999999,-0.027139388114483687,0.01439932911727787,0.013676330687032624,0.01148783867301973,43.61900809296532,6217.15,6570.933969170523,5863.366030829477,0.3253877920335496,128.37142857142848,0.02106659914852115,-0.026083621020329906,-0.05057492754978021,-0.001801919863709367,113604.4,1.1129146406301165,0.030088236013003256
2021-03-19,6023.4,6084.2,5994.2,6049.2,130121.0,-0.0072863332020481,-0.00728633320204819,-0.003754940711462429,-0.0370889178950049,-0.07306159975482684,6054.160000000001,-0.0008192713770367455,6048.2,0.00016533844780264317,6193.3099999999995,-0.023268656017541467,6261.21,-0.033860867148682194,0.014267393441584623,0.012927418208578496,0.011370565612426714,34.6598488216985,6193.3099999999995,6522.8956020104315,5863.7243979895675,0.2813769789685195,127.67142857142855,0.02110550627709921,-0.0370889178950049,-0.07306159975482684,-0.023062015503875988,118013.2,1.1025969976239947,0.02917773981270555
2021-03-22,6048.2,6141.0,6042.0,6124.0,96157.0,0.0123652714408517,0.012365271440851755,0.013672327606184087,-0.0008483978333224673,-0.05385780057473044,6070.68,0.008783200564022486,6047.679999999999,0.01261971532885342,6175.88,-0.008400422287997866,6260.77,-0.021845555738351785,0.013026732603449996,0.013362186238616116,0.011455293761577437,42.214457305088416,6175.88,6479.091425975433,5872.6685740245675,0.41444913424172275,125.75714285714288,0.020535131100121305,-0.0008483978333224673,-0.05385780057473044,-0.004292403746097739,115793.6,0.8304172251316134,-0.2610185903889457
2021-03-23,6134.8,6145.2,6020.8,6069.6,97042.0,-0.0088830829523186,-0.008883082952318655,0.006467018207143571,0.00907730673316709,-0.06098579782790303,6078.4800000000005,-0.001460891538674125,6053.139999999999,0.0027192498438828316,6156.17,-0.014062314718404467,6257.626666666667,-0.03004760058126399,0.011783612117439272,0.013428809966475429,0.011276120149958869,34.99665849855202,6156.17,6430.445843478317,5881.894156521683,0.3421844248072772,128.11428571428573,0.021107533563049577,0.00907730673316709,-0.06098579782790303,-0.030136460963216205,114498.2,0.8475417080792537,0.009203698118701809
2021-03-24,6048.6,6078.8,5992.2,6019.4,87085.0,-0.0082707262422566,-0.008270726242256665,-0.006043593130779401,0.01644714623438026,-0.05840946064322372,6071.160000000001,-0.008525553600959523,6062.879999999999,-0.007171509249729424,6137.5,-0.0192423625254583,6255.446666666667,-0.037734582236067404,0.010852386090253904,0.013358008867751233,0.011107475134749821,36.29013629013626,6137.5,6394.228519318626,5880.771480681374,0.2699904936283564,125.94285714285719,0.02092282572064611,0.01644714623438026,-0.05840946064322372,-0.021267601053624352,107367.4,0.8110934976538503,-0.10260505760392402
2021-03-25,6009.4,6059.8,5972.0,6042.4,93812.0,0.0038209788350997,0.0038209788350997975,-0.008402258106866345,-0.005038695866952159,-0.05122004836227756,6060.92,-0.0030556417177590722,6059.82,-0.002874672845068038,6121.19,-0.01287168017983431,6253.096666666666,-0.0336947720302847,0.0070748685442772715,0.013440099134266087,0.011095627156451826,36.11304146397961,6121.19,6356.6679050981875,5885.712094901812,0.33270192596807185,123.84285714285723,0.02049564033212916,-0.005038695866952159,-0.05122004836227756,-0.02280298864702268,100843.4,0.9302740685062186,0.0772463684905551
2021-03-26,6070.2,6135.8,6059.0,6114.8,91763.0,0.0119819939097047,0.01198199390970478,0.010844409178073278,0.0070487483530961015,-0.016375510729337628,6074.04,0.006710525449289184,6064.1,0.008360680067940773,6116.1,-0.00021255375157369638,6253.17,-0.022127976690222706,0.008103447611993298,0.012822358689244239,0.01110338879342365,49.08022483392951,6116.1,6347.255614023746,5884.944385976255,0.49718804147264484,113.30000000000011,0.01852881533328974,0.0070487483530961015,-0.016375510729337628,0.0007200837915686265,93171.8,0.9848795450984096,-0.021841555451328154
2021-03-29,6099.0,6125.4,6065.0,6114.0,80533.0,-0.000130830117093,-0.00013083011709302816,-0.0016329196603527274,0.012017082133280343,-0.03339024852969075,6072.039999999999,0.0069103629093354435,6071.360000000001,0.007023138143677832,6105.539999999999,0.0013856268241632108,6252.123333333334,-0.022092227867119396,0.007859995413871947,0.012089351119181451,0.011012583762631756,57.39468180460112,6105.539999999999,6314.727746445907,5896.3522535540915,0.5202210696939378,104.45714285714295,0.017084910509836924,0.012017082133280343,-0.03339024852969075,-0.010167076803522912,90047.0,0.8943440647661777,-0.12238048014995151
2021-03-30,6093.2,6140.4,6069.8,6123.2,81851.0,0.0015047432122996,0.001504743212299653,0.008830894951891377,0.015355022717474132,-0.022883222161937944,6082.76,0.006648297812177351,6080.62,0.00700257539527227,6098.37,0.004071579782794377,6251.98,-0.02059827446664897,0.007788502305538655,0.011970525113582892,0.010973920295491761,67.17896174863382,6098.37,6293.684085513463,5903.0559144865365,0.5635642839960161,98.51428571428576,0.016088693120310582,0.015355022717474132,-0.022883222161937944,-0.0014025245441795509,87008.8,0.9407209385717307,0.016365961779643223
2021-03-31,6120.6,6128.8,6044.8,6113.4,85330.0,-0.0016004703423047,-0.001600470342304705,0.015616174369538438,0.009478203434610144,-0.03558920965451973,6101.56,0.001940487350775788,6086.36,0.004442721100953673,6087.09,0.004322262361818208,6251.916666666667,-0.02215587219919235,0.007784848973275235,0.011594841881841608,0.010971468959656097,54.5454545454545,6087.09,6246.681186935026,5927.4988130649745,0.5824293637552526,92.04285714285717,0.015055919315414855,0.009478203434610144,-0.03558920965451973,-0.0006211992414830725,86657.8,0.9846776631763096,0.04250406225947145
2021-04-01,6124.4,6180.8,6087.6,6165.2,77682.0,0.008473190041548,0.008473190041548007,0.02032305044353233,0.0117500328213207,-0.014640071602097016,6126.12,0.006379241673359237,6093.5199999999995,0.011763315784636852,6082.51,0.013594716654802053,6251.98,-0.013880402688428273,0.00798450665404657,0.011493501601820765,0.010986473610339699,59.41033925686586,6082.51,6226.0440106402975,5938.975989359703,0.7880501967133924,91.4714285714286,0.014836733369789886,0.0117500328213207,-0.014640071602097016,0.0006167429480312681,83431.8,0.9310838313448828,-0.08962850111332477
2021-04-02,6176.4,6185.8,6137.4,6172.2,69094.0,0.0011354051774477,0.0011354051774477014,0.009387060901419497,0.020333267208887174,-0.01750978956416538,6137.6,0.005637382690302228,6105.82,0.010871594642488658,6077.01,0.015663953161176192,6250.5599999999995,-0.012536476731684787,0.007414006473214995,0.011448623465417305,0.01079745249090958,63.86768447837148,6077.01,6194.369329456545,5959.650670543456,0.9055493518955661,86.87142857142862,0.014074629560193874,0.020333267208887174,-0.01750978956416538,-0.013615878799501324,78898.0,0.8757382950138153,-0.11055328132643338
2021-04-06,6199.4,6227.0,6161.0,6175.6,73951.0,0.0005508570687924,0.0005508570687924319,0.01007523716061498,0.008425865447420078,0.007570319128108238,6149.92,0.004175664073678975,6110.9800000000005,0.01057440868731363,6079.33,0.015835626623328602,6248.009999999999,-0.011589290029945354,0.0064665581737919035,0.010019369247380183,0.010691107755754173,65.61826798793615,6079.33,6202.713272772135,5955.946727227865,0.8901258162352069,85.04285714285717,0.013770784562286607,0.008425865447420078,0.007570319128108238,-0.0241759630882028,77581.6,0.9532028212875218,0.07029553941007904
2021-04-07,6183.6,6190.8,6125.0,6183.0,77683.0,0.0011982641362782,0.0011982641362782154,0.009766135354063232,0.01868327402135228,0.027930174563590926,6161.88,0.0034275253656350646,6122.32,0.009911275464203229,6087.7300000000005,0.015649511394230542,6245.056666666666,-0.009936926112760092,0.005491477715998851,0.00895938323746796,0.010670156994546612,64.23128641864628,6087.7300000000005,6215.470874223291,5959.98912577671,0.8729033505495988,82.24285714285718,0.013301448672627718,0.01868327402135228,0.027930174563590926,-0.02786075909562591,76748.0,1.0121827278886746,0.050465849008126895
2021-04-08,6154.2,6218.8,6144.8,6208.0,84621.0,0.0040433446546983,0.004043344654698355,0.01547420420715162,0.03133202644781874,0.04829449510300576,6180.8,0.004400724825265323,6141.18,0.010880645087751883,6102.030000000001,0.01736635185339952,6242.44,-0.0055170734520475495,0.004192884668914571,0.008039925245927797,0.010684703051380102,63.19188191881908,6102.030000000001,6214.81098197257,5989.249018027432,0.9698043861055129,82.35714285714292,0.01326629234167895,0.03133202644781874,0.04829449510300576,-0.024666142969363758,76606.2,1.1046233855745358,0.08931168981630466
2021-04-09,6199.6,6209.8,6152.2,6189.8,83695.0,-0.0029317010309277,-0.002931701030927769,0.003990138195030246,0.02439428041837699,0.01923266919150346,6185.72,0.0006595836862968163,6155.92,0.005503645271543567,6107.870000000001,0.013413841486475508,6238.956666666667,-0.007878988313751223,0.00458855891485893,0.005991980528330011,0.010663528265199352,67.25576828669611,6107.870000000001,6226.277487316432,5989.46251268357,0.8459662976423549,79.37142857142862,0.012822939121042461,0.02439428041837699,0.01923266919150346,-0.0326623741951616,77808.8,1.075649540925962,-0.01094291015232629
2021-04-12,6168.0,6188.0,6072.8,6110.6,109843.0,-0.0127952437881676,-0.012795243788167654,-0.00998023395223735,-0.0006868581147380093,0.006357048748353078,6173.4,-0.010172676320989948,6155.5,-0.007294289659653952,6109.8,0.0001309371828865924,6233.53,-0.019720768168276948,0.005459929794465166,0.00673713277526213,0.01074682670577595,48.37299660029145,6109.8,6226.997880347102,5992.602119652898,0.5034130310105901,80.65714285714292,0.01319954552043055,-0.0006868581147380093,0.006357048748353078,-0.050588856778844615,85958.6,1.2778593415900212,0.31242009677997484
2021-04-13,6109.6,6130.2,6075.6,6096.4,93167.0,-0.0023238307203876,-0.002323830720387665,-0.01282466480989708,-0.0028786391887472007,0.009103850100969924,6157.56,-0.009932505732790364,6153.74,-0.009317910733960155,6112.55,-0.0026421051770538773,6229.683333333333,-0.02139488095970643,0.005507140285257217,0.006649837977689554,0.010538716408969211,53.606027987082776,6112.55,6225.493982388853,5999.606017611148,0.42850438040869654,75.6714285714286,0.012412477621453416,-0.0028786391887472007,0.009103850100969924,-0.03647743077506638,89801.8,1.0374736363859076,-0.15181668381235036
2021-04-14,6105.6,6157.0,6098.6,6136.6,94523.0,0.0065940555081689,0.006594055508168939,-0.007504447679120063,0.002188398223151422,0.01757702384505677,6148.280000000001,-0.0018997182951980829,6155.08,-0.0030023980191971056,6117.85,0.0030648021772354817,6225.613333333333,-0.01429792191826873,0.005910245670471472,0.00676294032829997,0.010514193351840326,66.20575221238938,6117.85,6224.367535003003,6011.332464996998,0.5880136777455071,73.81428571428576,0.012028531387785705,0.002188398223151422,0.01757702384505677,-0.03827106318956863,93169.8,1.0145240195857457,0.014554509643972757
2021-04-15,6126.2,6154.2,6070.0,6150.8,118401.0,0.0023139849428022,0.0023139849428022163,-0.009213917525773163,0.006117708640036801,0.01565389696169084,6136.840000000001,0.0022747863721392925,6158.82,-0.0013021974988715046,6122.59,0.004607527206623274,6222.316666666667,-0.011493575543942591,0.005904845134248053,0.006727146184165038,0.010504319913502456,65.36281179138322,6122.59,6225.9079639954625,6019.272036004538,0.63652030541968,73.55714285714286,0.011958955397207333,0.006117708640036801,0.01565389696169084,-0.03115647544340483,99925.8,1.1848891877773307,0.2526157654750696
2021-04-16,6166.8,6236.6,6153.6,6232.0,114292.0,0.013201534759706,0.01320153475970609,0.0068176677760185544,0.010835009407643037,0.02271235394512261,6145.280000000001,0.014111643407623387,6165.5,0.01078582434514641,6129.51,0.016720749293173576,6220.856666666666,0.001791285980441204,0.006734127891742825,0.00718901295563262,0.010636576989044404,66.2057522123893,6129.51,6242.7184783879,6016.3015216121,0.9526604431905967,73.0142857142857,0.011716027874564458,0.010835009407643037,0.02271235394512261,-0.013861636812456557,106045.2,1.0777668390459918,-0.034704098782949444
2021-04-19,6206.2,6312.6,6192.4,6290.0,96758.0,0.0093068035943517,0.009306803594351765,0.029358819101233946,0.019085577265804732,0.03980691661707336,6181.160000000001,0.017608345359123367,6177.280000000001,0.018247513468711007,6141.55,0.024171422523630026,6221.183333333333,0.011061668332123409,0.007217504081147849,0.007121558805263107,0.010658214993917503,71.01241642788915,6141.55,6269.105865985548,6013.994134014452,1.081901893938846,77.28571428571435,0.012287076992959356,0.019085577265804732,0.03980691661707336,0.003125797397295349,103428.2,0.9355088844241706,-0.1534140622265775
2021-04-20,6297.0,6327.2,6289.6,6301.6,72488.0,0.0018441971383147,0.0018441971383147404,0.03365920871333916,0.02040287583392697,0.029000653167864154,6222.2,0.012760759859856696,6189.88,0.018048815162814202,6150.43,0.024578769289301805,6220.446666666668,0.01304622283287249,0.007201898310575017,0.006689337545700363,0.01054572888130859,71.17758784425449,6150.43,6296.260313793141,6004.59968620686,1.0183078746385805,74.92857142857149,0.011890404251074566,0.02040287583392697,0.029000653167864154,-0.006965236849569734,99292.4,0.7300458041098815,-0.2508319725500734
2021-04-21,6274.8,6306.8,6239.6,6286.8,75089.0,-0.0023486098768567,-0.0023486098768567,0.024476094254147318,0.01678796700630758,0.03578489521550021,6252.24,0.005527618901385756,6200.26,0.013957479202485024,6161.29,0.020370734050823902,6219.910000000001,0.010754174899636704,0.00733436256209748,0.006306627660643501,0.010535962998546247,70.3425621773815,6161.29,6313.964595825495,6008.615404174505,0.9110376036084497,73.72857142857148,0.01172751979203593,0.01678796700630758,0.03578489521550021,-0.005095742997309638,95405.6,0.7870502360448443,0.035881801125703605
2021-04-22,6305.6,6327.2,6278.0,6298.6,73612.0,0.0018769485270726,0.0018769485270726527,0.024029394550302507,0.014594072164948457,0.04638336046782077,6281.800000000001,0.0026743926899932546,6209.32,0.014378386039051172,6175.25,0.019974899801627588,6218.536666666667,0.012874947535888692,0.007288996457373934,0.00584705758201312,0.010459854374967091,67.27084412221646,6175.25,6324.312975034935,6026.187024965065,0.9137513019953187,70.58571428571433,0.011206571981982397,0.014594072164948457,0.04638336046782077,-0.012913336467638259,86447.8,0.8515196453813746,-0.019669991609956194
2021-04-23,6280.8,6344.8,6266.8,6343.0,79044.0,0.007049185533293,0.007049185533293034,0.01781129653401803,0.024750395812465742,0.049748444326757735,6304.0,0.006186548223350297,6224.64,0.01901475426691346,6190.280000000001,0.024670935725039866,6216.473333333332,0.020353447989267304,0.007302051625509535,0.0059355560676907235,0.010350822267022067,70.16052880075539,6190.280000000001,6343.502804403985,6037.057195596017,0.9983592376933043,72.70000000000002,0.011461453570865523,0.024750395812465742,0.049748444326757735,-0.019143935176594296,79398.2,0.9955389416888545,0.07379231647014084
2021-04-26,6350.6,6420.0,6301.4,6319.8,100556.0,-0.003657575279836,-0.0036575752798360117,0.004737678855325944,0.03423559061303316,0.03352521750506976,6309.96,0.0015594393625315561,6245.5599999999995,0.011886844414271902,6200.530000000001,0.019235452453257862,6214.063333333334,0.017015704699930412,0.00553789634986743,0.00563593541970275,0.010360061231619578,66.26071267478571,6200.530000000001,6359.800562251618,6041.259437748383,0.8744257517330013,76.4571428571429,0.01209803203537183,0.03423559061303316,0.03352521750506976,-0.022368665305364632,80157.8,1.2544755469835749,0.2721522190172563
2021-04-27,6332.4,6346.6,6285.6,6314.4,79066.0,-0.0008544574195387,-0.0008544574195387122,0.0020312301637677166,0.035758808477134085,0.03277723258096166,6312.5199999999995,0.00029782083858753694,6267.360000000001,0.007505552577161456,6210.55,0.016721546400882303,6211.756666666667,0.016524042849929144,0.005387011558997993,0.005650376693873338,0.010358510793660607,64.8844585410058,6210.55,6372.098239495686,6049.001760504314,0.8214210205081578,76.11428571428574,0.012054080469131786,0.035758808477134085,0.03277723258096166,-0.021448053558145386,81473.4,0.9704517057100845,-0.2137117625999443
2021-04-28,6295.6,6368.0,6276.4,6360.4,79639.0,0.0072849360192575,0.007284936019257504,0.01170706877902905,0.0364697063520516,0.03873791481578248,6327.24,0.00524083170545131,6289.74,0.011234168661979682,6222.41,0.02217629503681051,6211.473333333333,0.023976061503389934,0.005434854763458571,0.005789789825225122,0.010294697544588073,66.47923875432517,6222.41,6391.6040760439455,6053.215923956054,0.9077861448416165,77.37142857142862,0.012164553891489313,0.0364697063520516,0.03873791481578248,-0.0026656631229027283,82383.4,0.9666874637366266,0.007247110009359181
2021-04-29,6358.0,6373.2,6328.8,6362.2,74265.0,0.0002830010691152,0.000283001069115274,0.010097481980122502,0.0343695129088899,0.04069748421500319,6339.96,0.003507908567246476,6310.88,0.008131987931952356,6234.85,0.020425511439729815,6211.369999999999,0.024282887672123943,0.005525515144688246,0.00574468962435175,0.010293063097355195,69.32735426008956,6234.85,6406.859491781994,6062.840508218007,0.8701830599017297,76.42857142857143,0.012012915568289496,0.0343695129088899,0.04069748421500319,-0.0009735569373783282,82514.0,0.9000290859732893,-0.06747950124938784
2021-04-30,6340.6,6385.2,6304.0,6377.4,94069.0,0.0023891106849831,0.0023891106849831534,0.005423301276998194,0.023331193838254105,0.03441899695062611,6346.839999999999,0.004814994548468343,6325.42,0.008217636141157447,6245.46,0.02112574574170667,6212.846666666666,0.026485980125052766,0.004320654119142595,0.0055420629042614465,0.010164407473834706,84.92146596858612,6245.46,6425.376616943995,6065.543383056005,0.8666698558506974,73.87142857142855,0.011583314292882453,0.023331193838254105,0.03441899695062611,0.014088538353898894,85519.0,1.0999777827149522,0.2666666666666666
2021-05-06,6383.8,6429.2,6314.0,6346.6,96438.0,-0.0048295543638472,-0.004829554363847244,0.004240640526598893,0.008998410174880789,0.028255727293347688,6352.2,-0.0008815843329869066,6331.08,0.0024513984975707004,6254.18,0.014777316930437046,6215.1466666666665,0.02115047968833128,0.0040859474628775205,0.005731756432620526,0.01004290626088075,81.38484696437537,6254.18,6436.041110683089,6072.318889316912,0.7540950059439901,78.20000000000002,0.012321557999558821,0.008998410174880789,0.028255727293347688,0.022227233192668283,84695.4,1.1386450739945735,0.025183641794852774
2021-05-07,6379.2,6407.2,6324.2,6337.2,94673.0,-0.0014811079948319,-0.0014811079948319206,0.003610794374762527,0.005649358892979572,0.026167497894941327,6356.759999999999,-0.003077039246408453,6334.639999999999,0.0004041271485042408,6262.26,0.011966925678588813,6216.693333333333,0.019384367252043955,0.004135910889448133,0.005765690601202696,0.010021027493602645,77.27025557368125,6262.26,6443.780321031301,6080.739678968699,0.7064231695223727,79.79999999999998,0.012592312062109447,0.005649358892979572,0.026167497894941327,0.014861315738902148,87816.8,1.0780738992994507,-0.018301914183205814
2021-05-10,6346.8,6383.4,6320.2,6346.8,85752.0,0.0015148646089755,0.0015148646089755413,-0.0021382302999810587,0.009543806069860716,0.026491994177583633,6354.04,-0.0011394325499995972,6340.64,0.0009715107623204933,6270.45,0.012176159605769898,6217.679999999999,0.020766588180800793,0.004011434971231016,0.0057658076041936035,0.009984714277631973,76.9823788546255,6270.45,6451.6936975309045,6089.206302469095,0.7106280136637071,78.29999999999998,0.01233692569483834,0.009543806069860716,0.026491994177583633,0.009415357211018494,89039.4,0.96307926603279,-0.09422961139923736
2021-05-11,6313.0,6357.4,6238.2,6340.6,109417.0,-0.0009768702338185,-0.0009768702338185387,-0.003395052026028633,0.006668148477439351,0.021359536082474317,6349.719999999999,-0.001436283804640004,6344.84,-0.0006682595621008147,6277.08,0.010119354859265739,6219.1033333333335,0.019536042441273826,0.004040168722671806,0.005750447089722759,0.009961257547341755,68.8410825815406,6277.08,6458.406081382161,6095.753918617839,0.6751540636510156,80.68571428571424,0.01272524907512132,0.006668148477439351,0.021359536082474317,0.013652641002685817,96069.8,1.1389323179604829,0.27597023976117185
2021-05-12,6323.4,6409.2,6296.8,6396.4,95623.0,0.0088004289814842,0.008800428981484254,0.0029792705491265004,0.008418729307898332,0.033377492002972575,6353.52,0.006749014719399593,6350.18,0.007278533836835965,6287.41,0.017334641768232073,6222.303333333332,0.027979456696368254,0.00437165503860376,0.005916431012908124,0.00995906097360886,68.60139860139854,6287.41,6471.321442075394,6103.498557924606,0.7963110907349626,80.1285714285713,0.012527135799601543,0.008418729307898332,0.033377492002972575,0.030945780413899726,96380.6,0.9921394969527062,-0.1260681612546496
2021-05-13,6362.2,6380.0,6298.4,6328.6,93605.0,-0.0105997123381901,-0.010599712338190126,-0.0028361642454227676,0.0013924491281369633,0.035675711059470316,6349.92,-0.003357522614458097,6351.0599999999995,-0.0035364175428982403,6298.31,0.004809226602056738,6225.8566666666675,0.016502682094083898,0.005557006214092827,0.005648410201886019,0.009875471002492572,53.94506136762129,6298.31,6462.927501147796,6133.692498852205,0.5920011535492975,84.44285714285706,0.013343054884628048,0.0013924491281369633,0.035675711059470316,0.03486280537659048,95814.0,0.9769449141044106,-0.021103709358627154
2021-05-14,6334.6,6438.2,6310.2,6436.6,103487.0,0.0170653857093197,0.017065385709319703,0.015685160638768014,0.01935259090333208,0.05580342497211488,6369.800000000001,0.010486985462651699,6363.28,0.011522359537848414,6315.32,0.019204094171000108,6229.833333333333,0.03318975895556342,0.007679860491490931,0.006507497969981608,0.00996446529694501,67.20257234726695,6315.32,6461.347792595992,6169.292207404007,0.9152634161071639,88.78571428571422,0.013793884082545787,0.01935259090333208,0.05580342497211488,0.0384962891255245,97576.8,1.060569725590509,0.10557128358527867
2021-05-17,6453.8,6504.4,6446.6,6467.6,99463.0,0.0048162073144206,0.004816207314420673,0.01903321358794985,0.01685428589396909,0.05393866310334716,6393.96,0.011517119281321708,6374.0,0.01468465641669292,6331.870000000001,0.02143600547705482,6232.55,0.037713295521095036,0.007527298505996988,0.006464061593346266,0.009742255731899154,68.58776946766395,6331.870000000001,6467.252391764698,6196.487608235304,1.0012838015002234,90.11428571428561,0.013933187846231309,0.01685428589396909,0.05393866310334716,0.025854138248263103,100319.0,0.9914672195695731,-0.03888411104776446
2021-05-18,6485.2,6506.0,6461.0,6488.0,74252.0,0.003154183932216,0.0031541839322160037,0.02324701132384943,0.019773034484926733,0.05482213695779414,6423.4400000000005,0.010050689350254549,6386.58,0.015880173739309722,6348.7300000000005,0.02193667079872652,6234.9,0.040594075285890874,0.007522077718764199,0.006464493553171428,0.009714275154950446,66.83697166744084,6348.7300000000005,6472.669630465513,6224.790369534488,1.061846116036115,87.75714285714275,0.013526070107451103,0.019773034484926733,0.05482213695779414,0.022215219788876528,93286.0,0.7959608086958386,-0.25347114002191773
2021-05-19,6442.6,6485.8,6439.4,6480.0,81161.0,-0.001233045622688,-0.0012330456226880004,0.01306985179163278,0.016088060965283812,0.03979460847240057,6440.16,0.006186181709771255,6396.84,0.013000168833361414,6361.13,0.01868693140998534,6235.930000000001,0.039139310415607476,0.007587398299259486,0.006019879700400994,0.009611992955516062,69.28261916225328,6361.13,6485.51955955482,6236.74044044518,0.9778134130606527,82.75714285714275,0.012771164021164004,0.016088060965283812,0.03979460847240057,0.009628867906889882,90393.6,0.897862238034551,0.09304799870710556
2021-05-20,6444.6,6486.4,6401.8,6453.2,101406.0,-0.0041358024691358,-0.0041358024691358075,0.01968839869797412,0.016796394920114643,0.025945945945945903,6465.08,-0.0018375642683462479,6407.5,0.00713226687475621,6369.29,0.013174152849061649,6234.716666666666,0.03504302521098257,0.007524756380191548,0.005907011184948546,0.009376604308700482,65.88827838827847,6369.29,6495.432207135352,6243.147792864648,0.8326008078721963,84.442857142857,0.013085423842877487,0.016796394920114643,0.025945945945945903,-0.011155378486055856,91953.8,1.1027929242728414,0.2494424662091399
2021-05-21,6463.6,6474.2,6398.0,6420.4,100933.0,-0.0050827496435876,-0.005082749643587681,-0.002516856725600536,0.01312882661112158,0.018852354957471062,6461.839999999999,-0.006413034058410538,6415.820000000001,0.0007138604262586501,6375.23,0.007085234571929222,6233.846666666666,0.029925877761938224,0.0077755480536247975,0.006074019452945188,0.009340027630007517,57.082152974504275,6375.23,6499.119545032443,6251.340454967556,0.682299482931232,83.34285714285696,0.012980944667443923,0.01312882661112158,0.018852354957471062,-0.008064765318419265,91443.0,1.1037804971402951,-0.004664418278997329
2021-05-24,6423.6,6468.6,6382.4,6441.2,79038.0,0.0032396735405892,0.003239673540589294,-0.004081885088750181,0.014873637108464122,0.024559394286441272,6456.5599999999995,-0.0023789758013554874,6425.26,0.002480833460435816,6382.95,0.009125874399768197,6233.47,0.0333249377954814,0.007799142496121251,0.006042661653624519,0.009348317711991678,58.92453682783555,6382.95,6502.814967885699,6263.085032114301,0.7429817528318452,86.32857142857132,0.013402560303758823,0.014873637108464122,0.024559394286441272,-0.0034963953092608246,87358.0,0.9047597243526637,-0.21692607967661715
2021-05-25,6451.8,6539.0,6425.4,6513.8,88898.0,0.0112711917034094,0.0112711917034094,0.003976572133169043,0.027316026874428356,0.03416632267488007,6461.719999999999,0.0080597735587431,6442.58,0.011054577513977426,6393.71,0.01878252219759724,6235.486666666667,0.04463377891915421,0.008311054002029307,0.00644708902600925,0.009347242487870736,63.64000000000008,6393.71,6520.148999646081,6267.271000353919,0.9748930327515527,88.64285714285708,0.013608470807033849,0.027316026874428356,0.03416632267488007,0.018927543486422227,90287.2,0.9846135443340807,0.12475012019534915
2021-05-26,6519.4,6533.8,6502.0,6520.6,67741.0,0.0010439374865669,0.0010439374865669482,0.0062654320987654,0.01941717215933969,0.027999369383572503,6469.84,0.007845634513372834,6455.0,0.010162664601084392,6402.59,0.018431603460474566,6238.0199999999995,0.04529963033141948,0.00803901855939388,0.00632354850637919,0.00933175923955315,68.27731092436974,6402.59,6538.616218834636,6266.563781165364,0.9337766682446063,82.68571428571424,0.012680691084518945,0.01941717215933969,0.027999369383572503,0.023867097949313854,87603.2,0.7732708394213911,-0.2379918558347769
2021-05-27,6531.8,6581.4,6514.6,6562.6,74353.0,0.0064411250498419,0.006441125049841956,0.01695282960391742,0.03697500237019247,0.03841893730814272,6491.719999999999,0.010918523904296817,6478.4,0.012997036305260723,6414.7300000000005,0.023051632726552862,6243.786666666667,0.051060894670755363,0.006791616136583896,0.006301547723842439,0.008799007151465293,72.15886747935517,6414.7300000000005,6562.478934985652,6266.981065014349,1.0004096984332247,81.52857142857134,0.012423212054455755,0.03697500237019247,0.03841893730814272,0.05565743332368167,82192.6,0.904619150629132,0.0976070621927636
2021-05-28,6578.6,6598.2,6529.0,6563.4,70869.0,0.0001219029043366,0.00012190290433666817,0.02227275559155184,0.019699841531243045,0.03943367540859,6520.32,0.006607037691401585,6491.08,0.011141443334545142,6427.18,0.02119436518037454,6247.756666666667,0.05052106702832515,0.004934826806252042,0.006282794749537078,0.008527527722920295,71.66866746698682,6427.18,6581.164217919696,6273.1957820803045,0.942318056487579,81.95714285714277,0.012486994980824387,0.019699841531243045,0.03943367540859,0.03765888825649788,76179.8,0.9302859813231329,-0.0468575578658561
2021-05-31,6560.0,6600.4,6543.0,6584.0,65084.0,0.0031386171801202,0.0031386171801202067,0.02216978202819364,0.017997402436761734,0.03515502169674867,6548.88,0.005362749050219273,6502.719999999999,0.012499384872791897,6438.36,0.022620667374921632,6253.046666666667,0.0529267333150667,0.004854948402469321,0.006164945361827792,0.008432870249766465,73.6678335278102,6438.36,6603.96003051081,6272.75996948919,0.9397342184985082,77.54285714285705,0.011777469189376829,0.017997402436761734,0.03515502169674867,0.050649474994414856,73389.0,0.8868359018381501,-0.08162948538853376
2021-06-01,6562.2,6596.0,6512.2,6574.4,86620.0,-0.0014580801944107,-0.001458080194410738,0.00930332524793509,0.013316892725030671,0.03335324258904149,6561.0,0.0020423715896966677,6511.36,0.009681541183408582,6448.969999999999,0.019449617535823638,6256.97,0.05073222342443695,0.004930076640871056,0.006198906058273952,0.00831973195128499,69.01709401709402,6448.969999999999,6621.087525331479,6276.85247466852,0.8643731216749596,75.49999999999993,0.011483937697736665,0.013316892725030671,0.03335324258904149,0.03713519482568217,72933.4,1.187658877825523,0.33089545817712485
2021-06-02,6577.8,6585.8,6505.8,6536.6,84791.0,-0.0057495741056217,-0.005749574105621713,0.0024537619237492425,0.008734567901234724,0.02496315112741887,6564.2,-0.0042046250875962254,6517.0199999999995,0.003004440679942766,6456.93,0.012338681075991342,6261.633333333333,0.04391293006617025,0.005377984054476267,0.006411996681841764,0.008170460362544063,73.74429223744292,6456.93,6629.834367848151,6284.02563215185,0.7303874708068931,74.21428571428565,0.011353652619754252,0.008734567901234724,0.02496315112741887,0.044719345352256745,76343.4,1.1106526562872496,-0.021115215885476823
2021-06-03,6542.4,6581.2,6493.0,6493.0,92517.0,-0.0066701343205948,-0.006670134320594823,-0.010605552677292573,0.006167482799231516,0.023067469196105028,6550.280000000001,-0.008744664350226361,6521.0,-0.0042938199662628795,6464.25,0.004447538384189986,6265.146666666667,0.03636839573854078,0.005691355148558152,0.006516253842509451,0.008214371315874436,57.54817987152029,6464.25,6629.723680527399,6298.776319472601,0.5868718212720229,71.3714285714285,0.010992057380475666,0.006167482799231516,0.023067469196105028,0.03355512400114602,79976.2,1.1568066499783687,0.09111816112559112
2021-06-04,6475.8,6573.2,6468.0,6553.2,105612.0,0.0092715231788078,0.009271523178807861,-0.0015540725843312675,0.020684069528378313,0.03408445370195046,6548.24,0.0007574554384077725,6534.28,0.0028954988154776817,6475.05,0.01206940486946051,6272.213333333333,0.04479864630454755,0.005896998797113346,0.006726961234911262,0.007608887821380242,60.62562065541204,6475.05,6633.662344378953,6316.437655621047,0.7463553524348819,74.0428571428571,0.011298733007211303,0.020684069528378313,0.03408445370195046,0.06917705410167718,86924.8,1.214981225150935,0.1415415545251144
2021-06-07,6558.4,6572.0,6516.4,6544.6,72077.0,-0.0013123359580051,-0.001312335958005173,-0.005984204131227133,0.01605290939576487,0.031165311653116534,6540.36,0.0006482823575462149,6544.620000000001,-3.0559451886791322e-06,6484.9400000000005,0.009199776713431307,6281.04,0.04196120387706492,0.0059714690226427515,0.006760647619336821,0.007161289080840205,57.23785166240414,6484.9400000000005,6634.277348943212,6335.602651056789,0.6997490929837209,74.79999999999998,0.011429269932463402,0.01605290939576487,0.031165311653116534,0.08804655029093933,88323.4,0.8160578057457027,-0.3175302049009582
2021-06-08,6545.6,6592.8,6485.6,6526.6,92038.0,-0.0027503590746569,-0.0027503590746569273,-0.007270625456315294,0.001965058798243824,0.029334763271614772,6530.800000000001,-0.0006431065106878853,6545.9,-0.0029484104553993973,6494.24,0.004982877134199093,6291.116666666667,0.03743108669102213,0.005021449264202591,0.006807106930632839,0.006833567233231957,55.81047381546139,6494.24,6628.093437523113,6360.386562476887,0.6208784794727923,78.98571428571424,0.012102122741659399,0.001965058798243824,0.029334763271614772,0.10209388720027035,89407.0,1.0294272260561255,0.27693993923165494
2021-06-09,6512.6,6541.0,6501.8,6522.2,69367.0,-0.000674164189624,-0.0006741641896240713,-0.0022029801425818007,0.00024537619237485764,0.019667312863485664,6527.92,-0.0008762362283851743,6546.0599999999995,-0.003644940620770254,6500.530000000001,0.00333357433932302,6298.6033333333335,0.0354994043653063,0.005019048698668893,0.006596430773431503,0.006078744402788925,59.11251980982566,6500.530000000001,6626.6229832344525,6374.437016765549,0.5859286513973062,75.74285714285712,0.011613084103961412,0.00024537619237485764,0.019667312863485664,0.0739667380207476,86322.2,0.8035823924784123,-0.24632217127708123
2021-06-10,6527.4,6615.4,6525.0,6603.0,92275.0,0.0123884578823096,0.01238845788230969,0.01694132142307092,0.006156096669003075,0.04335872072812297,6549.92,0.008103915773017167,6550.1,0.00807621257690716,6514.25,0.013623978201634968,6307.453333333334,0.04685673457222039,0.006098633002164733,0.006471398165147513,0.006244462100384395,71.40178152836384,6514.25,6619.579308161614,6408.920691838386,0.9212977448965338,76.95714285714283,0.011654875489496112,0.006156096669003075,0.04335872072812297,0.08745059288537549,86273.8,1.0695599359249273,0.3302434875373017
2021-06-11,6616.6,6618.0,6567.6,6592.0,84701.0,-0.0016659094351052,-0.0016659094351052506,0.00592077153146553,0.004357497638419083,0.024143181182611828,6557.68,0.005233558209610578,6552.96,0.005957613048149124,6522.02,0.010729804569749701,6316.63,0.04359444830550463,0.006141257775232276,0.005477401621659799,0.00620036974742171,68.09021113243763,6522.02,6626.151325990503,6417.888674009498,0.8360180009922377,74.39999999999989,0.011286407766990275,0.004357497638419083,0.024143181182611828,0.091137815738074,82091.6,1.0317864434363564,-0.08208073692766193
2021-06-15,6589.0,6590.4,6503.2,6519.4,97694.0,-0.0110133495145631,-0.01101334951456312,-0.0038505027045199203,-0.009811664641555362,0.008009153318077722,6552.64,-0.005072764565121957,6546.5,-0.00413961658901707,6524.61,-0.0007985151602930562,6324.776666666667,0.030771574016052128,0.007020908379008102,0.006043011089901852,0.006393985526828612,50.67178502879072,6524.61,6625.570646840413,6423.649353159586,0.47419786737185143,72.6285714285713,0.01114037663413371,-0.009811664641555362,0.008009153318077722,0.08105329486286594,87215.0,1.1201513501117928,0.1533984250481104
2021-06-16,6489.6,6511.0,6422.4,6450.4,110524.0,-0.0105837960548517,-0.010583796054851713,-0.011675298011215807,-0.018861036748600624,-0.005795314426633835,6537.4,-0.013308042952855925,6534.1,-0.012809721308213895,6522.73,-0.0110889152241469,6331.35,0.01880325680936923,0.007656645396208013,0.0064803750408448865,0.006563618564273385,42.67223382045921,6522.73,6627.874654242135,6417.585345757864,0.15604528104000087,77.28571428571415,0.011981538243475467,-0.018861036748600624,-0.005795314426633835,0.06512549537648615,90912.2,1.2157224222931575,0.13132843368067637
2021-06-17,6455.8,6486.6,6452.6,6471.0,107699.0,0.0031936003968746,0.003193600396874663,-0.007850111925423953,-0.010035798427317055,-0.001388888888888884,6527.160000000001,-0.008604048315040691,6527.54,-0.008661762317810351,6522.28,-0.007862281288138484,6337.64,0.021042533182698886,0.0076761938069901964,0.006521240444019875,0.006535114440838285,39.99125874125871,6522.28,6628.268313158689,6416.29168684131,0.258086535808804,75.09999999999998,0.011605625096584759,-0.010035798427317055,-0.001388888888888884,0.061933832217408336,98578.6,1.0925190660041835,-0.025560059353624598
2021-06-18,6467.6,6533.8,6460.0,6520.6,103476.0,0.0076649667748416,0.007664966774841631,-0.012479176132061176,0.00425073155706146,0.010444430670055294,6510.68,0.0015236503713897953,6530.3,-0.0014853835198994636,6525.65,-0.0007738692697277783,6345.496666666668,0.02759489800903414,0.007832773620788082,0.006664330540946108,0.00649784943401938,45.77409162717228,6525.65,6626.554196354828,6424.745803645172,0.4749762637113672,75.42857142857143,0.011567734783389785,0.00425073155706146,0.010444430670055294,0.07792765985584871,100818.8,1.0263561954714795,-0.039211134736627073
2021-06-21,6504.8,6586.2,6498.8,6556.8,81204.0,0.0055516363524827,0.005551636352482792,-0.005339805825242738,0.0005493499359092713,0.02124478225655735,6503.64,0.008173884163330092,6530.660000000001,0.004002658230561673,6532.47,0.0037244717541755623,6352.710000000001,0.032126446823481425,0.007446166896896942,0.006616104516482675,0.00635874427595025,47.394636015325695,6532.47,6621.11522072736,6443.824779272641,0.6372324407360332,77.57142857142857,0.011830683957331101,0.0005493499359092713,0.02124478225655735,0.07067276290006541,100119.4,0.8110715805328438,-0.21523831613127686
2021-06-22,6552.6,6588.0,6541.6,6575.8,65785.0,0.0028977550024402,0.002897755002440272,0.0086511028622267,0.004767289062738822,0.02089672731789105,6514.92,0.009344704155998862,6533.78,0.006431192969460264,6539.2,0.005597014925373234,6361.1466666666665,0.03374444020574918,0.007477658020543426,0.006610649196335158,0.0062238738928856036,50.1317275122319,6539.2,6618.627954776054,6459.7720452239455,0.7303974721695491,74.89999999999996,0.011390249095167122,0.004767289062738822,0.02089672731789105,0.08339923553446682,93737.6,0.7017994913460553,-0.18987980887640998
2021-06-23,6581.2,6668.6,6567.8,6661.8,76118.0,0.0130782566379756,0.013078256637975683,0.03277316135433472,0.020715226917537466,0.02272099235469316,6557.2,0.01595193070212897,6547.3,0.01748812487590312,6546.6,0.017596920538905714,6371.8533333333335,0.04550429074534046,0.008338688576240592,0.006768100718098394,0.006274301922157879,60.80055210489989,6546.6,6642.029444865171,6451.17055513483,1.1035872898703445,76.38571428571426,0.011466227488924053,0.020715226917537466,0.02272099235469316,0.1067216001594844,86856.4,0.8763660478675147,0.15707228091510217
2021-06-24,6642.0,6646.4,6616.8,6646.0,65018.0,-0.0023717313638956,-0.0023717313638956794,0.027043733580590423,0.018981325319677333,0.01923135907738538,6592.2,0.008161160158975722,6559.68,0.013159178496511936,6552.87,0.014212093327045983,6381.913333333333,0.041380484640447524,0.008417974016958546,0.006813744674671729,0.006289916397810679,63.863718738673406,6552.87,6657.172497320409,6448.567502679591,0.9464418513101942,73.29999999999998,0.011029190490520611,0.018981325319677333,0.01923135907738538,0.09989408182179282,78320.2,0.8301562049126535,-0.14582621718910116
2021-06-25,6637.2,6720.2,6628.8,6707.8,74602.0,0.0092988263617213,0.009298826361721302,0.028709014507867447,0.0158715735271846,0.022125377137110158,6629.639999999999,0.011789478765061201,6570.160000000001,0.02094926150961296,6560.13,0.02251022464493846,6391.796666666666,0.04943889016077385,0.008038983622176275,0.0069627388286742555,0.006224101077399978,63.968196602818935,6560.13,6685.39164784545,6434.86835215455,1.0894461814129959,72.31428571428569,0.010780626392302347,0.0158715735271846,0.022125377137110158,0.09697782429515267,72545.4,1.0283491441221635,0.1474053339075334
2021-06-28,6691.0,6739.2,6683.4,6702.2,63947.0,-0.0008348489817824,-0.0008348489817824323,0.022175451439726546,0.016717233009708732,0.02114757595148853,6658.719999999999,0.00652978350193445,6581.18,0.01838879957697559,6567.07,0.020576908727941046,6401.6,0.04695701074731318,0.00800563846480002,0.006973220114799894,0.006228010495190612,64.31686046511616,6567.07,6707.550155556461,6426.589844443539,0.9809576109334871,72.3285714285714,0.010791765603618423,0.016717233009708732,0.02114757595148853,0.09620543016028793,69094.0,0.9255072799374765,-0.1428245891531058
2021-06-29,6704.8,6715.6,6636.2,6656.8,71037.0,-0.0067738951389095,-0.00677389513890958,0.012317892879953662,0.021075559100530716,0.011057108140947847,6674.92,-0.002714639276575559,6594.92,0.00938297962674306,6570.710000000001,0.013102084858409357,6410.493333333333,0.038422419907360394,0.007343123783343058,0.007167999639155614,0.0063200785774787036,61.26687435098644,6570.710000000001,6716.701750307334,6424.718249692668,0.7948454272887605,70.34285714285716,0.010567067831819666,0.021075559100530716,0.011057108140947847,0.08714397700548737,70144.4,1.0127251783463826,0.11087306675840924
2021-06-30,6656.8,6704.8,6646.4,6670.4,61905.0,0.002043023675039,0.0020430236750390574,0.0012909423879430282,0.034106412005457054,0.014602092966658597,6676.639999999999,-0.0009346018356538588,6616.92,0.008082310198702647,6575.51,0.014430819814736706,6419.776666666668,0.039039260451946944,0.005851582124123342,0.007158497180175101,0.006308124771078099,62.62350936967629,6575.51,6728.17284696025,6422.84715303975,0.8107828849304329,71.71428571428578,0.010751122228694798,0.034106412005457054,0.014602092966658597,0.09111132921124088,67301.8,0.9198119515377002,-0.12855272604417411
2021-07-01,6670.8,6675.4,6574.8,6593.6,89502.0,-0.0115135524106498,-0.011513552410649885,-0.007884441769485329,0.01894606706845936,0.00872012973105285,6666.160000000001,-0.010884827246870787,6629.18,-0.005367179651178611,6578.360000000001,0.0023166868338004853,6426.916666666667,0.02593519442967729,0.007514194591392442,0.007539788112677891,0.006458181656041089,49.19382504288168,6578.360000000001,6730.089709819826,6426.6302901801755,0.5502208829704376,72.24285714285718,0.010956511942316362,0.01894606706845936,0.00872012973105285,0.06948679685979386,72198.6,1.2396639270013545,0.445795977707778
2021-07-02,6582.8,6602.4,6534.4,6550.8,85273.0,-0.0064911429264742,-0.006491142926474236,-0.023405587524970906,0.004631475631076798,0.008901894347759232,6634.76,-0.012654564746878538,6632.2,-0.01227345375591804,6581.25,-0.004626780626780569,6433.226666666667,0.01827595068933774,0.007640676690439481,0.007530978941457816,0.0065329087615623085,46.64931685100847,6581.25,6728.262516473608,6434.237483526392,0.3964373893787941,73.50000000000007,0.011220003663674677,0.004631475631076798,0.008901894347759232,0.061339554777875005,74332.8,1.1471786344655388,-0.04725034077450785
2021-07-05,6580.4,6607.2,6548.0,6589.8,72385.0,0.0059534713317457,0.00595347133174573,-0.016770612634657178,0.005032942898975046,0.005585057681743333,6612.280000000001,-0.0033997350384437075,6635.5,-0.006887197649009136,6583.08,0.0010207987750414649,6440.130000000001,0.023240214095056944,0.0076712589974862015,0.007361526548063699,0.006563582327824327,56.05643496214733,6583.08,6729.5324726207955,6436.627527379204,0.5229425965971913,71.38571428571433,0.010832758852425616,0.005032942898975046,0.005585057681743333,0.06707040611438564,76020.4,0.9521786257373022,-0.15113810936638794
2021-07-06,6585.0,6624.0,6523.6,6585.2,88291.0,-0.0006980484991957,-0.000698048499195747,-0.01075591875976456,0.001429483865081016,0.00620358769061502,6597.960000000001,-0.0019339310938534249,6636.4400000000005,-0.007721007045946471,6585.110000000001,1.366719766249247e-05,6446.833333333334,0.021462733641839593,0.007632043842539737,0.007355705910789081,0.006567683518471792,63.04179566563469,6585.110000000001,6730.437881918992,6439.782118081009,0.5003096446422077,71.62857142857145,0.010877205161357506,0.001429483865081016,0.00620358769061502,0.06504932880478731,79471.2,1.1109810849716628,0.2197416591835324
2021-07-07,6550.8,6650.2,6544.8,6643.8,87668.0,0.0088987426349997,0.00889874263499979,-0.003987766850563568,-0.0027019724398811285,0.017957282505439265,6592.639999999999,0.007760168915639465,6634.639999999999,0.0013806325588126,6590.969999999999,0.008015512132508729,6454.096666666667,0.02939270096667279,0.006928570515982043,0.0075569970500229825,0.006634487240213194,65.57317952415286,6590.969999999999,6735.81490580184,6446.125094198159,0.6823674768109433,76.57142857142851,0.01152524587907952,-0.0027019724398811285,0.017957282505439265,0.07019974226804138,84623.8,1.0359733313795882,-0.007056211844921889
2021-07-08,6666.0,6671.6,6617.4,6625.6,78333.0,-0.0027393961287215,-0.0027393961287215385,0.004853190973064692,-0.0030695154980439066,0.0158535463493914,6599.039999999999,0.0040248278537486915,6632.6,-0.001055393058529086,6596.139999999999,0.004466248442270837,6461.36,0.025418797281067773,0.00694204927607581,0.007593909497716854,0.006632526657628062,60.03056935422239,6596.139999999999,6738.000248502406,6454.279751497593,0.6038345847797565,75.17142857142855,0.011345603201435121,-0.0030695154980439066,0.0158535463493914,0.07040615205660927,82390.0,0.9507585872071853,-0.1064812702468404
2021-07-09,6623.0,6694.6,6577.0,6689.6,96731.0,0.0096595025356194,0.009659502535619424,0.021188251816572024,-0.002713259190792794,0.013115250643646936,6626.8,0.009476670489527494,6630.780000000001,0.008870751254000275,6600.469999999999,0.01350358383569672,6471.01,0.03377988907450313,0.006998089577008302,0.007396959135401804,0.006463316913012539,62.04644412191584,6600.469999999999,6748.369896444595,6452.570103555404,0.8013186693926789,77.32857142857145,0.011559520962175832,-0.002713259190792794,0.013115250643646936,0.09475337937354755,84681.6,1.142290651097759,0.234869084549296
2021-07-12,6731.0,6808.8,6716.8,6765.4,102024.0,0.0113310212867734,0.011331021286773435,0.02664724270842811,0.009429739488526101,0.026304611650485477,6661.92,0.015533059538391347,6637.1,0.019330731795512923,6609.139999999999,0.02364301558145243,6482.16,0.043695311439396756,0.007886184141215028,0.00774304332532859,0.006564905947643628,65.59210526315788,6609.139999999999,6774.2747698409585,6444.00523015904,0.9731287061788801,82.52857142857147,0.012198624091490744,0.009429739488526101,0.026304611650485477,0.10973689390459951,90609.4,1.1259758921259826,0.054718756138156355
2021-07-13,6781.0,6845.4,6772.0,6830.0,94082.0,0.0095485854494929,0.009548585449492997,0.03717426957419678,0.026018507390938472,0.047642421081694586,6710.88,0.017750280142097674,6654.42,0.026385470108589493,6624.67,0.030994751436675294,6493.716666666666,0.05178595719451895,0.007794640680891078,0.007374520705492114,0.0066127015621430816,64.33685646096147,6624.67,6811.292242708588,6438.047757291412,1.0501219924803513,81.04285714285717,0.011865718468939556,0.026018507390938472,0.047642421081694586,0.11299416615063707,91767.6,1.0252202302337643,-0.07784442876185993
2021-07-14,6819.6,6842.8,6776.2,6805.0,114987.0,-0.0036603221083455,-0.0036603221083455484,0.024263222854390643,0.020178699928040444,0.05497333498697765,6743.12,0.00917676090593078,6667.88,0.02056425730517053,6642.4,0.024479103938335633,6504.62,0.04617948473546507,0.00804451169546095,0.006881147030589073,0.006649817816915437,63.34340382678752,6642.4,6826.673343875491,6458.126656124508,0.9411924062925373,82.58571428571433,0.012136034428466471,0.020178699928040444,0.05497333498697765,0.10636014827339535,97231.4,1.182611790018451,0.2221997831678748
2021-07-15,6793.4,6815.4,6737.8,6809.0,131998.0,0.0005878030859662,0.0005878030859662875,0.0276805119536343,0.03266804173744231,0.05223303971565452,6779.8,0.00430691170830988,6689.42,0.017875989248694157,6659.3,0.022479840223446956,6514.236666666667,0.045249098001249655,0.0065528815910660485,0.0068959989486915,0.006477443136630285,59.405204460966544,6659.3,6839.334827039837,6479.265172960163,0.9157528919859349,81.60000000000004,0.011984138640035252,0.03266804173744231,0.05223303971565452,0.09258664955070595,107964.4,1.2226067111010668,0.1479384626088167
2021-07-16,6825.2,6859.8,6791.8,6819.6,105791.0,0.0015567631076516,0.0015567631076516264,0.019433149964123375,0.04103315625572446,0.04585467595006598,6805.8,0.0020276822710041387,6716.3,0.01538049223530824,6674.25,0.021777727834588312,6523.063333333334,0.045459725210905466,0.005658222394817033,0.0067930398098021046,0.006395835270471469,60.810313075506514,6674.25,6855.443650405478,6493.056349594522,0.9010902139085271,82.4714285714286,0.012093294118632853,0.04103315625572446,0.04585467595006598,0.08419713831478548,109776.4,0.9636952933417383,-0.1985408869831361
2021-07-19,6809.4,6823.0,6751.8,6785.6,85289.0,-0.0049856296556982,-0.004985629655698265,0.0029857805894699663,0.02971258611793992,0.03489507076622744,6809.839999999999,-0.003559554996886649,6735.88,0.007381366651424859,6685.69,0.014943857702047314,6531.13,0.03896262974401066,0.006272133756458893,0.006932015794386295,0.006447788324553939,62.114371708051195,6685.69,6864.537043145809,6506.842956854191,0.7793168906867163,81.88571428571426,0.01206757166436487,0.02971258611793992,0.03489507076622744,0.07680589056747489,106429.4,0.8013669155327382,-0.19379720392093847
2021-07-20,6755.6,6803.4,6746.0,6789.8,76310.0,0.0006189577929733,0.0006189577929733847,-0.005885797950219596,0.031069671384316377,0.03254356884333465,6801.8,-0.0017642388779440799,6756.340000000001,0.004952385463135256,6696.389999999999,0.013949307014675227,6539.513333333333,0.03827298055818629,0.0062004414159575515,0.00693069956732274,0.006431041421262353,61.43240137878214,6696.389999999999,6873.149151032066,6519.630848967933,0.7642296012811667,81.81428571428562,0.012049586985520283,0.031069671384316377,0.03254356884333465,0.08000890755233181,102875.0,0.7417739975698664,-0.10527735112382608
2021-07-21,6820.2,6875.0,6813.2,6863.2,84972.0,0.010810333146779,0.010810333146779039,0.008552534900808206,0.033023269815467104,0.030232069410669693,6813.44,0.007303212474168763,6778.280000000001,0.012528252004933238,6706.460000000001,0.023371495543103027,6548.923333333334,0.047989058761312764,0.006425107027721039,0.00674963884165484,0.006546900418267459,75.98303777949107,6706.460000000001,6897.307995728476,6515.612004271526,0.9106409380976607,80.71428571428565,0.011760444940302723,0.033023269815467104,0.030232069410669693,0.08963896738957855,96872.0,0.8771574861673136,0.11351068012056098
2021-07-22,6882.4,6899.4,6846.4,6895.8,70672.0,0.0047499708590745,0.0047499708590745815,0.012747833749449322,0.040781212267568145,0.0375865182064401,6830.8,0.009515722902149193,6805.3,0.01329845855436207,6718.95,0.02632107695398833,6558.136666666667,0.05148769391305752,0.006073302633913627,0.00672176791311987,0.00652026338081978,83.91663389697206,6718.95,6925.211596802896,6512.688403197104,0.9287031680671965,79.64285714285708,0.01154947317829071,0.040781212267568145,0.0375865182064401,0.08715119028850715,84606.8,0.8352992903643679,-0.16829073106435066
2021-07-23,6905.0,6914.0,6840.0,6868.0,86822.0,-0.0040314394268975,-0.004031439426897543,0.007097190451052837,0.026668261181535424,0.02388264408598939,6840.4800000000005,0.004023109489392551,6823.140000000001,0.006574685555330584,6726.960000000001,0.020966380058748513,6567.2733333333335,0.045791708583267976,0.006202947796198621,0.006606068741056048,0.006525369299879541,77.96542018496174,6726.960000000001,6943.580768795549,6510.3392312044525,0.8255458855219828,80.69999999999995,0.011750145602795565,0.026668261181535424,0.02388264408598939,0.08674325136871408,80813.0,1.074356848526846,0.22852048901969657
2021-07-26,6862.8,6879.2,6680.6,6750.2,127707.0,-0.0171520093185789,-0.017152009318578965,-0.005216929969346973,-0.0022467259881159274,0.007161827459640113,6833.4,-0.012175490970819824,6821.62,-0.010469653835892379,6729.360000000001,0.0030968769689836417,6574.536666666667,0.026718739622209053,0.008042032297477861,0.007774975638147888,0.0069467511280684735,63.511300360301334,6729.360000000001,6945.889316356921,6512.83068364308,0.5481228139233747,87.71428571428565,0.012994323977702239,-0.0022467259881159274,0.007161827459640113,0.06901685037374894,89296.6,1.4301440368390286,0.47090599156895707
2021-07-27,6763.2,6801.6,6632.8,6642.4,120512.0,-0.0159698971882314,-0.015969897188231497,-0.021709034139444583,-0.027467057101024928,-0.00216320153827676,6803.92,-0.02373925619348849,6802.860000000001,-0.023587138350634973,6728.640000000001,-0.01281685452037884,6579.236666666667,0.0096004045048792,0.008633420332026605,0.008462209964248044,0.00724042710397343,49.89390724461954,6728.640000000001,6946.278139072263,6511.0018609277395,0.3018729613117865,92.24285714285712,0.013886977168321258,-0.027467057101024928,-0.00216320153827676,0.04433683416137346,98137.0,1.227997595198549,-0.056339903059346774
2021-07-28,6618.8,6623.2,6495.8,6557.0,141987.0,-0.0128567987474406,-0.012856798747440612,-0.0446147569646812,-0.036443791329904496,-0.017000479731350437,6742.68,-0.027538011591830003,6778.06,-0.03261405180833454,6722.969999999999,-0.02468700589174122,6582.4833333333345,-0.0038713859257779593,0.009211887334938811,0.008910029859414997,0.007450433089508298,45.28198074277852,6722.969999999999,6952.57635512912,6493.3636448708785,0.1385770770441766,98.84285714285703,0.015074402492429011,-0.036443791329904496,-0.017000479731350437,0.030618339568073916,109540.0,1.2962114296147527,0.1781980217737653
2021-07-29,6630.4,6667.6,6586.8,6655.8,107595.0,0.015067866402318,0.015067866402318053,-0.03480379361350383,-0.02249963283888967,0.009433389953894755,6694.68,-0.005807596479592725,6762.74,-0.01581311716848488,6726.08,-0.010448879585137183,6587.123333333334,0.010425896585105177,0.010932419156548877,0.009208356308487143,0.007680307633336956,47.78156996587029,6726.08,6949.920823142592,6502.239176857408,0.3430134436308124,98.34285714285703,0.01477551265705956,-0.02249963283888967,0.009433389953894755,0.04365415373036052,116924.6,0.9202084078115298,-0.24221935811024953
2021-07-30,6639.4,6675.8,6600.0,6674.8,100452.0,0.0028546530845277,0.002854653084527703,-0.028130460104834,-0.02123291688662099,0.018928985772729945,6656.039999999999,0.0028184926773278107,6748.26,-0.010885769072323859,6732.280000000001,-0.008537969306089521,6592.593333333334,0.012469549160724736,0.010989781632957272,0.009070479736006524,0.007649844084832872,43.57446808510643,6732.280000000001,6942.109580975899,6522.450419024102,0.36303170474661817,95.24285714285705,0.014269020366581328,-0.02123291688662099,0.018928985772729945,0.051712728074874814,119650.6,0.8395444736591375,-0.06638784330126868
2021-08-02,6646.6,6755.6,6637.0,6746.8,100211.0,0.0107868400551327,0.010786840055132751,-0.0005036887795916156,-0.005717991039849157,0.023824698776897524,6655.360000000001,0.013739301855947517,6744.38,0.000358817267117173,6740.13,0.0009895951561764704,6599.42,0.02233226556273138,0.011640494514131293,0.009272188399231374,0.007749256570045574,44.16058394160586,6740.13,6938.975606332611,6541.284393667389,0.5167718063351199,97.99999999999993,0.014525404636271999,-0.005717991039849157,0.023824698776897524,0.0646342233162911,114151.4,0.8778779760914015,-0.002399155815712928
2021-08-03,6731.0,6754.8,6691.4,6707.6,86883.0,-0.0058101618545087,-0.005810161854508777,0.009815729254486483,-0.01210639488644727,0.018587134787098503,6668.4,0.005878471597384749,6736.160000000001,-0.004239804280183446,6746.25,-0.005729108764128132,6605.433333333334,0.015467064991951052,0.01174812585345302,0.009397430090817319,0.00779972795954587,43.29755023396645,6746.25,6932.129864994611,6560.370135005389,0.39603500088317756,97.77142857142852,0.014576216317524674,-0.01210639488644727,0.018587134787098503,0.056847545219638196,107425.6,0.8087737001236204,-0.13299937132650108
2021-08-04,6721.4,6793.0,6712.2,6774.6,82881.0,0.0099886695688473,0.009988669568847364,0.033185908189721,-0.012909430003496869,0.019687528221800754,6711.92,0.009338609518587893,6727.3,0.007031052576813801,6752.789999999999,0.003229776136974616,6612.666666666667,0.02448835568101626,0.011657666552273283,0.009448889853918308,0.00788180689197025,47.82168186423508,6752.789999999999,6932.597545067068,6572.9824549329305,0.5606481780057286,98.3285714285714,0.0145142992100746,-0.012909430003496869,0.019687528221800754,0.06844778096710091,95604.4,0.8669161670383372,-0.04606194537481445
2021-08-05,6765.8,6793.0,6736.0,6772.0,76452.0,-0.0003837864966197,-0.0003837864966197424,0.017458457285375095,-0.01795295687229914,0.022096112050229433,6735.160000000001,0.005469803241496818,6714.92,0.008500473572283784,6760.109999999999,0.001758847119351703,6618.926666666667,0.023126609651715757,0.011476337702141572,0.00941420961033038,0.007819342211363224,46.95496417604912,6760.109999999999,6929.748102720538,6590.47189727946,0.5350451927052874,97.5428571428571,0.014403847776558934,-0.01795295687229914,0.022096112050229433,0.05872053029829294,89375.8,0.8553993362856612,-0.0775690447750389
2021-08-06,6793.6,6800.4,6748.8,6800.0,73853.0,0.0041346721795629,0.0041346721795629815,0.01875711631809196,-0.00990099009900991,0.016503228892609467,6760.2,0.005887399781071556,6708.12,0.013696833091835003,6765.63,0.005080088624414891,6626.783333333334,0.026138875824620822,0.011586019880967831,0.00923018573493465,0.007679582680392868,50.928313563692605,6765.63,6932.773998427742,6598.486001572258,0.6028155372711702,96.14285714285708,0.014138655462184865,-0.00990099009900991,0.016503228892609467,0.0744872483645671,84056.0,0.8786166365280289,-0.0339951865222623
2021-08-09,6775.2,6840.4,6747.4,6812.8,86398.0,0.0018823529411764,0.0018823529411764461,0.009782415367285191,0.009273799294835738,0.00700623762083552,6773.4,0.005816871881182406,6714.38,0.014658092035303438,6768.0,0.006619385342789608,6633.053333333333,0.02709863129900958,0.010092900979165105,0.00890196949071012,0.007393675135338476,51.46646263708237,6768.0,6936.469219427834,6599.530780572166,0.6329619741581067,98.68571428571424,0.014485338522445138,0.009273799294835738,0.00700623762083552,0.058447006183388606,81293.4,1.0627923054024067,0.1698644604823094
2021-08-10,6811.0,6859.4,6811.0,6856.6,82444.0,0.0064290746829498,0.006429074682949842,0.022213608444152877,0.032247380464892395,0.0038945827232796937,6803.2,0.007849247412982097,6735.8,0.017934024169363738,6769.33,0.012891970106347461,6639.536666666667,0.03269254230089347,0.008229316695224158,0.008759178051668391,0.007410792916239718,49.56268221574348,6769.33,6940.262120722302,6598.397879277698,0.7552767719467429,96.05714285714281,0.014009442414191116,0.032247380464892395,0.0038945827232796937,0.06014595831529479,80405.6,1.025351468056951,-0.045764948262691285
2021-08-11,6857.6,6901.2,6839.6,6883.4,85900.0,0.0039086427675523,0.003908642767552317,0.01605998878162529,0.04977886228458139,0.011520940484937459,6824.960000000001,0.008562687546886494,6768.4400000000005,0.01698471139583102,6773.25,0.01626250322961642,6646.126666666666,0.03570099476487054,0.005997732419606811,0.008745707488765958,0.00741514717098191,49.17200854700852,6773.25,6951.083032275524,6595.416967724476,0.809700618019435,96.67142857142848,0.01404413931653376,0.04977886228458139,0.011520940484937459,0.060943279901356284,81009.4,1.060370771786978,0.04191936344670322
2021-08-12,6872.2,6963.0,6870.0,6934.2,85681.0,0.0073800738007381,0.0073800738007381295,0.02395156526875364,0.04182817993329113,0.018387428403583428,6857.4,0.011199580015749389,6796.280000000001,0.02029345465460497,6779.51,0.022817283254984444,6653.696666666667,0.042157517450199355,0.0049485477508015435,0.008875739148165862,0.00745418751586669,54.28867582275199,6779.51,6970.936708799977,6588.083291200023,0.9040449761940906,98.02857142857134,0.014136969142593428,0.04182817993329113,0.018387428403583428,0.0700925925925926,82855.2,1.0341052824686925,-0.0025494761350407513
2021-08-13,6921.2,6961.2,6892.4,6961.0,83454.0,0.0038649015026968,0.0038649015026968048,0.0236764705882353,0.04287768921915269,0.02073435392105094,6889.6,0.01036344635392461,6824.9,0.019941684127239956,6786.58,0.025700721129051862,6662.16,0.04485632287426311,0.004930189190079886,0.008899033330878383,0.007429420380663107,65.48178613396006,6786.58,6994.016276581486,6579.143723418514,0.9204182674178589,88.75714285714282,0.012750631066964922,0.04287768921915269,0.02073435392105094,0.07868964234798237,84775.4,0.9844129311097324,-0.02599176013351856
2021-08-16,6952.0,6965.8,6894.8,6926.6,80689.0,-0.004941818704209,-0.004941818704209067,0.016703851573508732,0.026649670955119387,0.020779297335534075,6912.359999999999,0.002060077889461942,6842.88,0.012234614665170174,6793.63,0.01957274682312704,6670.596666666666,0.038377876241955544,0.00510749407235311,0.008897470964455579,0.007427393326108628,73.39479749753053,6793.63,7010.3044742450265,6576.955525754974,0.8068427890809857,81.77142857142852,0.011805420923891738,0.026649670955119387,0.020779297335534075,0.07884243972338179,83633.6,0.9647916626810277,-0.033132024828049
2021-08-17,6920.4,6927.0,6768.2,6793.0,126743.0,-0.0192879623480496,-0.019287962348049636,-0.009275734328967777,0.012731826584769568,0.0004712951780612151,6899.639999999999,-0.015455878857447591,6851.42,-0.008526699574686769,6793.789999999999,-0.00011628266402097243,6676.46,0.01745535807898202,0.008341232852299948,0.00999585849914511,0.00788274370796378,67.99877974374618,6793.789999999999,7010.457291874675,6577.122708125323,0.4981769283375361,82.64285714285714,0.012165885049736072,0.012731826584769568,0.0004712951780612151,0.05461715208346263,92493.4,1.3702923668067128,0.5707593352253715
2021-08-18,6797.0,6833.4,6759.0,6802.8,107871.0,0.001442661563374,0.0014426615633740258,-0.011709329691722004,0.00416260738641383,-0.008800559505769856,6883.5199999999995,-0.011726558504950857,6854.24,-0.007504843717173526,6790.7699999999995,0.0017715222279655052,6681.276666666668,0.01818863959632444,0.0077700736429535434,0.009680667070901336,0.0077651809167255505,62.972114366396035,6790.7699999999995,7005.034186166446,6576.5058138335535,0.5280728203234474,80.05714285714281,0.01176826348814353,0.00416260738641383,-0.008800559505769856,0.04436734317909674,96887.6,1.1133622878469485,-0.1488997419975857
2021-08-19,6784.4,6822.0,6723.4,6805.4,113786.0,0.0003821955665312,0.00038219556653129594,-0.018574601251766687,0.004932073242764234,-0.013109428927753242,6857.76,-0.007635146170178131,6857.58,-0.007609098253319679,6786.25,0.0028218824829617795,6686.023333333333,0.017854658997600525,0.0077647925505854,0.009607429748501014,0.0077652313302211595,61.86841148673205,6786.25,6994.926304356497,6577.573695643503,0.5458844622034428,81.68571428571424,0.01200307318977786,0.004932073242764234,-0.013109428927753242,0.043676962242738204,102508.6,1.1100141841757667,0.05483401470274685
2021-08-20,6778.8,6805.0,6708.2,6775.6,117454.0,-0.0043788755987891,-0.004378875598789134,-0.02663410429535984,-0.003588235294117559,-0.013453698311007511,6820.68,-0.006609311681533225,6855.139999999999,-0.011602972368179088,6781.63,-0.0008891667637426215,6689.573333333334,0.012859813680194954,0.007791050730626693,0.009614242984367114,0.007756279271268276,52.83464566929137,6781.63,6986.746666160329,6576.513333839671,0.4853010481476761,80.15714285714277,0.01183026490010372,-0.003588235294117559,-0.013453698311007511,0.03245664827964534,109308.6,1.0745174670611461,0.03223595169880311
2021-08-23,6815.2,6883.0,6814.8,6848.4,82365.0,0.0107444359171142,0.01074443591711427,-0.011289810296538083,0.0052254579614841035,0.014547717104678393,6805.039999999999,0.006371747998542343,6858.7,-0.0015017423126831853,6786.539999999999,0.009115101362402678,6694.323333333333,0.023016018049123232,0.00853901150183324,0.009101457032057288,0.007866510558177364,62.99852289512552,6786.539999999999,6993.184494113087,6579.895505886911,0.6496773486888726,83.29999999999986,0.012163425033584467,0.0052254579614841035,0.014547717104678393,0.04342261632690381,109643.8,0.7512052665084573,-0.2987467434059291
2021-08-24,6855.6,6930.0,6835.4,6922.6,75746.0,0.0108346475089073,0.010834647508907391,0.0190784631238039,0.009625762039494834,0.042183548115139136,6830.960000000001,0.013415391101689877,6865.3,0.008346321355221287,6800.55,0.01794707780988314,6699.966666666668,0.03322902103990555,0.008978145236400895,0.008458809191342316,0.007968381987382343,63.48396501457728,6800.55,7004.0171213576505,6597.08287864235,0.7999256076009038,83.95714285714277,0.012127978340095161,0.009625762039494834,0.042183548115139136,0.05142770352369386,99444.4,0.7616919605327198,-0.0803618041643902
2021-08-25,6921.6,6966.0,6890.4,6957.4,66259.0,0.0050270129720046,0.005027012972004696,0.02272593637913789,0.010750501205799567,0.06106451120939438,6861.88,0.01392038333517931,6872.7,0.01232412297932406,6820.57,0.020061373169691032,6706.35,0.037434670126074376,0.0090253150872098,0.007706019609862309,0.007980277337349762,65.95524956970742,6820.57,7000.578153031405,6640.561846968594,0.8800661183833367,85.28571428571422,0.012258273821501455,0.010750501205799567,0.06106451120939438,0.05825626673156492,91122.0,0.7271460240117644,-0.1252475378237795
2021-08-26,6964.2,6995.2,6930.4,6957.4,74855.0,0.0,0.0,0.0223352043965086,0.0033457356292001528,0.045313861594398874,6892.279999999999,0.009448252247442168,6875.0199999999995,0.01198251059633293,6835.65,0.017811034795520486,6713.363333333334,0.03635088025922406,0.008752969214746487,0.007182490546745475,0.007932531806998348,64.23146473779386,6835.65,7007.903857950495,6663.396142049504,0.8534028249021575,86.22857142857141,0.012393792426563287,0.0033457356292001528,0.045313861594398874,0.06437597527766714,83335.8,0.8982334122909962,0.12973331924719655
2021-08-27,6940.0,7016.6,6925.8,6999.2,82392.0,0.0060079914910742,0.006007991491074227,0.03300076745970837,0.005487717281999593,0.048600707137292476,6937.0,0.00896641199365722,6878.839999999999,0.017497136145047776,6851.87,0.021502159264551235,6721.800000000001,0.04126870778660452,0.008873487637924896,0.007231072066277559,0.00789157427096097,66.01374570446737,6851.87,7021.422489621129,6682.317510378871,0.934467227019827,86.07142857142857,0.012297323775778456,0.005487717281999593,0.048600707137292476,0.077960880948714,76323.4,1.0795116569754493,0.10068799679380125
2021-08-30,7027.0,7071.6,6988.2,7012.0,89400.0,0.0018287804320493,0.0018287804320493706,0.02388879154255008,0.012329281321283192,0.03930752356672795,6969.719999999999,0.0060662408245957256,6887.38,0.018093963161608606,6865.13,0.021393622553396607,6729.446666666668,0.041987602744950614,0.008660849978578522,0.006956499753730996,0.007822059812243144,64.10163339382942,6865.13,7041.430331073774,6688.829668926226,0.9165335342976219,88.57142857142864,0.012631407383261357,0.012329281321283192,0.03930752356672795,0.07001159738753593,77730.4,1.1501291643938538,0.08505680163122631
2021-08-31,7002.8,7050.8,6969.4,7038.4,85412.0,0.0037649743297203,0.0037649743297203386,0.016727819027532842,0.036125423229795395,0.049317192438427915,6992.88,0.00650947821212422,6911.92,0.018298822903042744,6881.67,0.02277499502301028,6737.676666666666,0.04463309063510024,0.004784246835373784,0.006719584539459438,0.007822339357338361,64.07555394115514,6881.67,7057.81225232042,6705.52774767958,0.944896093740451,89.98571428571442,0.012784967362712325,0.036125423229795395,0.049317192438427915,0.07545151728142274,79663.6,1.0721584261820956,-0.04460850111856818
2021-09-01,7059.4,7064.0,6919.0,7001.4,117172.0,-0.0052568765628552,-0.005256876562855228,0.006324201569551935,0.02919386135120816,0.03347799132052076,7001.6799999999985,-3.999040230329154e-05,6931.779999999999,0.010043596305710834,6893.009999999999,0.015724625381364543,6745.59,0.03792255384629062,0.005526090527135346,0.006681791567717264,0.00785067033889249,56.259314456035774,6893.009999999999,7069.331069582808,6716.688930417191,0.8073654222279303,93.70000000000014,0.013383037678178672,0.02919386135120816,0.03347799132052076,0.0727484448257898,89846.2,1.3041397410241056,0.3718447056619678
2021-09-02,6992.4,7098.4,6992.0,7090.2,99110.0,0.0126831776501843,0.01268317765018434,0.019087590191738224,0.04184911981661621,0.04698759598346136,7028.24,0.008815862861826007,6960.26,0.018668842830583898,6908.92,0.026238543795557012,6755.056666666667,0.04961369680096439,0.006228887573737136,0.007096467927107429,0.007984823623363212,60.788243152972626,6908.92,7096.340850381626,6721.499149618374,0.9836174834093365,96.38571428571439,0.013594216564513609,0.04184911981661621,0.04698759598346136,0.08708717917267172,94697.2,1.046599054671099,-0.15414945550131431
2021-09-03,7113.2,7150.8,7032.6,7090.2,109100.0,0.0,0.0,0.013001485884100994,0.04643131235610132,0.042676470588235205,7046.44,0.006210228143573193,6991.719999999999,0.014085232246142665,6923.43,0.024087771523652268,6763.176666666666,0.048353510406598854,0.005695700323735838,0.007101121379130406,0.007855624459454674,64.49326718639261,6923.43,7120.053766834243,6726.8062331657575,0.9240840328844617,99.75714285714295,0.014069721990514084,0.04643131235610132,0.042676470588235205,0.07378464334393464,100038.8,1.0905768561798022,0.10079709413782667
2021-09-06,7101.2,7135.0,7053.4,7117.4,98369.0,0.0038362810640037,0.003836281064003799,0.015031374786080853,0.03927924770749369,0.04470995772663211,7067.5199999999995,0.007057638322919502,7018.62,0.014073991753364545,6938.660000000001,0.025760017063813256,6771.933333333333,0.05101448133964692,0.00526540549018213,0.007111174886255679,0.007853507986022598,85.41484716157215,6938.660000000001,7146.093239989417,6731.226760010584,0.9308374106510567,94.24285714285725,0.01324119160688696,0.03927924770749369,0.04470995772663211,0.07970266990291264,101832.6,0.96598731643894,-0.0983593033913841
2021-09-07,7119.8,7301.4,7113.2,7291.8,118392.0,0.0245033298676484,0.02450332986764847,0.03600250056831111,0.0533325629098893,0.06347169150891108,7118.2,0.024388188025062485,7055.539999999999,0.03348574311817387,6960.42,0.04760919599679325,6784.806666666666,0.07472480178752328,0.008219178836942438,0.00865581672449655,0.008238056945927939,89.27079987150668,6960.42,7217.074456214208,6703.765543785792,1.145576166663993,102.3714285714287,0.014039253486303613,0.0533325629098893,0.06347169150891108,0.11847716047489043,108428.6,1.0918890403454438,0.20354989885024755
2021-09-08,7299.2,7341.6,7284.4,7318.8,95987.0,0.0037027894347074,0.0037027894347074763,0.04533379038478036,0.05194469198263718,0.06325362466223106,7181.68,0.01909302558732784,7091.68,0.0320262617602598,6982.1900000000005,0.04820980236859773,6799.28,0.07640809026838147,0.008233636914377458,0.008654948404966445,0.008075949860095097,89.67542503863997,6982.1900000000005,7281.633398745914,6682.746601254087,1.062059476698672,99.41428571428585,0.01358341336206562,0.05194469198263718,0.06325362466223106,0.13462730993426764,104191.6,0.9212546884777659,-0.18924420568957367
2021-09-09,7318.4,7399.6,7303.0,7393.6,93803.0,0.0102202546865606,0.010220254686560626,0.0427914586330429,0.06269583465087547,0.06625133396786942,7242.360000000001,0.020882695695878084,7135.3,0.03620029991731255,7005.159999999999,0.05545055359192386,6814.656666666667,0.08495561282862374,0.00816328256625736,0.008751514319216218,0.00814217277257606,94.65317919075144,7005.159999999999,7355.293174062124,6655.026825937874,1.054703222624485,99.37142857142875,0.013440195381333687,0.06269583465087547,0.06625133396786942,0.14257456343687225,103130.2,0.9095589846621067,-0.022753081146405285
2021-09-10,7384.6,7457.2,7373.4,7436.8,116042.0,0.0058428911491019,0.00584289114910197,0.04888437561704895,0.06252143102068808,0.06835224824019548,7311.68,0.01711234627335978,7179.06,0.03590163614735076,7028.95,0.05802431373106942,6829.926666666667,0.08885502919016197,0.008163721597580071,0.008769999053035946,0.008125038603759169,94.41425120772948,7028.95,7427.727497649314,6630.172502350686,1.0113753940532835,97.68571428571451,0.013135449963117806,0.06252143102068808,0.06835224824019548,0.14050854215869713,104518.6,1.1102521465078943,0.23708196965981898
2021-09-13,7436.8,7466.2,7377.2,7434.2,109130.0,-0.000349612736661,-0.0003496127366610091,0.04451063590637028,0.06021106674272669,0.07328270724453545,7375.039999999999,0.008021651407992492,7221.280000000001,0.029485077437794827,7054.329999999999,0.05384919616746031,6844.55,0.08614883374363536,0.00831832998203828,0.008600010708800626,0.008119816213039555,93.29722410291124,7054.329999999999,7488.7032913179555,6619.9567086820425,0.9372621516937837,97.28571428571448,0.013086238503902838,0.06021106674272669,0.07328270724453545,0.13381527574426544,106670.8,1.0230541066533672,-0.0595646403888247
2021-09-14,7403.4,7516.0,7339.6,7373.0,154010.0,-0.0082322240456269,-0.008232224045626957,0.011135796374009077,0.047539213457604035,0.085382010893567,7391.280000000001,-0.0024731846175494177,7254.74,0.01630106661300057,7083.329999999999,0.040894607479815326,6857.836666666667,0.07512038538878385,0.009448062700222129,0.007311758195920322,0.008228335520630648,83.66817887232662,7083.329999999999,7521.668475801847,6644.991524198151,0.8304181768097251,104.48571428571442,0.014171397570285424,0.047539213457604035,0.085382010893567,0.12123239757900173,113794.4,1.3534057914976485,0.41125263447264726
2021-09-15,7370.6,7446.0,7345.4,7397.2,138474.0,0.0032822460328223,0.0032822460328223446,0.010712138601956633,0.05653155083269068,0.08737578644087729,7406.960000000001,-0.0013176795878472314,7294.3200000000015,0.014104124853310251,7113.05,0.03994770175944207,6870.093333333334,0.07672481887679328,0.008813230876363643,0.007287701754318336,0.008099811889718244,84.28437792329278,7113.05,7551.904890295991,6674.195109704009,0.8237402684613486,107.0428571428573,0.014470726375230804,0.05653155083269068,0.08737578644087729,0.11039058512714273,122291.8,1.132324489458819,-0.1008765664567236
2021-09-16,7422.4,7460.6,7224.8,7239.8,175677.0,-0.0212783215270642,-0.021278321527064215,-0.02080177450768239,0.021099545852021118,0.06383166309107491,7376.2,-0.0184919064016702,7309.279999999999,-0.009505724230019719,7134.7699999999995,0.014720866965578505,6879.990000000001,0.05229804113087355,0.011796994932939321,0.009237145111110038,0.008615381438758857,65.89167767503305,7134.7699999999995,7551.97915920696,6717.5608407930395,0.6258721167575082,117.40000000000016,0.016215917566783634,0.021099545852021118,0.06383166309107491,0.08934697562443583,138666.6,1.266902051395217,0.2686641535595129
2021-09-17,7238.4,7281.0,7104.8,7175.0,149715.0,-0.0089505234951241,-0.008950523495124152,-0.03520331325301207,0.011960170376011936,0.058946809138674006,7323.839999999999,-0.02032267225936113,7317.759999999999,-0.01950870211649458,7154.74,0.0028316892018438455,6887.776666666668,0.04170044228108427,0.012306995334326314,0.00948618552252683,0.008656128623900973,60.07416563658838,7154.74,7536.271784700441,6773.208215299559,0.5265508678600753,124.02857142857154,0.017286212045793944,0.011960170376011936,0.058946809138674006,0.06965025790870327,145401.2,1.0296682558328265,-0.1477825782544101
2021-09-22,7149.0,7249.2,7107.4,7232.8,98790.0,0.0080557491289199,0.008055749128919931,-0.027091011810282173,0.01621378593306555,0.05612989895450049,7283.56,-0.006969119496510023,7329.3,-0.013166332391906455,7173.960000000001,0.008201885708869261,6896.62,0.048745617418387566,0.01247639154929185,0.00938786596906024,0.008697403624682635,61.56592099000479,7173.960000000001,7528.272347482851,6819.647652517151,0.5830340805478806,128.3428571428572,0.017744560494256333,0.01621378593306555,0.05612989895450049,0.07916803437677178,143333.2,0.6892331992866969,-0.3401462779280633
2021-09-23,7284.6,7309.2,7222.0,7268.0,91366.0,0.0048667182833757,0.004866718283375704,-0.014241150142411452,-0.0032639403165199976,0.0498945482911044,7262.56,0.0007490471679407751,7326.92,-0.008041578180190356,7191.2300000000005,0.010675503356171179,6906.806666666667,0.05229527200703443,0.009727514317578715,0.009211430393831805,0.008643736544881847,65.89554018602433,7191.2300000000005,7527.149320514013,6855.310679485988,0.6142685092993886,124.21428571428578,0.017090573158267168,-0.0032639403165199976,0.0498945482911044,0.09181588751351999,130804.4,0.6984933228545829,-0.07514930660998076
2021-09-24,7262.8,7280.6,7202.4,7226.8,101637.0,-0.0056686846450192,-0.00566868464501924,-0.02303574325420421,-0.012570366726785798,0.03872136142811988,7228.4800000000005,-0.00023241400681750513,7317.719999999999,-0.012424634995599648,7204.7,0.0030674420864158503,6916.08,0.04492718418526098,0.009752142996722326,0.009364838828631147,0.00869274967089265,58.63463969658662,7204.7,7522.242683413319,6887.15731658668,0.5347984714408214,122.20000000000014,0.016909282116566133,-0.012570366726785798,0.03872136142811988,0.08341328855840735,123437.0,0.8233916896878569,0.11241599719808248
2021-09-27,7226.6,7234.0,7008.0,7053.8,136514.0,-0.0239386727182154,-0.02393867271821548,-0.025691317439708317,-0.04595866695520456,0.013855750711472714,7191.280000000001,-0.019117597979775525,7283.740000000001,-0.031568946722425606,7209.5199999999995,-0.021599218810683607,6923.75,0.018783173858097246,0.011177534280809621,0.011011319807945005,0.00914137871841082,48.112033195020764,7209.5199999999995,7513.911476469408,6905.128523530591,0.24421097166357508,129.90000000000015,0.018415605772774978,-0.04595866695520456,0.013855750711472714,0.06979495268138791,115604.4,1.180872008331863,0.3431525920678493
2021-09-28,7048.2,7086.6,7023.8,7059.2,89638.0,0.000765544812725,0.0007655448127250608,-0.016139372822299713,-0.050774526678141196,0.008572408275231425,7168.12,-0.01519505811844668,7245.9800000000005,-0.025777051551343022,7212.5199999999995,-0.02125748004858219,6932.223333333332,0.01831687476889332,0.01075596185825728,0.010941644059896253,0.009086188330571694,46.91148376140948,7212.5199999999995,7509.270439896564,6915.769560103435,0.24166845371241763,128.557142857143,0.01821129063592801,-0.050774526678141196,0.008572408275231425,0.07760884166819304,103589.0,0.8653235382135169,-0.343378701085603
2021-09-29,6998.8,7033.4,6887.8,6923.4,127010.0,-0.0192373073436084,-0.0192373073436084,-0.04277734763853569,-0.06870947781872971,-0.012635482030804335,7106.24,-0.02572949970729954,7194.9,-0.037735062335821246,7208.089999999999,-0.03949589974597978,6937.783333333334,-0.002073188602507603,0.011455943186693324,0.011786700480570395,0.009441951659515372,29.614873837981364,7208.089999999999,7519.716807170413,6896.463192829586,0.04321965657415901,127.35714285714299,0.018395173304610886,-0.06870947781872971,-0.012635482030804335,0.050623691159063844,109233.0,1.1627438594563915,0.4169213949441086
2021-09-30,6931.4,6971.2,6906.6,6962.8,90739.0,0.0056908455383193,0.0056908455383193335,-0.041992294991744616,-0.05563542655635423,-0.010741077517617548,7045.2,-0.011695906432748537,7153.88,-0.026709981157078344,7204.31,-0.03352298832226819,6944.076666666666,0.0026963027961961483,0.01212085382112851,0.011831755513024095,0.009460006435764067,30.56768558951964,7204.31,7526.266269668422,6882.353730331579,0.12493353484197073,127.88571428571433,0.018366995215389544,-0.05563542655635423,-0.010741077517617548,0.05734070339549291,109107.6,0.8316469246871895,-0.2855759389024486
2021-10-08,7048.0,7048.8,6921.0,6957.6,97214.0,-0.0007468259895444,-0.0007468259895444529,-0.037250235235512186,-0.05942789163467255,-0.006255891678807024,6991.360000000001,-0.004828817283046516,7109.92,-0.02142358845106551,7202.120000000001,-0.03395111439409515,6949.306666666666,0.0011934044259571674,0.01185532798547802,0.011778642335586901,0.00940484726614248,24.243856332703203,7202.120000000001,7530.421104411413,6873.818895588589,0.12759796309795657,130.11428571428573,0.018701029911792243,-0.05942789163467255,-0.006255891678807024,0.04723200577982478,108223.0,0.8982748583942415,0.07135851177553199
2021-10-11,6972.2,6997.6,6917.4,6965.2,95935.0,0.0010923306887431,0.0010923306887431483,-0.012560605631007471,-0.03792922456421455,-0.017629968125017603,6973.639999999999,-0.0012102718236099985,7082.460000000001,-0.016556394247196793,7195.87,-0.03205588761331157,6954.966666666666,0.001471370579298359,0.010717295899655244,0.01138758443809153,0.009393318040168077,20.917612234829747,7195.87,7537.625967721916,6854.114032278084,0.16252235251719974,129.85714285714292,0.01864370626215226,-0.03792922456421455,-0.017629968125017603,0.05125573532963035,100107.2,0.9583226780890886,-0.013156541238916186
2021-10-12,6948.6,6969.0,6789.0,6833.8,138143.0,-0.0188652156434847,-0.018865215643484756,-0.03192996373526735,-0.047554006968641094,-0.03616259061803606,6928.56,-0.013676723590471895,7048.339999999999,-0.030438372723222695,7183.05,-0.04862140734089282,6957.369999999999,-0.01776102176540828,0.011662885852126425,0.012075980863441502,0.009659359771163823,18.05023414218813,7183.05,7559.019738423701,6807.0802615763,0.03553442696708305,136.35714285714292,0.019953341165551072,-0.047554006968641094,-0.03616259061803606,0.021555847883281576,109808.2,1.2580390171225828,0.43996455933705114
2021-10-13,6836.6,6887.2,6782.8,6859.2,123667.0,0.003716819339167,0.00371681933916701,-0.009272900597972034,-0.051653578144010615,-0.03627729226964904,6915.719999999999,-0.008172684839756306,7010.9800000000005,-0.021648899297958435,7170.139999999999,-0.04336595938154619,6958.933333333333,-0.014331698344573929,0.011203184169340418,0.012073090886608401,0.00956287140336954,21.575569816330983,7170.139999999999,7572.413394334418,6767.866605665581,0.11352154482591922,131.21428571428578,0.019129677763337676,-0.051653578144010615,-0.03627729226964904,0.013864664321399989,109139.6,1.1331084226073762,-0.10478996402278795
2021-10-14,6854.6,6908.6,6830.2,6885.4,116779.0,0.0038196874271052,0.003819687427105256,-0.011116217613603818,-0.05264171711612553,-0.05573383800981935,6900.24,-0.0021506498324695977,6972.719999999999,-0.012523089984969982,7149.82,-0.03698274921606415,6959.8566666666675,-0.010698017248439662,0.011102754389829696,0.010484907844118234,0.009497079338519957,21.74873040406264,7149.82,7566.998773239923,6732.641226760076,0.18308550558979467,129.62857142857152,0.018826585445808744,-0.05264171711612553,-0.05573383800981935,0.008111273792093643,114347.6,1.021263235957729,-0.05569796307826669
2021-10-15,6886.4,6942.0,6857.6,6938.6,106246.0,0.0077264937403782,0.00772649374037826,-0.002730826721858093,-0.03987933801959376,-0.051948406842651784,6896.4400000000005,0.006113299035444442,6943.9,-0.000763259839571373,7130.8099999999995,-0.02695486207036779,6962.083333333333,-0.003373032497456352,0.011841762866211521,0.010653709395355985,0.009532758800649783,31.212574850299404,7130.8099999999995,7550.2113673645235,6711.408632635475,0.270851963111342,118.81428571428576,0.017123668422201272,-0.03987933801959376,-0.051948406842651784,0.019632623071271116,116154.0,0.9146994507292043,-0.09019601126914945
2021-10-18,6932.4,6945.6,6867.6,6925.2,89392.0,-0.0019312253192287,-0.0019312253192287354,-0.005742835812324154,-0.018231307947489395,-0.06335208829257744,6888.44,0.005336476763969866,6931.039999999999,-0.0008425863939609535,7107.390000000001,-0.025633882480066705,6964.02,-0.005574366529676911,0.009546600326716802,0.010221252745540418,0.009537324594192459,33.3511063716342,7107.390000000001,7517.206420517996,6697.573579482007,0.27771754512701174,111.80000000000005,0.01614393808121066,-0.018231307947489395,-0.06335208829257744,0.017065648406520806,114845.4,0.778368136642826,-0.15863185437569416
2021-10-19,6912.6,6995.2,6906.2,6974.6,71291.0,0.0071333679893721,0.007133367989372141,0.02060347098246962,-0.011984360834088825,-0.06215038726333899,6916.6,0.00838562299395651,6922.58,0.007514539376937579,7084.280000000001,-0.015482166148147791,6966.603333333333,0.001147857325018986,0.009940750353929481,0.010285327509216033,0.00957660417138023,32.59638716635213,7084.280000000001,7467.1228046241695,6701.437195375832,0.3567558294484971,108.02857142857147,0.01548885547967933,-0.011984360834088825,-0.06215038726333899,0.02272860578333047,101475.0,0.7025474254742547,-0.2024901557186325
2021-10-20,6938.0,7021.8,6934.4,6976.8,77051.0,0.0003154302755712,0.00031543027557123793,0.017144856543037212,0.007712973394575107,-0.061526458798525696,6940.12,0.005285211206722762,6927.92,0.007055508724119308,7061.410000000001,-0.011982026252547406,6969.79,0.0010057691838636362,0.007648729621809958,0.010295935446449616,0.009550305917816158,29.458239277652396,7061.410000000001,7409.290232868904,6713.529767131097,0.37839205564766115,108.04285714285723,0.015486018968991117,0.007712973394575107,-0.061526458798525696,0.02817731667059653,92151.8,0.836131252997771,0.08079561234938493
2021-10-21,6980.4,7003.2,6911.6,6953.6,74534.0,-0.0033253067308794,-0.003325306730879496,0.009905016411537515,-0.0013213075199631774,-0.05688322256883216,6953.76,-2.3009134626383876e-05,6927.0,0.003840046196044611,7040.4400000000005,-0.012334456369204272,6972.52,-0.0027135096062829156,0.0075381193299756425,0.010225908547328043,0.00956309725221319,30.225825130283738,7040.4400000000005,7358.5224017698265,6722.3575982301745,0.363494491495257,109.0,0.015675333640128852,-0.0013213075199631774,-0.05688322256883216,0.024124421927008255,83702.8,0.890460056294413,-0.03266667531894463
2021-10-22,6954.6,6972.0,6896.8,6912.6,79763.0,-0.0058962264150943,-0.005896226415094352,-0.00374715360447353,-0.006467747499137588,-0.065511274536311,6948.56,-0.0051751729854818684,6922.5,-0.001430119176597966,7016.210000000001,-0.014767231881600007,6973.343333333333,-0.008710790567699855,0.0077593602384828046,0.010140694638533223,0.009499110779600016,37.36578382247675,7016.210000000001,7290.709152716323,6741.710847283679,0.3112744630088619,98.22857142857141,0.014210076010266963,-0.006467747499137588,-0.065511274536311,0.007197808602401379,78406.2,1.0173047539607838,0.07015590200445443
2021-10-25,6910.4,6970.0,6887.2,6961.0,66553.0,0.0070017070277463,0.007001707027746384,0.005169525789868956,-0.000602997760294044,-0.03850935108704667,6955.719999999999,0.0007590874848326656,6922.08,0.005622587430367698,7002.270000000001,-0.005893803009595633,6974.429999999999,-0.0019256053899744385,0.008120971980687463,0.009455186389333549,0.009521956329924716,41.841143236955816,7002.270000000001,7256.530811807341,6748.009188192662,0.4188431758188659,99.65714285714284,0.014316498040100968,-0.000602997760294044,-0.03850935108704667,0.00945503059833519,73838.4,0.9013331816507401,-0.16561563632260567
2021-10-26,6989.0,7020.6,6926.8,6962.8,74264.0,0.0002585835368482,0.00025858353684826696,-0.0016918532962464372,0.018876759635927387,-0.029574912891985994,6953.360000000001,0.0013576170369431484,6934.9800000000005,0.004011547257526393,6991.660000000001,-0.004127775092038322,6976.01,-0.0018936326066046894,0.00474124603901548,0.009317965879514216,0.009505724703602104,54.21120136810609,6991.660000000001,7232.951022364199,6750.368977635802,0.44019669750406204,94.11428571428574,0.0135167297228537,0.018876759635927387,-0.029574912891985994,0.013803145020384378,74433.0,0.997729501699515,0.11586254564031684
2021-10-27,6941.2,6961.6,6864.0,6895.6,71772.0,-0.0096512897110357,-0.009651289711035793,-0.01163857355807818,0.005306741310940222,-0.046620949010065194,6937.12,-0.0059851927024470175,6938.62,-0.0062000801312075415,6974.8,-0.011355164305786536,6978.433333333333,-0.011869903942145488,0.005907551782985398,0.00920696513145948,0.009320190069077236,43.22033898305085,6974.8,7190.960408273903,6758.639591726097,0.3168027146311567,96.55714285714294,0.01400271808938206,0.005306741310940222,-0.046620949010065194,0.021540102515481108,73377.2,0.9781239949194028,-0.0335559625121189
2021-10-28,6875.0,6896.6,6816.0,6846.0,83395.0,-0.0071929926329834,-0.007192992632983453,-0.015473999079613443,-0.005722252882911616,-0.05806274078150797,6915.6,-0.010064202672219413,6934.68,-0.012787900811573216,6953.7,-0.015488157383838796,6981.826666666666,-0.019454316635379,0.0062460675962688565,0.009104222678892743,0.009125787424456832,39.666666666666636,6953.7,7127.611217518673,6779.788782481327,0.1903592489988863,93.18571428571438,0.013611702349651532,-0.005722252882911616,-0.05806274078150797,0.030651571721064697,75149.4,1.1097227655842896,0.1619433762470044
2021-10-29,6849.2,6920.2,6819.0,6918.2,80009.0,0.0105463044113349,0.010546304411334972,0.0008101148627144283,-0.0029400743665870532,-0.0427021641667128,6916.719999999999,0.00021397425369262812,6932.640000000001,-0.0020829005977522908,6938.270000000001,-0.0028926519146705854,6987.846666666666,-0.009966828121586335,0.0067080995289006,0.009559658910621039,0.009043058322658334,46.11313264968575,6938.270000000001,7055.769582977479,6820.770417022523,0.41459544156914796,94.68571428571431,0.013686466752293127,-0.0029400743665870532,-0.0427021641667128,0.055086167454628576,75198.6,1.0639692760237556,-0.04060195455363036
2021-11-01,6913.2,6974.6,6893.8,6949.6,70911.0,0.0045387528547888,0.004538752854788886,-0.0016376957333715803,0.0035233639461675903,-0.014772179534435326,6914.44,0.00508501049976573,6935.08,0.002093703317048945,6933.0599999999995,0.0023856709735674553,6992.743333333333,-0.0061697292860264374,0.006841212190169702,0.008159580247647522,0.008864542961245716,61.47443519619499,6933.0599999999995,7037.505934641036,6828.614065358963,0.5791797213402613,87.60000000000004,0.012605042016806726,0.0035233639461675903,-0.014772179534435326,0.04414195138075061,76070.2,0.9321784351822396,-0.1137122073766701
2021-11-02,6953.4,7000.0,6828.2,6900.0,96206.0,-0.0071371014159088,-0.007137101415908842,-0.009019360027575085,-0.010695953889828913,-0.022552130553037175,6901.88,-0.0002723895518322861,6927.62,-0.003986939237429321,6925.1,-0.003624496397164001,6996.496666666667,-0.013792140733290825,0.006762226060921026,0.008274793788388824,0.00891819626695422,53.85779122541603,6925.1,7011.832450066971,6838.367549933029,0.35530213904588637,92.4142857142858,0.01339337474120084,-0.010695953889828913,-0.022552130553037175,0.03373883861688731,80458.6,1.1957205320500233,0.3567147551155674
2021-11-03,6902.2,6955.0,6882.6,6918.8,86145.0,0.0027246376811593,0.002724637681159381,0.0033644642960728444,-0.008313266827198684,-0.0006644134384838907,6906.520000000001,0.0017780300353866796,6921.8200000000015,-0.0004363014351718153,6924.870000000001,-0.0008765507511333537,6999.363333333333,-0.011510094489546319,0.006858673970211255,0.007118678330950252,0.008822214221486121,53.202915228231724,6924.870000000001,7011.6458176348615,6838.09418236514,0.4650248181726028,91.9857142857143,0.013295038776336112,-0.008313266827198684,-0.0006644134384838907,0.025493567320803878,83333.2,1.0337416539866464,-0.10457767706795829
2021-11-04,6943.4,6979.8,6928.0,6970.6,67711.0,0.0074868474301901,0.0074868474301901244,0.018200408997955053,0.0024447768062585418,0.0011202389843167904,6931.4400000000005,0.005649619703842257,6923.5199999999995,0.006800009243852934,6925.26,0.0065470466090804535,7003.746666666667,-0.004732704971243895,0.007259205122523458,0.007205167993662044,0.008829095375446667,53.07692307692306,6925.26,7012.820154359512,6837.699845640488,0.7589077208215007,90.31428571428576,0.012956457939673163,0.0024447768062585418,0.0011202389843167904,0.03920925517323637,80196.4,0.8443147073933494,-0.21398804341517208
2021-11-05,6964.0,6984.2,6910.6,6922.2,80546.0,-0.0069434481967119,-0.006943448196711999,0.000578185077043214,0.0013887683360818137,-0.005087961365988325,6932.240000000001,-0.0014483053096835397,6924.4800000000005,-0.00032926660196874735,6923.49,-0.00018632221610781485,7006.206666666667,-0.011990320963031875,0.007364796133273373,0.007373883163401711,0.008797051925145405,49.72972972972973,6923.49,7009.718628778008,6837.261371221992,0.4925198856906271,90.0,0.013001646875270868,0.0013887683360818137,-0.005087961365988325,0.021787264192719702,80303.8,1.0030160465631763,0.18955561134822996
2021-11-08,6917.6,6958.6,6892.6,6941.4,75974.0,0.0027736846667243,0.002773684666724341,-0.0011799240244043663,-0.0028156874012355004,-0.0034169873083328417,6930.6,0.0015583066401176904,6922.5199999999995,0.0027273305096988665,6922.3,0.002759198532279683,7009.03,-0.009648981385441346,0.0070429147541934654,0.007399281857352202,0.008801741960879184,46.83689024390238,6922.3,7006.743391190031,6837.85660880997,0.6130935158502636,88.35714285714286,0.012729008968960565,-0.0028156874012355004,-0.0034169873083328417,0.025014766686355605,81316.4,0.9343010757977481,-0.056762595287165096
2021-11-09,6959.8,6998.0,6939.4,6979.6,75373.0,0.0055032126084075,0.005503212608407582,0.011536231884057946,0.002412822427758865,0.021335128332699238,6946.5199999999995,0.004762096704536978,6924.2,0.008000924294503386,6929.589999999999,0.007216877188982451,7012.0233333333335,-0.004623962555743488,0.007277169307016697,0.006035003503811589,0.008813217802173864,50.24964336661914,6929.589999999999,7006.721354808657,6852.458645191341,0.8241872266088301,86.29999999999998,0.012364605421514123,0.002412822427758865,0.021335128332699238,0.026411764705882357,77149.8,0.9769694801541935,-0.007910600995077233
2021-11-10,6970.2,6975.8,6861.4,6954.6,95716.0,-0.0035818671557109,-0.0035818671557109605,0.005174307683413426,0.008556180752943954,0.013908327501749529,6953.68,0.00013230404620290237,6930.1,0.0035353025208870736,6934.360000000001,0.0029187985625205304,7014.386666666667,-0.00852343469326855,0.0065777252439845136,0.006087192503644638,0.008826628425337327,50.088873089228585,6934.360000000001,7004.659521596693,6864.0604784033085,0.6439554604376722,88.20000000000007,0.012682253472521793,0.008556180752943954,0.013908327501749529,0.0208137623297322,79064.0,1.2106141859759183,0.26989770872858987
2021-11-11,6946.0,7014.2,6944.2,7009.2,77159.0,0.0078509188163229,0.007850918816322938,0.005537543396551214,0.023838737949167355,0.01798007377930122,6961.4,0.006866434912517594,6946.42,0.009037748941181256,6940.550000000001,0.009891146955212315,7016.929999999999,-0.0011016213643287864,0.006239955711367812,0.006259925838112457,0.00884502845609489,58.38250607427969,6940.550000000001,7014.409368503059,6866.690631496943,0.9647345447934352,87.82857142857152,0.012530470157588815,0.023838737949167355,0.01798007377930122,0.022255928594346885,80953.6,0.9531262352755158,-0.19387563207823144
2021-11-12,7018.4,7070.6,7012.8,7060.4,66818.0,0.0073046852707869,0.007304685270786981,0.019964751090693733,0.020554479488884336,0.01755397342403353,6989.039999999999,0.010210272083147398,6960.639999999999,0.014332015446855584,6946.640000000001,0.016376262480853887,7019.88,0.0057721784417965605,0.005839729248181572,0.0062364180658453835,0.008878627371956995,58.58376511226246,6946.640000000001,7037.866367378866,6855.4136326211365,1.1235039455618738,86.30000000000011,0.012223103506883479,0.020554479488884336,0.01755397342403353,0.02571403666792582,78208.0,0.8543627250409165,-0.1340219546650423
2021-11-15,7074.8,7090.6,6982.6,7008.0,80615.0,-0.0074216758257321,-0.007421675825732166,0.009594606275391104,0.008403361344537785,0.011956333391093477,7002.360000000001,0.0008054427364487804,6966.4800000000005,0.005959968305370822,6950.780000000001,0.008232169627005792,7021.11,-0.0018672261223652287,0.0064651554874141795,0.006483058803526933,0.008888782421406245,53.589580686149915,6950.780000000001,7045.36304287704,6856.196957122961,0.8024855104016204,87.31428571428582,0.01245923026744946,0.008403361344537785,0.011956333391093477,0.010642900406679923,79136.2,1.018686770403431,0.2064862761531323
2021-11-16,6993.8,7030.0,6943.2,6956.0,79853.0,-0.0074200913242009,-0.007420091324200961,-0.003381282594991153,0.008115942028985579,-0.0026668196025578794,6997.639999999999,-0.005950577623312969,6972.08,-0.002306341866415762,6949.85,0.0008849111851334523,7021.026666666667,-0.00926170341659438,0.006504529381852664,0.006529436392804838,0.008929552097951876,54.915364583333286,6949.85,7043.810607646789,6855.889392353211,0.5327264805646976,86.45714285714295,0.012429146471699678,0.008115942028985579,-0.0026668196025578794,-0.0007182876023560381,80032.2,0.997760901237252,-0.009452335173354864
2021-11-17,6959.6,6998.6,6941.6,6993.2,71466.0,0.0053479010925818,0.005347901092581875,0.005550283265752132,0.010753309822512547,0.0023506478614836457,7005.359999999999,-0.0017358137197801549,6979.5199999999995,0.0019600201733069866,6950.67,0.00611883458716922,7022.136666666667,-0.004120778053783303,0.006640999480958467,0.006642809674550915,0.008931308326629793,62.22591362126242,6950.67,7045.898591460018,6855.441408539982,0.7233047835106126,84.77142857142864,0.01212197971907405,0.010753309822512547,0.0023506478614836457,0.009615106978892785,75182.2,0.9505707467991094,-0.10503049353186478
2021-11-18,6997.6,7020.2,6941.6,6975.6,99042.0,-0.002516730538237,-0.0025167305382370886,-0.004793699708953825,0.0007172983674288425,0.0031638288080995114,6998.640000000001,-0.003292068173245233,6980.0199999999995,-0.0006332360079196464,6951.7699999999995,0.0034279039726574645,7025.180000000001,-0.007057470413569633,0.006315834534047395,0.006623051105338366,0.008566072354979451,55.2429667519182,6951.7699999999995,7047.647138485097,6855.8928615149025,0.6242736296500179,83.15714285714292,0.01192114554405971,0.0007172983674288425,0.0031638288080995114,0.026880612395112635,79558.8,1.2448905715018326,0.3858618084123919
2021-11-19,6975.0,7085.2,6974.0,7081.2,95068.0,0.0151384827111644,0.01513848271116447,0.0029460087247181743,0.022969576146311788,0.024390243902439046,7002.8,0.011195521791283358,6995.92,0.012189962149367073,6960.2,0.017384557915002485,7029.819999999999,0.007308864238344759,0.007357907509969694,0.007248211828404652,0.008772202490288615,60.58558558558555,6960.2,7070.186180949604,6850.213819050396,1.0500691039333494,85.32857142857145,0.012050015735831702,0.022969576146311788,0.024390243902439046,0.040924325277826634,85208.8,1.1157063589676184,-0.04012439167221982
2021-11-22,7096.8,7146.4,7086.0,7118.6,65782.0,0.0052815906908434,0.005281590690843441,0.015781963470319793,0.02552799147146123,0.02264042522626064,7024.92,0.013335383178740834,7013.640000000001,0.014965125099092536,6968.08,0.02160135934145413,7035.04,0.01187768655188881,0.007418419618698265,0.007186066834205668,0.008791912174616435,67.93567443386942,6968.08,7098.914239844423,6837.245760155577,1.0752316831549074,77.71428571428571,0.010917074384610134,0.02552799147146123,0.02264042522626064,0.04602227642754286,82242.2,0.7998570077162332,-0.3080531829848109
2021-11-23,7120.4,7158.6,7117.8,7133.0,53586.0,0.0020228696653836,0.0020228696653836753,0.025445658424381845,0.021978336867442216,0.024444189119319892,7060.32,0.010294150973326976,7028.9800000000005,0.0147987332443682,6976.590000000001,0.022419262132359563,7040.996666666667,0.013066805409650772,0.007345688240479512,0.007185447841339327,0.008766951500642255,67.70247933884298,6976.590000000001,7126.699376262721,6826.480623737281,1.020986776090029,75.4571428571429,0.010578598465882924,0.021978336867442216,0.024444189119319892,0.05274809610956965,76988.8,0.6960233176773765,-0.185400261469703
2021-11-24,7135.2,7156.4,7112.4,7127.8,55212.0,-0.000729006028319,-0.0007290060283190458,0.019247268775381743,0.024904379834929324,0.03367364696328101,7087.24,0.0057229612655984585,7046.3,0.011566353973007093,6988.2,0.019976531868006075,7045.653333333334,0.011659197916824349,0.007148923441581871,0.006737126661931027,0.00867310160507549,64.0759312320917,6988.2,7147.567275251004,6828.832724748996,0.9379820128697378,74.24285714285718,0.010415956837012427,0.024904379834929324,0.03367364696328101,0.04079785059283925,73738.0,0.7487591201280208,0.03034374650095173
2021-11-25,7118.2,7135.0,7103.4,7120.4,48617.0,-0.0010381885013609,-0.0010381885013609482,0.02075807099030902,0.015864863322490486,0.04008179959100189,7116.2,0.0005902026362383239,7057.42,0.008923941043610828,7001.92,0.01692107307709878,7048.95,0.010136261429007032,0.006957793461875714,0.006444774622897447,0.008572906848449706,69.15345960572094,7001.92,7156.928585160821,6846.911414839179,0.8821723805719435,71.24285714285725,0.010005457157302574,0.015864863322490486,0.04008179959100189,0.028573079478808383,63653.0,0.7637817541985452,-0.11944867057885966
2021-11-26,7094.2,7133.4,7064.8,7097.0,64965.0,-0.0032863322285264,-0.0032863322285264784,0.002231260238377608,0.005183842275225281,0.025844872943829422,7119.360000000001,-0.0031407317511686905,7061.08,0.005087040509383911,7010.859999999999,0.012286652422099698,7051.276666666668,0.006484404951727196,0.006796649184574795,0.006216002929174811,0.008565775153704816,64.9156441717792,7010.859999999999,7166.162142188366,6855.557857811632,0.777330366427018,71.42857142857149,0.010064614827190572,0.005183842275225281,0.025844872943829422,0.020064966797941786,57632.4,1.1272305161679887,0.3362609786700126
2021-11-29,7058.0,7117.2,7056.4,7116.2,70696.0,0.0027053684655486,0.0027053684655486965,-0.00033714494423064956,0.015439497716895012,0.023972602739726012,7118.88,-0.0003764637133931714,7071.9,0.00626422884938993,7019.1900000000005,0.013820683013282098,7053.923333333333,0.008828656582128946,0.0062078596777984316,0.006179056904492633,0.008570927617976093,63.58933545563073,7019.1900000000005,7178.477914101546,6859.902085898455,0.8045114896104287,71.58571428571433,0.01005954221153345,0.015439497716895012,0.023972602739726012,0.022824618391928064,58615.2,1.206103536284104,0.08821673208650815
2021-11-30,7134.0,7157.2,7082.0,7119.4,72292.0,0.0004496781990388,0.00044967819903884987,-0.001906631150988436,0.023490511788384127,0.03179710144927528,7116.160000000001,0.000455301735767355,7088.24,0.004396013678995114,7030.160000000001,0.012693878944433523,7055.926666666666,0.008995747310299063,0.005389117726245698,0.005864980875959623,0.008539403507644698,67.13810316139768,7030.160000000001,7185.04468239945,6875.275317600552,0.7880852987445462,68.5142857142857,0.009623603915257706,0.023490511788384127,0.03179710144927528,0.01717339124471362,62356.4,1.1593356896806102,0.022575534683716203
2021-12-01,7123.6,7166.4,7098.0,7163.2,68211.0,0.006152203837402,0.006152203837402004,0.00496646931732081,0.024309329062517815,0.035324044632017104,7123.24,0.0056098067733223456,7105.240000000001,0.00815735992028399,7042.38,0.017156131875871505,7058.446666666667,0.014840847891934628,0.005444752491412448,0.00594957516076591,0.008570536660038148,66.38297872340432,7042.38,7198.828095983025,6885.931904016975,0.8861344532218173,68.39999999999996,0.009548805003350452,0.024309329062517815,0.035324044632017104,0.02156303479749,64956.2,1.05010761097478,-0.056451612903225756
2021-12-02,7148.2,7156.6,7084.8,7107.4,81183.0,-0.0077898146079964,-0.007789814607996437,-0.00182574012695913,0.018894432020184482,0.01962528333285496,7120.639999999999,-0.0018593834262088382,7118.42,-0.0015480963472231934,7049.219999999999,0.008253395411123465,7059.596666666666,0.006771397232797627,0.006181291415343451,0.006152028519080948,0.00862311450274125,54.95153813737886,7049.219999999999,7204.411258570555,6894.0287414294435,0.6874461246589783,69.61428571428561,0.009794620496142839,0.018894432020184482,0.01962528333285496,0.00980336440100027,71469.4,1.135912712293653,0.1901746052689448
2021-12-03,7108.2,7171.2,7096.2,7171.2,75346.0,0.0089765596420632,0.008976559642063231,0.01045512188248554,0.012709710218607118,0.03597122302158273,7135.4800000000005,0.00500597016598725,7127.42,0.006142475117223212,7061.67,0.015510495392732748,7062.426666666666,0.0154016938464967,0.004885168260765308,0.006101205084508848,0.008666145962085817,66.79012345679014,7061.67,7213.878680850291,6909.461319149709,0.8598020802365768,67.25714285714275,0.009378784981194606,0.012709710218607118,0.03597122302158273,0.024252292398663222,73545.6,1.024480050472088,-0.07189928926006672
2021-12-06,7176.6,7178.4,7092.4,7096.6,78964.0,-0.0104027219991074,-0.010402721999107412,-0.0027542789691126224,-0.0030904953221139175,0.02235860201112172,7131.56,-0.004902153245573193,7125.219999999999,-0.004016718080283699,7069.43,0.0038433084421234387,7062.533333333334,0.004823576053918366,0.005873524112333036,0.00667352368718401,0.00862559009982422,63.82225717656319,7069.43,7211.294592221544,6927.565407778457,0.595760328826695,67.19999999999989,0.00946932333793646,-0.0030904953221139175,0.02235860201112172,0.0009026543680010768,75199.2,1.050064362386834,0.04801847476972898
2021-12-07,7115.4,7124.4,7014.8,7059.2,97964.0,-0.0052701293577206,-0.005270129357720643,-0.008455768744557113,-0.010346277863451547,0.011404665023783567,7119.5199999999995,-0.008472481290873524,7117.839999999999,-0.008238454362559322,7073.410000000001,-0.0020089320426782686,7062.016666666666,-0.00039884735474515765,0.006005189084746202,0.006736228913291682,0.008652915643827287,56.48584905660378,7073.410000000001,7208.990496966798,6937.829503033204,0.44759570765004314,70.9571428571427,0.010051725812718538,-0.010346277863451547,0.011404665023783567,-0.004372232095004369,80333.6,1.219464831652011,0.24061597690086622
2021-12-08,7073.2,7151.6,7067.4,7149.4,84388.0,0.0127776518585676,0.012777651858567607,-0.0019265132901497006,0.0030303880580262454,0.02801023782819989,7116.76,0.004586356712886097,7120.0,0.004129213483146099,7083.15,0.00935318325886092,7062.55,0.012297258072509143,0.007428890138181137,0.007181681861373004,0.008796540788895175,64.94668042655653,7083.15,7210.533507153024,6955.766492846975,0.760041513539168,71.94285714285706,0.010062782491238015,0.0030303880580262454,0.02801023782819989,0.004496023828926221,83569.0,1.0098002847946008,-0.138581519741946
2021-12-09,7138.4,7199.8,7136.4,7175.6,81946.0,0.003664643186841,0.00366464318684101,0.009595632720826197,0.007752373462165174,0.023740227130057745,7130.4,0.006339055312465147,7125.5199999999995,0.007028258990221081,7091.469999999999,0.011863548742362395,7060.613333333333,0.016285648461134672,0.007481503984014661,0.007043654525078252,0.008208979556331897,59.402390438247046,7091.469999999999,7220.245694012062,6962.694305987937,0.8266532579980523,68.5285714285714,0.009550221783345142,0.007752373462165174,0.023740227130057745,-0.015935708604185472,83721.6,0.9787916141115315,-0.028937763663080096
2021-12-10,7158.0,7209.2,7154.0,7200.6,80477.0,0.0034840292101008,0.0034840292101008252,0.004099732262383027,0.014597717345357308,0.01985723188487909,7136.280000000001,0.009013099261800273,7135.88,0.009069659243148731,7098.4800000000005,0.014386178449470766,7058.643333333334,0.02011104116796747,0.007376458333143428,0.006920023494225567,0.008207249619771581,58.374183006535944,7098.4800000000005,7235.155806968143,6961.804193031858,0.8735847706529462,67.81428571428569,0.0094178659714865,0.014597717345357308,0.01985723188487909,-0.016150188555500877,84747.8,0.9496057714772537,-0.01792643936250704
2021-12-13,7210.2,7240.4,7187.6,7206.0,88271.0,0.0007499375052077,0.0007499375052077983,0.015415832934080997,0.01261909446052667,0.028253424657534332,7158.160000000001,0.006683281737206004,7144.860000000001,0.008557200560962652,7108.38,0.013733086863673583,7055.516666666666,0.02132846401515609,0.007366122045037321,0.006631439172911413,0.008092979886070896,57.5946733250104,7108.38,7246.140304418762,6970.619695581238,0.8543110637417585,68.67142857142848,0.009529756948574587,0.01261909446052667,0.028253424657534332,-0.025373295823414854,86609.2,1.0191873380657022,0.09684754650396998
2021-12-14,7199.0,7224.4,7189.8,7204.2,80750.0,-0.0002497918401332,-0.0002497918401332955,0.02054057116953767,0.011911116105289832,0.035681426106958014,7187.160000000001,0.0023708947623259924,7153.339999999999,0.00710996541475728,7120.789999999999,0.011713587958639637,7051.64,0.0216346835629726,0.007378185375214493,0.006314924938955108,0.008051490446178432,58.005029337803805,7120.789999999999,7244.782086334365,6996.797913665633,0.8363521111140569,67.99999999999987,0.00943893839704615,0.011911116105289832,0.035681426106958014,-0.03127689328743555,83166.4,0.9709449970180266,-0.08520352097517869
2021-12-15,7195.2,7223.8,7176.6,7186.4,99839.0,-0.0024707809333445,-0.0024707809333445185,0.005175259462332438,0.0032387759660486015,0.027626837499284962,7194.56,-0.0011341902770983792,7155.660000000001,0.004295900028788324,7130.45,0.007846629595607446,7047.509999999999,0.019707669801107164,0.007238883735109357,0.0063240012489509155,0.008055486263425981,56.767842493847404,7130.45,7242.075152795891,7018.824847204109,0.7506155584051272,69.11428571428554,0.0096173724972567,0.0032387759660486015,0.027626837499284962,-0.033332436576901325,86256.6,1.1574650519496479,0.23639628482972141
2021-12-16,7223.2,7248.8,7205.0,7246.4,113374.0,0.008349103862852,0.008349103862852036,0.009866770723005569,0.01955708135183043,0.038821033316130515,7208.719999999999,0.0052270028521013145,7169.56,0.0107175335724925,7143.99,0.01433512644894508,7045.4,0.02852925312970167,0.00701897216255713,0.006437119409628688,0.008071276626706892,64.25028615032426,7143.99,7241.3067135527335,7046.673286447266,1.0261686110295236,68.67142857142848,0.009476626817651315,0.01955708135183043,0.038821033316130515,-0.017170758171707656,92542.2,1.225105951663133,0.13556826490649954
2021-12-17,7237.4,7246.2,7184.2,7208.4,102989.0,-0.0052439832192536,-0.005243983219253678,0.0010832430630780543,0.00518741633199471,0.01796305710896462,7210.280000000001,-0.00026073883399824194,7173.280000000001,0.004895947181763338,7150.35,0.008118483710587432,7042.253333333332,0.023592827295808805,0.006878798273650766,0.005818983735842152,0.008082966772408082,58.48987108655614,7150.35,7247.012353200085,7053.6876467999155,0.8002720194481479,68.77142857142846,0.00954045676869048,0.00518741633199471,0.01796305710896462,-0.025523170929540928,97044.6,1.0612543098740166,-0.09159948489071568
2021-12-20,7185.4,7210.2,7106.6,7132.4,84238.0,-0.0105432550912824,-0.0105432550912824,-0.010213710796558528,0.005044669278245761,0.0019385834293259574,7195.56,-0.008777635097198977,7176.859999999999,-0.006194909751618294,7151.039999999999,-0.0026066138631583025,7040.463333333333,0.013058326180237056,0.006903733743962332,0.006252534718927665,0.007723786568418953,51.05553751217928,7151.039999999999,7246.942107983357,7055.137892016641,0.40281756891499204,70.79999999999986,0.00992653244349726,0.005044669278245761,0.0019385834293259574,-0.014834663940992865,96238.0,0.8753091294499055,-0.18206798784336187
2021-12-21,7135.0,7201.6,7123.4,7170.8,68505.0,0.0053838820032527,0.005383882003252793,-0.004636184447960878,0.01580915684496831,0.0052993130520118115,7188.88,-0.0025149953817562576,7188.0199999999995,-0.00239565276668674,7152.9299999999985,0.0024982769298738106,7040.3933333333325,0.01852263936011167,0.006729980659844734,0.006350894034549528,0.0076706591129215755,50.622542595019695,7152.9299999999985,7248.825054479081,7057.034945520916,0.5931747736996161,71.49999999999993,0.009970993473531534,0.01580915684496831,0.0052993130520118115,-0.0005853658536585371,93789.0,0.7304161468828967,-0.18676844179586405
2021-12-22,7180.4,7212.2,7172.0,7196.2,50739.0,0.0035421431360516,0.003542143136051612,0.00136368696426592,0.006546003860463889,0.009596228850416555,7190.839999999999,0.0007453927496650081,7192.7,0.0004866044739806341,7156.35,0.005568481139128112,7039.783333333334,0.022218960337320848,0.005555320344362989,0.006386767161220131,0.007612420672324805,57.6551724137931,7156.35,7253.343966170819,7059.356033829182,0.7054251494872299,68.85714285714279,0.009568542127392624,0.006546003860463889,0.009596228850416555,-0.005060280942373652,83969.0,0.6042587145255988,-0.25933873439894894
2021-12-23,7193.0,7259.8,7182.6,7240.6,60355.0,0.0061699230149245,0.006169923014924583,-0.0008003974387280621,0.009058475946262412,0.016881074096960935,7189.68,0.007082373624417215,7199.2,0.00575063895988448,7162.360000000001,0.010923773728212405,7039.326666666666,0.02859269683937593,0.005758326839140068,0.006497984960784603,0.007628546350361011,56.18979664645027,7162.360000000001,7264.722048887726,7059.997951112276,0.8821728895140459,69.01428571428563,0.009531569996172365,0.009058475946262412,0.016881074096960935,-0.0037699504678040396,73365.2,0.822665241831277,0.18951891050276903
2021-12-24,7232.6,7241.6,7172.0,7210.2,70552.0,-0.0041985470817336,-0.004198547081733617,0.0002497086732144993,0.0013332222314805797,0.015950401578131546,7190.039999999999,0.0028038786988668907,7200.160000000001,0.0013944134574785938,7168.0199999999995,0.005884470188420199,7039.05,0.02431436060263814,0.005888819845731595,0.006531715614389986,0.007612486213551791,60.9992254066614,7168.0199999999995,7267.647170252359,7068.3928297476405,0.7116892404609952,67.84285714285708,0.009409289221222307,0.0013332222314805797,0.015950401578131546,-0.0022970055903027697,66877.8,1.0549390081611536,0.1689503769364593
2021-12-27,7198.6,7247.4,7191.6,7204.8,64702.0,-0.0007489390030789,-0.00074893900307893,0.010150860860299593,-0.00016652789342208596,0.012450465135887212,7204.5199999999995,3.8864490625512005e-05,7200.039999999999,0.0006611074382920634,7172.45,0.004510313770050622,7041.566666666667,0.023181394291990065,0.005890895873985085,0.00652467621962012,0.006935581788549179,65.02890173410404,7172.45,7270.237557059423,7074.6624429405765,0.6654095928602757,63.999999999999936,0.008882966910948248,-0.00016652789342208596,0.012450465135887212,0.021406901244719112,62970.6,1.0274953708556056,-0.08291756434969955
2021-12-28,7218.2,7220.4,7167.6,7212.6,61289.0,0.0010826115922717,0.0010826115922717428,0.005829196184526264,0.0011659865078705867,0.013090990813832803,7212.88,-3.881944521466618e-05,7200.88,0.0016275788514736877,7177.110000000001,0.0049448872875015315,7044.123333333334,0.023917336294982494,0.0058997056416583305,0.006525244098967241,0.006936003797696466,57.86069651741299,7177.110000000001,7273.1196902996735,7081.100309700328,0.6848250936401609,61.171428571428415,0.008481189664119515,0.0011659865078705867,0.013090990813832803,0.02173050770625573,61527.4,0.9961253035233083,-0.05274952860808013
2021-12-29,7212.0,7216.8,7179.8,7196.2,52455.0,-0.002273798630175,-0.0022737986301750723,0.0,0.00136368696426592,0.004606879606879666,7212.88,-0.0023125298077882883,7201.860000000001,-0.0007859080848560129,7178.759999999999,0.002429388919534814,7048.67,0.020930189666986676,0.005890370419917121,0.006423932735211359,0.006451538368698328,52.62621111677707,7178.759999999999,7274.897322835438,7082.622677164561,0.5907035867321431,59.28571428571409,0.008238475068190724,0.00136368696426592,0.004606879606879666,0.03940260565618048,61870.6,0.8478178650279777,-0.1441367945308294
2021-12-30,7205.6,7258.4,7205.6,7251.2,71552.0,0.0076429226536227,0.0076429226536227635,0.0014639670745517641,0.0006623978803268482,0.02023243380139017,7215.0,0.005017325017325103,7202.339999999999,0.006783906341550239,7185.95,0.009080219038540394,7053.4766666666665,0.02803203904646545,0.005784458037111643,0.006333689971808123,0.006482163362685574,55.99242065371853,7185.95,7281.120439903567,7090.779560096433,0.8428060228896472,59.78571428571409,0.008244940738872752,0.0006623978803268482,0.02023243380139017,0.041420118343195256,64110.0,1.1160817345187959,0.36406443618339535
2021-12-31,7268.0,7310.4,7255.8,7279.4,61445.0,0.0038890114739629,0.0038890114739629222,0.009597514632049053,0.009849619887908556,0.015088130298973601,7228.839999999999,0.00699420653936178,7209.44,0.009703943718236019,7191.360000000001,0.012242468740266021,7058.84,0.03124592709283669,0.005567151010379387,0.006095028564504343,0.006492278528715658,58.247191011235884,7191.360000000001,7294.930660343892,7087.789339656109,0.9250238422139782,60.242857142856984,0.008275799810816411,0.009849619887908556,0.015088130298973601,0.0462515810049442,62288.6,0.9864565907726294,-0.1412539132379249
2022-01-04,7295.8,7300.6,7228.6,7283.8,67570.0,0.000604445421326,0.0006044454213260941,0.010964912280701844,0.021227076439908066,0.02637882929853741,7244.639999999999,0.005405375560414427,7224.58,0.008197016297141202,7200.719999999999,0.011537735115377368,7064.15,0.03109362060545151,0.003852007176278465,0.0055014382777322625,0.0064921793550680425,58.891867739052714,7200.719999999999,7302.044067904424,7099.395932095575,0.9099716963513897,62.9142857142856,0.008637563595140669,0.021227076439908066,0.02637882929853741,0.0457416872451617,62862.2,1.0748907928771185,0.09968264301407759
2022-01-05,7273.8,7275.4,7137.0,7143.8,99233.0,-0.0192207364287871,-0.01922073642878719,-0.009538862546099924,-0.003765270262732212,0.011984360834088825,7230.88,-0.012042794238045662,7221.88,-0.010811589226074059,7204.95,-0.008487220591398947,7069.316666666667,0.010536143285890365,0.007581070700207914,0.007047692859684765,0.006510536961688939,46.26184626184632,7204.95,7286.539872951728,7123.360127048271,0.1252598650559353,70.02857142857134,0.009802706042802338,-0.003765270262732212,0.011984360834088825,0.045362755714243974,70451.0,1.4085392684277016,0.46859553056089975
2022-01-06,7119.2,7155.6,7085.8,7139.0,75086.0,-0.0006719113077073,-0.0006719113077073846,-0.007948639559767656,-0.007948639559767656,-0.0014546675245474816,7219.44,-0.011142138448411498,7216.160000000001,-0.010692667568346748,7204.43,-0.009081912101304379,7073.98,0.009191431132120842,0.007456715686125971,0.006442182954129631,0.006501407502623148,39.564710454722196,7204.43,7287.627294995661,7121.23270500434,0.10677808092551042,70.55714285714274,0.009883337001981053,-0.007948639559767656,-0.0014546675245474816,0.04079192908794038,74977.2,1.001451107803439,-0.24333639011216024
2022-01-07,7155.6,7170.4,7103.4,7114.0,72092.0,-0.0035018910211513,-0.003501891021151393,-0.018921006178287736,-0.017484738833798308,-0.00858464797368863,7192.0,-0.010845383759732985,7203.5,-0.012424515860345653,7201.35,-0.012129670131294845,7077.789999999999,0.005116003724326523,0.007073592387471923,0.006423801844753987,0.006510324303910819,40.590111642743295,7201.35,7293.1566503718,7109.5433496282,0.024271936476012803,70.89999999999989,0.009966263705369679,-0.017484738833798308,-0.00858464797368863,0.03320068550846722,75085.2,0.9601359522249392,-0.03987427749513894
2022-01-10,7104.2,7118.4,7058.4,7107.2,63987.0,-0.0009558616811919,-0.000955861681191994,-0.02365579580734678,-0.014285318021691529,-0.012971141293781185,7157.56,-0.007035917267895875,7193.2,-0.011955735972863257,7196.6799999999985,-0.012433511007853393,7080.6,0.003756743778775773,0.007022489644908532,0.006358487347104525,0.006444615384014848,47.08603145235897,7196.6799999999985,7297.688256045395,7095.671743954602,0.057065909742153864,67.78571428571422,0.009537611757895406,-0.014285318021691529,-0.012971141293781185,0.024298849912085974,75593.6,0.8464605469246073,-0.11242578926926705
2022-01-11,7115.2,7133.8,7050.6,7076.6,59017.0,-0.0043054930211615,-0.004305493021161566,-0.028446689914604972,-0.017793693093493212,-0.017957257840688245,7116.12,-0.005553588191317682,7180.38,-0.014453274060704291,7190.209999999999,-0.015800651163178636,7083.123333333334,-0.0009209684804772911,0.007074851412372019,0.006400949342085694,0.006466553024017807,38.9072067828545,7190.209999999999,7304.41922444018,7076.000775559818,0.0026233627061190263,68.14285714285701,0.009629321587041377,-0.017793693093493212,-0.017957257840688245,0.021862184485646807,73883.0,0.7987899787501861,-0.07767202713051091
2022-01-12,7107.8,7133.0,7079.6,7125.2,59040.0,0.0068677048300029,0.006867704830002985,-0.002603656317366143,-0.012117682943737385,-0.010965825490686032,7112.4,0.0017996738091221598,7171.639999999999,-0.006475506299814193,7186.26,-0.008496770225402406,7085.633333333333,0.0055840691728332725,0.00755439463872799,0.006631876015965155,0.006461940607411809,42.072353729343476,7186.26,7303.846544163355,7068.673455836645,0.24036144852095545,69.21428571428558,0.009714013040235444,-0.012117682943737385,-0.010965825490686032,0.02159263613683926,65844.4,0.8966593970026305,0.0003897182167849067
2022-01-13,7126.0,7126.0,7054.6,7058.0,81820.0,-0.0094313142087238,-0.009431314208723895,-0.011346126908530652,-0.01920458019510296,-0.017867082266503354,7096.2,-0.005383162819537213,7157.82,-0.013945586784803177,7179.840000000001,-0.016969737487186443,7086.986666666666,-0.004090125751612272,0.0079944764625386,0.006915641014476985,0.006584848006962529,30.599235019124507,7179.840000000001,7310.669425307062,7049.01057469294,0.034355517827741176,68.79999999999986,0.0097478039104562,-0.01920458019510296,-0.017867082266503354,0.01163857355807818,67191.2,1.2177189870102039,0.38584010840108407
2022-01-14,7035.2,7085.4,7013.8,7035.6,86081.0,-0.0031737035987531,-0.0031737035987531304,-0.011020522912566721,-0.029733009708737823,-0.02909030691101777,7080.5199999999995,-0.006344166812606855,7136.26,-0.014105427773091206,7169.3,-0.018648961544362797,7088.3533333333335,-0.007442255041838597,0.007256262201368622,0.0065782063933367725,0.006583495760327485,31.128404669260732,7169.3,7311.060153260683,7027.539846739317,0.028428839399818946,68.94285714285694,0.009799143945485379,-0.029733009708737823,-0.02909030691101777,0.011792452830188704,69989.0,1.2299218448613354,0.052077731605964406
2022-01-17,7053.0,7126.8,7036.4,7100.8,88675.0,0.009267155608619,0.009267155608619015,-0.0009004952723997706,-0.02453498914745711,-0.014927029576604967,7079.240000000001,0.003045524660839183,7118.4,-0.002472465722634265,7163.92,-0.008810818657941422,7091.490000000001,0.0013128411659608652,0.007985434115640568,0.006929128403827138,0.006635692024500214,40.0459418070444,7163.92,7307.586479260192,7020.253520739808,0.28032453942967395,71.4714285714284,0.010065264276057402,-0.02453498914745711,-0.014927029576604967,0.027225645921939545,74926.6,1.183491577090112,0.030134408289866466
2022-01-18,7095.4,7131.0,7081.2,7112.6,81038.0,0.001661784587652,0.0016617845876520931,0.005087188762965322,-0.02350421483291687,-0.002776064157927083,7086.44,0.003691557396944045,7101.280000000001,0.0015940788139603423,7162.93,-0.007026454258243442,7094.016666666666,0.002619578471058981,0.008037235083161178,0.006546137386638556,0.006582189989617483,40.5015197568389,7162.93,7307.779033570049,7018.080966429951,0.3262673945433666,71.25714285714275,0.010018438103807715,-0.02350421483291687,-0.002776064157927083,0.02177848010343353,79330.8,1.0215200149248462,-0.08612348463490271
2022-01-19,7125.2,7140.2,7045.6,7082.6,107205.0,-0.0042178668841211,-0.00421786688412118,-0.005978779543030277,-0.008566869173269098,-0.012299882858258449,7077.920000000001,0.0006612112032913231,7095.160000000001,-0.0017702208265917285,7158.520000000001,-0.01060554416276005,7096.013333333333,-0.0018902632651948137,0.005554034347945429,0.006473040096654231,0.006608910386123094,39.48148148148152,7158.520000000001,7307.666986489199,7009.3730135108035,0.2454859739807764,75.37142857142842,0.010641774005510465,-0.008566869173269098,-0.012299882858258449,0.017205721836043075,88963.8,1.2050407019484328,0.32289789975073413
2022-01-20,7083.4,7104.4,7009.0,7038.8,116639.0,-0.0061841696552114,-0.006184169655211402,-0.002720317370359826,-0.014035579212774874,-0.02187265501236757,7074.08,-0.004987220953113325,7085.139999999999,-0.006540449447717256,7150.65,-0.01564193464929753,7098.4,-0.008396258311732185,0.0058027903942754885,0.0065108296007633576,0.0065351194972883804,29.916792738275348,7150.65,7307.820554359769,6993.479445640231,0.14417635206665125,77.74285714285699,0.011044902134292349,-0.014035579212774874,-0.02187265501236757,0.020766865827484216,95927.6,1.2159065795454072,0.0879996268830745
2022-01-21,7023.6,7023.8,6944.4,6969.0,106592.0,-0.0099164630334716,-0.0099164630334716,-0.0094661436124851,-0.020382344672476793,-0.03751070353285646,7060.76,-0.012995768160934507,7070.639999999999,-0.01437493635653908,7137.07,-0.02354887930201044,7100.45,-0.018512911153518385,0.006386467541155222,0.006560854864008015,0.006597654479718902,22.79102384291727,7137.07,7307.860522354665,6966.279477645335,0.00796450036324558,80.25714285714275,0.01151630691019411,-0.020382344672476793,-0.03751070353285646,0.017966695880806238,100029.8,1.0656024504697599,-0.08613756976654463
2022-01-24,6948.4,6979.2,6905.8,6953.8,84732.0,-0.0021810876739847,-0.0021810876739847274,-0.020701892744479533,-0.021583746060333087,-0.03556073340545329,7031.360000000001,-0.011030582988212911,7055.3,-0.014386347851969461,7124.25,-0.02392532547285675,7101.043333333333,-0.020735450612186956,0.006375125495544519,0.006538953463100886,0.006466533748489145,21.610461114934566,7124.25,7309.783376199742,6938.716623800258,0.040648686798820034,80.35714285714273,0.011555860516141207,-0.021583746060333087,-0.03556073340545329,0.005145847185684227,99241.2,0.8537986239585978,-0.20508105673971777
2022-01-25,6934.0,6945.2,6714.4,6720.0,110014.0,-0.0336219045701631,-0.03362190457016312,-0.05519781795686529,-0.05039143091315046,-0.06728847435043306,6952.839999999999,-0.033488473774745176,7019.640000000001,-0.04268594970682271,7100.009999999999,-0.05352245982752124,7097.216666666666,-0.05314994375729443,0.011855632730654595,0.00965363741438343,0.0077686995159417915,18.60740740740735,7100.009999999999,7354.934433798007,6845.085566201991,-0.24533851921998195,86.97142857142846,0.012942176870748282,-0.05039143091315046,-0.06728847435043306,-0.033037872683319924,105036.4,1.047389285999901,0.2983760562715385
2022-01-26,6741.6,6765.0,6699.4,6735.0,91345.0,0.0022321428571427,0.0022321428571427937,-0.049078022195239046,-0.054763375063156094,-0.06621745279094926,6883.32,-0.021547741496835804,6980.62,-0.035185986345052433,7076.129999999999,-0.04820855467607288,7094.466666666666,-0.05066859618294062,0.011418575445771179,0.009685301890850416,0.007727695355579648,20.519556333917052,7076.129999999999,7372.719889453743,6779.540110546255,-0.07508703453831256,86.67142857142848,0.012868808993530583,-0.054763375063156094,-0.06621745279094926,-0.023913043478260843,101864.4,0.8967313408806218,-0.1696965840711182
2022-01-27,6714.8,6738.4,6550.4,6567.6,110204.0,-0.0248552338530065,-0.024855233853006586,-0.06694322895948168,-0.06948143950127506,-0.08735165781940457,6789.08,-0.032622976898195266,6931.58,-0.05251039445552086,7044.7,-0.06772467244879121,7088.613333333334,-0.0735000357380663,0.012940421959783526,0.010802066977119908,0.00833655005429908,16.98888351860799,7044.7,7412.414271225674,6676.985728774325,-0.14873739929880556,95.31428571428562,0.014512803111377919,-0.06948143950127506,-0.08735165781940457,-0.05076024744175289,100577.4,1.095713351110687,0.2064590289561552
2022-01-28,6592.8,6613.8,6433.0,6496.2,123091.0,-0.0108715512515988,-0.010871551251598888,-0.06784330606973743,-0.07666723520382068,-0.10412069726390116,6694.5199999999995,-0.029624229967197047,6877.639999999999,-0.055460884838403834,7006.95,-0.07289191445636123,7080.706666666666,-0.08254919942077343,0.012909902298803611,0.01049531475090298,0.008362858711199456,15.758798475678049,7006.95,7435.4048075411665,6578.495192458833,-0.09603719109970102,103.94285714285706,0.01600056296648149,-0.07666723520382068,-0.10412069726390116,-0.06805726910165555,103877.2,1.1849664796509725,0.11693767921309561
2022-02-07,6608.4,6630.0,6567.2,6592.2,80784.0,0.014777870139466,0.014777870139466076,-0.052000345135034154,-0.07162573231185221,-0.0944033848943594,6622.2,-0.004530216544350818,6826.780000000001,-0.03436173422902167,6972.589999999999,-0.054555050562273055,7075.206666666666,-0.06826749937104304,0.013808947196697268,0.011258803489115248,0.008574809820599005,24.70760233918125,6972.589999999999,7418.896620585921,6526.283379414078,0.07384678777494394,107.55714285714281,0.016315819128233794,-0.07162573231185221,-0.0944033848943594,-0.04767270520932654,103087.6,0.7836442016304579,-0.34370506373333554
2022-02-08,6588.2,6682.4,6530.4,6678.8,92673.0,0.0131367373562696,0.013136737356269634,-0.006130952380952404,-0.06099035514439166,-0.08306103956725885,6613.960000000001,0.009803506522567229,6783.4,-0.015419995872276382,6942.340000000001,-0.03796126378137643,7070.83,-0.05544327893613621,0.015058284612398772,0.011910292216834931,0.008750124887379281,27.581357975090413,6942.340000000001,7381.79187102486,6502.8881289751425,0.20014918882312235,114.38571428571426,0.017126686573293744,-0.06099035514439166,-0.08306103956725885,-0.03783098510386951,99619.4,0.9302706099414372,0.1471702317290553
2022-02-09,6679.6,6779.4,6666.6,6768.6,83146.0,0.0134455291369708,0.013445529136970835,0.004988864142539073,-0.044334001637816645,-0.05252106721912708,6620.68,0.02234211591558566,6752.0,0.0024585308056872535,6923.58,-0.022384373402199342,7067.3133333333335,-0.042266886898085665,0.016297687006344472,0.011990000863065156,0.008902833583745232,35.788646631310186,6923.58,7358.834541860747,6488.325458139253,0.32196624607586166,117.34285714285708,0.01733635569288436,-0.044334001637816645,-0.05252106721912708,-0.030230958794200236,97979.6,0.8486052198620937,-0.10280232645970244
2022-02-10,6772.2,6790.4,6731.6,6767.6,67554.0,-0.0001477410395059,-0.0001477410395059886,0.030452524514282153,-0.0385292947661533,-0.05202409301022548,6660.68,0.016052415068731785,6724.88,0.006352529710567323,6905.009999999999,-0.019900043591536964,7064.196666666667,-0.04198590167601035,0.016336163183909617,0.011995066501742303,0.008893537338771075,36.556982343499214,6905.009999999999,7333.20032610313,6476.819673896869,0.33954565105365836,116.42857142857136,0.017203819881283076,-0.0385292947661533,-0.05202409301022548,-0.026888677997296773,89449.6,0.7552185811898543,-0.1875255574531547
2022-02-11,6741.2,6775.6,6677.2,6698.2,84753.0,-0.0102547431881317,-0.010254743188131799,0.031095101751793308,-0.0388577988233606,-0.05844813044700592,6701.08,-0.0004297814680618295,6697.8,5.9721102451559815e-05,6884.219999999999,-0.02702121663746937,7059.013333333333,-0.051113847827647274,0.01635057959976603,0.01211625498757721,0.008915456189867086,29.890109890109912,6884.219999999999,7310.055923925105,6458.3840760748935,0.2815825420676393,116.94285714285714,0.01745884821935104,-0.0388577988233606,-0.05844813044700592,-0.044370256234663064,81782.0,1.036328287398205,0.2545963229416466
2022-02-14,6665.2,6722.4,6627.4,6649.2,95280.0,-0.0073153981666715,-0.007315398166671594,0.008646582324565388,-0.04380338807558459,-0.06444169293111213,6712.4800000000005,-0.009427216170476593,6667.340000000001,-0.0027207252067542598,6861.32,-0.03091533407565894,7052.160000000001,-0.0571399401034578,0.016373505011461172,0.012144957451002475,0.008892266256058719,27.68252745135814,6861.32,7285.924641370736,6436.715358629263,0.25021469464485796,120.17142857142855,0.01807306571789517,-0.04380338807558459,-0.06444169293111213,-0.058240326327120284,84681.2,1.125161192803125,0.12420799263742865
2022-02-15,6659.2,6712.8,6633.4,6705.6,82527.0,0.0084822234253745,0.008482223425374524,0.004012696891657175,-0.002142857142857113,-0.052426306418336455,6717.839999999999,-0.0018220142188558608,6665.9,0.00595568490376408,6842.7699999999995,-0.02004597553330001,7047.12,-0.04846235057725701,0.013094334317574617,0.012420201628284128,0.008933343189608174,32.29381927484505,6842.7699999999995,7260.128717853491,6425.411282146508,0.33566894121024343,119.08571428571433,0.017759143743395718,-0.002142857142857113,-0.052426306418336455,-0.043150684931506755,82652.0,0.9984876349029667,-0.13384760705289678
2022-02-16,6728.2,6735.2,6692.8,6716.2,79980.0,0.0015807683130517,0.0015807683130517614,-0.007741630470112115,-0.0027913882702301773,-0.057401897490596765,6707.360000000001,0.0013179552014501716,6664.0199999999995,0.007830108553095627,6822.32,-0.015554825924319005,7043.123333333334,-0.046417380167984246,0.013082854601698661,0.012263020881766706,0.008893991063338845,34.361062633313935,6822.32,7221.076918963099,6423.5630810369,0.36693647814820723,115.30000000000005,0.01716744587713291,-0.0027913882702301773,-0.057401897490596765,-0.034473835537665365,82018.8,0.9751422844518574,-0.03086262677669127
2022-02-17,6703.6,6751.4,6673.6,6713.4,98242.0,-0.0004169024150562,-0.0004169024150562084,-0.008008747561912721,0.022199890370911746,-0.04882402947010489,6696.5199999999995,0.0025207122505421786,6678.6,0.005210672895517021,6805.090000000001,-0.013473738040202465,7038.460000000001,-0.04618339807287408,0.009848848340996348,0.012174875646144721,0.008860322448335177,36.748237245956034,6805.090000000001,7190.526096962906,6419.653903037096,0.38105680718219576,114.11428571428567,0.016997986968493712,0.022199890370911746,-0.04882402947010489,-0.04001029571583825,88156.4,1.1144057606708078,0.22833208302075514
2022-02-18,6686.8,6780.4,6685.2,6773.0,87991.0,0.0088777668543511,0.008877766854351155,0.011167179242184577,0.04260952556879416,-0.03732446415373247,6711.4800000000005,0.00916638356964472,6706.280000000001,0.009948883732859182,6791.960000000001,-0.0027915358747697683,7035.083333333333,-0.037253763873917545,0.008857361103655136,0.012431585124800356,0.008941190559865522,41.03885804916733,6791.960000000001,7161.91352425022,6422.006475749782,0.47437515963873167,115.67142857142855,0.01707831515892936,0.04260952556879416,-0.03732446415373247,-0.02904409656517004,88804.0,0.9908450069816674,-0.10434437409661856
2022-02-21,6782.2,6806.4,6755.0,6785.8,62485.0,0.0018898567842906,0.0018898567842906555,0.02054382482103123,0.02936804101817314,-0.04436119873817035,6738.8,0.0069745355256127795,6725.640000000001,0.008944873647712237,6776.210000000001,0.0014152453952871458,7030.160000000001,-0.03475881061028496,0.008050804751372664,0.012192252349405745,0.008710266951750102,54.17618684945418,6776.210000000001,7116.428566899359,6435.991433100643,0.5140938810121378,102.24285714285705,0.015067178098802947,0.02936804101817314,-0.04436119873817035,-0.0417160933175168,82245.0,0.7597422335704298,-0.2898705549431192
2022-02-22,6751.0,6762.4,6678.0,6733.2,82579.0,-0.0077514810339238,-0.007751481033923868,0.004115962777379911,0.008145175780080116,-0.05334195652785201,6744.32,-0.001648794837730061,6731.08,0.00031495688656191234,6757.240000000001,-0.003557665555759537,7023.736666666667,-0.041364971446822496,0.007814035765454391,0.012217201135517549,0.008721772754439862,49.89096195783861,6757.240000000001,7058.570595857602,6455.9094041424,0.46011025708892606,105.25714285714275,0.015632558494793374,0.008145175780080116,-0.05334195652785201,-0.054139858961031684,82255.4,1.0039340882179164,0.32158117948307585
2022-02-23,6744.8,6829.4,6744.6,6829.4,66068.0,0.0142874116319133,0.014287411631913383,0.016854769065840713,0.008982655201961842,-0.035749583486290426,6766.959999999999,0.009227186210646998,6737.160000000001,0.013691228945134082,6744.58,0.01257602400742508,7018.676666666666,-0.026967571759728637,0.007967968769808258,0.012781179051158937,0.008932364852513445,67.35613895518419,6744.58,7007.135470630099,6482.024529369901,0.6615277712485722,98.69999999999989,0.014452221278589611,0.008982655201961842,-0.035749583486290426,-0.04256273657647558,79473.0,0.8313263624123917,-0.1999418738420179
2022-02-24,6798.4,6831.2,6648.2,6723.0,111475.0,-0.0155796995343661,-0.01557969953436611,0.001429975869157163,-0.00659022400851117,-0.044865602091265555,6768.88,-0.006778078500431439,6732.7,-0.0014407295735737735,6728.789999999999,-0.0008604816021898776,7011.929999999999,-0.04120548836055116,0.009538112110813977,0.01312125450645036,0.009137008930174002,64.36898124683222,6728.789999999999,6951.858003791867,6505.721996208131,0.48702189488950337,98.85714285714273,0.01470431992520344,-0.00659022400851117,-0.044865602091265555,-0.05679171693930807,82119.6,1.3574712979605355,0.6872767451716413
2022-02-25,6801.8,6855.8,6750.6,6768.4,98409.0,0.0067529376766324,0.006752937676632431,-0.0006791672818544647,0.010480427577558071,-0.028784617592194084,6767.960000000001,6.501220456356371e-05,6739.719999999999,0.0042553696592737555,6718.76,0.007388268073275306,7006.0633333333335,-0.03392252139694241,0.009137144751026479,0.01313539508331234,0.009190688711319015,61.927971838613566,6718.76,6912.456957017386,6525.063042982614,0.6281383062603916,98.78571428571415,0.014595135377004041,0.010480427577558071,-0.028784617592194084,-0.049435424976124964,84203.2,1.1687085526440801,-0.11721013680197356
2022-02-28,6765.8,6801.6,6722.4,6793.4,79912.0,0.0036936351279475,0.0036936351279475144,0.0011199858528101458,0.02168681946700346,-0.023066524777819453,6769.479999999999,0.0035335062663603978,6754.139999999999,0.005812731154521522,6710.74,0.012317568554287561,7001.003333333332,-0.029653368731434093,0.008664094152235895,0.013182061643363717,0.009202887412630395,58.46381093057602,6710.74,6874.417377145941,6547.062622854059,0.7525089338592498,93.5857142857142,0.013775975842098833,0.02168681946700346,-0.023066524777819453,-0.0427786388614908,87688.6,0.9113157240507888,-0.18796045077177903
2022-03-01,6828.6,6833.2,6769.8,6802.6,71578.0,0.0013542556010246,0.0013542556010246454,0.01030713479474854,0.014465521355285116,0.012291666666666812,6783.360000000001,0.0028363524860834932,6763.839999999999,0.005730472630931738,6714.87,0.013065033276891569,6995.776666666668,-0.02761332670711336,0.008376589963667556,0.010730070313857065,0.009196097722780829,52.850435949027485,6714.87,6883.620966936506,6546.119033063494,0.7599392512903629,90.05714285714281,0.013238635647714521,0.014465521355285116,0.012291666666666812,-0.04406846350580362,85488.4,0.8372831869586985,-0.10428971869055959
2022-03-02,6786.6,6818.8,6759.4,6809.8,59303.0,0.0010584188398552,0.0010584188398552463,-0.00286994465106738,0.01393645216044792,0.011106161841128559,6779.44,0.004478245990819474,6773.2,0.00540364967814333,6718.609999999999,0.01357274793446872,6990.616666666667,-0.025865624634927253,0.008377443146301252,0.010724261446623636,0.009197733372476487,53.50149352804512,6718.609999999999,6892.477437706538,6544.74256229346,0.7622400180357976,90.10000000000004,0.013230931892272906,0.01393645216044792,0.011106161841128559,-0.043486810686293675,84135.4,0.7048519410378985,-0.17149124032523955
2022-03-03,6843.8,6844.4,6773.2,6797.8,62163.0,-0.0017621662897588,-0.001762166289758893,0.011125985423174223,0.012571871183007177,0.0350508557159388,6794.4,0.0005004121040856901,6781.639999999999,0.0023829044301968416,6730.12,0.01005628428616423,6984.526666666667,-0.026734333703357538,0.008420846402695047,0.008931900938946842,0.009154464715944735,59.13426265590611,6730.12,6891.957730295712,6568.2822697042875,0.7090983353397702,88.15714285714284,0.012968481399444357,0.012571871183007177,0.0350508557159388,-0.05101072146526686,74273.0,0.8369528630861821,0.04822690251757922
2022-03-04,6753.0,6817.2,6729.6,6761.8,86394.0,-0.0052958310041484,-0.0052958310041484324,-0.0009751196737780576,-0.0016536246862541848,0.04088544071918965,6793.08,-0.004604685945108766,6780.5199999999995,-0.0027608502002794966,6743.4,0.0027285938843908397,6978.766666666666,-0.031089543042466805,0.008189977876486322,0.00859758665202928,0.00912795484250151,60.57872980082678,6743.4,6862.3137502557975,6624.486249744202,0.5773669990241663,87.62857142857138,0.012959355708327867,-0.0016536246862541848,0.04088544071918965,-0.04862537636829212,71870.0,1.2020871017114234,0.3897977896819651
2022-03-07,6724.6,6731.8,6572.0,6607.2,101284.0,-0.0228637345085628,-0.022863734508562827,-0.027408955751170194,-0.026319667541041647,0.0022754164012013245,6755.839999999999,-0.022001705191360243,6762.660000000001,-0.02298799584778788,6744.15,-0.020306487845021204,6969.366666666667,-0.051965506191380406,0.010826355485705106,0.009710548216256143,0.009469730772673973,42.195431472081175,6744.15,6859.17405240417,6629.1259475958295,-0.09531027266708786,95.51428571428563,0.014456091190562664,-0.026319667541041647,0.0022754164012013245,-0.07864792503346718,76144.4,1.3301569123927697,0.17234993170822044
2022-03-08,6610.2,6612.2,6327.0,6337.2,132649.0,-0.0408645114420631,-0.040864511442063156,-0.06841501778731673,-0.058813045802887154,-0.05114691261903337,6662.76,-0.048862633503232944,6723.0599999999995,-0.0573935083131788,6727.07,-0.05795539514231307,6956.71,-0.08905215252612231,0.01626917290689523,0.012896870737040088,0.010701407515086234,28.70307934367277,6727.07,6941.471581887095,6512.668418112904,-0.4092050454303694,112.85714285714279,0.017808676206706873,-0.058813045802887154,-0.05114691261903337,-0.10700899022066912,88358.6,1.5012573761920174,0.3096737885549543
2022-03-09,6362.8,6386.6,5916.4,6205.4,169232.0,-0.0207978286940605,-0.02079782869406055,-0.08875444212752215,-0.09136966644214717,-0.0832077534497534,6541.879999999999,-0.05143475575828349,6660.660000000001,-0.06835058387607251,6698.910000000001,-0.07367019410620546,6942.4800000000005,-0.10616955324322153,0.015172897842759265,0.012935744677813556,0.010970444343812938,25.06870828425602,6698.910000000001,7014.439068808343,6383.380931191658,-0.28203571205632305,140.88571428571433,0.022703728089359967,-0.09136966644214717,-0.0832077534497534,-0.1209485494106981,110344.4,1.533670942974904,0.2757879818166742
2022-03-10,6334.8,6378.8,6278.4,6301.0,120292.0,0.0154059367647534,0.015405936764753436,-0.07308246785724792,-0.06276959690614314,-0.06894615521011882,6442.5199999999995,-0.021966559669197694,6618.460000000001,-0.047965840996244014,6675.58,-0.05611197828503289,6928.34,-0.09054694198033009,0.016848915173349577,0.013643739584615146,0.011035854341853415,27.626090254076615,6675.58,7035.589237308256,6315.570762691744,-0.020236651149130962,146.47142857142867,0.02324574330605121,-0.06276959690614314,-0.06894615521011882,-0.11866730075251064,121970.2,0.9862409014660959,-0.2891888058995935
2022-03-11,6197.0,6413.0,6142.6,6408.0,146645.0,0.0169814315188066,0.0169814315188066,-0.052323345854654146,-0.05324744400449144,-0.04332507240751249,6371.76,0.00568759651964279,6582.42,-0.02649785337307553,6661.07,-0.03799239461527948,6915.546666666667,-0.07339212518268023,0.018002498265697008,0.014276117635845069,0.011283705983987858,33.55961705831159,6661.07,7040.129273798355,6282.0107262016445,0.16618677144590438,162.1142857142858,0.02529873372570003,-0.05324744400449144,-0.04332507240751249,-0.10697363286693795,134020.4,1.0941990920785194,0.21907525022445373
2022-03-14,6369.2,6419.2,6229.2,6235.8,136955.0,-0.0268726591760299,-0.02687265917602999,-0.05621140573919359,-0.08207966555774715,-0.06217289297960649,6297.48,-0.009794393948055369,6526.66,-0.04456490762503329,6640.4,-0.06093006445394844,6899.466666666666,-0.0961910099331349,0.018877738824611242,0.015285269493784219,0.011714185402567709,30.39571180829263,6640.4,7064.583892594648,6216.216107405351,0.023084201140758005,167.98571428571435,0.02693891951084293,-0.08207966555774715,-0.06217289297960649,-0.13398883426381136,141154.6,0.9702482242874125,-0.0660779433325378
2022-03-15,6092.8,6194.0,5767.4,5792.0,198374.0,-0.07116969755284,-0.07116969755284008,-0.08603168591807109,-0.14856084438303008,-0.13624433309472683,6188.44,-0.06406137895818653,6425.6,-0.09860557768924305,6594.719999999999,-0.12172161972001838,6875.9,-0.15763754563039012,0.0269386503036315,0.021302998640376755,0.014694523457799808,17.906199727756487,6594.719999999999,7161.980295213957,6027.459704786042,-0.20754114713531246,194.5714285714287,0.03359313338595109,-0.14856084438303008,-0.13624433309472683,-0.19622536774909793,154299.6,1.2856416996544384,0.448461173378117
2022-03-16,5928.0,6078.8,5687.0,6066.0,214232.0,0.0473066298342541,0.047306629834254155,-0.022464305282495878,-0.10922494052688769,-0.09681069652482055,6160.5599999999995,-0.01534925396392528,6351.219999999999,-0.0449079074571499,6562.210000000001,-0.07561629390098779,6856.929999999999,-0.11534753891318705,0.03333123368074255,0.024495324721006385,0.016090457706895427,31.584258324924335,6562.210000000001,7173.011819526397,5951.408180473605,0.0938044189318617,209.48571428571444,0.034534407234703995,-0.10922494052688769,-0.09681069652482055,-0.1579911718164404,163299.6,1.3118954363635917,0.07993991148033519
2022-03-17,6154.8,6256.4,6125.0,6143.4,171282.0,0.0127596439169139,0.012759643916913976,-0.025011902872559943,-0.09626643914207544,-0.08490481723120924,6129.04,0.002342944408912251,6285.780000000001,-0.02265112682912873,6533.71,-0.059737882458817504,6839.546666666666,-0.10178257428367576,0.03408590261254687,0.0247944584058696,0.016214317917819732,32.78995484084152,6533.71,7167.565869056017,5899.854130943983,0.19211454917876059,213.6000000000001,0.034769020412149645,-0.09626643914207544,-0.08490481723120924,-0.14513525548257822,173497.6,0.9872297945331808,-0.20048358788603005
2022-03-18,6148.2,6234.8,6103.4,6212.2,123560.0,0.0111990103200183,0.011199010320018354,-0.030555555555555558,-0.08128013250909527,-0.08279935036173047,6089.88,0.02008578165743824,6230.82,-0.002988370712041055,6505.67,-0.04510988107297176,6822.3099999999995,-0.08942865393099986,0.0347076031502869,0.02486388518252351,0.01625070829479572,34.37298343729836,6505.67,7144.55177672516,5866.78822327484,0.27032526932893897,217.3285714285715,0.034984155601650226,-0.08128013250909527,-0.08279935036173047,-0.14271914329874147,168880.6,0.7316411713364352,-0.27861655048399714
2022-03-21,6221.8,6249.8,6117.4,6209.0,106651.0,-0.0005151154180482,-0.0005151154180482731,-0.0042977645209917315,-0.060267586874924284,-0.0850010315659171,6084.5199999999995,0.020458474949544225,6191.0,0.0029074462930058775,6476.83,-0.041352019429257814,6805.653333333334,-0.08767025061517486,0.0343541362473855,0.02483963640159227,0.01624830280186372,33.98791540785497,6476.83,7114.541781458087,5839.118218541913,0.290007015875084,222.257142857143,0.035795964383498635,-0.060267586874924284,-0.0850010315659171,-0.1386438044503634,162819.8,0.6550247574312216,-0.1368484946584655
2022-03-22,6184.4,6281.8,6156.8,6219.4,88715.0,0.00167498792076,0.0016749879207600404,0.07379143646408837,-0.018588651139304413,-0.07630844175132179,6170.0,0.00800648298217177,6179.219999999999,0.006502438819139034,6451.14,-0.03592233310701687,6790.4366666666665,-0.08409424823440415,0.03206774810548727,0.02485680277707568,0.016220449716702893,34.101680310211094,6451.14,7086.7594836534845,5815.520516346516,0.31770539925241137,226.94285714285726,0.036489509782753525,-0.018588651139304413,-0.07630844175132179,-0.12800740283775447,140888.0,0.629684572142411,-0.1681747006591593
2022-03-23,6229.4,6296.2,6212.2,6263.6,86152.0,0.0071067948676721,0.007106794867672184,0.03257500824266413,0.009378928030425282,-0.08284768793744679,6209.5199999999995,0.008709207797060081,6185.04,0.012701615510974928,6422.85,-0.02479428913955639,6775.316666666667,-0.07552660515252663,0.03139964895028566,0.024634758026253412,0.016235528985677088,35.86024351508735,6422.85,7037.605706722023,5808.094293277978,0.37047700553350943,227.85714285714297,0.03637798436316862,0.009378928030425282,-0.08284768793744679,-0.12651308082780166,115272.0,0.7473801096536886,-0.028890266584004953
2022-03-24,6219.6,6255.4,6188.2,6212.6,86239.0,-0.0081422823935116,-0.008142282393511668,0.011264120845134729,-0.014029519123948564,-0.07591848876989438,6223.36,-0.0017289695598518007,6176.2,0.005893591528771891,6397.33,-0.028876109251828375,6758.923333333334,-0.08082993494526003,0.031113232542889984,0.024506901343549742,0.016236536443554137,35.57773109243698,6397.33,7001.914482277252,5792.7455177227475,0.34722565215022716,226.9857142857145,0.036536347790895034,-0.014029519123948564,-0.07591848876989438,-0.13668324949278776,98263.4,0.8776309388846713,0.001009843068065841
2022-03-25,6225.8,6249.2,6120.8,6122.8,88492.0,-0.0144544957022825,-0.014454495702282522,-0.014391036991725947,-0.04450686641697876,-0.09538443354411674,6205.48,-0.013323707432785103,6147.679999999999,-0.004047055149259404,6365.05,-0.03805940251844053,6740.293333333334,-0.09161223448237665,0.030683393717117664,0.02449191618644433,0.01627214121347073,36.83123096998697,6365.05,6954.976880393202,5775.123119606798,0.2946779439525336,222.60000000000016,0.03635591559417262,-0.04450686641697876,-0.09538443354411674,-0.154379471314532,91249.8,0.9697774680054093,0.026125071023550772
2022-03-28,6062.0,6200.0,6030.8,6169.8,104320.0,0.0076762265630103,0.007676226563010369,-0.006313416009019135,-0.01058404695468107,-0.09179497747814047,6197.640000000001,-0.004492032451062222,6141.08,0.004676701817921236,6333.870000000001,-0.025903594484888437,6722.953333333334,-0.08227832410954317,0.029767057516700182,0.02457986844187426,0.01632522166933545,44.821185496844464,6333.870000000001,6893.618097855245,5774.121902144757,0.3534430035326081,214.3142857142859,0.034736018301125784,-0.01058404695468107,-0.09179497747814047,-0.14429558125988173,90783.6,1.1491062262346943,0.1788636260904941
2022-03-29,6180.4,6198.8,6111.0,6130.6,81269.0,-0.0063535284774222,-0.00635352847742221,-0.014277904621024406,0.05845994475138139,-0.09878575838649928,6179.88,-0.007974264872457004,6174.9400000000005,-0.007180636572986954,6300.2699999999995,-0.0269305918635232,6705.05,-0.08567423061722135,0.017045181989840265,0.02454346925203739,0.01633129451977311,47.54528747702811,6300.2699999999995,6820.855068026894,5779.684931973105,0.337039121537737,187.00000000000014,0.030502724040061352,0.05845994475138139,-0.09878575838649928,-0.14909504774594706,89294.4,0.9101242631116846,-0.2209643404907975
2022-03-30,6173.2,6293.8,6157.0,6293.2,101520.0,0.0265226894594328,0.026522689459432813,0.004725716840155769,0.03745466534784048,-0.07586125877411976,6185.800000000001,0.017362346018299668,6197.66,0.015415495525730627,6274.4400000000005,0.0029899082627293794,6689.7266666666665,-0.05927397133315859,0.011922659560571683,0.025510080896111384,0.01675213427307296,49.75480950584685,6274.4400000000005,6736.558063747829,5812.321936252172,0.5202978432046712,186.27142857142866,0.02959884137981133,0.03745466534784048,-0.07586125877411976,-0.12747136954773597,92368.0,1.0990819331370172,0.24918480601459359
2022-03-31,6279.4,6287.8,6219.8,6237.0,74938.0,-0.0089302739464819,-0.008930273946481937,0.0039275021730031945,0.015235862877234219,-0.08249727853128952,6190.68,0.007482215200914855,6207.0199999999995,0.004830015047478486,6246.4,-0.0015048668032786594,6673.74,-0.06544156649794564,0.012072952425812128,0.025532906282155318,0.016775127698187363,44.4473308221847,6246.4,6637.3902354413285,5855.409764558671,0.4879792394439347,172.20000000000007,0.027609427609427622,0.015235862877234219,-0.08249727853128952,-0.1332925710791807,90107.8,0.831648314574321,-0.26184003152088253
2022-04-01,6212.0,6295.2,6201.2,6289.4,87089.0,0.0084014750681415,0.008401475068141595,0.027209773306330343,0.012427159460416615,-0.06986305421633299,6224.0,0.010507712082262088,6214.74,0.012013374654450626,6222.780000000001,0.010705826013453601,6657.710000000001,-0.05532082352640788,0.01185571226583422,0.025679073919223895,0.01678298696711589,51.887323943661954,6222.780000000001,6530.984386047456,5914.575613952546,0.6080776312990908,165.3428571428572,0.02628913046440952,0.012427159460416615,-0.06986305421633299,-0.13264011473962933,89827.2,0.9695170282497952,0.16214737516346855
2022-04-06,6269.0,6269.6,6172.4,6258.8,84052.0,-0.0048653289661969,-0.004865328966196958,0.014425102920678112,0.008020615235947881,-0.052730354764499276,6241.8,0.0027235733282064967,6219.72,0.0062832410462208,6205.36,0.008611909703869047,6640.7,-0.05750899754543948,0.012008486150740754,0.025269357436262244,0.016766949004026838,73.18235995232425,6205.36,6456.107013625383,5954.612986374616,0.6065615881667887,140.2428571428572,0.022407307653680767,0.008020615235947881,-0.052730354764499276,-0.14020386295573806,85773.6,0.9799285561058414,-0.0348723719413474
2022-04-07,6228.4,6258.8,6099.2,6105.8,105910.0,-0.0244455806224835,-0.024445580622483587,-0.004045281049163241,-0.018265427533202483,-0.036514549012181985,6236.84,-0.02101064000359154,6208.36,-0.01651966058669274,6193.79,-0.014206164561601176,6621.066666666667,-0.07782230456321237,0.014412582856016392,0.02419782997827245,0.017001752144723093,52.2465567848273,6193.79,6440.240557868365,5947.339442131635,0.3214854923416376,123.65714285714292,0.020252406377074733,-0.018265427533202483,-0.036514549012181985,-0.16172876795079494,90701.8,1.167672526895828,0.260053300337886
2022-04-08,6112.2,6122.4,5989.2,6119.6,114807.0,0.0022601460906024,0.002260146090602433,-0.02758533019767362,-0.022989973816974207,-0.013826667096399792,6202.12,-0.01330512792400007,6193.960000000001,-0.012005243818171363,6189.5,-0.011293319331125207,6603.996666666668,-0.07334901743843003,0.014161008954917507,0.023779469050530747,0.016875634887832523,48.55266358550236,6189.5,6438.077510944398,5940.922489055602,0.35939999211023804,119.57142857142864,0.01953909219089951,-0.022989973816974207,-0.013826667096399792,-0.14336907528206277,93359.2,1.2297341879536243,0.08400528750826175
2022-04-11,6060.8,6060.8,5885.0,5909.0,132129.0,-0.0344140139878423,-0.034414013987842385,-0.05258938592271922,-0.04886842867720442,-0.062212347246468847,6136.5199999999995,-0.037076388572024443,6163.6,-0.0413070283600494,6169.9,-0.04228593656299129,6583.496666666668,-0.102452648010252,0.01743712584422096,0.024628355692790933,0.017370875877748604,34.27385892116182,6169.9,6442.150271857095,5897.649728142905,0.020845290217107876,126.94285714285719,0.02148296786983537,-0.04886842867720442,-0.062212347246468847,-0.1722930382406499,104797.4,1.2608041802563805,0.1508793017847343
2022-04-12,5916.8,6058.4,5852.4,6046.2,157643.0,0.0232188187510575,0.02321881875105758,-0.03866823544376252,-0.012510616058012736,-0.05646067415730338,6087.88,-0.0068463898762788356,6155.9400000000005,-0.017826684470608978,6151.81,-0.017167305232118735,6565.7,-0.07912332272263434,0.01912223342026844,0.024931178081009808,0.0176971513177379,42.58652094717667,6151.81,6404.848843699936,5898.771156300065,0.29131662464195124,132.20000000000002,0.021864973040918265,-0.012510616058012736,-0.05646067415730338,-0.15009839752600507,118908.2,1.3257538168099425,0.19309916823710171
2022-04-13,5996.6,6031.8,5941.4,5948.0,138377.0,-0.0162416062981707,-0.01624160629817073,-0.049658081421358746,-0.03594930143602715,-0.04615285929632129,6025.719999999999,-0.012898043719256624,6133.76,-0.030284849749582676,6137.42,-0.03086313141352559,6546.38,-0.09140624283955412,0.019397353707027783,0.0244960023639248,0.017783615103713367,38.556248945859345,6137.42,6402.781271913458,5872.058728086542,0.1430903450338914,130.7571428571429,0.021983379767508894,-0.03594930143602715,-0.04615285929632129,-0.1631022062134173,129773.2,1.0662987427296238,-0.12221284801735566
2022-04-14,5986.2,6074.6,5972.8,6024.4,148044.0,0.0128446536650974,0.01284465366509746,-0.013331586360509795,-0.017322937396013538,0.04012430939226519,6009.44,0.0024894166511355564,6123.14,-0.01612571327782819,6149.04,-0.020269830737806305,6528.843333333333,-0.07726381344730282,0.020021869574221147,0.018490157906434494,0.017896566360502568,40.18062397372737,6149.04,6366.797435307103,5931.282564692897,0.21381000188530733,133.80000000000004,0.02220968063209615,-0.017322937396013538,0.04012430939226519,-0.14868722267755707,138200.0,1.07123010130246,0.06985987555735429
2022-04-15,6001.6,6020.4,5942.6,5956.0,131982.0,-0.0113538277670804,-0.011353827767080493,-0.026733773449245102,-0.05358164367889151,-0.018133860863831175,5976.719999999999,-0.0034667844570265283,6089.42,-0.021910132656312142,6143.54,-0.030526374044931748,6509.3566666666675,-0.08500942489452379,0.01754779050106656,0.01532922566580392,0.017889170143368403,39.614699692407285,6143.54,6375.238864454322,5911.841135545678,0.0952936574771764,134.2571428571428,0.022541494771179116,-0.05358164367889151,-0.018133860863831175,-0.16409363947678657,141635.0,0.9318459420341018,-0.10849477182459266
2022-04-18,5869.2,6009.6,5859.8,5986.2,108717.0,0.0050705171255875,0.0050705171255875925,0.013064816381790356,-0.040211640211640254,-0.025588436370739265,5992.16,-0.0009946329871031168,6064.34,-0.012885161452029448,6135.68,-0.024362417857515473,6491.493333333334,-0.07783930559378227,0.01778751957684629,0.015065333584326926,0.017896343169080304,44.19118897771727,6135.68,6377.828711158533,5893.531288841467,0.19134669500235943,135.78571428571428,0.02268312356515223,-0.040211640211640254,-0.025588436370739265,-0.15185604987248513,136952.6,0.7938293979084734,-0.17627403736873215
2022-04-19,5992.2,6021.0,5959.6,6003.6,86104.0,0.0029066853763657,0.0029066853763657363,-0.007045747742383535,-0.0454415365535662,-0.03357908631402717,5983.64,0.00333576217820597,6035.76,-0.005328243667740207,6125.25,-0.019860413860658732,6474.293333333333,-0.07270188561119661,0.01744506108087295,0.014818600529403363,0.01791014424610169,42.749956377595524,6125.25,6371.457063047929,5879.042936952071,0.25295184773736984,128.08571428571426,0.021334818156725006,-0.0454415365535662,-0.03357908631402717,-0.1466825857069759,122644.8,0.7020599324227362,-0.20799874904568738
2022-04-20,6015.6,6016.0,5842.6,5844.8,106441.0,-0.0264507961889532,-0.026450796188953296,-0.017350369872225935,-0.066146865213779,-0.058656788532775006,5963.0,-0.019822237128961917,5994.36,-0.024950119779259095,6107.039999999999,-0.04294060625114604,6453.36,-0.09430126321792054,0.01877941488888808,0.015819531384368132,0.018105592542397138,38.710696792542244,6107.039999999999,6379.626506983425,5834.453493016573,0.018978391663488456,134.19999999999996,0.022960580344921974,-0.066146865213779,-0.058656788532775006,-0.1768814781433078,116257.6,0.9155616493029273,0.2361911177181084
2022-04-21,5845.0,5874.8,5635.8,5658.2,145088.0,-0.0319258143991241,-0.03192581439912412,-0.06078613637872654,-0.07330734711258158,-0.09023378460944786,5889.76,-0.03931569367852006,5949.6,-0.04897808256017222,6078.9800000000005,-0.06921884921483545,6429.12,-0.11991065651286648,0.019693285476006687,0.01704501103169718,0.018472160117312224,25.38378043107457,6078.9800000000005,6411.759829854289,5746.200170145712,-0.1322198075890659,139.61428571428567,0.024674682003867958,-0.07330734711258158,-0.09023378460944786,-0.20448218654219275,115666.4,1.2543660043020273,0.3630837741096007
2022-04-22,5618.2,5688.0,5550.2,5617.4,153711.0,-0.0072107737443003,-0.007210773744300347,-0.05685023505708531,-0.082064187201778,-0.1031675075036721,5822.04,-0.03514919169225916,5899.379999999999,-0.04779824320521808,6046.67,-0.07099279438103956,6404.7,-0.12292535169484908,0.01940222075385193,0.016827686126036124,0.018477799593096728,25.69052102950407,6046.67,6426.176411290354,5667.163588709646,-0.06556356787286714,144.21428571428572,0.02567278201913443,-0.082064187201778,-0.1031675075036721,-0.20687318216474182,120012.2,1.2807947858634372,0.05943289589766221
2022-04-25,5489.6,5539.2,5205.0,5230.4,174809.0,-0.068893082208851,-0.06889308220885104,-0.12625705789983632,-0.11484176679641234,-0.15809805878376215,5670.88,-0.07767401179358413,5831.5199999999995,-0.10308118638022334,5997.5599999999995,-0.1279120175538052,6374.5599999999995,-0.17948846665495344,0.026362599020100668,0.02204350214779928,0.02030470414570367,17.091361093847112,5997.5599999999995,6515.582029200306,5479.537970799693,-0.2404704402091723,166.95714285714283,0.03192053052484377,-0.11484176679641234,-0.15809805878376215,-0.25691879297607556,133230.6,1.312078456450695,0.1372575807847194
2022-04-26,5246.2,5330.4,5071.8,5086.2,193681.0,-0.0275695931477515,-0.027569593147751537,-0.15280831501099346,-0.15877741391287092,-0.16930162670673554,5487.4,-0.07311294966650872,5735.5199999999995,-0.11321031048623309,5945.7300000000005,-0.14456256843146265,6343.179999999999,-0.19816243587601168,0.023614821041746236,0.022426964785234038,0.020508004110591265,15.964240102171132,5945.7300000000005,6600.39945006016,5291.060549939841,-0.15646105826460635,177.0714285714285,0.03481409078908193,-0.15877741391287092,-0.16930162670673554,-0.2701678863538528,154746.0,1.2516058573404159,0.1079578282582705
2022-04-27,5075.6,5339.4,5038.0,5338.8,209142.0,0.0496637961542998,0.04966379615429983,-0.08657267998905005,-0.10242098184263615,-0.13468832052902846,5386.2,-0.008800267349894142,5674.6,-0.059175977161385895,5904.179999999999,-0.09575927563184039,6316.263333333333,-0.15475341697279876,0.03164484612646145,0.02578306852231534,0.021688106901418844,28.954011634288236,5904.179999999999,6602.967074263586,5205.3929257364125,0.09545616910857863,187.19999999999987,0.03506405933917732,-0.10242098184263615,-0.13468832052902846,-0.2322471166844028,175286.2,1.1931458380636923,0.07982713843897948
2022-04-28,5313.0,5341.0,5198.8,5314.6,174857.0,-0.0045328538248294,-0.004532853824829486,-0.0607260259446466,-0.11782086182856377,-0.13310279581117668,5317.48,-0.0005416099355332049,5603.62,-0.05157737319803979,5863.38,-0.09359447963461343,6292.84,-0.155452863889754,0.03069606915893453,0.02578826959673591,0.02134071235878243,28.036669213139803,5863.38,6600.727563835882,5126.032436164118,0.1278688457685429,187.842857142857,0.035344683916542545,-0.11782086182856377,-0.13310279581117668,-0.20913690476190472,181240.0,0.9647815051864931,-0.1639316827801207
2022-04-29,5336.8,5552.0,5313.0,5548.0,185585.0,0.043916757611109,0.043916757611109025,-0.01235447003951995,-0.06850235057085297,-0.1184135257102904,5303.6,0.0460819066294591,5562.82,-0.0026641164013935237,5826.12,-0.047736744179659896,6273.056666666667,-0.1155826744750168,0.03544054428392551,0.027224433914773145,0.02219761915169186,40.27163953864395,5826.12,6547.14849815931,5105.0915018406895,0.30713661061247705,188.1571428571427,0.03391440931094858,-0.06850235057085297,-0.1184135257102904,-0.1762435040831477,187614.8,0.9891810240983121,0.06135299130146343
2022-05-05,5537.8,5622.8,5516.2,5575.2,119407.0,0.0049026676279739,0.004902667627973978,0.06592230039767522,-0.06865791320036085,-0.10610870610870615,5372.5599999999995,0.03771758714653739,5521.719999999999,0.009685387886383401,5793.03,-0.037602083883563564,6256.516666666666,-0.1088971232661412,0.03543449341606264,0.027319682094563456,0.022032425715732027,36.507390855964246,5793.03,6495.159012286713,5090.900987713287,0.34487893521835455,181.05714285714274,0.0324754525141955,-0.06865791320036085,-0.10610870610870615,-0.15110542663986848,176534.4,0.6763950822049414,-0.35659131934154165
2022-05-06,5472.4,5517.4,5416.8,5423.4,141744.0,-0.0272277227722772,-0.027227722772277252,0.06629703904683248,-0.09664201479112544,-0.1376919896969504,5440.0,-0.0030514705882354054,5463.7,-0.007375954023830067,5749.7300000000005,-0.05675570852892242,6238.636666666667,-0.130675452061909,0.03582303912627588,0.027544343889704805,0.022238173366158222,35.41967759866591,5749.7300000000005,6429.4241761208605,5070.0358238791405,0.25994350734147353,184.88571428571413,0.034090370300127994,-0.09664201479112544,-0.1376919896969504,-0.16514269880853427,166147.0,0.8531240407590869,0.1870660849028951
2022-05-09,5408.4,5502.8,5404.8,5456.6,115580.0,0.0061216211232806,0.0061216211232806295,0.022064883494418153,-0.06641801259238977,-0.12817153447945284,5463.5599999999995,-0.0012738946767307802,5424.88,0.005847133945820149,5709.62,-0.04431468293861929,6219.710000000001,-0.12269221555345833,0.035593934325967795,0.027698653194266447,0.022150388133115782,33.83073242966172,5709.62,6356.722287855138,5062.517712144861,0.30449767776385833,182.84285714285696,0.03350856891523237,-0.06641801259238977,-0.12817153447945284,-0.17226419101362211,147434.6,0.7839408117226214,-0.18458629642171798
2022-05-10,5375.4,5599.4,5350.4,5584.6,158876.0,0.0234578308837005,0.02345783088370057,0.050803447107966804,-0.01300767028383576,-0.08536145959579411,5517.56,0.012150298320271924,5417.52,0.030840679868279208,5683.5599999999995,-0.017411622293069695,6201.473333333333,-0.0994720609403571,0.035467905587063475,0.02813007147349464,0.022316508223768416,39.77084939958137,5683.5599999999995,6304.952400475262,5062.167599524737,0.42037237667831867,194.78571428571416,0.03487908073733376,-0.01300767028383576,-0.08536145959579411,-0.16383182607654068,144238.4,1.1014819909261335,0.3745976812597336
2022-05-11,5589.6,5755.8,5575.0,5613.6,169920.0,0.0051928517709414,0.00519285177094142,0.011824080749819776,-0.0006764695410687027,-0.08268514281979211,5530.68,0.014992731454360086,5417.14,0.03626636933880234,5658.26,-0.00789288579881442,6182.223333333332,-0.09197715816370255,0.035433227811406155,0.028172433084775638,0.022240425517944168,39.731010913901464,5658.26,6245.146910652067,5071.373089347933,0.461951783904688,196.99999999999986,0.03509334473421687,-0.0006764695410687027,-0.08268514281979211,-0.17064090062937687,141105.4,1.204206217479983,0.06951333115133806
2022-05-12,5612.2,5674.4,5563.2,5624.4,141996.0,0.0019238991021803,0.001923899102180382,0.008824795523030504,0.07532884674212292,-0.04816381790489088,5540.5199999999995,0.015139373199627437,5456.54,0.030763084298841337,5644.030000000001,-0.0034780112791747975,6163.17,-0.08741767629320629,0.025786061579107518,0.027259694531589673,0.022246326696698147,39.51095375082981,5644.030000000001,6218.998788535052,5069.061211464949,0.4829295081825086,200.55714285714274,0.03565840673798854,0.07532884674212292,-0.04816381790489088,-0.16892251315089557,145623.2,0.9750918809640221,-0.16433615819209035
2022-05-13,5680.0,5694.8,5610.6,5691.8,130558.0,0.0119835004622717,0.011983500462271701,0.04948925028579865,0.11906728009122736,-0.05861532863616814,5594.2,0.017446641164062804,5517.1,0.03166518642040206,5626.3099999999995,0.011639955850282213,6146.3966666666665,-0.07396149180088707,0.02263564374195377,0.026822525698520613,0.02230575185537248,45.54247756671717,5626.3099999999995,6170.090055769448,5082.529944230551,0.560217361141843,194.18571428571417,0.0341167494089241,0.11906728009122736,-0.05861532863616814,-0.15024932071302732,143386.0,0.9105351986944332,-0.08055156483281223
2022-05-16,5731.8,5753.6,5623.0,5651.8,124696.0,-0.0070276538177729,-0.0070276538177729275,0.03577319209764318,0.058627406907919344,-0.04979825151311357,5633.24,0.0032947291434415327,5548.4,0.018636003172085802,5611.5,0.007181680477590602,6129.773333333333,-0.07797569458794551,0.018801063260356302,0.02665578364353927,0.02230472167247297,49.796126401631,5611.5,6134.112490031415,5088.887509968585,0.5385562924429702,186.44285714285706,0.03298822625408844,0.058627406907919344,-0.04979825151311357,-0.15000300788064724,145209.2,0.858733468678293,-0.044899584858836716
2022-05-17,5659.6,5694.0,5605.4,5693.6,119780.0,0.0073958738808874,0.007395873880887471,0.019517960104573184,0.07131298686636822,-0.05491003253436011,5655.039999999999,0.0068186962426439734,5586.3,0.019207704562948624,5594.96,0.017630152851852543,6112.906666666667,-0.06859366411614332,0.01844262359667845,0.026521319120168627,0.022296130079309317,52.425824525659,5594.96,6082.298785867206,5107.621214132794,0.6012026980619583,182.92857142857136,0.03212880627872899,0.07131298686636822,-0.05491003253436011,-0.15091863517060367,137390.0,0.8718247325132834,-0.03942387887342014
2022-05-18,5672.8,5726.8,5646.2,5663.0,136991.0,-0.005374455529015,-0.005374455529015054,0.008800057004417772,0.020728190338860752,-0.04919408999328412,5664.92,-0.00033892799898327386,5597.8,0.011647432920075751,5580.3099999999995,0.014818173183927197,6095.3533333333335,-0.07093162769891381,0.013394844203145122,0.0264496601837183,0.022292763051139083,67.81419864931642,5580.3099999999995,6038.707161284492,5121.912838715507,0.5901947121228801,159.22857142857143,0.02811735324537726,0.020728190338860752,-0.04919408999328412,-0.15681486554897117,130804.2,1.0472981754408497,0.14368842878610777
2022-05-19,5611.0,5717.2,5583.0,5715.8,164755.0,0.0093236800282536,0.009323680028253678,0.01625062228859986,0.025218826230449132,-0.045170558952256745,5683.2,0.005736204954954971,5611.860000000001,0.01852148841916934,5566.79,0.026767670416883105,6078.7266666666665,-0.059704389844802974,0.013568184460102328,0.026528037580336904,0.02234427564631308,78.03705023156394,5566.79,5989.32940034286,5144.25059965714,0.6763267518710556,150.34285714285716,0.026303029697130262,0.025218826230449132,-0.045170558952256745,-0.1485983257365865,135356.0,1.2171976122225834,0.20267024841047943
2022-05-20,5754.0,5816.2,5708.6,5812.4,151822.0,0.0169005213618389,0.01690052136183895,0.02118837626058534,0.07172622340229373,-0.031847558131787745,5707.32,0.018411443549687156,5650.76,0.028605001805066754,5557.23,0.04591676068832862,6062.716666666666,-0.04128787149875057,0.009303388337972543,0.02684610617954064,0.022436898715997994,74.49317335539922,5557.23,5945.412339683433,5169.047660316566,0.828672860553231,136.5,0.023484274998279542,0.07172622340229373,-0.031847558131787745,-0.14182784585855612,139608.8,1.087481591418306,-0.07849837637704471
2022-05-23,5802.0,5835.2,5764.0,5808.8,93232.0,-0.00061936549446,-0.0006193654944600668,0.027778760748788045,0.06454568779093206,-0.0061593211059403075,5738.719999999999,0.012211782418379169,5685.98,0.02160049806717579,5555.429999999999,0.04560763073245466,6046.433333333333,-0.03930140633872303,0.009612367266023186,0.02618418511061512,0.02243130310873812,76.11498626083281,5555.429999999999,5938.295215255486,5172.5647847445125,0.8308866800956655,131.42857142857142,0.02262576976803667,0.06454568779093206,-0.0061593211059403075,-0.14397712870995316,133316.0,0.6993309130186924,-0.38591245010604525
2022-05-24,5791.8,5809.4,5586.8,5600.0,134582.0,-0.0359454620575678,-0.03594546205756788,-0.016439511029928355,0.002757583354224158,-0.010285956664663587,5720.0,-0.020979020979020935,5687.5199999999995,-0.015388077756209984,5552.5199999999995,0.008551072305908125,6027.546666666666,-0.07093212053107278,0.014798095657387647,0.026456311206647327,0.022838260615597312,52.82118055555556,5552.5199999999995,5932.973433626106,5172.066566373893,0.5623992265590403,130.2571428571428,0.023260204081632645,0.002757583354224158,-0.010285956664663587,-0.1683003623834135,136276.4,0.9875664458409527,0.44351724729706543
2022-05-25,5616.0,5692.4,5590.0,5688.4,112535.0,0.0157857142857142,0.015785714285714292,0.004485255165106672,0.013324782670656843,0.012639299319969988,5725.08,-0.006406897370866527,5695.0,-0.0011589113257244321,5556.07,0.023817194527786745,6008.53,-0.053279254659625574,0.01554171118817215,0.026633836105668954,0.02285807951610989,55.75905575905574,5556.07,5940.37793081097,5171.76206918903,0.672166626539239,129.95714285714277,0.022845992345324306,0.013324782670656843,0.012639299319969988,-0.16707177790142624,131385.2,0.8565272191997272,-0.16381834123434036
2022-05-26,5675.0,5787.4,5595.6,5770.8,135245.0,0.0144856198579566,0.0144856198579566,0.009622450050736475,0.02602944314060185,0.10331905781584583,5736.08,0.006052914185297409,5709.64,0.010711708619107307,5583.09,0.03362116677323845,5992.660000000001,-0.037021956860559535,0.016083851353061743,0.02106664071211133,0.022902281924552292,69.01686008320563,5583.09,5946.4040436534015,5219.775956346599,0.7583302287360434,132.342857142857,0.022933190743546304,0.02602944314060185,0.10331905781584583,-0.14163319946452468,125483.2,1.0777936807477018,0.20180388323632648
2022-05-27,5811.4,5829.4,5719.4,5764.0,117975.0,-0.0011783461565121,-0.0011783461565121334,-0.008327024981074849,0.012684915141080166,0.13326255357634387,5726.4,0.006566079910589551,5716.860000000001,0.008245785273734096,5616.98,0.026174207492282386,5975.92,-0.03546232211943934,0.015774469483779373,0.019691777160835984,0.02287212390214241,67.32807215332579,5616.98,5903.462960639607,5330.497039360392,0.7565946673962048,133.19999999999987,0.023108952116585684,0.012684915141080166,0.13326255357634387,-0.14839548490041954,118713.8,0.9937766291703239,-0.1276941846278975
2022-05-30,5773.2,5791.4,5721.2,5787.4,101229.0,0.0040596807772379,0.004059680777237951,-0.00368406555570866,0.023992356417424476,0.08402637296770799,5722.12,0.011408359139619462,5730.42,0.009943424740245899,5639.410000000001,0.02624210688706774,5959.153333333334,-0.028821767745529914,0.015505639110316542,0.016862489441387407,0.02287382920830317,62.96012269938646,5639.410000000001,5903.56349524968,5375.256504750321,0.7801212224356862,120.4285714285713,0.020808752017930556,0.023992356417424476,0.08402637296770799,-0.1480849059381164,120313.2,0.8413790008078914,-0.14194532739987287
2022-05-31,5778.8,5913.6,5732.6,5891.2,127724.0,0.0179355150844939,0.01793551508449398,0.052000000000000046,0.034705634396515306,0.10849358371279116,5780.359999999999,0.0191752762803703,5750.18,0.024524449669401482,5668.24,0.039334961116678224,5943.963333333333,-0.008876793205879974,0.016218479828502743,0.01699955334154948,0.02301974434363688,66.19225384974332,5668.24,5907.851250065357,5428.628749934643,0.9652536137998211,120.442857142857,0.020444537130441507,0.034705634396515306,0.10849358371279116,-0.13397818481168977,118941.6,1.0738379170954484,0.26173329777040166
2022-06-01,5879.2,5915.6,5829.6,5883.8,105049.0,-0.0012561108093427,-0.0012561108093427364,0.03435060825539704,0.038989934663605785,0.06052631578947376,5819.4400000000005,0.011059483386717472,5772.26,0.01932345389847301,5685.030000000001,0.03496375568818455,5928.53,-0.007544872000310288,0.01601809057714578,0.014401147938669964,0.02301624824171621,65.19091122042636,5685.030000000001,5935.9586927437595,5434.101307256242,0.896068695505814,118.64285714285701,0.020164325290264285,0.038989934663605785,0.06052631578947376,-0.13598049869305995,117444.4,0.8944572921314257,-0.17753123923459957
2022-06-02,5851.6,5974.0,5844.2,5966.2,116575.0,0.0140045548794995,0.014004554879499587,0.033860123379773954,0.04380839077644416,0.07013201320132012,5858.5199999999995,0.018380068686289386,5797.3,0.029134252151863826,5704.58,0.04586139558039326,5914.67,0.0087122358474776,0.01625917729468304,0.014605409258841079,0.02311078841445813,65.79189686924492,5704.58,5979.279695169654,5429.880304830346,0.9761927381070156,121.89999999999989,0.02043176561295295,0.04380839077644416,0.07013201320132012,-0.12233369619582812,113710.4,1.0251920668645964,0.10972022579938878
2022-06-06,5970.0,6099.0,5944.4,6070.2,141639.0,0.0174315309577286,0.017431530957728647,0.05312283136710616,0.04435345124217194,0.11926098019692444,5919.76,0.02541319242672002,5823.08,0.04243802248981643,5736.92,0.05809389010130861,5903.143333333334,0.028299612127549834,0.01630527823016033,0.012984756098446817,0.02324018891841331,72.42710120068611,5736.92,6024.242636182984,5449.597363817016,1.079975188219677,123.61428571428561,0.02036412073972614,0.04435345124217194,0.11926098019692444,-0.10228045786624873,118443.2,1.1958390181960636,0.21500321681321033
2022-06-07,6058.0,6080.0,6029.6,6052.8,117002.0,-0.0028664623900365,-0.002866462390036517,0.04585824377095071,0.042005233438920264,0.10926217791298609,5972.839999999999,0.013387266359052186,5847.4800000000005,0.03511256130846108,5766.7300000000005,0.04960696963443745,5893.903333333334,0.026959496564529006,0.016398433107555573,0.013125269608025318,0.023071806251354323,69.77102597974462,5766.7300000000005,6055.305835877869,5478.154164122132,0.9956582714726515,120.88571428571413,0.01997186662135113,0.042005233438920264,0.10926217791298609,-0.08390846349436976,121597.8,0.9622049083124858,-0.1739422051836006
2022-06-08,6059.6,6114.0,5993.4,6093.2,143642.0,0.0066745968807824,0.006674596880782424,0.034288430200977826,0.08807142857142858,0.09107187623106383,6013.24,0.013297323905249181,5896.8,0.033306199972866546,5792.16,0.05197370238391197,5889.836666666667,0.03452783919871005,0.008360669107397254,0.012419489226003683,0.02249547818508888,73.42626878675674,5792.16,6102.011811100213,5482.308188899787,0.9857806041718388,123.74285714285699,0.02030835310556965,0.08807142857142858,0.09107187623106383,-0.03850280881146251,124781.4,1.1511491295978407,0.22768841558263953
2022-06-09,6084.0,6093.8,5952.0,6020.4,135714.0,-0.0119477450272434,-0.011947745027243495,0.023216288792956785,0.05836439068982502,0.07246686618212905,6040.5599999999995,-0.003337438912948465,5930.0,0.015244519392917377,5812.5,0.03576774193548382,5886.753333333332,0.022702950013193668,0.010097548847842218,0.012945193818521817,0.022388238572122274,66.23321253464081,5812.5,6126.380366079979,5498.619633920021,0.8311771338176429,124.28571428571415,0.020644095788604436,0.05836439068982502,0.07246686618212905,-0.029812743739323855,130914.4,1.036662124258294,-0.055192770916584255
2022-06-10,5977.8,6160.2,5977.4,6153.4,152744.0,0.0220915553783802,0.022091555378380257,0.0313767557239113,0.06629929992375394,0.09405447692198288,6077.999999999999,0.012405396512010558,5968.26,0.0310207665215656,5838.95,0.05385386071125797,5884.293333333333,0.04573304752538965,0.01106964751917148,0.01357901136855779,0.02248393644864368,67.49435665914223,5838.95,6174.497737603011,5503.402262396989,0.9685622413166554,129.6571428571428,0.02107081334825345,0.06629929992375394,0.09405447692198288,-0.023424853197905104,138148.2,1.10565320431247,0.12548447470415725
2022-06-13,6120.0,6152.8,6057.6,6116.8,168677.0,-0.0059479312250136,-0.005947931225013692,0.0076768475503279365,0.06120749479528098,0.07466882181383738,6087.32,0.004842853669595248,6003.539999999999,0.01886553600042662,5860.2,0.043786901470939554,5879.44,0.04037119181418647,0.011530173430926233,0.013657098647767468,0.022382570119418754,65.28384279475983,5860.2,6210.035931469795,5510.364068530204,0.8667433458334668,131.4142857142856,0.02148415604798025,0.06120749479528098,0.07466882181383738,-0.04544319600499369,143555.8,1.1749925812819824,0.1043117896611323
2022-06-14,6057.6,6192.2,5941.8,6186.4,216176.0,0.0113784985613392,0.011378498561339212,0.022072429288924056,0.06894287590282344,0.09458933437135064,6114.039999999999,0.011835055053614374,6043.4400000000005,0.02365540155937662,5886.93,0.05087031780571527,5878.616666666667,0.052356421720529456,0.011623963318588476,0.013515849295574674,0.022163084678798517,83.76324274527873,5886.93,6251.120702502745,5522.739297497255,0.9111444882338015,133.3999999999999,0.021563429458166285,0.06894287590282344,0.09458933437135064,-0.00792199878123101,163390.6,1.3230626486468622,0.28159737249298966
2022-06-15,6208.6,6310.0,6136.0,6145.4,208937.0,-0.0066274408379671,-0.00662744083796718,0.00856692706623785,0.04314910374796299,0.07935225516369249,6124.4800000000005,0.0034158001985473696,6068.86,0.012611923820948334,5909.5199999999995,0.03991525538453211,5884.506666666666,0.04433563391323658,0.0115928387399787,0.013726187288307493,0.020116546548847928,77.8319123020707,5909.5199999999995,6279.225348394563,5539.814651605436,0.8190108028248754,138.51428571428565,0.022539506901794133,0.04314910374796299,0.07935225516369249,0.0610151933701657,176449.6,1.1841171643347448,-0.0334866035082525
2022-06-16,6189.6,6228.0,6134.0,6142.2,179358.0,-0.0005207146808995,-0.0005207146808995367,0.020231213872832443,0.043917196369692935,0.084619459650362,6148.839999999999,-0.0010798784811443252,6094.7,0.00779365678376287,5933.4800000000005,0.03517665855450747,5885.776666666667,0.04356660944774782,0.01155599693162055,0.01359557942399811,0.019184071880023197,75.03370180641689,5933.4800000000005,6297.991483322062,5568.968516677939,0.7863009940013143,131.5285714285714,0.021413918698279348,0.043917196369692935,0.084619459650362,0.012561819980217548,185178.4,0.9685686883567414,-0.1415689896954584
2022-06-17,6123.8,6225.8,6046.0,6209.6,187028.0,0.0109732669076227,0.010973266907622792,0.009133162154256302,0.04079648687606863,0.08639210609188575,6160.08,0.008038856638225456,6119.039999999999,0.014799707143604346,5958.17,0.0421991987472663,5886.880000000001,0.054820210366102184,0.011312290669601897,0.013633517254731362,0.019165927782958666,77.7666999002992,5958.17,6327.462838301823,5588.877161698178,0.840420898975716,136.5142857142857,0.02198439282953583,0.04079648687606863,0.08639210609188575,0.010775791906761922,192035.2,0.9739256136374997,0.04276363474168976
2022-06-20,6226.0,6248.0,6139.4,6186.6,117591.0,-0.0037039422829168,-0.0037039422829168167,0.011411195396285656,0.019175644954037896,0.06437960222971584,6174.039999999999,0.002034324364597717,6130.68,0.009121337274168528,5976.88,0.035088541178675214,5886.453333333334,0.05098939032898131,0.010481130814374113,0.013403057251214495,0.019119600270575618,74.88778054862853,5976.88,6352.932009840693,5600.827990159307,0.7788444078371551,139.2571428571429,0.022509479012243056,0.019175644954037896,0.06437960222971584,-0.00412092334438674,181818.0,0.6467511467511468,-0.3712652650939966
2022-06-21,6187.6,6207.4,6092.8,6146.4,131103.0,-0.0064979148482204,-0.006497914848220487,-0.006465795939480157,0.015463917525773141,0.05811871643024369,6166.04,-0.003185188548890383,6140.039999999999,0.0010358238708543244,5993.76,0.0254664851445503,5885.410000000001,0.04434525377161469,0.010726601474042344,0.013555058787247417,0.019138519911337724,67.28060671722645,5993.76,6368.350091194379,5619.169908805621,0.7037427091481616,134.5142857142857,0.021885052341905135,0.015463917525773141,0.05811871643024369,-0.010082138830729614,164803.4,0.7955115003695312,0.11490675306783693
2022-06-22,6145.2,6155.2,6021.6,6031.2,135193.0,-0.0187426786411557,-0.018742678641155752,-0.018583005174602096,-0.010175277358366652,0.07699999999999996,6143.2,-0.01823154056517773,6133.84,-0.01673340028432435,6015.32,0.0026399260554716975,5882.273333333333,0.025317875968588144,0.01228530985869829,0.011320978514524235,0.01928938687968622,58.709524935003536,6015.32,6340.918199917371,5689.721800082629,0.5243858842033372,137.91428571428565,0.022866806889886866,-0.010175277358366652,0.07699999999999996,-0.03026015371257673,150054.6,0.9009587176934262,0.0311968452285607
2022-06-23,6053.8,6198.8,6020.0,6195.8,140723.0,0.0272914179599417,0.02729141795994172,0.008726514929504159,0.02913427679223979,0.08919907179523245,6153.92,0.00680541833497994,6151.379999999999,0.007221143873407332,6040.6900000000005,0.025677530215918898,5881.143333333334,0.05350263525856347,0.014458250875301068,0.012219992634306228,0.019594835063182103,62.36535975872471,6040.6900000000005,6336.766447453692,5744.613552546309,0.7619424836625343,141.41428571428565,0.022824217326944972,0.02913427679223979,0.08919907179523245,-0.010824446005492039,142327.6,0.9887260095722825,0.04090448469965158
2022-06-24,6204.0,6284.8,6191.6,6274.2,128720.0,0.0126537331740856,0.01265373317408569,0.010403246585931392,0.019631423278187787,0.08723227282179247,6166.839999999999,0.017409240388919,6163.46,0.01796718077183912,6065.86,0.03434632517070946,5882.169999999999,0.06664717272707188,0.013335798183756941,0.01214668322246723,0.01963210020157487,61.29818342933098,6065.86,6350.707781325869,5781.01221867413,0.8657040947102488,137.02857142857133,0.02184000692177032,0.019631423278187787,0.08723227282179247,0.009915333354794997,130666.0,0.9851070668727901,-0.08529522537182976
2022-06-27,6310.0,6356.4,6282.2,6288.4,124048.0,0.0022632367473143,0.0022632367473143233,0.016454918695244514,0.02805388438399148,0.09097848716169321,6187.2,0.016356348590638614,6180.62,0.017438379968352624,6092.08,0.03222544680962813,5884.929999999999,0.06855986392361513,0.013039802652316454,0.01208982573566501,0.019536749689002975,63.09470875944862,6092.08,6355.683191418974,5828.476808581026,0.8723778891735157,139.29999999999993,0.022151898734177205,0.02805388438399148,0.09097848716169321,0.0270464493369047,131957.4,0.9400609590670929,-0.036295835922933506
2022-06-28,6298.8,6423.2,6282.4,6404.6,110310.0,0.0184784682908212,0.018478468290821226,0.04200833007939608,0.03527091684986439,0.10664547119604673,6238.839999999999,0.026569041680825523,6202.4400000000005,0.03259362444457348,6122.94,0.04600077740431896,5888.843333333333,0.0875819982758359,0.013730934495072487,0.012489730170040072,0.01965217771249318,65.96268197662499,6122.94,6380.807206951567,5865.072793048432,1.046133809199131,140.74285714285705,0.021975276698444405,0.03527091684986439,0.10664547119604673,0.038056338941294676,127798.8,0.8631536446351609,-0.11074745259899399
2022-06-29,6396.0,6409.8,6283.4,6314.2,130037.0,-0.0141148549480062,-0.014114854948006239,0.04692266878896412,0.02746769941745053,0.0718020097772949,6295.4400000000005,0.00297993468288138,6219.32,0.015255687116919603,6144.09,0.027686768911262538,5891.903333333334,0.07167406570938306,0.014528931666143193,0.012815261219925938,0.01972556271640755,64.79355488418932,6144.09,6391.086321302141,5897.093678697859,0.8443573554116028,139.64285714285708,0.022115684828300827,0.02746769941745053,0.0718020097772949,0.02994812905751476,126767.6,1.0257905016739293,0.1788323814704016
2022-06-30,6342.2,6401.4,6339.4,6354.6,131572.0,0.0063982768996864,0.006398276899686417,0.02563026566383675,0.03458044348930356,0.08001631598626746,6327.2,0.004330509546086825,6240.5599999999995,0.018274001051187927,6167.629999999999,0.030314723808010813,5892.926666666667,0.07834364135986749,0.014517541788057227,0.012778395520697,0.019447916419109135,61.17281208351846,6167.629999999999,6399.448922982093,5935.8110770179055,0.9032673381336588,132.81428571428563,0.02090049502947245,0.03458044348930356,0.08001631598626746,0.009756562639039013,124937.4,1.0531033941798054,0.011804332613025492
2022-07-01,6353.2,6392.0,6329.0,6341.0,100191.0,-0.0021401819154628,-0.0021401819154628354,0.010646775684549414,0.021160783303272312,0.06282055579766022,6340.56,6.939450143206294e-05,6253.7,0.01395973583638499,6186.37,0.024995271863790913,5894.660000000001,0.0757193799133451,0.014358869722886499,0.012617636787185683,0.019412726995745828,62.77638477319348,6186.37,6410.082419719574,5962.6575802804255,0.8455999452194702,130.47142857142853,0.020575844278730254,0.021160783303272312,0.06282055579766022,0.016674683341350027,119231.6,0.8403057578695581,-0.23850819323260264
2022-07-04,6326.0,6422.0,6294.8,6416.4,101638.0,0.0118908689481154,0.011890868948115418,0.020354939253228066,0.037144796818931125,0.057032717208658656,6366.16,0.007891727509204971,6276.679999999999,0.022260175761708467,6203.68,0.034289325045779195,5896.776666666667,0.08811989374986218,0.014494013257990108,0.012344896198949165,0.019442118226148098,63.02083333333329,6203.68,6442.6030362754955,5964.756963724505,0.9451642740608698,121.67142857142855,0.018962569130887813,0.037144796818931125,0.057032717208658656,0.02019270518650429,114749.6,0.8857372923304307,0.014442414987374086
2022-07-05,6449.4,6457.2,6323.2,6402.4,135411.0,-0.0021819088585499,-0.0021819088585499635,-0.0003435031071418182,0.041650396980346116,0.05775839280993922,6365.719999999999,0.00576211331946741,6302.280000000001,0.01588631415931996,6221.16,0.02913283053321236,5899.17,0.08530522090395753,0.014216616722479961,0.012329153739221433,0.01943260270648721,65.0081756598925,6221.16,6464.714333287462,5977.605666712538,0.8720730351081167,118.81428571428569,0.018557772977990394,0.041650396980346116,0.05775839280993922,0.02294369527704987,119769.8,1.130593855880197,0.3322871367008402
2022-07-06,6372.6,6399.0,6260.6,6326.4,126413.0,-0.0118705485442959,-0.011870548544295922,0.001932152925152808,0.04894548348587335,0.03827217225759871,6368.16,-0.006557624180297039,6331.8,-0.0008528380555292703,6232.82,0.015014070677478175,5902.846666666666,0.07175408023473429,0.013108364561217795,0.012720194127593691,0.019224986393604815,59.913885898815884,6232.82,6472.884233509425,5992.755766490574,0.6949061687198935,122.22857142857136,0.019320398872750912,0.04894548348587335,0.03827217225759871,0.03612958170919445,119045.0,1.061892561636356,-0.06644954988885687
2022-07-07,6317.4,6395.6,6289.2,6346.4,111142.0,0.0031613555892766,0.00316135558927666,-0.001290403801970319,0.02430678846960843,0.05414922596505223,6366.5199999999995,-0.00316028222639686,6346.86,-7.247678379540545e-05,6249.120000000001,0.015566991832449917,5906.626666666666,0.0744542288096759,0.010478997527547248,0.012292451074852048,0.019226518414178818,57.75862068965511,6249.120000000001,6472.119094640465,6026.120905359537,0.718117477465191,116.98571428571424,0.018433397561722274,0.02430678846960843,0.05414922596505223,0.03706124583306081,114959.0,0.9667968580102472,-0.12080244911520177
2022-07-08,6384.0,6391.4,6309.8,6311.2,107376.0,-0.0055464515315769,-0.005546451531576957,-0.004699574199653056,0.0058971661725797375,0.025644359216043133,6360.5599999999995,-0.007760322990428503,6350.5599999999995,-0.006197878612279828,6257.01,0.008660686174386756,5913.33,0.0672835779501566,0.01008368781378151,0.011528920250744885,0.018684182942961675,56.97023942716486,6257.01,6476.893891849031,6037.126108150969,0.6232241242055276,115.05714285714274,0.018230628542455118,0.0058971661725797375,0.025644359216043133,0.06806566254865465,116396.0,0.9225059280387642,-0.033884580086735894
2022-07-11,6279.0,6287.2,6182.8,6226.4,129506.0,-0.0134364304728102,-0.01343643047281029,-0.029611620223178092,-0.00985942370078241,0.017917865550614698,6322.5599999999995,-0.01520902925397305,6344.359999999999,-0.018592891954428703,6262.49,-0.005762883453706125,5916.333333333333,0.05240858639923385,0.010983806384369922,0.011893552583540261,0.018553193182377303,54.26257459505541,6262.49,6472.920595133788,6052.0594048662115,0.41424726053486965,116.04285714285705,0.018637231328352988,-0.00985942370078241,0.017917865550614698,0.029803843736561753,121969.6,1.061789167136729,0.2060981969900164
2022-07-12,6223.2,6260.2,6138.0,6146.2,139996.0,-0.0128806372863934,-0.012880637286393437,-0.04001624390853431,-0.04034600131155741,-0.006498124919177561,6271.32,-0.01995114266215081,6318.5199999999995,-0.027272209314839535,6260.48,-0.018254191371907535,5919.636666666667,0.03827318230679677,0.009148166988510073,0.012011048009643203,0.0185063126305824,56.364843922957704,6260.48,6474.704570805455,6046.255429194544,0.23327055909057837,115.22857142857136,0.018747937169075423,-0.04034600131155741,-0.006498124919177561,0.03332212508406185,122886.6,1.1392291755162889,0.08100010810309954
2022-07-13,6163.4,6188.6,6119.8,6158.0,141773.0,0.0019198854576811,0.0019198854576811808,-0.026618614061709622,-0.024737892369579684,0.0020503140560419464,6237.64,-0.01276764930326213,6302.9,-0.022989417569690085,6261.11,-0.01646832590387326,5921.863333333333,0.03987539957862363,0.008579916740290112,0.011924223170506372,0.01843858002667741,47.4820143884892,6261.11,6473.97941784242,6048.240582157579,0.25780926859975634,107.3714285714285,0.0174360877836032,-0.024737892369579684,0.0020503140560419464,0.0221764823052919,125958.6,1.1255523640307212,0.012693219806280132
2022-07-14,6155.0,6249.2,6152.0,6222.6,151905.0,0.0104904189671972,0.010490418967197268,-0.01950712214798933,-0.02077235388537435,0.013089772394256238,6212.879999999999,0.00156449182987628,6289.7,-0.010668235368936463,6265.129999999999,-0.006788366721839578,5926.306666666667,0.049996287738512724,0.009129772168054434,0.012142862121869007,0.018415517212135277,46.498371335504935,6265.129999999999,6471.481168233954,6058.778831766044,0.39694751824283453,107.65714285714277,0.017300990399052286,-0.02077235388537435,0.013089772394256238,0.04476158495634652,134111.2,1.1326794480997857,0.07146635819232161
2022-07-15,6210.4,6246.0,6102.2,6102.2,155184.0,-0.0193488252498956,-0.019348825249895674,-0.03311573076435548,-0.03765967513010571,-0.017295800051533194,6171.08,-0.011161741542809356,6265.82,-0.026113102514914277,6259.76,-0.02517029406878224,5928.24,0.02934429105434333,0.010643098402423804,0.012676555282562296,0.018590748278975656,38.95610913404512,6259.76,6477.472842258214,6042.047157741787,0.1381472071979802,112.05714285714281,0.01836340055343037,-0.03765967513010571,-0.017295800051533194,0.019377902509104317,143672.8,1.0801209414725683,0.02158585958329229
2022-07-18,6132.2,6243.0,6114.0,6223.0,117182.0,0.0197961390973746,0.019796139097374654,-0.0005460619298470748,-0.030141512374540214,0.005883684091423369,6170.4,0.008524568909633157,6246.4800000000005,-0.0037589170220668766,6261.58,-0.006161384187377661,5931.8966666666665,0.04907424213390987,0.012126611497381038,0.013457859512099084,0.018755081440129075,39.287399716847574,6261.58,6477.317341276358,6045.842658723642,0.4105857155470847,112.05714285714281,0.01800693280686852,-0.030141512374540214,0.005883684091423369,0.036544739822772954,141208.0,0.8298538326440428,-0.244883493143623
2022-07-19,6215.4,6261.4,6188.8,6242.0,105693.0,0.0030531897798489,0.0030531897798489194,0.015586866681852163,-0.025053105085592886,0.015553820122348183,6189.5599999999995,0.008472330828039665,6230.44,0.0018554066807481284,6266.36,-0.003887424278209317,5938.516666666666,0.051104231977121106,0.0122774215770644,0.013370156488197688,0.018412876322582414,45.34913682040713,6266.36,6475.487172590575,6057.232827409424,0.44175792725010643,108.21428571428558,0.01733647640408292,-0.025053105085592886,0.015553820122348183,0.06795784286887496,134347.4,0.7867141455658986,-0.09804406820160094
2022-07-20,6275.8,6349.0,6269.4,6328.0,99966.0,0.0137776353732776,0.013777635373277697,0.02760636570315045,0.00025290844714209726,0.04921077065923862,6223.5599999999995,0.01678139200071982,6230.6,0.015632523352486105,6281.2,0.007450805578551822,5949.679999999999,0.06358661306154301,0.012763893154089915,0.012827592490128,0.017956247773521394,48.38160136286199,6281.2,6459.98660022773,6102.413399772269,0.6308822919066317,109.6285714285713,0.017324363373668033,0.00025290844714209726,0.04921077065923862,0.11837686896893018,125986.0,0.7934691156160208,-0.05418523459453317
2022-07-21,6309.8,6331.8,6262.6,6267.0,93492.0,-0.0096396965865992,-0.009639696586599245,0.007135281072220501,-0.012511029875204804,0.011491655637690057,6232.4400000000005,0.005545179736988981,6222.660000000001,0.007125570093818201,6284.76,-0.002825883565959586,5960.506666666666,0.051420684595045785,0.013061056138687164,0.011674720806106091,0.017980147256012404,45.743212149102625,6284.76,6459.168527072868,6110.351472927133,0.44908505823061007,110.07142857142844,0.01756365542866259,-0.012511029875204804,0.011491655637690057,0.11564068786271231,114303.4,0.8179284255761421,-0.06476201908648938
2022-07-22,6286.2,6303.4,6127.0,6192.6,131595.0,-0.0118717089516514,-0.01187170895165146,0.014814329258300285,-0.01879198884522748,-0.013005642153581243,6250.5199999999995,-0.009266429033104262,6210.8,-0.002930379339215583,6280.68,-0.014023959189132351,5976.543333333334,0.036150773886577614,0.01344349430598491,0.011633965760783212,0.015507186329513341,37.11126468555638,6280.68,6459.880629697969,6101.479370302031,0.25424193500755804,113.58571428571415,0.01834216876363953,-0.01879198884522748,-0.013005642153581243,0.18396298562251467,109585.6,1.2008420814413572,0.40755358747272497
2022-07-25,6194.0,6224.6,6088.0,6117.8,107947.0,-0.0120789329199367,-0.01207893291993678,-0.01690502972842678,-0.0174418604651162,-0.02712931747344305,6229.4800000000005,-0.017927660093619457,6199.9400000000005,-0.013248515308212694,6272.15,-0.024608786460782905,5993.736666666667,0.020698829500350735,0.013319374102330746,0.011888077215813716,0.015114677022870103,34.6824542518838,6272.15,6465.487006014563,6078.812993985436,0.10082654846643084,113.77142857142846,0.01859678782755704,-0.0174418604651162,-0.02712931747344305,0.2028233258621368,107738.6,1.0019343113795798,-0.17970287624909764
2022-07-26,6129.0,6236.4,6117.2,6212.4,98804.0,0.0154630749615873,0.015463074961587386,-0.004742069849407282,0.010770882821906191,-0.030009680542110506,6223.5599999999995,-0.0017931858936043321,6206.5599999999995,0.000940939908741667,6262.54,-0.008006336087274524,6008.296666666667,0.03397024891691425,0.013681482455550975,0.011640483031792909,0.013931041062754057,43.98480371464753,6262.54,6447.062831563901,6078.0171684360985,0.36413605412662303,112.15714285714277,0.01805375424266673,0.010770882821906191,-0.030009680542110506,0.1636322769161609,106360.8,0.9289512677603027,-0.08469897264398274
2022-07-27,6202.0,6255.4,6185.0,6239.0,80589.0,0.0042817590625201,0.004281759062520152,-0.014064475347661198,0.013153621305618701,-0.011909663932089587,6205.76,0.005356314133965867,6214.66,0.003916545716097231,6258.78,-0.0031603603258142376,6023.703333333334,0.03574157868553729,0.013716474710270094,0.011309851125368111,0.013900731585762143,44.37224900440162,6258.78,6441.930115019123,6075.629884980876,0.4460005799124548,109.58571428571415,0.01756462803104891,0.013153621305618701,-0.011909663932089587,0.17393595002446083,102485.4,0.78634615272029,-0.18435488441763492
2022-07-28,6275.0,6323.0,6239.0,6248.6,97409.0,0.0015387081263023,0.0015387081263023017,-0.002936014041806212,0.004178317744994109,-0.01668082963522488,6202.08,0.007500709439413944,6217.26,0.0050408057568769316,6253.4800000000005,-0.0007803654924938286,6035.38,0.0353283471794652,0.013343777393065887,0.011204699683950341,0.012808372968893632,46.62933448201597,6253.4800000000005,6431.003425881719,6075.956574118282,0.4862553351036285,109.75714285714275,0.017565077434488166,0.004178317744994109,-0.01668082963522488,0.12627974044700796,103268.8,0.9432568210340393,0.2087133479755301
2022-07-29,6268.2,6284.8,6183.6,6196.0,100341.0,-0.0084178856063759,-0.008417885606375908,0.0005490424054515053,0.015371505358723114,-0.022867055669452796,6202.76,-0.0010898374272098055,6226.639999999999,-0.004920791951999681,6246.2300000000005,-0.008041650723716653,6045.7266666666665,0.024856124270697055,0.011907861465056315,0.011331983933620605,0.012873627064882355,48.30432842481038,6246.2300000000005,6420.517809157706,6071.942190842295,0.35589927303937413,107.81428571428562,0.017400627132712333,0.015371505358723114,-0.022867055669452796,0.11135026546132876,97018.0,1.0342513760333134,0.030099888100688865
2022-08-01,6168.2,6251.0,6151.0,6247.4,97877.0,0.0082956746287927,0.00829567462879277,0.021184085782470774,0.00392093845412167,-0.026338756935353147,6228.679999999999,0.0030054521985396487,6229.08,0.0029410442633581724,6237.78,0.0015422153394315519,6059.460000000001,0.03101596511900384,0.010416099903084553,0.011142070693558274,0.012318926047484512,55.832180728446275,6237.78,6392.633161006242,6082.926838993758,0.5310616842997868,106.22857142857136,0.017003644944868484,0.00392093845412167,-0.026338756935353147,0.15193421101154247,95004.0,1.0302408319649698,-0.024556263142683443
2022-08-02,6174.4,6175.2,5997.4,6115.4,165049.0,-0.0211287895764638,-0.021128789576463802,-0.015613933423475612,-0.020281960909964813,-0.04482693989753839,6209.280000000001,-0.015119305297876862,6216.42,-0.01625051074412609,6223.429999999999,-0.01735859485846225,6070.44,0.007406382403911449,0.012366496571412675,0.011996006863859326,0.01267780376181936,47.84369305527433,6223.429999999999,6366.818542447452,6080.0414575525465,0.12329626148620232,119.17142857142848,0.019487102817710777,-0.020281960909964813,-0.04482693989753839,0.12073452332954582,108253.0,1.524659824669986,0.686289935326992
2022-08-03,6169.2,6202.4,6022.2,6044.6,125999.0,-0.011577329365209,-0.011577329365209055,-0.03115883955762133,-0.04478508217446264,-0.04454350025290832,6170.4,-0.020387657202126208,6188.08,-0.023186513425812127,6209.34,-0.026531000074081934,6078.1066666666675,-0.005512681580667755,0.01133328908180903,0.011983767295130092,0.012477076008840243,41.04627766599598,6209.34,6364.983376446034,6053.696623553967,-0.029222649115172594,125.09999999999991,0.02069615855474306,-0.04478508217446264,-0.04454350025290832,0.08236937291838275,117335.0,1.073839860229258,-0.23659640470405763
2022-08-04,6080.2,6088.6,5980.0,6058.0,117014.0,0.0022168547132976,0.002216854713297689,-0.030502832634510146,-0.03334928993138664,-0.045443085843942965,6132.28,-0.012112949832688624,6167.18,-0.017703391177166905,6194.92,-0.022101980332272286,6085.513333333334,-0.004521119554965147,0.011357588135396841,0.011963340279537283,0.012467641250143472,47.50845546786923,6194.92,6350.536067361299,6039.303932638702,0.060071134293257854,122.5857142857142,0.02023534405508653,-0.03334928993138664,-0.045443085843942965,0.0791648852786091,121256.0,0.9650161641485782,-0.07131008976261721
2022-08-05,6069.4,6199.6,6063.6,6190.4,109393.0,0.0218553978210629,0.02185539782106294,-0.000903808908973569,-0.0003552627329393987,-0.019140575484852373,6131.16,0.009662119403179847,6166.96,0.0038009002815000414,6188.879999999999,0.0002456017890151152,6094.946666666667,0.015661061294493184,0.013368289392773316,0.013083185342327537,0.012745698908094995,48.18606721566879,6188.879999999999,6334.552648156737,6043.207351843262,0.505217177072133,122.64285714285708,0.019811782298859056,-0.0003552627329393987,-0.019140575484852373,0.10063295640423875,123066.4,0.8888941254477258,-0.06512895892799153
2022-08-08,6172.0,6234.8,6169.2,6224.0,70000.0,0.0054277591108813,0.005427759110881336,-0.0037455581521912418,0.017359181405080193,-0.000385455479891994,6126.4800000000005,0.015917786396103306,6177.58,0.007514269341716284,6188.76,0.005694193990395391,6103.816666666667,0.019689866176627158,0.012735521241866707,0.012807745673067783,0.012683818661664525,49.01445466491459,6188.76,6334.306410033461,6043.213589966539,0.6210610416014318,122.14285714285714,0.01962449504223283,0.017359181405080193,-0.000385455479891994,0.09350293404546894,117491.0,0.5957903158539803,-0.3601053083835346
2022-08-09,6210.2,6244.6,6189.6,6240.0,69400.0,0.0025706940874035,0.0025706940874035134,0.02037479150995858,0.004442727448329187,0.015261462366991108,6151.4,0.014403225282049625,6180.34,0.009653190601164319,6193.45,0.007516004811534804,6113.62,0.020671876891269036,0.011817684775418053,0.012447103107983916,0.012633974281420017,44.781783681214414,6193.45,6339.2668353573345,6047.633164642665,0.6596180574277519,118.42857142857143,0.01897893772893773,0.004442727448329187,0.015261462366991108,0.10407303867794337,98361.2,0.7055627625527139,-0.008571428571428563
2022-08-10,6234.8,6264.2,6190.4,6220.2,77481.0,-0.003173076923077,-0.0031730769230770006,0.02905072295933553,-0.003013303414008739,0.010100682039623221,6186.5199999999995,0.005444094579828418,6178.46,0.0067557287738369,6196.56,0.0038150199465509793,6122.3966666666665,0.015974680939218278,0.01178815362242897,0.012475722183239111,0.012627316524850973,47.08229426433914,6196.56,6341.845583013328,6051.274416986673,0.5813570056632213,118.75714285714288,0.019092174344417043,-0.003013303414008739,0.010100682039623221,0.09248981312350701,88657.6,0.8739352294670732,0.11644092219020163
2022-08-11,6257.6,6364.2,6245.4,6354.6,99235.0,0.0216070222822417,0.02160702228224176,0.04896005282271387,0.01696379989117558,0.021212997782277476,6245.84,0.017413190219410124,6189.06,0.026747195858498607,6203.16,0.024413363511500696,6133.923333333333,0.03597643052815047,0.013680756199311245,0.013169035035612689,0.012854789381035864,59.39675174013921,6203.16,6364.529068972327,6041.790931027673,0.9692349065543988,116.44285714285719,0.018324183606026688,0.01696379989117558,0.021212997782277476,0.12212608158220029,85101.8,1.1660740430872203,0.28076560705205145
2022-08-12,6350.4,6374.2,6334.4,6347.4,80516.0,-0.0011330374846568,-0.0011330374846568736,0.025361850607392045,0.024435119431891472,0.04018222935990301,6277.24,0.011176886657193297,6204.2,0.023081138583540106,6215.42,0.021234285052337487,6144.45,0.03302980738715422,0.013265787338071051,0.012277724109722785,0.012824713404530461,64.45115810674719,6215.42,6381.6766133229785,6049.163386677022,0.8969165417306096,109.52857142857147,0.01725565923505238,0.024435119431891472,0.04018222935990301,0.11050071730991284,79326.4,1.014996268581456,-0.1886330427772459
2022-08-15,6331.6,6397.6,6331.2,6357.4,87142.0,0.0015754482150172,0.0015754482150172056,0.021433161953727353,0.01760732464705317,0.02159730033745766,6303.92,0.008483610198098956,6215.2,0.02287939245720172,6222.14,0.021738501544484645,6153.533333333334,0.03313001744255328,0.01310863430618037,0.011545240404904478,0.012671154817546526,60.21414482952943,6222.14,6400.13685863563,6044.14314136437,0.8799505256350746,105.75714285714295,0.016635282168361746,0.01760732464705317,0.02159730033745766,0.09376505402243485,82754.8,1.0530144475003262,0.0822942023945552
2022-08-16,6368.8,6425.6,6350.8,6380.0,90865.0,0.0035549123855664,0.003554912385566489,0.022435897435897356,0.04326781567845117,0.02210829862223651,6331.92,0.007593273446284909,6241.66,0.02216397560905281,6229.04,0.024234874073693513,6163.053333333332,0.03520116652135652,0.010337413063948994,0.011550178293451941,0.012670368077655873,59.988665344290155,6229.04,6420.470541477758,6037.609458522242,0.894294449659538,106.0714285714287,0.01662561576354682,0.04326781567845117,0.02210829862223651,0.09833356287012807,87047.8,1.0438517687982924,0.04272337104955137
2022-08-17,6379.6,6434.4,6339.6,6417.4,101218.0,0.0058620689655171,0.005862068965517109,0.03170316067007484,0.06167488336697202,0.014127686472819256,6371.360000000001,0.007226086738153059,6278.9400000000005,0.022051492767887426,6233.51,0.02950023341584429,6176.676666666666,0.03897295363256292,0.008704781697956743,0.01122603583216481,0.011678964210105598,61.50490730643397,6233.51,6438.373825375075,6028.646174624925,0.9488103247689637,106.84285714285723,0.016648932144304115,0.06167488336697202,0.014127686472819256,0.14596428571428555,91795.2,1.102650247507495,0.11393826005612717
2022-08-18,6409.0,6412.0,6367.6,6391.6,90821.0,-0.0040203197556641,-0.004020319755664192,0.005822553740597369,0.05506767910201393,0.01988192117440568,6378.76,0.0020129304128075898,6312.3,0.012562774266115406,6239.74,0.024337552526227046,6188.396666666667,0.032836184278211,0.009217239433973333,0.011020450793504015,0.011571906672826584,63.83701188455013,6239.74,6456.145198886727,6023.334801113273,0.8508695742552119,103.1714285714286,0.016141721724048534,0.05506767910201393,0.01988192117440568,0.12361999859362927,90112.4,1.00786351267972,-0.10271888399296569
2022-08-19,6383.8,6406.6,6298.0,6301.0,105122.0,-0.0141748544965267,-0.014174854496526779,-0.007310079717679607,0.017866373739984454,0.017504763750282537,6369.4800000000005,-0.010751270119381928,6323.36,-0.003536094734444939,6245.16,0.008941324161430675,6197.233333333334,0.016744030938537158,0.009117191637767162,0.011173469155093929,0.011639543195305935,53.592493297587154,6245.16,6462.02344381453,6028.29655618547,0.628744612318701,103.78571428571435,0.016471308409096073,0.017866373739984454,0.017504763750282537,0.09187634296804603,95033.6,1.1061561384605023,0.15746358221116252
2022-08-22,6289.6,6394.0,6265.6,6372.0,84580.0,0.0112680526900492,0.011268052690049268,0.00229653631987925,0.023778920308483276,0.04155088430481535,6372.4,-6.277069863780405e-05,6338.16,0.00533908894695001,6257.87,0.018237834918271023,6207.366666666667,0.026522250444364515,0.009551429673621537,0.010960692495010024,0.011701158892757527,68.7299270072993,6257.87,6473.094857691578,6042.645142308422,0.7651413066876106,95.10000000000004,0.014924670433145016,0.023778920308483276,0.04155088430481535,0.10548230395558633,94521.2,0.8948257110574136,-0.19541104621297156
2022-08-23,6370.6,6378.8,6330.4,6375.8,69099.0,0.0005963590709354,0.0005963590709354705,-0.0006583072100313503,0.021762820512820635,0.026302234241195155,6371.5599999999995,0.0006654571250996888,6351.74,0.0037879384231722657,6266.04,0.017516645281549392,6217.173333333334,0.02551427443983112,0.009567755753178515,0.01050081866339095,0.011698063389469986,76.79611650485433,6266.04,6486.342781118077,6045.737218881923,0.7491116985517567,85.68571428571438,0.013439209869461774,0.021762820512820635,0.026302234241195155,0.1016691433113317,90168.0,0.766336172478041,-0.18303381414045872
2022-08-24,6377.6,6379.2,6164.8,6192.4,107953.0,-0.0287650177232662,-0.02876501772326623,-0.035060928101723454,-0.004469309668499455,-0.007469145696425761,6326.56,-0.021205836979337978,6348.96,-0.024659156775282964,6263.71,-0.011384626682908405,6222.193333333333,-0.004788236516812372,0.013695715546700923,0.012436946794975126,0.012143457197049632,58.527918781725845,6263.71,6486.1918658486975,6041.228134151303,0.339739747489137,93.24285714285718,0.015057628244760864,-0.004469309668499455,-0.007469145696425761,0.05112710483432914,91515.0,1.1796208271868,0.562294678649474
2022-08-25,6196.6,6225.2,6139.0,6219.8,100502.0,0.004424778761062,0.004424778761062065,-0.02687902872520187,-0.021212979573852042,-0.004609032423262827,6292.2,-0.011506309398938264,6335.4800000000005,-0.01825907429271345,6262.2699999999995,-0.006781885801793841,6227.793333333333,-0.0012834936719158252,0.011541585657415419,0.012476098510714547,0.012148476395431538,52.1522693997072,6262.2699999999995,6485.535082946475,6039.004917053524,0.4048888445978342,89.28571428571429,0.01435507802272007,-0.021212979573852042,-0.004609032423262827,0.057105951935823684,93451.2,1.0754490044001574,-0.0690207775606051
2022-08-26,6223.2,6277.4,6180.2,6209.2,84614.0,-0.0017042348628574,-0.0017042348628574233,-0.014569116013331218,-0.02177269433153728,0.002130406714009103,6273.84,-0.010303099855909714,6321.66,-0.017789631204462086,6262.929999999999,-0.008579051657930048,6231.843333333333,-0.0036334888607062465,0.011537784805329786,0.012331607939287314,0.012032145343190734,48.87878787878787,6262.929999999999,6485.447018627533,6040.412981372466,0.3792676615671877,91.5428571428571,0.014743100100311973,-0.02177269433153728,0.002130406714009103,0.04072944252623101,89349.6,0.9469992031301763,-0.15808640624067183
2022-08-29,6130.4,6228.0,6129.6,6209.4,89010.0,3.221026863364784e-05,3.221026863364784e-05,-0.02551789077212807,-0.02327995721521381,-0.006082530332618408,6241.32,-0.005114302743650434,6306.86,-0.015453014653884822,6261.030000000001,-0.008246247023253495,6234.163333333333,-0.00397219835433682,0.01149282575377048,0.0121828785768037,0.011830951020874536,47.62496119217633,6261.030000000001,6484.75103964287,6037.308960357132,0.3846107632915993,94.64285714285708,0.01524186831946035,-0.02327995721521381,-0.006082530332618408,0.02293169912029258,90235.6,0.9864177774625535,0.05195357742217599
2022-08-30,6211.2,6219.2,6147.2,6202.4,82841.0,-0.0011273230907977,-0.0011273230907977716,-0.027196587094952873,-0.02783699059561129,0.01422637930470616,6206.64,-0.0006831393475376091,6289.1,-0.013785756308533959,6265.38,-0.010052063881201168,6236.656666666666,-0.005492793414420105,0.011322237159545662,0.0111549874234447,0.011824825015819487,48.590433956287605,6265.38,6480.392201367226,6050.367798632774,0.353543195224454,94.51428571428563,0.015238340918722695,-0.02783699059561129,0.01422637930470616,0.024715833994184422,92984.0,0.8909167168545126,-0.06930681945848782
2022-08-31,6187.0,6200.8,6053.2,6078.4,116628.0,-0.0199922610602347,-0.019992261060234773,-0.018409663458432868,-0.052825131673263304,0.005591767858915242,6183.839999999999,-0.01705089394292214,6255.2,-0.028264483949354213,6267.07,-0.03010497728603634,6236.41,-0.025336692103309466,0.012062157458128794,0.011785908520630002,0.012086147416514146,27.76167471819646,6267.07,6475.196612274309,6058.943387725691,0.04674224997393741,94.8857142857142,0.015610310984093545,-0.052825131673263304,0.005591767858915242,-0.0024289371758682288,94719.0,1.23130522915149,0.4078535990632657
2022-09-01,6075.8,6129.4,6028.0,6051.6,94242.0,-0.0044090550144774,-0.004409055014477414,-0.027042670182320983,-0.05319481819888605,-0.0010564542753382922,6150.2,-0.016031998959383342,6221.2,-0.027261621552112092,6266.75,-0.0343319902660868,6236.929999999999,-0.029714939882281688,0.012058035155274432,0.011823589641006698,0.011998372155918148,26.912269747112163,6266.75,6476.245268128804,6057.254731871196,-0.013496084951472044,99.28571428571415,0.016406522950246902,-0.05319481819888605,-0.0010564542753382922,0.00518237990831194,93467.0,1.0082916965346058,-0.19194361559831263
2022-09-02,6065.2,6104.0,6041.0,6066.6,92443.0,0.0024786833234184,0.0024786833234184957,-0.022965921535785472,-0.03720044437390879,-0.019998707676402105,6121.679999999999,-0.008997530089779104,6197.76,-0.02116248451053282,6260.56,-0.030981254073118025,6235.483333333334,-0.02708424099708917,0.011857544849526424,0.010678050889985543,0.011652850166638733,27.47831474597281,6260.56,6486.244291830172,6034.875708169829,0.07028466973245172,99.04285714285697,0.016325925088658717,-0.03720044437390879,-0.019998707676402105,-0.014106022686644626,95032.8,0.972748356356963,-0.019089153455996266
2022-09-05,6065.8,6108.4,6036.2,6090.8,96175.0,0.0039890548247782,0.003989054824778293,-0.0191000740812316,-0.04413057124921527,-0.021401028277634904,6097.960000000001,-0.0011741631627627536,6169.64,-0.012778703457576146,6253.9,-0.026079726250819446,6235.05,-0.02313533973264048,0.011029782622148288,0.010637557705277993,0.011639946564215582,27.657601977750318,6253.9,6491.6651915561415,6016.134808443858,0.15701455513203713,98.85714285714266,0.016230567882239224,-0.04413057124921527,-0.021401028277634904,-0.004250588543029066,96465.8,0.9969854601319845,0.04037082310180318
2022-09-06,6110.4,6210.0,6105.2,6202.6,101196.0,0.0183555526367635,0.018355552636763584,3.224558235537245e-05,-0.02716521848238651,-0.005993589743589656,6098.0,0.01715316497212216,6152.32,0.008172526786643264,6252.030000000001,-0.0079062320558283,6235.319999999999,-0.005247525387630181,0.013156794420028586,0.011471421551506532,0.011789480014442879,35.116407982261705,6252.030000000001,6490.84148786602,6013.218512133982,0.3965083287204924,100.59999999999984,0.016219004933414993,-0.02716521848238651,-0.005993589743589656,0.002618647355489667,100136.8,1.0105775299390434,0.05220691447881465
2022-09-07,6185.6,6232.2,6178.6,6221.2,76202.0,0.0029987424628381,0.0029987424628381554,0.023493024480126357,0.004650862347393536,0.00016076653483820813,6126.56,0.015447494189235078,6155.2,0.010722641018975798,6252.08,-0.004939156248800369,6236.583333333333,-0.00246662836221756,0.009476954996099995,0.011471316471629103,0.011761679117831722,38.073908174692015,6252.08,6490.863844996931,6013.296155003069,0.43533900921899266,100.87142857142842,0.016214143343957505,0.004650862347393536,0.00016076653483820813,0.012334429003807656,92051.6,0.8278183105997071,-0.24698604687932324
2022-09-08,6215.8,6230.0,6192.4,6196.4,70184.0,-0.003986369189224,-0.003986369189224015,0.023927556348734003,-0.0037621788481945195,-0.024895351398986687,6155.5199999999995,0.006641193595342099,6152.86,0.007076383990534563,6244.17,-0.007650336233638755,6237.486666666667,-0.006587054828707806,0.009463618025116135,0.010311295798821521,0.011774143121554727,41.936478569226,6244.17,6479.104589776866,6009.235410223134,0.39833340410756257,95.79999999999986,0.015460590020011598,-0.0037621788481945195,-0.024895351398986687,0.008824199798117993,87240.0,0.8044933516735443,-0.07897430513634818
2022-09-09,6204.8,6253.2,6181.0,6241.2,90658.0,0.0072300045187527,0.007230004518752775,0.02878053604984654,0.005153642981382545,-0.016731260043482354,6190.4400000000005,0.008199740244635212,6156.06,0.013830274558727318,6238.86,0.0003750685221339811,6238.013333333333,0.0005108464019527581,0.009737897464363895,0.010482679366974229,0.011725988691027938,39.49228791773778,6238.86,6468.716343236936,6009.003656763063,0.5050901357931812,91.78571428571415,0.014706420926378605,0.005153642981382545,-0.016731260043482354,0.005088894614790007,86883.0,1.0434492363293164,0.2917189102929443
2022-09-13,6254.0,6278.8,6211.8,6221.2,105689.0,-0.0032045119528295,-0.0032045119528295585,0.0214093386747225,0.0019003446387735323,-0.021423852518325126,6216.52,0.0007528327746069152,6157.24,0.010387771144213964,6232.05,-0.0017410001524378327,6238.589999999999,-0.0027874888396255404,0.009810794858979389,0.01048038369188083,0.011723381924622987,37.89539617914185,6232.05,6455.088269078707,6009.011730921294,0.4756768198461682,93.11428571428554,0.014967254824517062,0.0019003446387735323,-0.021423852518325126,0.0055927326803089095,88785.8,1.190381795287084,0.16579893666306345
2022-09-14,6176.0,6203.6,6144.6,6178.0,129834.0,-0.006943997942519,-0.006943997942519098,-0.003966078741173162,-0.003933961047336454,-0.031661442006269636,6211.6,-0.005409234335758906,6154.8,0.0037694157405601114,6221.95,-0.00706370189410066,6239.116666666666,-0.009795724287893215,0.010069445755768982,0.010501578312765962,0.011727816756234882,48.555377207062634,6221.95,6434.842772614574,6009.057227385426,0.39677902293196227,83.27142857142839,0.013478703232668887,-0.003933961047336454,-0.031661442006269636,0.005141220877261654,94513.4,1.3737099712844951,0.2284532922063791
2022-09-15,6198.2,6201.6,5977.0,6016.0,176628.0,-0.0262220783425056,-0.026222078342505672,-0.032983990226965854,-0.01026585943669378,-0.06254869573347455,6170.5599999999995,-0.025047969714256046,6148.5599999999995,-0.021559519627359802,6201.88,-0.02997155701174481,6238.863333333333,-0.035721784790926026,0.011509553208966902,0.011692071704323216,0.0119693300301038,33.90205371248021,6201.88,6412.864874488911,5990.89512551109,0.05949448876305559,93.15714285714272,0.015484897416413351,-0.01026585943669378,-0.06254869573347455,-0.0025202281469690613,114598.6,1.5412753733466202,0.3604140671934932
2022-09-16,6018.6,6027.0,5847.2,5857.0,148338.0,-0.0264295212765957,-0.026429521276595702,-0.054773739590730064,-0.03215678498248398,-0.08364102885036617,6102.68,-0.04025772283652429,6129.1,-0.0443947724788305,6175.15,-0.051521015683829496,6233.216666666665,-0.060356744644953,0.014063494194620772,0.012800206824377153,0.011904480618108847,27.46352700281544,6175.15,6417.985491206328,5932.314508793671,-0.15507310817610032,99.05714285714274,0.01691260762457619,-0.03215678498248398,-0.08364102885036617,-0.05468220407372737,130229.4,1.13905155057153,-0.16016713091922008
2022-09-19,5848.2,5866.0,5772.4,5814.0,104180.0,-0.0073416424790848,-0.0073416424790848644,-0.06844837531243986,-0.0416378201958264,-0.0772893191556896,6017.24,-0.03377628281404765,6103.84,-0.047484861988518756,6150.8,-0.05475710476685958,6225.546666666666,-0.06610610902175118,0.01396750305456204,0.012611986273655064,0.011798975948976633,26.01310361562726,6150.8,6434.696111465462,5866.903888534538,-0.09317473258342633,98.71428571428565,0.016978721313086628,-0.0416378201958264,-0.0772893191556896,-0.07334799655733004,132933.8,0.783698352112104,-0.29768501665116154
2022-09-20,5862.0,5917.8,5835.8,5855.8,82220.0,0.0071895424836601,0.007189542483660105,-0.05873464926380756,-0.03858278058711495,-0.08101067168863774,5944.16,-0.014865010363112607,6080.339999999999,-0.03692885595213413,6124.99,-0.04394945950932161,6218.336666666667,-0.05830122846356023,0.0142094335974387,0.01238409684180352,0.011840551996057689,29.82537834691503,6124.99,6417.927283749398,5832.052716250601,0.040533051043297845,100.98571428571424,0.017245417242001817,-0.03858278058711495,-0.08101067168863774,-0.06879333375739449,128240.0,0.6411416094822209,-0.21078901900556724
2022-09-21,5828.6,5910.6,5786.8,5885.8,86564.0,0.0051231257898152,0.005123125789815219,-0.047296859825186166,-0.05107535549608233,-0.07685310078735219,5885.719999999999,1.3592219813451933e-05,6048.66,-0.026924971811938425,6100.49,-0.03519225504836487,6209.6900000000005,-0.05215880341852819,0.012416290299579046,0.012515912250379447,0.011588771351705043,37.41176470588237,6100.49,6386.996874354843,5813.983125645156,0.12533185201325675,99.17142857142855,0.01684926918540021,-0.05107535549608233,-0.07685310078735219,-0.08100427817506173,119586.0,0.7238639974578964,0.0528338603746048
2022-09-22,5868.8,5927.6,5845.8,5878.6,79094.0,-0.0012232831560705,-0.0012232831560705648,-0.022839095744680793,-0.05506976146081133,-0.05067502099347576,5858.24,0.0034754465504998056,6014.4,-0.022579143389199086,6084.8,-0.03388772022087827,6202.429999999999,-0.05221018213829076,0.012177573739895106,0.011069444961708993,0.011466783954264101,38.395492353098994,6084.8,6384.193632812011,5785.406367187989,0.15563729919154162,97.77142857142859,0.016631753916141356,-0.05506976146081133,-0.05067502099347576,-0.06898736181939114,100079.2,0.7903140712555656,-0.08629453352432881
2022-09-23,5883.2,5894.8,5739.4,5820.2,113538.0,-0.0099343381077128,-0.009934338107712826,-0.0062830800751237925,-0.06071267187399132,-0.06424643879224423,5850.88,-0.005243655655217672,5976.780000000001,-0.026198053132288734,6064.82,-0.04033425559208681,6193.523333333333,-0.06027640702088244,0.012236158168365782,0.01105972358920874,0.01147899655709647,34.38133874239348,6064.82,6379.237674606909,5750.40232539309,0.110995151106203,104.37142857142862,0.017932618908530398,-0.06071267187399132,-0.06424643879224423,-0.08409655997230359,93119.2,1.2192759387967251,0.4354818317445066
2022-09-26,5780.4,5874.6,5742.2,5748.8,100003.0,-0.0122676196694271,-0.012267619669427132,-0.01121431028551767,-0.07889508427866432,-0.07414803839464013,5837.84,-0.015252216573253152,5927.54,-0.03015416176019048,6041.8,-0.04849548147902938,6183.653333333333,-0.0703230452763629,0.011386620341687078,0.011232594710484876,0.011564236937844615,29.545454545454547,6041.8,6378.346673074999,5705.253326925002,0.0646963356926341,108.67142857142868,0.018903323923502066,-0.07889508427866432,-0.07414803839464013,-0.09339220943068915,92283.8,1.0836463171217483,-0.11921118920537621
2022-09-27,5794.8,5867.2,5745.0,5857.6,98953.0,0.01892568883941,0.018925688839410038,0.0003073875473889043,-0.05844531601620262,-0.05665603762038185,5838.2,0.0033229420026721357,5891.18,-0.005700046510206724,6024.21,-0.027656738393913805,6174.34,-0.05129941013938333,0.014241836771733456,0.012312980809091217,0.011737359672883077,29.29171668667466,6024.21,6360.647721772598,5687.772278227402,0.2523910233338619,108.88571428571439,0.018588793069809203,-0.05844531601620262,-0.05665603762038185,-0.08708933358269422,95630.4,1.0347441817664675,-0.010499685009449755
2022-09-28,5846.2,5847.6,5715.6,5720.6,107102.0,-0.0233884184649002,-0.02338841846490025,-0.028067552414285157,-0.07403690514729677,-0.07767960789371842,5805.160000000001,-0.01456635131503703,5845.4400000000005,-0.02135681830623526,6000.12,-0.046585734951967495,6162.9766666666665,-0.07177970818213919,0.015285337763027653,0.013129167083083582,0.012074243653377005,23.69140214420858,6000.12,6351.500708813496,5648.739291186504,0.10225477240362471,115.20000000000014,0.020137747788693518,-0.07403690514729677,-0.07767960789371842,-0.10649131575659121,99738.0,1.0738334436222905,0.08235222782533125
2022-09-29,5777.2,5814.0,5694.4,5745.2,101088.0,0.0043002482257104,0.004300248225710401,-0.022692477800837052,-0.04501329787234043,-0.05481705712029483,5778.4800000000005,-0.005759300023535752,5818.36,-0.01257398992155867,5983.460000000001,-0.03981976983217084,6153.29,-0.06632061872591732,0.014149256019107052,0.012683307967445679,0.012026093965580773,26.28259041211102,5983.460000000001,6350.462150574458,5616.457849425544,0.1753969975011589,121.057142857143,0.02107100585830659,-0.04501329787234043,-0.05481705712029483,-0.09186899342438037,104136.8,0.9707231257346106,-0.05615207932624977
2022-09-30,5752.6,5767.6,5663.0,5666.8,101251.0,-0.0136461741975909,-0.013646174197590955,-0.026356482595099817,-0.032473962779579923,-0.06358648952343182,5747.800000000001,-0.014092348376770425,5799.34,-0.02285432480247751,5964.219999999999,-0.04986737578426004,6141.963333333333,-0.07736342722115452,0.012420137678162002,0.012913455165797711,0.012110338459690556,20.836718115353364,5964.219999999999,6355.710321719403,5572.729678280596,0.12014386627267384,123.37142857142875,0.021770916314574142,-0.032473962779579923,-0.06358648952343182,-0.10708433127442318,101679.4,0.9957867571995901,0.0016124564735675584
2022-10-10,5674.8,5724.8,5574.8,5597.4,99544.0,-0.0122467706642197,-0.012246770664219753,-0.02633593097689957,-0.0372549019607844,-0.0773415092473545,5717.5199999999995,-0.02100910884439411,5777.68,-0.031202835740297252,5940.76,-0.05779731886155992,6130.066666666667,-0.08689410664375596,0.01269455406132984,0.012992199656051905,0.01217605762886886,19.841423322374766,5940.76,6361.554988963517,5519.965011036484,0.09201035063921549,129.30000000000018,0.02310001071926255,-0.0372549019607844,-0.0773415092473545,-0.11310051971099,101587.6,0.9798833715925959,-0.01685909274970121
2022-10-11,5601.2,5674.2,5580.0,5642.4,94215.0,0.0080394468860542,0.008039446886054291,-0.036738596012018676,-0.03644250145155237,-0.0736192290011165,5674.4800000000005,-0.00565338145521721,5756.339999999999,-0.01979382732778112,5918.34,-0.04662456026520956,6120.333333333333,-0.07808942868035507,0.012778254644714594,0.013152813300633621,0.01214755867839988,24.150579150579134,5918.34,6353.027684132881,5483.652315867119,0.18259970310586554,130.55714285714308,0.023138583378906685,-0.03644250145155237,-0.0736192290011165,-0.09379416677373764,100640.0,0.9361585850556439,-0.05353411556698551
2022-10-12,5633.8,5792.0,5545.0,5774.0,128319.0,0.0233234084786615,0.023323408478661545,0.009334685172883939,-0.01899486900676206,-0.06910005481572246,5685.16,0.015626649030106465,5745.16,0.005019877601320166,5896.91,-0.020843119532093946,6114.13,-0.05563015506703328,0.015225577819680527,0.013630173004124519,0.012470942396990842,37.967382657120126,5896.91,6314.515696170025,5479.304303829975,0.35283965098268444,132.15714285714304,0.022888317086446664,-0.01899486900676206,-0.06910005481572246,-0.06055774299567207,104883.4,1.2234443200735294,0.36198057634134684
2022-10-13,5766.8,5834.2,5755.0,5788.8,95228.0,0.0025632144094216,0.0025632144094216436,0.0075889438139664644,-0.015275745925900752,-0.06950427570243678,5693.879999999999,0.016670530464288236,5736.18,0.009173352300660076,5875.29,-0.014720975475253084,6107.9766666666665,-0.05225571152039976,0.015288792117150734,0.01361961241922368,0.012473740080628539,46.04132807058279,5875.29,6266.118873037764,5484.4611269622355,0.38935054960532234,124.97142857142873,0.021588486140724974,-0.015275745925900752,-0.06950427570243678,-0.059954530691783026,103711.4,0.9182018563050929,-0.25788075031756796
2022-10-14,5846.8,5965.4,5825.2,5938.6,114577.0,0.0258775566611388,0.02587755666113889,0.04796357732759238,0.020342943541459046,-0.04160480278871592,5748.24,0.03311622340055398,5748.0199999999995,0.03315576494166694,5862.4,0.012998089519650868,6103.243333333333,-0.026976367210220897,0.017156399737902183,0.01511884988550818,0.012865038966895134,56.43462094608554,5862.4,6224.592946544084,5500.207053455915,0.6051925509967462,130.9000000000001,0.022042232175933735,0.020342943541459046,-0.04160480278871592,-0.04564008613762738,106376.6,1.0770883822193977,0.20318603771999832
2022-10-17,5936.2,5991.4,5905.6,5957.6,93280.0,0.0031994072677061,0.003199407267706178,0.06435130596348326,0.03632062343445597,-0.04543997949112344,5820.280000000001,0.023593366642154612,5768.9,0.03270987536618786,5848.219999999999,0.01870312676335728,6100.833333333333,-0.02347766698538445,0.01639257672961494,0.015015658650264234,0.012638286528164509,55.38396445948806,5848.219999999999,6167.652019618989,5528.78798038101,0.6712101374972785,129.61428571428573,0.021756124230274895,0.03632062343445597,-0.04543997949112344,-0.023696371800334237,105123.8,0.8873347424655501,-0.18587500109096944
2022-10-18,5980.6,6030.2,5947.8,5987.2,99394.0,0.0049684436685912,0.0049684436685912825,0.06110874805047506,0.02212510243102961,-0.037613322188645326,5889.24,0.016633725234495467,5781.86,0.03551452300816704,5836.5199999999995,0.02581675381905657,6096.903333333334,-0.017993287302680017,0.015522778154841127,0.01509830671601577,0.012380593786261943,55.36507936507935,5836.5199999999995,6112.635319920336,5560.404680079663,0.7728570077956447,126.65714285714284,0.021154653737497135,0.02212510243102961,-0.037613322188645326,-0.03789169210991483,106159.6,0.9362695413321075,0.06554459691252146
2022-10-19,5975.6,6000.0,5920.8,5933.6,98823.0,-0.0089524318546231,-0.008952431854623133,0.027641149982680968,0.03723385658846978,-0.03955972806733565,5921.16,0.002100939680738323,5803.16,0.022477408860000603,5824.3,0.018766203663959757,6091.763333333334,-0.0259634730830538,0.013393697561416324,0.015140893492474772,0.012418035454475122,52.773855154327215,5824.3,6054.6168526868,5593.983147313201,0.7372818113936148,126.47142857142853,0.02131445135692135,0.03723385658846978,-0.03955972806733565,-0.04940724126882401,100260.4,0.9856633326816969,-0.005744813570235596
2022-10-20,5908.4,5992.4,5824.6,5906.8,143780.0,-0.0045166509370365,-0.00451665093703657,0.020384190160309457,0.028127828448095915,-0.018151595744680837,5944.76,-0.006385455426291431,5819.320000000001,0.01503268423114723,5818.84,0.015116414955558266,6084.743333333334,-0.029244180663879016,0.013640834561966096,0.014044519794603652,0.01227864436508989,54.51135653261098,5818.84,6034.748815060958,5602.931184939042,0.7036971023512083,127.35714285714273,0.02156110632781586,0.028127828448095915,-0.018151595744680837,-0.06656131479140326,109970.8,1.3074379744441251,0.45492446090485017
2022-10-21,5928.6,5950.2,5874.4,5908.8,116786.0,0.0003385928082888,0.0003385928082888512,-0.005018017714612855,0.04270487753229335,0.008844118149223146,5938.800000000001,-0.0050515255607195275,5843.5199999999995,0.011171348776080281,5821.43,0.015008339875254073,6078.7733333333335,-0.027961781762987248,0.012422968039819944,0.012685442902287994,0.012228119636533261,58.98472596585805,5821.43,6040.486052427768,5602.373947572232,0.6994238438785193,123.31428571428556,0.02086959885497657,0.04270487753229335,0.008844118149223146,-0.05715653422690281,110412.6,1.0577234844573897,-0.18774516622617887
2022-10-24,5933.4,6044.8,5797.4,5859.4,128406.0,-0.0083604115894937,-0.008360411589493744,-0.01648314757620528,0.04680744631436018,0.007808737530099696,5919.16,-0.010096027138985941,5869.719999999999,-0.0017581758584735985,5823.7,0.006130123461029813,6073.22,-0.03520702362173622,0.011898957198400239,0.012720654918722419,0.012183073193979587,50.10830324909742,5823.7,6043.371927631747,5604.028072368253,0.5812575379678154,132.25714285714275,0.022571789407984225,0.04680744631436018,0.007808737530099696,-0.053806155734263617,117437.8,1.093395823150638,0.099498227527272
2022-10-25,5850.0,5899.4,5747.4,5829.6,127431.0,-0.0050858449670613,-0.005085844967061326,-0.02632282202030989,0.03317737133134857,-0.004474196523105212,5887.64,-0.009857939683812211,5888.4400000000005,-0.009992459802596332,5822.39,0.0012383230941246381,6068.416666666667,-0.039354032490627744,0.012203308524186657,0.01267521360693658,0.012107024825233605,57.529704338214984,5822.39,6041.56785039834,5603.212149601661,0.5164478298945272,132.97142857142848,0.022809700248975655,0.03317737133134857,-0.004474196523105212,-0.047108437673673564,123045.2,1.0356438121925926,-0.007593103126022127
2022-10-26,5853.4,6002.8,5838.6,5943.8,117737.0,0.0195896802525044,0.019589680252504404,0.0017190238640960587,0.029407689643228263,0.009854225423901575,5889.68,0.009188954238600333,5905.42,0.006499114372898074,5825.289999999999,0.020344051540781782,6063.94,-0.019812201308060384,0.011564191282414241,0.013384773399839777,0.012211849530909223,62.20801573641508,5825.289999999999,6049.478021652819,5601.101978347179,0.764309393352708,136.79999999999987,0.023015579259059837,0.029407689643228263,0.009854225423901575,-0.04323610842830461,126828.0,0.9283202447409089,-0.0760725412183848
2022-10-27,5980.0,6006.4,5929.0,5937.6,97944.0,-0.0010431037383491,-0.0010431037383491493,0.005214329247646754,0.025704809286898778,0.010036403225257784,5895.839999999999,0.007082960188879106,5920.3,0.0029221492154114515,5828.24,0.01876381205990163,6058.916666666667,-0.020022831364242766,0.011634035676886582,0.01338355976374796,0.012194642471892796,68.26767404209392,5828.24,6056.889954481045,5599.590045518955,0.739142842272174,134.85714285714266,0.0227123994302652,0.025704809286898778,0.010036403225257784,-0.04830902388203229,117660.8,0.8324267725529658,-0.1681119783925189
2022-10-28,5903.8,5919.8,5720.6,5742.2,124880.0,-0.0329089194287255,-0.032908919428725536,-0.028195234226915833,-0.03307176775671039,-0.013401601319542267,5862.5199999999995,-0.020523597360861845,5900.660000000001,-0.026854623042168346,5824.34,-0.014102885477152882,6050.4766666666665,-0.050950806630662204,0.01329908086040735,0.015197007022934583,0.012876805284336752,58.348708487084885,5824.34,6056.20559082904,5592.47440917096,0.32287151856748764,139.64285714285694,0.02431870313518459,-0.03307176775671039,-0.013401601319542267,-0.0810421534423712,119279.6,1.0469518677125007,0.27501429388221843
2022-10-31,5732.6,5843.6,5711.6,5775.2,119348.0,0.0057469262651945,0.005746926265194574,-0.014370072021026026,-0.0306163555794281,0.004592262733092101,5845.68,-0.012056766706354138,5882.42,-0.018227192210008902,5825.660000000001,-0.008661679535022837,6043.463333333333,-0.044389006524404584,0.013460349200740261,0.014999434217877227,0.012874423683354102,57.764265668849404,5825.660000000001,6056.010510035594,5595.3094899644075,0.3904712648732491,142.34285714285696,0.024647260206201855,-0.0306163555794281,0.004592262733092101,-0.06791478373143967,117468.0,1.0160043586338408,-0.044298526585522136
2022-11-01,5824.0,5944.0,5757.2,5937.4,140173.0,0.028085607424851,0.028085607424851,0.01849183477425531,-0.008317744521646242,0.013623326959846915,5867.24,0.011957922293957646,5877.4400000000005,0.010201720476942233,5829.65,0.01848309932843306,6038.296666666666,-0.016709458351665374,0.016603352827637065,0.015719486607109947,0.01336316897937249,59.22330097087377,5829.65,6065.039357180092,5594.260642819907,0.7288761082718836,138.04285714285697,0.023249714882416037,-0.008317744521646242,0.013623326959846915,-0.0496206421871499,120016.4,1.1679487136757978,0.17448972751952274
2022-11-02,5918.8,6003.8,5917.4,5969.6,96918.0,0.0054232492336714,0.005423249233671434,0.004340657491840316,0.006067143049750534,0.04352690277243654,5872.4,0.016552005994142194,5881.04,0.015058561070831145,5842.1,0.02182434398589539,6035.866666666667,-0.010978815524972929,0.016431926300128966,0.014671969216896077,0.013114535437985459,60.00885739592561,5842.1,6079.534870848216,5604.665129151785,0.7684946813930852,138.55714285714274,0.02321045679059614,0.006067143049750534,0.04352690277243654,-0.02384144945547295,115852.6,0.836563011965204,-0.3085829653356923
2022-11-03,5955.4,5992.4,5938.6,5970.4,76038.0,0.0001340123291342,0.00013401232913423655,0.00552411748854742,0.010767251303582137,0.039197939149202776,5878.960000000001,0.015553771415352191,5887.4,0.014097903998369299,5853.36,0.019995353096341262,6034.63,-0.010643568868348274,0.016332542577142208,0.014670676213486698,0.013030994316172337,52.10819411296733,5853.36,6092.7971856974345,5613.922814302565,0.74440648109667,129.78571428571416,0.021738194138703298,0.010767251303582137,0.039197939149202776,-0.01227541938258958,111471.4,0.6821301248571383,-0.2154398563734291
2022-11-04,5996.2,6151.2,5988.6,6126.0,108503.0,0.0260619053999733,0.02606190539997333,0.0668384939570199,0.036758732737611766,0.08103338744970712,5955.719999999999,0.02859100159174721,5909.120000000001,0.03670258854110253,5876.320000000001,0.04248917689982834,6035.763333333333,0.014950332159036517,0.01811194701062227,0.015118097402157698,0.013460085215768148,59.45217781769195,5876.320000000001,6128.177516945742,5624.462483054259,0.9956770856551177,136.5714285714285,0.022293736299612878,0.036758732737611766,0.08103338744970712,0.011224826675470423,108196.0,1.002837443158712,0.4269575738446567
2022-11-07,6107.4,6150.6,6072.2,6110.4,88274.0,-0.0025465230166503,-0.0025465230166503705,0.05804127995567243,0.042837150561490844,0.09164969450101834,6022.76,0.014551468097682596,5934.219999999999,0.02968882178281218,5901.969999999999,0.03531532691626693,6034.429999999999,0.012589424353252943,0.017769578338565704,0.01471938387992328,0.01316234715273317,57.02554744525546,5901.969999999999,6138.231060782499,5665.708939217499,0.9411010415971155,136.28571428571428,0.022303894063517002,0.042837150561490844,0.09164969450101834,-0.012923235978288927,101981.2,0.8655909128349147,-0.18643724136659812
2022-11-08,6103.8,6123.8,6081.6,6119.8,75198.0,0.0015383608274417,0.0015383608274417426,0.03072051739818793,0.04978043090435014,0.08460938607684687,6059.24,0.0099946527947401,5963.24,0.026254183967105105,5925.84,0.03273122460275668,6032.693333333334,0.014439100722286602,0.017500350298305788,0.014708813686908205,0.0131440693522662,61.18184001921688,5925.84,6147.707389506166,5703.9726104938345,0.9371079509064354,133.64285714285714,0.021837781813598016,0.04978043090435014,0.08460938607684687,-0.016741645244215952,88986.2,0.8450523789081903,-0.1481296871105875
2022-11-09,6127.0,6169.4,6096.0,6101.8,79659.0,-0.0029412725906075,-0.002941272590607502,0.022145537389439696,0.026582321074060333,0.05677173536543134,6085.68,0.002648841214128783,5979.04,0.020531724156386266,5942.2300000000005,0.026853554978518046,6030.39,0.01184168851434153,0.016852849691683172,0.014067424261299488,0.013143664872469133,61.83539694100509,5942.2300000000005,6165.29633518911,5719.163664810891,0.8576738728072086,126.90000000000002,0.02079714182700187,0.026582321074060333,0.05677173536543134,-0.02214743589743584,85534.4,0.9313095082212537,0.05932338626027289
2022-11-10,6082.2,6106.0,6044.8,6085.4,91101.0,-0.0026877314890688,-0.0026877314890688675,0.019261691008977566,0.024892212341686815,0.051236871199557665,6108.679999999999,-0.003810970618857046,5993.82,0.015279070776232917,5957.0599999999995,0.021544184547410916,6028.1433333333325,0.009498225821881201,0.0169019861371292,0.014122121307875877,0.013142008522520765,60.53447864471482,5957.0599999999995,6176.586575779895,5737.533424220104,0.7923108501648525,125.85714285714286,0.0206818192488814,0.024892212341686815,0.051236871199557665,-0.021671328896176956,88547.0,1.028843439077552,0.14363725379429826
2022-11-11,6248.0,6249.2,6120.8,6123.2,126079.0,0.0062115883918887,0.006211588391888734,-0.0004570682337577958,0.06635087597088218,0.031084767453608553,6108.120000000001,0.0024688447509215727,6031.92,0.015132826695314128,5966.289999999999,0.02629942560619769,6024.286666666667,0.016419094708861826,0.011406389511031565,0.013060502236020663,0.012854583240890371,65.956932010646,5966.289999999999,6197.747386324505,5734.832613675493,0.838960882803738,119.88571428571426,0.0195789316510508,0.06635087597088218,0.031084767453608553,-0.036414565826330625,92062.2,1.3694980132997039,0.3839474868552486
2022-11-14,6133.4,6192.6,6096.0,6111.4,99961.0,-0.001927096942775,-0.0019270969427750417,0.00016365540717466764,0.05821443413215133,0.025815764737478153,6108.32,0.000504230295727881,6065.54,0.007560744797660224,5973.9800000000005,0.023003090067258203,6020.3533333333335,0.015123143381396087,0.011716803546223498,0.013078018073674225,0.012855616390450951,67.42517932228535,5973.9800000000005,6214.272870428792,5733.687129571209,0.7859427326220282,115.92857142857143,0.018969233142744943,0.05821443413215133,0.025815764737478153,-0.03718057787440532,94399.6,1.0589133852262085,-0.20715583086794787
2022-11-15,6106.0,6222.4,6105.8,6208.4,106743.0,0.0158719769610891,0.015871976961089107,0.014477597307101409,0.045642873985246135,0.03694548369855699,6126.04,0.013444247833837242,6092.639999999999,0.018999973738806242,5985.04,0.03731971716145588,6017.87,0.031660703870306284,0.00956758340250885,0.01345825304750413,0.013027024661821074,66.71721000758141,5985.04,6247.257124977638,5722.822875022362,0.9259065841314666,111.88571428571426,0.018021666497924468,0.045642873985246135,0.03694548369855699,-0.023437254223424686,100708.6,1.0599194110532764,0.06784646011944662
2022-11-16,6207.4,6241.0,6173.6,6187.8,89665.0,-0.0033180851749241,-0.003318085174924157,0.014094201710970422,0.03655186277137501,0.04284077120129437,6143.24,0.00725350140967973,6114.46,0.01199451791327455,5997.75,0.03168688258096797,6014.666666666667,0.028785191753491368,0.009869813261517856,0.01327683932792003,0.013022666548131605,65.52494415487709,5997.75,6273.749355453024,5721.750644546976,0.8442942822965169,111.17142857142855,0.017966228477234,0.03655186277137501,0.04284077120129437,-0.03012539184952978,102709.8,0.8729936189146508,-0.15999175589968428
2022-11-17,6153.2,6207.0,6133.6,6202.4,104755.0,0.0023594815604899,0.002359481560489929,0.01922634502251297,0.038858367948546135,0.05004401706507755,6166.639999999999,0.00579894399543357,6137.66,0.010547993860852367,6012.53,0.03157905241221237,6011.083333333333,0.03182731898021718,0.009806872342507773,0.013182908086915765,0.01300183458201999,86.81599999999993,6012.53,6299.464821867191,5725.5951781328085,0.8308591107284321,100.91428571428567,0.016270199554089655,0.038858367948546135,0.05004401706507755,-0.03350266463053575,105440.6,0.993497760824578,0.16829309094964584
2022-11-18,6216.4,6249.4,6184.0,6198.0,102936.0,-0.0007094028118147,-0.0007094028118147522,0.012215834857590924,0.011753183153770719,0.04894394800974822,6181.6,0.0026530348129933934,6144.86,0.00864787806394296,6026.99,0.02837403081803691,6007.8566666666675,0.0316491128006271,0.005981251057809566,0.01319414295904503,0.012993597126247198,85.44600938967135,6026.99,6320.976193016212,5733.003806983787,0.7908469922439003,96.15714285714277,0.015514221177338298,0.011753183153770719,0.04894394800974822,-0.030289755303836374,100812.0,1.021068920366623,-0.017364326285141507
2022-11-21,6128.8,6200.6,6123.8,6187.2,82105.0,-0.0017424975798645,-0.0017424975798645548,0.012403050037634644,0.01256873527101332,0.05594429463767625,6196.76,-0.0015427416908191383,6152.539999999999,0.005633445698849604,6043.38,0.023797940887384073,6005.960000000001,0.030176691153454005,0.00593070542888055,0.012989505420605101,0.012869217917374307,78.06741573033705,6043.38,6334.562934722552,5752.197065277448,0.7469581538784815,88.29999999999993,0.01427139901732608,0.01256873527101332,0.05594429463767625,-0.018060625297571797,97240.8,0.8443472287352634,-0.20236846195694413
2022-11-22,6177.6,6188.2,6086.6,6118.0,95430.0,-0.0111843806568399,-0.01118438065683991,-0.014560917466657997,-0.0002941272590607502,0.04947166186359264,6178.679999999999,-0.009820867887639362,6152.36,-0.005584848740970871,6057.8,0.00993760110931352,6001.7266666666665,0.019373313679730053,0.007112574775194534,0.013253406728294934,0.012855872681553894,65.39419087136926,6057.8,6332.504878963349,5783.095121036651,0.6095721346981093,89.38571428571413,0.014610283472656771,-0.0002941272590607502,0.04947166186359264,-0.039861895794099156,94978.2,1.0047568810527048,0.1622921868339322
2022-11-23,6116.4,6139.6,6036.2,6106.8,90324.0,-0.0018306636155606,-0.0018306636155606126,-0.013090274410937686,0.0008194303320332441,0.027423533766277375,6162.4800000000005,-0.009035323441212051,6152.86,-0.0074859496234270795,6065.95,0.006734312020375999,5997.243333333333,0.018267837500896444,0.007070206303067306,0.012651582873386844,0.012855874575027133,63.85052802599517,6065.95,6336.047335281685,5795.852664718314,0.5756208867395854,92.92857142857136,0.015217228569557109,0.0008194303320332441,0.027423533766277375,-0.042190783901628004,95110.0,0.9496793186836295,-0.053505187048098035
2022-11-24,6140.2,6145.4,6078.6,6109.6,78363.0,0.0004585052728107,0.0004585052728107719,-0.014961950212820763,0.003976731192690819,0.028967933171651916,6143.92,-0.005586010234508221,6155.28,-0.007421270843893324,6074.55,0.005769974730638561,5995.863333333334,0.01896918931329883,0.0070018281483535064,0.012640586761071097,0.012314319767478396,47.585394581861074,6074.55,6338.319081624446,5810.780918375554,0.5664406908196775,84.78571428571415,0.01387745749078731,0.003976731192690819,0.028967933171651916,-0.013371229248756444,89831.6,0.8723322305291233,-0.13242327620565963
2022-11-25,6084.0,6101.4,6041.8,6075.4,77719.0,-0.0055977478067305,-0.005597747806730502,-0.01978057437883196,-0.007806375751241212,0.058026540350388345,6119.4,-0.007190247409876838,6150.5,-0.01221038939923591,6091.21,-0.0025955434141985423,5993.456666666666,0.013672132442213325,0.0069115856952104635,0.009906813062812554,0.012319191623203182,45.11446119486322,6091.21,6303.699107089112,5878.720892910888,0.46279809300207997,84.02857142857127,0.013830952929613075,-0.007806375751241212,0.058026540350388345,-0.023216180584584856,84788.2,0.9166251907694704,-0.008218164184627952
2022-11-28,5981.6,6059.2,5957.2,6056.0,92228.0,-0.0031932053856535,-0.003193205385653597,-0.021205068528575066,-0.009065026016951916,0.04862169275522921,6093.160000000001,-0.0060986417556736505,6144.96,-0.014476904650315037,6105.25,-0.008066827730232151,5990.903333333334,0.010865918384038942,0.006946807257624496,0.00997166767153374,0.012323532901028793,41.33623030961431,6105.25,6258.739372167484,5951.760627832516,0.3395654392726962,89.4571428571427,0.014771655029250775,-0.009065026016951916,0.04862169275522921,-0.024673065773368474,86812.8,1.0623778981901286,0.18668536651269307
2022-11-29,6100.6,6178.4,6082.2,6151.4,95656.0,0.0157529722589166,0.015752972258916698,0.005459300424975444,-0.009181109464596382,0.03604271229831246,6099.84,0.008452680726051653,6139.26,0.001977437020096895,6115.95,0.005796319459773214,5989.9366666666665,0.026955766365921452,0.006914933519256563,0.008586312582745314,0.012497507783099345,55.56552962298019,6115.95,6248.592447758305,5983.307552241695,0.633629922393302,92.9571428571427,0.015111542552450289,-0.009181109464596382,0.03604271229831246,-0.009340677038039091,86858.0,1.1012917635681228,0.03716875569241451
2022-11-30,6149.8,6171.2,6108.4,6138.4,73904.0,-0.0021133400526709,-0.0021133400526709423,0.005174559507434173,-0.007983451307411404,0.028276601447333016,6106.160000000001,0.005279914054004298,6134.32,0.000665110395284163,6124.389999999999,0.002287574762547706,5988.87,0.024967982273784495,0.0068785324483267175,0.00858461711802484,0.012499556989917294,55.99276345545004,6124.389999999999,6237.928862347229,6010.8511376527695,0.5616969366715785,93.07142857142844,0.015162164174936212,-0.007983451307411404,0.028276601447333016,-0.010318586353669557,83574.0,0.8842941584703377,-0.2273981768002007
2022-12-01,6210.2,6227.8,6165.4,6165.4,80820.0,0.0043985403362438,0.004398540336243872,0.009133167474138837,-0.005965432735715259,0.032661128232614134,6117.32,0.007859650958262687,6130.62,0.005673161931419646,6134.139999999999,0.005096068886592198,5990.320000000001,0.029227153140399587,0.007010889553364814,0.008603677453479444,0.012235348468100099,54.89105238757533,6134.139999999999,6222.7553699389555,6045.524630061043,0.6763802375453271,87.75714285714275,0.014233811732757446,-0.005965432735715259,0.032661128232614134,0.014312977099236734,84065.4,0.961394342975826,0.09358086165836754
2022-12-02,6178.8,6206.2,6148.0,6151.4,68983.0,-0.002270736691861,-0.002270736691861064,0.012509464397405967,-0.00751855437237825,0.004146261834802489,6132.5199999999995,0.0030786691278625877,6125.96,0.004152818497019206,6135.41,0.0026061827978896,5991.983333333334,0.02660499166942487,0.00703154266133084,0.006429141848381839,0.012224477890453504,54.61254612546127,6135.41,6224.261902801927,6046.558097198073,0.5899811905865732,85.01428571428558,0.013820315003785413,-0.00751855437237825,0.004146261834802489,0.016491506378478293,82318.2,0.8380042323568786,-0.14646127196238556
2022-12-05,6194.8,6201.6,6159.8,6179.0,85661.0,0.0044867834964399,0.004486783496439939,0.02031043593130777,-0.0013253167830359347,0.011226760932181223,6157.12,0.003553609479756803,6125.14,0.008793268398763043,6138.84,0.006541952551296415,5993.856666666666,0.030888848971474925,0.007205867309604908,0.006461755126387203,0.01223316115473678,45.96375617792425,6138.84,6228.914738557821,6048.7652614421795,0.7229259870358681,80.27142857142852,0.012991006404180048,-0.0013253167830359347,0.011226760932181223,0.01852767612830908,81004.8,1.0574805443628033,0.2417697113781656
2022-12-06,6179.4,6235.6,6154.2,6183.8,87060.0,0.0007768247289205,0.0007768247289205998,0.00526709366973388,0.010755148741418807,0.010457858099937933,6163.6,0.0032773054708286065,6131.719999999999,0.008493538517740706,6142.04,0.006799043965848517,5995.406666666667,0.03142294489892827,0.00606577033593833,0.0064580415168462284,0.012224122733001993,49.42594718714121,6142.04,6233.79827282334,6050.28172717666,0.7275544139785614,81.27142857142859,0.013142635365216952,0.010755148741418807,0.010457858099937933,0.01526893018979436,79285.6,1.0980556368369538,0.01633181961452701
2022-12-07,6172.2,6222.2,6152.6,6170.8,82218.0,-0.0021022672143342,-0.0021022672143342636,0.00527824840349278,0.010480120521386027,0.011308138582057703,6170.08,0.00011669216606602362,6138.12,0.005324105752249952,6145.49,0.004118467363871892,5994.876666666667,0.02934561344881703,0.006080874417646148,0.0064369279291611355,0.011995889768027887,45.44405997693203,6145.49,6236.058773519273,6054.921226480727,0.6397280708157894,81.0,0.013126336941725545,0.010480120521386027,0.011308138582057703,-0.005126882275174993,80948.4,1.0156840654046282,-0.05561681598897317
2022-12-08,6167.0,6179.0,6135.4,6158.8,79466.0,-0.0019446425098852,-0.0019446425098852416,-0.0010704901547343715,0.008052900353541892,0.012061655766260282,6168.76,-0.0016145870482884295,6143.04,0.002565505026827175,6149.16,0.0015676937988278183,5993.836666666667,0.027522160263515172,0.006154312918673252,0.006419181728831132,0.011991816150616017,44.46952595936798,6149.16,6235.317515479655,6063.002484520344,0.5559440458927616,79.44285714285719,0.01289908052589095,0.008052900353541892,0.012061655766260282,-0.010030219250305339,80677.6,0.9849822007595664,-0.03347198910214311
2022-12-09,6160.6,6195.8,6123.8,6170.0,94187.0,0.0018185360784568,0.0018185360784568338,0.0030237019215137995,0.015570991210455354,0.007643062451005989,6172.4800000000005,-0.00040178339986529643,6152.5,0.002844372206420198,6151.5,0.0030073965699422,5993.3966666666665,0.029466318209095732,0.0057271253437062904,0.0062916403551629444,0.011983321248582287,47.576099210823024,6151.5,6237.229906345731,6065.770093654269,0.6078970034412102,79.10000000000004,0.012820097244732582,0.015570991210455354,0.007643062451005989,-0.004260538377122147,85718.4,1.0987955911449585,0.18524903732413867
2022-12-12,6150.0,6157.6,6109.6,6137.4,100559.0,-0.0052836304700162,-0.005283630470016232,-0.006732480983978051,0.013441215323645839,0.004254344340085758,6164.160000000001,-0.004341224108394548,6160.639999999999,-0.0037723353417826733,6152.8,-0.0025029254973346626,5991.666666666667,0.024322670375521493,0.005953607388098796,0.006400787295068004,0.011964226352235562,53.048397234443684,6152.8,6236.739426781242,6068.860573218758,0.4082671839055139,76.15714285714292,0.01240869795958271,0.013441215323645839,0.004254344340085758,-0.01663141703518556,88698.0,1.1337234210466978,0.06765264845467
2022-12-13,6130.4,6130.6,6094.2,6107.2,94174.0,-0.0049206504382963,-0.00492065043829637,-0.012387205278307944,-0.007185356179081115,-0.016300496102055306,6148.839999999999,-0.006772009029345272,6156.22,-0.007962678396808531,6147.74,-0.006594293187415223,5989.766666666666,0.019605660765861677,0.0034676805065705202,0.005324922681299759,0.01197355644927223,50.05931198102011,6147.74,6229.745915062306,6065.734084937693,0.2528227081595366,71.85714285714286,0.011765971780381003,-0.007185356179081115,-0.016300496102055306,-0.018324439014981042,90120.8,1.0449751888576222,-0.06349506260006565
2022-12-14,6100.0,6128.4,6061.0,6077.6,106403.0,-0.004846738276133,-0.0048467382761330224,-0.015103390160108865,-0.009904861201615933,-0.017809237531917654,6130.2,-0.008580470457733802,6150.14,-0.011794853450490583,6142.2300000000005,-0.010522237037688287,5988.093333333334,0.014947440142326851,0.003690671833849986,0.005373596904077412,0.011956696332394386,45.604395604395606,6142.2300000000005,6227.640737645842,6056.819262354159,0.12165178652366504,71.90000000000002,0.011830327760958275,-0.009904861201615933,-0.017809237531917654,-0.016251213985108426,94957.8,1.1205293298707426,0.12985537409476078
2022-12-15,6068.0,6097.8,6054.2,6076.6,106555.0,-0.0001645386336711,-0.00016453863367116295,-0.013346755861531445,-0.014402958445518421,-0.02028247130143157,6113.76,-0.006078092695820603,6141.26,-0.01052878399546675,6135.9400000000005,-0.009670889871804533,5989.1033333333335,0.01460930990782705,0.003200058099737791,0.0053228018116974335,0.011458452115459919,50.18137847642091,6135.9400000000005,6221.221957121484,6050.658042878517,0.15209522621841925,70.1714285714286,0.011547811040948656,-0.014402958445518421,-0.02028247130143157,0.010073138297872486,100375.6,1.0615627702349972,0.0014285311504373954
2022-12-16,6067.0,6079.2,6027.6,6077.6,106371.0,0.0001645657110884,0.0001645657110884713,-0.014975688816855737,-0.011997268914393344,-0.019425621168118634,6095.280000000001,-0.002900605058340222,6133.88,-0.009175269160792143,6129.92,-0.008535184798496465,5992.780000000001,0.014153698283601246,0.0032228292218711967,0.005328988703939633,0.010910945681033131,53.45710627400774,6129.92,6213.7420069077925,6046.097993092208,0.1879101209211455,65.41428571428573,0.010763177194005153,-0.011997268914393344,-0.019425621168118634,0.03766433327642149,102812.4,1.034612556462061,-0.0017268077518652891
2022-12-19,6078.6,6081.2,5910.4,5950.8,82979.0,-0.0208634987495064,-0.020863498749506437,-0.030403754032652164,-0.0369315423207639,-0.03820791311093863,6057.96,-0.017689123071132795,6111.0599999999995,-0.02622458296923924,6118.1,-0.027345090796162208,5995.06,-0.007382745126821133,0.006527291064174714,0.006945487561655536,0.011214747227377291,20.826061663758097,6118.1,6229.910780009182,6006.289219990818,-0.24813895398217095,68.87142857142862,0.011573473914671745,-0.0369315423207639,-0.03820791311093863,0.02352941176470602,99296.4,0.8356697725194469,-0.21990956181666055
2022-12-20,5929.4,5931.0,5865.2,5881.6,71706.0,-0.0116286885796866,-0.011628688579686686,-0.036940005239716966,-0.048869627090138756,-0.038640078457012006,6012.84,-0.021826624357208835,6080.84,-0.03276521006966138,6106.28,-0.036794906227686774,5995.49,-0.018995945285539495,0.006749271914372613,0.006977307319229489,0.011285968760681619,17.90000000000009,6106.28,6260.191000940392,5952.368999059608,-0.22990234170140722,70.50000000000007,0.011986534276387389,-0.048869627090138756,-0.038640078457012006,0.004405888179241035,94802.8,0.7563700650191766,-0.13585364971860348
2022-12-21,5888.0,5897.2,5808.2,5848.6,64933.0,-0.005610718171926,-0.0056107181719260435,-0.037679347110701644,-0.052213651390419336,-0.04228073622846662,5967.04,-0.019849037378666723,6048.620000000001,-0.03306869996792661,6093.370000000001,-0.04016988956849832,5994.87,-0.024399194644754485,0.00667399214118274,0.007025075908235413,0.011290644786708144,10.98522167487694,6093.370000000001,6285.634172429365,5901.105827570636,-0.13654605251513008,70.4714285714286,0.012049281635165441,-0.052213651390419336,-0.04228073622846662,-0.006320296306364437,86508.8,0.7505941592069246,-0.09445513625080193
2022-12-22,5863.6,5878.2,5755.2,5786.8,75138.0,-0.0105666313305748,-0.010566631330574894,-0.047691143073429254,-0.0604013768916023,-0.05283488280738513,5909.08,-0.02069357666506455,6011.42,-0.03736554757444999,6077.2300000000005,-0.04778986479037328,5993.34,-0.034461585693453034,0.0067448895397317155,0.007240196975655055,0.011371341972242023,9.828118113706566,6077.2300000000005,6313.025603726601,5841.4343962734,-0.1158511766333593,75.10000000000004,0.01297781157116196,-0.0604013768916023,-0.05283488280738513,-0.015615962984384057,80225.4,0.9365861684703349,0.1571619977515284
2022-12-23,5779.8,5821.6,5738.0,5778.0,74175.0,-0.0015207022879657,-0.0015207022879657472,-0.04929577464788737,-0.06353322528363048,-0.04895150936563841,5849.160000000001,-0.012165849455306521,5972.219999999999,-0.03252057024021204,6062.360000000001,-0.0469058254541137,5992.636666666667,-0.03581673286828124,0.006376964820686284,0.007211221371177799,0.011300911240672545,3.908045977011497,6062.360000000001,6333.502164303358,5791.217835696643,-0.024374364146948064,77.4857142857143,0.013410473223557337,-0.06353322528363048,-0.04895150936563841,-0.007250609944675412,73786.2,1.0052692779950723,-0.012816417791264079
2022-12-26,5788.0,5865.4,5781.4,5846.4,61496.0,0.0118380062305294,0.011838006230529441,-0.01754385964912286,-0.04741421448821981,-0.03461030383091157,5828.280000000001,0.003108978978360488,5943.120000000001,-0.016274280176069356,6051.88,-0.033953085652722814,5994.263333333334,-0.024667473734609757,0.008642948641331116,0.007884962645180313,0.011287993966646117,16.165262735659752,6051.88,6339.744190200782,5764.015809799218,0.14309558640016942,77.91428571428567,0.013326882477128776,-0.04741421448821981,-0.03461030383091157,0.016977456164764648,69489.6,0.8849669590845248,-0.17093360296595883
2022-12-27,5867.4,5893.2,5834.6,5884.0,53024.0,0.0064313081554461,0.006431308155446125,0.0004080522306855183,-0.036547026460571064,-0.04346977923724671,5828.76,0.00947714436689795,5920.8,-0.006215376300499953,6038.51,-0.025587437960688963,5994.703333333333,-0.018466857687147065,0.009344146161188433,0.0070258452429259495,0.01105215902380356,22.591743119266027,6038.51,6331.701813628725,5745.318186371275,0.23650355702690334,77.12857142857138,0.013108186850538984,-0.036547026460571064,-0.04346977923724671,0.00450696531002448,65753.2,0.8064094218988582,-0.1377650578899441
2022-12-28,5865.2,5888.8,5849.2,5870.0,46293.0,-0.0023793337865397,-0.0023793337865397612,0.003658995315118041,-0.03415822035013827,-0.043724749120291895,5833.04,0.006336318626308124,5900.04,-0.005091490905146379,6025.09,-0.025740694329877245,5997.193333333333,-0.021208809898852543,0.009342396089203299,0.007025932072031494,0.010618564413509382,22.505712109672487,6025.09,6323.55361604929,5726.62638395071,0.24018608691253734,76.84285714285708,0.013090776344609385,-0.03415822035013827,-0.043724749120291895,0.026116141663461878,62025.2,0.7463579319373417,-0.12694251659625833
2022-12-29,5853.8,5903.6,5835.8,5856.2,54369.0,-0.0023509369676321,-0.0023509369676321112,0.011992811225547628,-0.03627028272389177,-0.050150841794530776,5846.92,0.0015871604195027977,5878.0,-0.0037087444709085204,6009.629999999999,-0.025530689909362025,5999.043333333333,-0.02381101875687952,0.009282877225828079,0.006851768691390947,0.010612776701784744,20.2728306176582,6009.629999999999,6309.520935262451,5709.739064737548,0.24419033395303502,76.5428571428571,0.013070396698005039,-0.03627028272389177,-0.050150841794530776,0.01932047622363009,57871.4,0.9394796047788717,0.17445402112630415
2022-12-30,5871.4,5883.6,5837.6,5851.8,53373.0,-0.0007513404596837,-0.0007513404596837248,0.01277258566978201,-0.03715282348295379,-0.04870435998309319,5861.679999999999,-0.0016855236041543042,5855.42,-0.0006182306307660479,5994.65,-0.023829581376727527,6002.126666666666,-0.025045567182298556,0.009245516406689365,0.0068634050253766395,0.010453411574266767,21.417133706965586,5994.65,6294.6544876856615,5694.645512314338,0.26192022809059684,75.5142857142857,0.012904454307099645,-0.03715282348295379,-0.04870435998309319,0.03264629067551361,53711.0,0.9937070618681462,-0.018319262815207238
2023-01-03,5852.6,5955.0,5830.8,5933.6,68573.0,0.013978604873714,0.013978604873714051,0.014915161466885651,-0.0028903676816561807,-0.039715164266062364,5879.12,0.009266692974458923,5853.7,0.013649486649469633,5982.38,-0.008153945419715813,6007.73,-0.012339103122144146,0.008619560216571918,0.007652631601602111,0.010455887872776145,34.252539912917314,5982.38,6270.474981413679,5694.285018586321,0.4153404204394038,81.29999999999998,0.013701631387353374,-0.0028903676816561807,-0.039715164266062364,0.06006360095758767,55126.4,1.2439230568293957,0.28478818878459156
2023-01-04,5931.6,5946.8,5897.8,5929.8,52527.0,-0.0006404206552514,-0.0006404206552514946,0.007783820530251617,0.00819504896626766,-0.04107506711083797,5888.280000000001,0.0070512951150421,5858.52,0.012166895393375787,5969.679999999999,-0.006680425081411312,6012.52,-0.013757958393485592,0.007655120621408371,0.007632135419156552,0.010417184739408045,35.93452607537114,5969.679999999999,6242.371362841547,5696.988637158452,0.42687703859697934,79.9857142857143,0.013488771001671944,0.00819504896626766,-0.04107506711083797,0.05093577201190991,55027.0,0.9545677576462464,-0.2339988041940706
2023-01-05,5933.6,6004.8,5926.8,5990.4,61976.0,0.0102195689567943,0.010219568956794323,0.020511073253832945,0.024245118489894857,-0.02923445906527522,5912.36,0.01319946687955409,5872.7,0.020041888739421365,5960.66,0.004989380370630014,6016.126666666667,-0.004276284076465742,0.007807577987444335,0.008111434623299054,0.010070300685711917,42.632478632478566,5960.66,6216.770834559781,5704.5491654402185,0.5580608002217452,82.44285714285714,0.013762496184371184,0.024245118489894857,-0.02923445906527522,0.03747835122965015,58163.6,1.0655461491379488,0.17988843832695567
2023-01-06,5982.2,6036.6,5978.8,6001.2,58244.0,0.0018028846153845,0.0018028846153845812,0.024760083330487292,0.03704983756134639,-0.025589400532571305,5941.36,0.010071768080035515,5894.14,0.018163803370805587,5952.780000000001,0.008134014695654557,6019.666666666667,-0.0030677224652528867,0.0063675254383640575,0.008142657818144097,0.010068347384603268,43.577673167451195,5952.780000000001,6192.388343585424,5713.171656414577,0.6010398871664017,82.88571428571433,0.013811523409603801,0.03704983756134639,-0.025589400532571305,0.0366915422885572,58938.6,0.988214854102405,-0.06021685813863431
2023-01-09,6016.6,6056.2,6007.0,6010.2,58461.0,0.0014997000599878,0.0014997000599878962,0.027068594278683467,0.040186915887850505,-0.025899513776337146,5973.04,0.0062212876525187255,5917.36,0.015689429069720262,5944.79,0.011002911793351888,6020.86,-0.0017705111894313896,0.006162671340779647,0.00813661560659247,0.009509439454063308,56.226415094339586,5944.79,6163.659573274187,5725.920426725813,0.6494268915991762,74.61428571428574,0.012414609449649885,0.040186915887850505,-0.025899513776337146,0.012056713703566313,59956.2,0.9750617951104307,0.003725705652084299
2023-01-10,6002.2,6035.0,5992.6,6024.6,48961.0,0.0023959269242288,0.002395926924228853,0.01533638937575832,0.03048029556650267,-0.01837911819337168,5991.24,0.005568129469024852,5935.18,0.015066097405638912,5939.15,0.01438758071441204,6021.976666666667,0.0004356266187237612,0.005511255555426721,0.008118902989031288,0.00950577236231992,66.93510184746563,5939.15,6142.375728789608,5735.924271210391,0.7102342073243685,71.5285714285714,0.01187275029521817,0.03048029556650267,-0.01837911819337168,0.011246139384987197,56033.8,0.8737761850882859,-0.1625014967243119
2023-01-11,6027.6,6049.4,5985.4,5998.4,63578.0,-0.004348836437274,-0.004348836437274017,0.011568686970892639,0.019442556084296347,-0.0178150379879487,6004.96,-0.0010924302576537093,5946.62,0.008707467435282501,5933.71,0.010902116888085178,6022.163333333333,-0.003945979545556422,0.005815877397950788,0.008104977953232673,0.009503169544894996,68.0308136735675,5933.71,6123.36686355811,5744.05313644189,0.6705448428977604,69.74285714285712,0.011626910033151694,0.019442556084296347,-0.0178150379879487,0.0018706574024585088,58244.0,1.091580248609299,0.29854373889422203
2023-01-12,6009.0,6035.4,5978.8,5994.8,63682.0,-0.0006001600426779,-0.000600160042677933,0.0007345085470087387,0.021260647359454987,-0.013623798867974268,6005.84,-0.001838210808146723,5959.1,0.005990837542581895,5929.570000000001,0.011000797696966158,6023.183333333333,-0.004712347568146424,0.005694928594850436,0.008050677227735368,0.009429572851521425,79.11534154535268,5929.570000000001,6109.359972204309,5749.780027795692,0.6814061129223435,64.99999999999993,0.010842730366317463,0.021260647359454987,-0.013623798867974268,0.010314143184575908,58585.2,1.0869980814267084,0.0016357859636981775
2023-01-13,6009.0,6057.8,5997.0,6057.8,64550.0,0.0105091078935077,0.010509107893507785,0.009431447043924512,0.03442505378914662,-0.0030938353684626385,6017.16,0.006754016845156308,5979.26,0.013135404715633792,5928.63,0.021787495593416972,6025.7,0.005327181904177136,0.006015968078050527,0.008429740611709056,0.009501043374278912,84.00583373845404,5928.63,6105.3536927491905,5751.90630725081,0.8654575059817264,63.52857142857134,0.010487069799031223,0.03442505378914662,-0.0030938353684626385,0.025563757025800715,59846.4,1.0785945353438136,0.013630225181370026
2023-01-16,6069.6,6173.8,6069.6,6113.4,94966.0,0.009178249529532,0.009178249529532057,0.017170809623639816,0.04470419358146205,0.0058904830854282775,6037.8,0.012521116963132073,6005.42,0.017980424350003688,5930.42,0.030854475736962872,6029.11,0.013980504585253906,0.0060726395130477106,0.008682964612861667,0.009567352315890414,83.49222277972902,5930.42,6114.085778836865,5746.754221163135,0.9981330794413413,65.57142857142851,0.010725852810453842,0.04470419358146205,0.0058904830854282775,0.03462632006498767,67147.4,1.4142915436785342,0.47120061967467075
2023-01-17,6120.6,6140.0,6111.0,6127.2,64449.0,0.002257336343115,0.0022573363431150906,0.01703017627726311,0.03262774706754734,0.029643073200241954,6058.32,0.011369488571089104,6024.780000000001,0.01699979086373271,5939.24,0.031647146772987744,6033.573333333333,0.015517614768915333,0.005066035923912946,0.007109384048278804,0.009496505724035579,82.4439701173959,5939.24,6142.882353158575,5735.597646841425,0.9614953546859594,63.457142857142834,0.01035662992184731,0.03262774706754734,0.029643073200241954,0.04570433832815657,70245.0,0.9174887892376682,-0.3213465871996294
2023-01-18,6137.6,6175.4,6135.2,6150.6,75495.0,0.0038190364277321,0.003819036427732181,0.02537343291544425,0.03723565718911259,0.045735854189336234,6088.76,0.010156419369461211,6046.86,0.01715601154979618,5952.6900000000005,0.03324715380777432,6038.923333333334,0.01849281080457499,0.004880623530911783,0.006414829902512715,0.009472682977225786,86.51743883394063,5952.6900000000005,6174.9824190765585,5730.397580923443,0.9451568812426285,64.07142857142851,0.010417102164248774,0.03723565718911259,0.045735854189336234,0.05506381226842327,72628.4,1.0394694086610747,0.17139133268165518
2023-01-19,6128.6,6215.6,6125.0,6213.2,84499.0,0.0101778688258056,0.010177868825805625,0.03643157403082675,0.037192841880342,0.06233970522860166,6132.4400000000005,0.01316930944289707,6069.139999999999,0.02373647666720502,5970.92,0.04057666155299344,6043.413333333333,0.028094498473268947,0.004874422784862484,0.006366827712990479,0.009233489515504184,91.22401847575058,5970.92,6215.912026508192,5725.927973491808,0.9944650718906122,65.69999999999995,0.010574261250241412,0.037192841880342,0.06233970522860166,0.0453245398566573,76791.8,1.1003648827088308,0.11926617656798455
2023-01-20,6236.0,6259.6,6223.6,6247.8,74943.0,0.0055687890298075,0.005568789029807508,0.03136452177358118,0.04109178164367133,0.07966406304002205,6170.4400000000005,0.012537193457840878,6093.8,0.02527158751517944,5993.969999999999,0.04234755929709366,6048.583333333333,0.032936086962511935,0.004859672443751819,0.0055164317973993605,0.00925078976182797,92.74611398963724,5993.969999999999,6252.401097199924,5735.5389028000745,0.9910980194531998,65.72857142857141,0.010520274565218382,0.04109178164367133,0.07966406304002205,0.05224333063864184,78870.4,0.9502043859293221,-0.113090095740778
2023-01-30,6335.2,6348.2,6253.0,6254.0,78405.0,0.0009923493069559,0.0009923493069559086,0.022998658684201922,0.040564373897707284,0.08238144686742821,6198.5599999999995,0.008944012802973633,6118.18,0.022199412243510297,6017.7699999999995,0.03925540524147664,6057.113333333334,0.032505032650316235,0.004891748636555818,0.005415251629158872,0.008117211307178006,91.33126934984512,6017.7699999999995,6280.099749100465,5755.4402508995345,0.9502539281382283,64.0285714285714,0.010238019096349759,0.040564373897707284,0.08238144686742821,0.08912960189474428,75558.2,1.0376769166020365,0.04619510828229445
2023-01-31,6258.0,6299.2,6246.2,6278.2,61423.0,0.0038695235049568,0.00386952350495684,0.02464420942681822,0.0420940809348338,0.07385741652983047,6228.76,0.007937374373069295,6143.539999999999,0.02191895877621053,6039.36,0.03954723679330252,6065.496666666667,0.035067752077460934,0.004860321221387543,0.0050900384421282705,0.008103998917705003,92.6960784313725,6039.36,6313.130479358849,5765.589520641151,0.9362048102471573,64.31428571428569,0.010244064495282994,0.0420940809348338,0.07385741652983047,0.08709655076880463,74953.0,0.8194868784438248,-0.2165933295070468
2023-02-01,6293.4,6348.4,6275.8,6335.6,71316.0,0.0091427479213788,0.009142747921378813,0.030078366338243345,0.056214990664177344,0.07675050985724008,6265.76,0.01114629350629448,6177.26,0.025632723893765252,6061.9400000000005,0.04514396381356467,6072.133333333333,0.043389473221931985,0.004045664133887707,0.005204755022211079,0.007384827445766043,92.6383399209486,6061.9400000000005,6355.534094304497,5768.345905695504,0.9660516088518082,63.92857142857137,0.010090373670776464,0.056214990664177344,0.07675050985724008,0.06706639269714021,74117.2,0.9622058037810387,0.1610634452892239
2023-02-02,6355.4,6384.2,6319.6,6343.8,68471.0,0.0012942736283856,0.0012942736283856338,0.021019764372625982,0.05821712150530467,0.0807155025553663,6291.88,0.008251905630749512,6212.16,0.021190696955648347,6085.63,0.042422888016524274,6078.37,0.043667957034533966,0.0037632158398252192,0.005040516500445597,0.0073631514805476885,92.5907508702138,6085.63,6390.267096265379,5780.992903734621,0.9237336870081967,64.4142857142856,0.010153896042480154,0.05821712150530467,0.0807155025553663,0.06268426695255958,70911.6,0.9655824999012854,-0.03989287116495599
2023-02-03,6318.8,6332.8,6245.8,6314.2,81332.0,-0.0046659730760743,-0.0046659730760743034,0.010627740964819665,0.04232559675129588,0.07820771148526351,6305.16,0.0014337463284039842,6237.8,0.01224790791625252,6108.530000000001,0.03366931160197284,6084.1,0.03781989119179485,0.004572561657231136,0.005215192087632289,0.007399153602412795,85.9508041627246,6108.530000000001,6409.383446399528,5807.676553600473,0.8418109422733244,67.48571428571417,0.010687927890423833,0.04232559675129588,0.07820771148526351,0.05758408146857841,72189.4,1.1266474025272408,0.18783134465686202
2023-02-06,6266.8,6302.8,6242.0,6282.4,72331.0,-0.0050362674606443,-0.005036267460644339,0.004541093700031862,0.027644191448293887,0.07358419631566337,6310.84,-0.00450653161861192,6254.7,0.004428669640430316,6130.0599999999995,0.024851306512497562,6086.706666666666,0.03215093876710573,0.005027207861204515,0.005492024646876502,0.006663658122480507,79.28214447978178,6130.0599999999995,6414.7520581961235,5845.3679418038755,0.7675522474445938,69.61428571428561,0.011080842626111935,0.027644191448293887,0.07358419631566337,0.025530525628468803,70974.6,1.0191110622673463,-0.11066984704667293
2023-02-07,6285.4,6294.6,6235.0,6290.2,70139.0,0.0012415637336049,0.0012415637336049556,0.0019113758720652463,0.026602689646167965,0.06009842254280695,6313.24,-0.0036494731706698813,6271.0,0.0030617126455110277,6147.889999999999,0.02314777915675137,6089.703333333334,0.03292388080207509,0.00504830594845079,0.0049314967078810485,0.006652798960212295,84.58985301090564,6147.889999999999,6425.350498089265,5870.429501910734,0.7564509200048649,69.29999999999993,0.011017137769864222,0.026602689646167965,0.06009842254280695,0.029425242210002756,72717.8,0.9645368809287409,-0.030305125050116843
2023-02-08,6292.8,6297.4,6220.6,6239.6,68966.0,-0.0080442593240277,-0.008044259324027747,-0.015152471746953666,0.014470132995154872,0.052244595095956026,6294.04,-0.008649452497918597,6279.9,-0.006417299638529106,6163.38,0.012366591058802223,6091.7,0.024278936914162053,0.006037542820697049,0.005463160677924365,0.006742000867615566,76.10921501706486,6163.38,6423.632602797936,5903.1273972020645,0.6464346546020496,70.74285714285705,0.01133772311411902,0.014470132995154872,0.052244595095956026,0.0195758031308213,72247.8,0.9545757794701015,-0.01672393390267901
2023-02-09,6230.0,6339.8,6223.8,6335.2,83170.0,0.0153214949676261,0.015321494967626137,-0.0013556543396703313,0.019635614498165088,0.057558760683760646,6292.320000000001,0.0068146565972486695,6292.1,0.0068498593474355385,6180.62,0.025010435846241963,6095.589999999999,0.03930874615910862,0.007004938864170258,0.005937943017891533,0.006998472677331889,77.6625448743518,6180.62,6438.293768450165,5922.946231549835,0.7999529228950137,74.52857142857134,0.01176420182923528,0.019635614498165088,0.057558760683760646,0.038251007899308354,75187.6,1.1061664423388962,0.20595655830409187
2023-02-10,6332.0,6340.2,6255.6,6309.4,81919.0,-0.0040724838994823,-0.004072483899482338,-0.0007601913148143069,0.009859470533627679,0.05135639538758907,6291.36,0.002867424531420859,6298.26,0.001768742478081231,6196.030000000001,0.01829719998127821,6099.323333333334,0.03444261849811747,0.007116936343470749,0.006132980352979112,0.007011936178558364,70.78032230703985,6196.030000000001,6445.249118131103,5946.810881868898,0.7274504477227951,72.28571428571415,0.011456828586825079,0.009859470533627679,0.05135639538758907,0.03680941269267435,75305.0,1.087829493393533,-0.015041481303354587
2023-02-13,6302.8,6355.2,6297.2,6331.6,73183.0,0.0035185596094717,0.003518559609471783,0.007831402011970079,0.012408058842340974,0.05347575787827363,6301.2,0.004824477877229727,6306.0199999999995,0.004056441305292591,6212.1,0.019236651051979248,6102.796666666666,0.0374915544184935,0.007161162587784921,0.006131830866271761,0.006984145786648079,71.29166666666669,6212.1,6452.145978051884,5972.054021948116,0.7489106482220897,74.35714285714273,0.011743815600660611,0.012408058842340974,0.05347575787827363,0.034034491769009856,75475.4,0.9696271897863411,-0.10664192678133277
2023-02-14,6350.6,6369.4,6322.4,6350.8,60939.0,0.0030324088697959,0.003032408869795944,0.009634033893993976,0.011563824025994762,0.05414467350529484,6313.320000000001,0.005936654565268373,6313.280000000001,0.005943028029803843,6228.41,0.019650279926979763,6106.786666666666,0.039957730088273635,0.007132062430594458,0.006132225912192481,0.006983296090057816,71.03825136612019,6228.41,6458.954416544701,5997.865583455298,0.7654369206470664,74.27142857142846,0.011694814601534997,0.011563824025994762,0.05414467350529484,0.03917269365448184,73635.4,0.8275774966931667,-0.16730661492423105
2023-02-15,6350.8,6365.2,6312.4,6335.8,73965.0,-0.0023619071613024,-0.002361907161302468,0.015417654977883277,3.156764947287449e-05,0.0562483328887704,6332.5599999999995,0.00051164142147897,6313.3,0.003563904772464488,6245.280000000001,0.014494145979043305,6108.910000000001,0.03714083199785212,0.006612652517293667,0.006027947816986604,0.00670134370835515,64.31574030826718,6245.280000000001,6453.228390358203,6037.331609641798,0.7176501579167648,71.57142857142844,0.011296352247771148,3.156764947287449e-05,0.0562483328887704,0.020520585013852344,74635.2,0.9910203228503441,0.21375473834490233
2023-02-16,6338.4,6392.6,6217.0,6254.6,124251.0,-0.0128160611130401,-0.012816061113040123,-0.012722565980552991,-0.014060972918439996,0.043337559217988986,6316.4400000000005,-0.009790324929865535,6304.38,-0.007896097633708576,6258.2699999999995,-0.0005864240437052359,6110.0233333333335,0.023662211873713535,0.007723358864391563,0.0069364711142179195,0.0068989831235614,50.7160909856782,6258.2699999999995,6429.564675002303,6086.975324997696,0.48928746617502905,80.79999999999986,0.012918491989895413,-0.014060972918439996,0.043337559217988986,0.010795436180871976,82851.4,1.4996849781657282,0.6798620969377409
2023-02-17,6262.0,6279.0,6194.0,6206.0,86747.0,-0.0077702810731302,-0.00777028107313027,-0.016388246108980153,-0.017135979221437392,0.024464326983393292,6295.76,-0.014257214379201244,6293.5599999999995,-0.013912634502570853,6265.679999999999,-0.009524903921042771,6110.083333333333,0.015698094679559738,0.007929378319465701,0.006980702248297459,0.006968892351079789,45.35962877030163,6265.679999999999,6411.368660108274,6119.991339891725,0.29517966616054453,79.69999999999989,0.012842410570415708,-0.017135979221437392,0.024464326983393292,0.0005804204823940395,83817.0,1.0349571089397138,-0.30184062904926323
2023-02-20,6210.2,6297.4,6175.0,6287.6,86147.0,0.013148565903964,0.013148565903964071,-0.006949270326615742,0.0008277091557367111,0.028494781954395476,6286.96,0.00010179800730414357,6294.08,-0.0010295388682698414,6274.39,0.002105383949674744,6111.576666666667,0.028801624021733696,0.00908056131090237,0.007269056978256721,0.007170576736650265,50.81796032022282,6274.39,6401.3741581496915,6147.405841850309,0.5520143622341767,84.65714285714272,0.013464142575409172,0.0008277091557367111,0.028494781954395476,0.014456276218134834,86409.8,0.9969586782980634,-0.0069166657060186765
2023-02-21,6290.4,6348.6,6282.2,6315.2,71880.0,0.004389592213245,0.004389592213245086,-0.0056055929961580375,0.003974436424915018,0.030682856769813194,6279.84,0.005630716706158001,6296.58,0.002957160871457143,6283.79,0.004998575700333685,6113.71,0.032957075163853045,0.00917781962939816,0.00729739783110247,0.007185171280909718,48.12775330396471,6283.79,6391.226147988789,6176.353852011211,0.6461798500225334,84.21428571428565,0.013335173187592737,0.003974436424915018,0.030682856769813194,0.020687871735195262,88598.0,0.8113049955980948,-0.16561226740339186
2023-02-22,6300.4,6345.4,6294.6,6322.0,59916.0,0.0010767671649354,0.0010767671649354327,-0.002178099056157068,0.013205974741970605,0.027867199947972487,6277.08,0.00715619364417841,6304.82,0.0027248993627098095,6292.36,0.004710474289455924,6117.11,0.03349457505259834,0.008681359634619731,0.007278009507108081,0.0070236225597259255,47.99411115200588,6292.36,6380.7116038036,6204.008396196399,0.6677388905462769,83.22857142857136,0.013164911646404834,0.013205974741970605,0.027867199947972487,0.033344230140568865,85788.2,0.6984177311098729,-0.16644407345575962
2023-02-23,6329.8,6338.8,6261.8,6309.6,63939.0,-0.0019614046187914,-0.0019614046187914624,0.008793527963418812,-0.004040914256850492,0.015515354406747006,6288.08,0.003422348316179269,6302.26,0.001164661565850933,6297.18,0.00197231141558607,6120.490000000001,0.03089785294968217,0.007180774138605522,0.007008670623952251,0.007024400543475525,49.5629038388446,6297.18,6377.501448927581,6216.85855107242,0.5773143423445847,81.72857142857136,0.01295305113296744,-0.004040914256850492,0.015515354406747006,0.033208881902141885,73725.8,0.8672540684536485,0.0671440016022431
2023-02-24,6302.0,6321.2,6243.2,6295.0,60603.0,-0.0023139343223025,-0.0023139343223025355,0.014340960360941013,-0.002282308935873445,0.007554659240052386,6305.88,-0.0017253737781245393,6300.820000000001,-0.0009236892975835742,6299.54,-0.0007206875422649528,6123.580000000001,0.02799342868060828,0.007101437907862653,0.006947366531519613,0.007034250801247214,51.23772102161104,6299.54,6376.453852013209,6222.626147986791,0.47048646062337207,82.14285714285708,0.013048905026665144,-0.002282308935873445,0.007554659240052386,0.030345685478591067,68497.0,0.8847540768208827,-0.052174729038614975
2023-02-27,6272.0,6286.2,6217.8,6257.2,69675.0,-0.0060047656870532,-0.006004765687053215,-0.004834913162415022,-0.011750584370459394,0.0005116725295810642,6299.8,-0.006762119432363045,6293.38,-0.005748898048425488,6299.7,-0.006746353000936511,6126.610000000001,0.021315213470418204,0.007184567884053261,0.007090631306709303,0.007040446742497164,46.93877551020409,6299.7,6376.227311945574,6223.172688054426,0.2223213587442757,83.39999999999989,0.013328645400498608,-0.011750584370459394,0.0005116725295810642,0.029923955624321152,65202.6,1.06859235674651,0.1496955596257612
2023-02-28,6278.0,6311.0,6230.8,6300.0,70847.0,0.0068401201815508,0.0068401201815508905,-0.0024068913098556077,-0.007998992252944537,0.0034723328342518567,6296.76,0.0005145503401748908,6288.3,0.0018605982539001698,6300.79,-0.00012538110300452932,6130.676666666667,0.02761902845960984,0.007524208715598963,0.0072050540065971115,0.007069948337130003,55.685240963855385,6300.79,6376.645982659207,6224.934017340793,0.49479276404901945,83.64285714285708,0.013276643990929695,-0.007998992252944537,0.0034723328342518567,0.040290620871862526,64996.0,1.0900209243645762,0.01682095443128806
2023-03-01,6295.6,6360.0,6285.8,6340.4,66225.0,0.0064126984126984,0.0064126984126984254,0.0029104713698195894,0.0007260330187188746,0.0007576235873476556,6300.4400000000005,0.006342414180596778,6288.76,0.008211475712222915,6301.03,0.006248184820576874,6133.826666666666,0.03367772592204554,0.007824532074033247,0.0070508835747031,0.006831308384781105,50.546218487394945,6301.03,6377.378483595283,6224.681516404717,0.7578309230651975,80.65714285714277,0.012721144227042897,0.0007260330187188746,0.0007576235873476556,0.030724713073446708,66257.8,0.9995049639438677,-0.06523917738224627
2023-03-02,6342.6,6361.0,6315.2,6334.0,54675.0,-0.0010094000378524,-0.001009400037852437,0.0038671231139850715,0.012694656732644694,-0.0015448154103219203,6305.32,0.0045485399630789125,6296.7,0.005923737830927367,6300.539999999999,0.005310655912033058,6137.086666666667,0.03208579966824643,0.00642454551784252,0.007048499941472766,0.006825559515778494,52.693823915900175,6300.539999999999,6375.851462746274,6225.228537253724,0.722144138354663,77.88571428571426,0.012296449997744595,0.012694656732644694,-0.0015448154103219203,0.031864981102567524,64405.0,0.848924772921357,-0.17440543601359004
2023-03-03,6338.6,6352.8,6284.8,6325.6,63983.0,-0.0013261761919797,-0.0013261761919797221,0.004861000794281312,0.019271672574927567,0.001805454372683979,6311.44,0.0022435450546944846,6308.66,0.0026851978074584615,6301.11,0.0038866168024365155,6139.756666666667,0.030268843444935634,0.005697901440708882,0.006972632291991738,0.006810787269241275,49.322493224932245,6301.11,6377.026904711555,6225.193095288444,0.6612947741550438,78.59999999999998,0.012425698747944854,0.019271672574927567,0.001805454372683979,0.025983715574009913,65081.0,0.9831287165224873,0.17024234110653857
2023-03-06,6317.2,6344.2,6288.2,6311.8,67840.0,-0.0021816112305552,-0.0021816112305552693,0.0087259477082402,0.003848845346396068,0.004679740226664952,6322.360000000001,-0.001670262370380704,6311.08,0.00011408506943344499,6302.58,0.0014628929739883834,6142.430000000001,0.027573777804549504,0.004211036344345133,0.006890404746606233,0.00681019341813724,45.541838134430726,6302.58,6378.109056102404,6227.050943897596,0.5610361129596243,79.24285714285712,0.012554716109961835,0.003848845346396068,0.004679740226664952,0.02607536495757068,64714.0,1.0483048490280311,0.06028163730991043
2023-03-07,6301.6,6320.6,6223.4,6224.0,85402.0,-0.0139104534364207,-0.013910453436420722,-0.01206349206349211,-0.014441347859133535,-0.010524307653174803,6307.160000000001,-0.013185015125666832,6301.960000000001,-0.012370754495427017,6299.27,-0.011949003614704634,6143.180000000001,0.013156052728391376,0.005913192500318768,0.007575281761425333,0.007035867178434679,39.04351234809876,6299.27,6382.49380985179,6216.046190148211,0.04778566293680514,82.41428571428573,0.013241369812706575,-0.014441347859133535,-0.010524307653174803,0.00728273183362993,67625.0,1.262876155268022,0.258873820754717
2023-03-08,6210.2,6249.4,6207.4,6232.2,72879.0,0.0013174807197942,0.0013174807197942062,-0.017065169389943846,-0.014204365707054745,-0.0011859734598372862,6285.5199999999995,-0.008482989474220104,6292.9800000000005,-0.009658381243862313,6298.9,-0.010589150486592924,6143.986666666667,0.014357670047026927,0.005925044276631014,0.007371169708592709,0.007037035799480234,47.43824336688008,6298.9,6383.29830379896,6214.5016962010395,0.10484987850655335,72.87142857142855,0.011692729464944731,-0.014204365707054745,-0.0011859734598372862,0.00782690255182894,68955.8,1.056894416423274,-0.14663591016603827
2023-03-09,6236.8,6241.6,6185.4,6217.4,71137.0,-0.0023747633259523,-0.0023747633259523226,-0.01840858856962435,-0.014612653733992786,-0.01859451951003921,6262.2,-0.007154035323049479,6283.76,-0.010560556100169372,6293.01,-0.01201491813933242,6144.763333333333,0.01182090549730952,0.00593072869849411,0.006433445016868914,0.007038604607313884,51.41298958849772,6293.01,6382.9986753105195,6203.021324689481,0.07989158225133856,70.81428571428576,0.011389694360067835,-0.014612653733992786,-0.01859451951003921,0.007551695080054266,72248.2,0.98461968602678,-0.023902633131629103
2023-03-10,6194.4,6200.0,6126.4,6138.6,87288.0,-0.0126741081481003,-0.012674108148100327,-0.029562413051726355,-0.02484511517077037,-0.027070719878276694,6224.8,-0.013847834468577291,6268.12,-0.020663292980989456,6284.469999999999,-0.023211185668799317,6144.426666666667,-0.0009482848413304712,0.0069198387708956244,0.006924194540823555,0.007226507245935499,31.402895656515156,6284.469999999999,6397.402678595122,6171.537321404877,-0.1458272389117803,68.57142857142864,0.01117053213622465,-0.02484511517077037,-0.027070719878276694,-0.003279859712931099,76909.2,1.1349487447535536,0.22704078046586162
2023-03-13,6156.2,6171.0,6109.4,6169.0,96906.0,0.0049522692470596,0.004952269247059604,-0.02262429101048835,-0.014095761682541674,-0.02568071261608451,6196.24,-0.004396214478457838,6259.3,-0.014426533318422252,6276.34,-0.017102323965878186,6144.410000000001,0.004002011584513188,0.007164803701186657,0.006984393837339021,0.007251368440608149,31.879028259791724,6276.34,6398.056363990595,6154.623636009405,0.05905682489704317,68.22857142857148,0.011059907834101391,-0.014095761682541674,-0.02568071261608451,-0.00016207455429495532,82722.4,1.171460209084843,0.11018696728072586
2023-03-14,6159.6,6169.4,6057.2,6118.4,106211.0,-0.0082023018317394,-0.008202301831739423,-0.016966580976863765,-0.028825396825396865,-0.03659381495244707,6175.12,-0.0091852466024952,6241.14,-0.019666278916992797,6264.719999999999,-0.02335619149778434,6144.093333333333,-0.004181794113370718,0.006814140131780902,0.007070833014517107,0.007297216369314753,27.236135957066097,6264.719999999999,6400.110983140398,6129.3290168596,-0.040360947997059415,72.6142857142858,0.011868182157800373,-0.028825396825396865,-0.03659381495244707,-0.00309577345455736,86884.2,1.2224432060144423,0.09602088621963545
2023-03-15,6148.8,6183.4,6127.2,6143.2,109682.0,0.0040533472803347,0.004053347280334796,-0.014280671352010499,-0.03110213866633016,-0.030398686827235788,6157.32,-0.00229320548550338,6221.42,-0.012572692407842645,6255.09,-0.017887832149497518,6144.693333333334,-0.00024302813050613992,0.006488967555083267,0.007190340145613688,0.0072871425190970665,31.89730200174057,6255.09,6396.459927569437,6113.720072430563,0.10426520008987422,71.75714285714295,0.011680743400368367,-0.03110213866633016,-0.030398686827235788,0.005894681687188985,94244.8,1.1637989576082712,0.03268023086121019
2023-03-16,6114.2,6129.4,6054.6,6069.4,116597.0,-0.0120132829795546,-0.012013282979554618,-0.023804162511660842,-0.04177455004736352,-0.02961020688773075,6127.719999999999,-0.009517406147800389,6194.96,-0.02026808889807208,6245.83,-0.028247646829964945,6144.556666666667,-0.012231422174748818,0.007001149962075139,0.007125901405932894,0.0074273831047810225,28.257517347725454,6245.83,6409.791806849032,6081.868193150968,-0.038021638668719555,72.51428571428576,0.011947521289466136,-0.04177455004736352,-0.02961020688773075,-0.0013492167961038914,103336.8,1.1283202111929147,0.06304589631844792
2023-03-17,6108.8,6173.0,6093.8,6109.4,100800.0,0.0065904372755132,0.006590437275513228,-0.004756784934675795,-0.034178575945365,-0.015565581695133779,6121.88,-0.002038589452913242,6173.34,-0.010357440218747183,6241.0,-0.02108636436468525,6145.1033333333335,-0.005810046047503459,0.007771898568551921,0.007181754332122874,0.007475812448988402,35.81573896353163,6241.0,6415.269386144856,6066.730613855144,0.12242364275440809,74.40000000000009,0.012177955282024438,-0.034178575945365,-0.015565581695133779,0.00539775532370057,106039.2,0.9505918565964285,-0.1354837603025807
2023-03-20,6123.6,6139.2,6086.6,6100.2,54376.0,-0.0015058761907879,-0.0015058761907879026,-0.011152536877938157,-0.03352450964859477,-0.029804694955149924,6108.12,-0.001296634643720207,6152.179999999999,-0.008449037576923835,6231.63,-0.021090790050115382,6145.48,-0.007368016818865231,0.007787019873239055,0.0063922572564432956,0.007478743093888089,29.503487894952727,6231.63,6415.250765939335,6048.009234060665,0.14211564163874993,72.42857142857149,0.011873147016257088,-0.03352450964859477,-0.029804694955149924,0.0037185731209687933,97533.2,0.5575127238724865,-0.4605555555555556
2023-03-21,6119.2,6174.0,6116.0,6161.6,53512.0,0.0100652437624997,0.010065243762499732,0.007060669456067092,-0.010025706940874013,-0.024322270078540598,6116.76,0.007330678332973628,6145.94,0.0025480235732859846,6223.95,-0.010017753998666334,6148.993333333333,0.002050200086952003,0.00787388649653502,0.006781271633931879,0.007064490652161051,32.41542092840288,6223.95,6405.692669438618,6042.207330561381,0.32846625893470377,72.40000000000009,0.011750194754609207,-0.010025706940874013,-0.024322270078540598,0.03542380856355454,86993.4,0.6151271245864629,-0.01588936295424448
2023-03-22,6183.2,6202.8,6173.6,6197.2,45604.0,0.0057777200727082,0.00577772007270827,0.008790207058210653,-0.0056159943519142885,-0.019740588421385707,6127.5599999999995,0.011365045793105377,6142.4400000000005,0.008915023996978189,6217.71,-0.003298642104569094,6154.253333333333,0.006978371597746058,0.008140258338731469,0.006944164521000547,0.00690929495141726,37.27678571428569,6217.71,6393.758676282985,6041.661323717015,0.44174906499429756,72.07142857142864,0.011629676074909417,-0.0056159943519142885,-0.019740588421385707,0.05365886833514688,74177.8,0.6147931052147677,-0.14777993721034532
2023-03-23,6189.0,6234.2,6186.0,6233.4,46960.0,0.0058413477054153,0.005841347705415334,0.027020792829604234,0.0025734229742335746,-0.012076835298592714,6160.36,0.011856449947730274,6144.039999999999,0.014544176144686727,6213.9,0.00313812581470585,6160.666666666667,0.011806081592901085,0.008345765269719793,0.007103105609881343,0.006884666730974552,41.84648036788107,6213.9,6384.7982337993235,6043.001766200676,0.5570514965733869,70.65714285714292,0.011335249279228498,0.0025734229742335746,-0.012076835298592714,0.06579352323633003,60250.4,0.7794139126047296,0.02973423383913687
2023-03-24,6236.4,6247.2,6216.4,6244.4,45226.0,0.0017646870086951,0.0017646870086951427,0.022097096277866823,0.017235200208516543,-0.008038125496425796,6187.360000000001,0.009218794445449818,6154.62,0.014587415632484113,6211.37,0.005317667438906382,6168.293333333333,0.012338366960499059,0.006993400122856318,0.007109349924361279,0.006712833108800511,44.009953785993545,6211.37,6378.673381536726,6044.066618463274,0.5987128882172327,68.85714285714292,0.011027023069813421,0.017235200208516543,-0.008038125496425796,0.07907651897421708,49135.6,0.9204324359527511,-0.03692504258943785
2023-03-27,6239.8,6252.6,6201.2,6234.6,53427.0,-0.0015694061879443,-0.0015694061879443222,0.022032064522474748,0.010633814232452687,-0.0036118391612861567,6214.24,0.003276345940935732,6161.18,0.011916548453380749,6210.24,0.003922553717730759,6175.903333333334,0.009504142713805397,0.006963790599120485,0.006992860094788213,0.006713181851010691,51.093685513825875,6210.24,6376.542329635048,6043.937670364951,0.5732401044936014,65.58571428571433,0.010519634665530159,0.010633814232452687,-0.0036118391612861567,0.07902388369678093,48945.8,1.0915543315258918,0.18133374607526642
2023-03-28,6240.0,6253.4,6210.2,6228.8,52955.0,-0.0009302922400795,-0.0009302922400795666,0.010906258114775413,0.018043933054393335,-0.011301587301587257,6227.679999999999,0.00017984225265288423,6172.219999999999,0.009166879988075749,6206.68,0.0035639021183628827,6182.276666666668,0.007525275208755344,0.006227524604615527,0.006796716437189055,0.006574099578770883,49.647449191207,6206.68,6367.861396340444,6045.4986036595565,0.5686183408948714,65.6714285714286,0.010543191075556865,0.018043933054393335,-0.011301587301587257,0.06540777230432404,48834.4,1.0843790442802614,-0.008834484436707979
2023-03-29,6232.6,6233.6,6190.6,6203.6,53441.0,-0.0040457230927305,-0.0040457230927305465,0.0010327244562060578,0.009832009376220974,-0.021575925809097063,6228.96,-0.004071305643317591,6178.26,0.004101478409778814,6199.84,0.0006064672636714175,6187.603333333333,0.0025852766903289304,0.0064264533186104925,0.006633506769446696,0.0065686317258896836,48.59926918392212,6199.84,6348.231436836011,6051.448563163989,0.5126691946657118,64.72857142857141,0.010434033694721035,0.009832009376220974,-0.021575925809097063,0.054316791298436584,50401.8,1.060299433750382,0.009177603625719843
2023-03-30,6200.6,6242.8,6169.6,6242.8,61807.0,0.0063189115997162,0.006318911599716204,0.0015080052619758089,0.028569545589349987,-0.0143984843700663,6230.84,0.0019194843712886378,6195.6,0.007618309768222531,6195.280000000001,0.007670355496442349,6193.816666666667,0.00790842480000209,0.00468003161567113,0.006836272987343851,0.006590907150260675,61.501103752759384,6195.280000000001,6331.41141638232,6059.148583617682,0.6745372275659783,63.457142857142834,0.01016485276753105,0.028569545589349987,-0.0143984843700663,0.06350936967632026,53371.2,1.1580590280900562,0.15654647181003356
2023-03-31,6242.8,6287.8,6237.2,6286.0,54750.0,0.0069199718075221,0.0069199718075221295,0.006661969124335476,0.028906275575342866,-0.006260275705071483,6239.160000000001,0.007507420870758175,6213.26,0.01170721972040445,6193.3,0.014967787770655328,6200.9800000000005,0.013710736044947547,0.004710507406861041,0.007042252922760168,0.006618484725175838,62.559038213825694,6193.3,6322.421957853576,6064.178042146425,0.8589629585121443,62.67142857142854,0.009970001363574378,0.028906275575342866,-0.006260275705071483,0.0733923021754721,55276.0,0.9904841160720746,-0.11417800572750658
2023-04-03,6304.4,6366.6,6304.2,6342.8,62867.0,0.0090359529112313,0.009035952911231382,0.01735476213389786,0.0397691878954789,0.004911435723565338,6260.8,0.01309736774853043,6237.52,0.016878502994779998,6194.85,0.02388274130931345,6209.163333333333,0.02152249175814891,0.00480267622923721,0.007324737816098888,0.0066897373160755185,73.77118644067806,6194.85,6330.538676174712,6059.1613238252885,1.0451818241984332,60.414285714285725,0.00952486058432959,0.0397691878954789,0.004911435723565338,0.08390580676031312,57164.0,1.0997655867329088,0.14825570776255703
2023-04-04,6346.4,6355.4,6320.4,6352.2,52207.0,0.0014819953332911,0.0014819953332911862,0.01981119958900579,0.03093352376006231,0.020597686375321222,6285.4800000000005,0.010614941102350173,6256.58,0.015283109941853112,6201.26,0.0243402147305547,6216.14,0.021888181411615415,0.0043252085940640485,0.006520833073597751,0.006481694130912815,72.88655278142802,6201.26,6353.811470520067,6048.7085294799335,0.9947182727423951,58.27142857142859,0.009173424730239695,0.03093352376006231,0.020597686375321222,0.0705473911284884,57014.4,0.9156809507773475,-0.1695643183228085
2023-04-06,6332.0,6364.6,6330.8,6344.2,51185.0,-0.0012594061899814,-0.001259406189981438,0.022664259462247704,0.023720389853482127,0.01797118192612568,6313.6,0.004846680182463148,6271.28,0.01162761031240822,6206.86,0.022127130304211873,6223.046666666666,0.019468491853400938,0.004405542118986588,0.006540494114255737,0.006485095907267598,85.15864892528165,6206.86,6371.904892138448,6041.815107861551,0.9160686169093676,54.357142857142925,0.00856800587263058,0.023720389853482127,0.01797118192612568,0.06988431313029109,56563.2,0.9049169778230369,-0.019575918938073422
2023-04-07,6354.0,6403.8,6349.0,6388.8,51821.0,0.0070300431890546,0.007030043189054647,0.023386941756903923,0.024930214650110694,0.027567793611477542,6342.8,0.007252317588446688,6286.82,0.016221237445958492,6215.43,0.027893484441140926,6229.686666666666,0.025541145461569714,0.004524469397473424,0.006629284346268256,0.00642223600192986,85.33131006575638,6215.43,6399.484512519759,6031.375487480242,0.9709745977605093,51.21428571428578,0.008016260598905237,0.024930214650110694,0.027567793611477542,0.06650641025641035,54566.0,0.9496939486126892,0.012425515287681987
2023-04-10,6392.0,6399.4,6344.6,6357.4,58741.0,-0.0049148509892312,-0.004914850989231279,0.01135857461024492,0.018096214207930394,0.03564330629133661,6357.08,5.0337576371406456e-05,6298.120000000001,0.009412332569084025,6226.37,0.02104436453342795,6235.623333333334,0.019529189009171333,0.005097676784358447,0.005956302421935757,0.0064680615651312055,80.79501915708815,6226.37,6417.086246651354,6035.653753348646,0.8435208124652701,51.37142857142862,0.008080572021805869,0.018096214207930394,0.03564330629133661,0.05935479570752511,55364.2,1.0609924825067463,0.1335365971324367
2023-04-11,6360.6,6374.4,6337.6,6355.0,53136.0,-0.0003775128197061,-0.00037751281970610506,0.0019234407517183527,0.019311583742340988,0.03015075376884413,6359.5199999999995,-0.0007107454650664424,6310.160000000001,0.0071060004817626865,6235.67,0.01913667657204443,6241.37,0.018205938760240237,0.005023360564996481,0.005925560009640339,0.006470054967102576,76.96597880646966,6235.67,6432.64438893083,6038.69561106917,0.8029073999105133,48.72857142857141,0.007667753175227603,0.019311583742340988,0.03015075376884413,0.05736913913014541,53418.0,0.9947208806020442,-0.0954188726783678
2023-04-12,6355.6,6377.2,6351.8,6372.6,45583.0,0.002769472856019,0.0027694728560190285,0.003211485784452739,0.023086308759311613,0.04154680962343105,6363.6,0.001414293795964472,6324.54,0.007598971624813933,6248.38,0.019880352987494465,6247.169999999999,0.020077891269166814,0.004924905537003024,0.005470129132798088,0.006471648674780312,75.74867880211404,6248.38,6446.296256612525,6050.463743387475,0.8138195975563409,47.59999999999997,0.007469478705708812,0.023086308759311613,0.04154680962343105,0.05776317099890438,52093.2,0.8750278347269894,-0.1421446853357422
2023-04-13,6360.4,6372.4,6334.4,6346.8,60643.0,-0.0040485829959514,-0.004048582995951455,0.0004098231455502699,0.023083370945902404,0.03314233624169827,6364.12,-0.0027215074511479642,6338.860000000001,0.0012525911599245987,6258.5599999999995,0.014099089886491667,6252.976666666667,0.01500458714862729,0.004925314779226733,0.005612241088161003,0.006467591215311461,67.17141126589955,6258.5599999999995,6454.633309598163,6062.486690401836,0.7250178777030939,46.88571428571432,0.007387299786619134,0.023083370945902404,0.03314233624169827,0.058082155241397704,53984.8,1.1233347164387013,0.3303863282364039
2023-04-14,6371.0,6388.2,6341.8,6360.6,59512.0,0.0021743240688221,0.00217432406882212,-0.0044139744552967874,0.018869737938104647,0.04797838336573634,6358.4800000000005,0.00033341301694744807,6350.64,0.001568345867503096,6273.12,0.013945213864871242,6259.073333333334,0.01622071850891671,0.004719209417329899,0.004600177699078332,0.006466151296117921,67.44744744744756,6273.12,6452.594855004486,6093.645144995514,0.7437110201253927,48.0,0.00754645788133195,0.018869737938104647,0.04797838336573634,0.06101955027690664,55523.0,1.0718441006429769,-0.01865013274409244
2023-04-17,6365.0,6397.8,6349.4,6391.8,63916.0,0.0049051976228657,0.004905197622865787,0.005411017082455283,0.016831053133948393,0.04622385176940469,6365.36,0.004153732074855254,6361.219999999999,0.004807253954430157,6287.24,0.01663050877650618,6264.639999999999,0.020298053838688324,0.004518942939714435,0.004533482164567995,0.006366293395635393,72.17832957110603,6287.24,6456.633051494651,6117.846948505348,0.8086313136147201,47.785714285714285,0.0074760966059191905,0.016831053133948393,0.04622385176940469,0.055135527749347935,56558.0,1.1300965380671169,0.07400188197338342
2023-04-18,6385.2,6391.8,6355.8,6377.0,71165.0,-0.0023154666916987,-0.0023154666916987976,0.0034618410700235636,0.0053919404679321215,0.0453755614570015,6369.76,0.001136620532013799,6364.639999999999,0.0019419794363861875,6301.08,0.012048728154538502,6269.033333333334,0.017222219268254957,0.0038405468607534987,0.004572434174725359,0.006285847102882934,70.3907539900935,6301.08,6450.139163103765,6152.020836896235,0.7546639818014731,47.27142857142859,0.0074128004659602615,0.0053919404679321215,0.0453755614570015,0.04311839565544551,60163.8,1.1828541415269647,0.11341448150697797
2023-04-19,6375.8,6391.0,6339.0,6349.2,71326.0,-0.0043594166535988,-0.0043594166535988466,-0.003671970624235077,-0.0004722773212429976,0.030446637237081298,6365.08,-0.002494862594028646,6364.34,-0.0023788798210027107,6310.46,0.006139013637674662,6272.733333333334,0.012190326386158024,0.0041164405153050355,0.004406310293975672,0.006316444859041851,69.89071038251353,6310.46,6445.515300953796,6175.404699046204,0.6434227302682963,47.914285714285725,0.0075465075465075485,-0.0004722773212429976,0.030446637237081298,0.03623188405797095,65312.4,1.0920743993483626,0.0022623480643575444
2023-04-20,6342.2,6350.4,6321.8,6343.4,79391.0,-0.0009135009135009,-0.0009135009135009531,-0.0005357030314490085,-0.0001260994294001172,0.023591299296456425,6364.4,-0.003299604047514282,6364.26,-0.003277678787478866,6317.77,0.004056811184959042,6275.946666666668,0.010747913727756186,0.004106493056442137,0.004318360106700389,0.006305269691460781,65.12327119663246,6317.77,6442.440666789848,6193.0993332101525,0.6027908194443309,44.72857142857141,0.007051198320864429,-0.0001260994294001172,0.023591299296456425,0.031346535297369194,69062.0,1.149561263791955,0.11307237192608577
2023-04-21,6344.2,6347.4,6196.0,6196.0,101494.0,-0.0232367500078821,-0.023236750007882168,-0.02587806181806751,-0.030177811169546764,-0.005999935829563263,6331.48,-0.02139784063125838,6344.9800000000005,-0.02347997944831981,6315.9,-0.018983834449563752,6275.660000000001,-0.01269348562541639,0.007820075945245331,0.006829583162748401,0.006887807329981886,39.697802197802226,6315.9,6446.862332872889,6184.93766712711,0.04223478854651574,51.92857142857137,0.008380983122751996,-0.030177811169546764,-0.005999935829563263,-0.0027682997489216765,77458.4,1.3103033370170312,0.27840687231550176
2023-04-24,6199.6,6200.6,6133.2,6154.2,74466.0,-0.0067462879276952,-0.006746287927695271,-0.03717262742889338,-0.03196275206845567,-0.014444942668631056,6283.96,-0.02064939942329358,6324.66,-0.026951646412613495,6311.39,-0.02490576560789315,6274.1,-0.019110310642163952,0.007890210165560454,0.006959493517013532,0.006901833564745628,27.643432906590817,6311.39,6457.997760259654,6164.782239740347,-0.03609031241458582,50.98571428571423,0.008284702201052003,-0.03196275206845567,-0.014444942668631056,-0.014981273408239737,79568.4,0.9358740404482182,-0.2663014562437188
2023-04-25,6152.8,6155.8,5997.6,6066.8,94991.0,-0.0142016834032042,-0.014201683403204268,-0.0486435628038262,-0.04535011801730915,-0.026914316876784472,6221.92,-0.024931210944531546,6295.84,-0.03637957762586086,6303.0,-0.03747421862605105,6270.9800000000005,-0.03255950425611309,0.008523483507762553,0.007587089385560711,0.0071312255301402075,21.448579431772814,6303.0,6483.417900850498,6122.582099149502,-0.1545913650656131,59.78571428571422,0.00985457148508509,-0.04535011801730915,-0.026914316876784472,-0.02993284298049248,84333.6,1.126371932420767,0.27562914618752177
2023-04-26,6067.0,6116.0,6056.6,6091.8,74313.0,0.0041207885540976,0.0041207885540976985,-0.04054054054054046,-0.044063647490820146,-0.02199460570254308,6170.44,-0.012744634094165042,6267.76,-0.0280738254176931,6296.15,-0.032456342367954916,6267.873333333334,-0.02809139942202621,0.008662825928382398,0.007684734090606668,0.007133897089555717,25.580495356037247,6296.15,6497.606167362414,6094.693832637585,-0.007182288523286313,61.61428571428561,0.010114298846693195,-0.044063647490820146,-0.02199460570254308,-0.02969003854607999,84931.0,0.874980866821302,-0.21768378056868543
2023-04-27,6088.0,6154.2,6080.4,6129.4,66546.0,0.0061722315243442,0.006172231524344207,-0.03373585143613833,-0.034253482069704466,-0.011960796956606012,6127.64,0.00028722313974038904,6246.0199999999995,-0.018671089749952796,6292.4400000000005,-0.0259104576285194,6264.436666666666,-0.02155607500754242,0.009296793095260273,0.007815943651455484,0.007076077892837016,24.558650451157277,6292.4400000000005,6503.57306754381,6081.306932456191,0.11389278833319029,62.62857142857131,0.010217732800693595,-0.034253482069704466,-0.011960796956606012,-0.03254624660647776,82362.0,0.8079696947621476,-0.10451737919341164
2023-04-28,6146.6,6217.0,6146.6,6213.8,58137.0,0.0137697001337815,0.013769700133781537,0.0028728211749515786,-0.023079583687073524,-0.004645351444864443,6131.2,0.013472077244258918,6231.34,-0.0028148038784595597,6290.99,-0.012269928898313243,6262.27,-0.007740004822532454,0.01069310491027392,0.00832282188991537,0.007309915256559437,37.24235963041938,6290.99,6503.948922651234,6078.031077348765,0.31876786603016705,64.97142857142853,0.010455989663559904,-0.023079583687073524,-0.004645351444864443,-0.020492449320596462,73690.6,0.7889337310321805,-0.12636371833017768
2023-05-04,6204.2,6213.6,6182.4,6213.6,47200.0,-3.2186423766455974e-05,-3.2186423766455974e-05,0.0096519450131618,-0.02787947057166995,-0.011517658288259569,6143.08,0.011479583531388338,6213.52,1.2875149673519104e-05,6287.37,-0.011733045772715722,6260.593333333333,-0.007506210806430436,0.010435330669708531,0.008153267932159097,0.0072876516577955125,37.38851230824122,6287.37,6503.1290576251695,6071.61094237483,0.3290454157244293,64.58571428571433,0.01039425040004415,-0.02787947057166995,-0.011517658288259569,-0.015932342972981406,68237.4,0.6917027905518089,-0.18812460223265737
2023-05-05,6202.4,6202.6,6118.6,6152.2,64947.0,-0.0098815501480623,-0.009881550148062357,0.014076613700797713,-0.03525168574564841,-0.030049820268651106,6160.160000000001,-0.0012921742292409943,6191.039999999999,-0.00627358246756593,6277.84,-0.020013252965988326,6258.423333333334,-0.01697285844624352,0.010670018735776934,0.008079981079303406,0.007368085128179339,31.767041694242195,6277.84,6500.0318980945995,6055.648101905401,0.21727141926095686,69.55714285714294,0.01130606008535856,-0.03525168574564841,-0.030049820268651106,-0.02072456386094479,62228.6,1.043684093808956,0.3759957627118644
2023-05-08,6163.2,6214.6,6147.4,6184.4,59062.0,0.0052339000682681,0.0052339000682681824,0.0152007616796348,-0.025956025956025974,-0.026416044834860375,6178.679999999999,0.0009257640790589772,6174.5599999999995,0.0015936358218238134,6269.45,-0.013565783282425081,6256.66,-0.011549293073301103,0.011012998102171113,0.008195421795753128,0.00740040239359594,36.70595939751142,6269.45,6492.490081363577,6046.409918636423,0.3093392015461104,71.6285714285715,0.011582137544235739,-0.025956025956025974,-0.026416044834860375,-0.016819814950240097,59178.4,0.998033066118719,-0.09061234545090613
2023-05-09,6188.8,6214.4,6130.2,6130.6,67464.0,-0.0086993079360971,-0.00869930793609719,0.00019577772702072949,-0.033546678437430866,-0.033668547649821745,6178.92,-0.00782013685239491,6153.28,-0.0036858390971968857,6258.77,-0.02047846461844738,6254.843333333334,-0.019863540413748826,0.011157029710507459,0.008360405903110388,0.007412560481343525,32.3294406883835,6258.77,6487.131754563464,6030.408245436537,0.21937069706569295,74.32857142857152,0.01212419199239414,-0.033546678437430866,-0.033668547649821745,-0.017469068530033938,59362.0,1.1364846197904384,0.1422572889505942
2023-05-10,6131.6,6160.8,6097.8,6124.8,68784.0,-0.0009460737937559,-0.0009460737937559971,-0.014322958576072575,-0.011491284699806315,-0.04132231404958675,6161.120000000001,-0.0058950320720908556,6146.16,-0.0034753407005349013,6245.57,-0.019336905998971976,6251.336666666667,-0.02024153767647563,0.008698196016417557,0.008109652976390963,0.0071246525995077165,28.653661656539796,6245.57,6472.802105774411,6018.337894225589,0.2342585028017648,75.37142857142862,0.012305941185251539,-0.011491284699806315,-0.04132231404958675,-0.03321126404849095,61491.4,1.118595445867227,0.019565990750622486
2023-05-11,6140.6,6142.4,6098.8,6103.4,48155.0,-0.0034939916405434,-0.0034939916405434257,-0.017735290330887166,-0.008254525364791543,-0.03995344008556956,6139.08,-0.00581194576386046,6141.08,-0.00613572856891631,6232.870000000001,-0.020772132260098664,6247.903333333334,-0.02312829210439138,0.008523544598459054,0.008089677351659504,0.007120178072628695,28.354430379746802,6232.870000000001,6462.168289754085,6003.571710245917,0.21768215075033046,75.91428571428573,0.012438032197510523,-0.008254525364791543,-0.03995344008556956,-0.03264969727707867,61682.4,0.7806927097518903,-0.29990986275878107
2023-05-12,6095.8,6133.4,6039.4,6042.8,65850.0,-0.0099288920929316,-0.009928892092931685,-0.017782256753681502,-0.003955957011933853,-0.04912667191188036,6117.2,-0.01216242725429928,6138.679999999999,-0.015618993008268744,6217.26,-0.02806059260831939,6243.09,-0.03208186971515703,0.007857957378005126,0.008268476046168819,0.007201818726909425,26.95547533092659,6217.26,6453.939453669753,5980.580546330248,0.131442448224867,78.91428571428573,0.013059225146337082,-0.003955957011933853,-0.04912667191188036,-0.04561248341651403,61863.0,1.064448862809757,0.3674592461841968
2023-05-15,6042.8,6120.8,6001.0,6115.2,82115.0,0.0119812007678559,0.011981200767855915,-0.011189444408511662,0.003841229193341844,-0.04039167686658518,6103.36,0.0019399150631782547,6141.02,-0.0042045132567555266,6204.39,-0.014375305227427804,6239.163333333333,-0.019868582806775836,0.008704474180668506,0.008814958250098438,0.0073721727648683975,34.39978124145473,6204.39,6433.371506033137,5975.408493966864,0.3052462804854346,85.42857142857149,0.013969873663751225,0.003841229193341844,-0.04039167686658518,-0.03709768848019157,66473.6,1.2353024358542337,0.24700075930144272
2023-05-16,6114.4,6115.8,6053.8,6074.0,73796.0,-0.0067373103087388,-0.006737310308738809,-0.009232375297687057,-0.009038405064117128,-0.04298229028801914,6092.039999999999,-0.0029612412262557397,6135.4800000000005,-0.010020405901412843,6190.75,-0.018858781246214096,6234.8,-0.02579072303842944,0.00871346125959809,0.008867831376843655,0.0074114014454226525,40.2431222008957,6190.75,6416.490638320651,5965.009361679349,0.2414067735686922,79.04285714285723,0.013013312009031483,-0.009038405064117128,-0.04298229028801914,-0.041320748761008885,67740.0,1.0894006495423678,-0.10130913962126287
2023-05-17,6065.8,6102.2,6049.8,6072.2,73450.0,-0.0002963450773789,-0.00029634507737896776,-0.008588035527690718,-0.022787988026650385,-0.0453416344370029,6081.5199999999995,-0.0015325116089398572,6121.32,-0.008024413035096933,6176.33,-0.0168595266120819,6231.759999999999,-0.025604323658163897,0.007066709697732544,0.008821409089732016,0.0072380275338126115,42.993848257006135,6176.33,6393.052389487579,5959.607610512421,0.25976178500475555,77.9714285714286,0.012840721414220317,-0.022787988026650385,-0.0453416344370029,-0.02916253637322941,68673.2,1.0695584303629364,-0.00468860100818469
2023-05-18,6089.4,6106.6,6048.8,6077.8,84411.0,0.0009222357629854,0.0009222357629854461,-0.004194383458400175,-0.021855285180893524,-0.04912544197252733,6076.4,0.0002303995786980817,6107.74,-0.004901976835949062,6160.63,-0.013445053509137828,6229.623333333334,-0.024371189911428615,0.007106774042722859,0.00869470398403901,0.007176104093569431,51.092570520460875,6160.63,6356.079205677444,5965.180794322556,0.28810351335810297,70.80000000000005,0.011648951923393342,-0.021855285180893524,-0.04912544197252733,-0.02065742829519812,75924.4,1.1117769781519513,0.14923076923076928
2023-05-19,6061.6,6113.6,6038.4,6085.6,73315.0,0.0012833591102043,0.001283359110204385,0.0070828092937049725,-0.010825395793374604,-0.045695468088442825,6084.96,0.00010517735531534456,6101.08,-0.002537255698990881,6146.0599999999995,-0.009837196512887836,6226.256666666666,-0.02259088794390629,0.006623817418073957,0.008735420421350596,0.006958784142805706,49.3624023035788,6146.0599999999995,6315.2809318891095,5976.8390681108895,0.3213577973922919,71.92857142857156,0.011819470788183836,-0.010825395793374604,-0.045695468088442825,-0.03212672561867802,77417.4,0.9470093286522152,-0.13145206193505587
2023-05-22,6078.4,6104.4,6042.0,6070.8,60782.0,-0.0024319705534376,-0.00243197055343769,-0.007260596546310727,-0.018368798913394935,-0.04384804384804375,6076.08,-0.000868981316901607,6089.719999999999,-0.0031068751929479443,6132.14,-0.010003033198850653,6222.183333333333,-0.02432961634581643,0.006246266887776548,0.008722120532755426,0.006932885597424735,43.677168752697526,6132.14,6274.7049015636085,5989.575098436392,0.28486991073103607,71.1142857142858,0.011714153935936911,-0.018368798913394935,-0.04384804384804375,-0.03870027869267789,73150.8,0.8309136742181903,-0.17094728227511424
2023-05-23,6074.2,6080.2,6008.2,6008.8,62132.0,-0.0102128220333399,-0.010212822033339952,-0.010734277247283486,-0.019867549668874163,-0.05274773780622366,6063.04,-0.008946007283474944,6077.54,-0.01131049733938394,6115.41,-0.017433009397570975,6216.963333333334,-0.03348312064464487,0.006446218835785982,0.008895890990785247,0.007038074040364408,26.75736961451247,6115.41,6229.22118065486,6001.598819345139,0.031636525574314164,70.00000000000007,0.011649580615097868,-0.019867549668874163,-0.05274773780622366,-0.04954128440366967,70818.0,0.8773475670027394,0.022210522852160075
2023-05-24,5987.4,6027.0,5956.4,5968.8,77247.0,-0.0066569032086273,-0.006656903208627329,-0.017028424623694804,-0.025470219435736685,-0.03666881859264037,6042.360000000001,-0.012174051198538427,6061.9400000000005,-0.015364718225518659,6104.05,-0.0221574200735577,6211.283333333334,-0.03903916796582563,0.0065950947424641,0.007548777768876176,0.007076955491529518,24.54242928452578,6104.05,6228.819623495935,5979.280376504065,-0.04199891051369004,72.80000000000005,0.012196756466961542,-0.025470219435736685,-0.03666881859264037,-0.05401293267402052,71577.4,1.0792093593787984,0.24327238781948113
2023-05-25,5984.2,5998.6,5880.0,5942.2,81995.0,-0.0044565071706206,-0.004456507170620627,-0.02231070453124495,-0.02641150833961392,-0.034448019238893735,6015.24,-0.012142491405164213,6045.82,-0.01713911429715076,6093.45,-0.024821734813611385,6205.403333333334,-0.042415185475453976,0.00661727306571571,0.007487551147332189,0.007089603704576028,26.457399103139025,6093.45,6235.152898978451,5951.747101021549,-0.033687034952618,74.48571428571437,0.012535039932300221,-0.02641150833961392,-0.034448019238893735,-0.056044479745830045,71094.2,1.1533289635441428,0.06146517016842079
2023-05-26,5942.2,6009.6,5911.6,5996.2,66894.0,0.0090875433341186,0.009087543334118653,-0.014690416721440891,-0.007711656847818937,-0.011637106876771997,5997.36,-0.00019341843744580256,6041.160000000001,-0.007442279297353638,6089.92,-0.015389364720718834,6201.053333333332,-0.03303524777510902,0.007014659547361619,0.007252261891870349,0.007173951849652994,29.884566053869193,6089.92,6237.80099909957,5942.03900090043,0.1831235906889643,76.68571428571431,0.012789052113957892,-0.007711656847818937,-0.011637106876771997,-0.04171194783609278,69810.0,0.9582294800171895,-0.1841697664491737
2023-05-29,6023.0,6025.4,5959.2,5988.4,58806.0,-0.0013008238551082,-0.001300823855108213,-0.013573169928180917,-0.020735217163788677,-0.016973636691946625,5980.88,0.0012573400569815263,6028.48,-0.006648442061680582,6084.75,-0.015834668638810223,6195.86,-0.03348364875901011,0.005409674611786223,0.007168933415407699,0.007105888325357014,33.143669985775205,6084.75,6239.427899622181,5930.072100377819,0.18854632680122185,75.40000000000002,0.012591009284616931,-0.020735217163788677,-0.016973636691946625,-0.04946031746031754,69414.8,0.8471680390925278,-0.12090770472688128
2023-05-30,5975.4,6028.0,5924.4,6021.2,66883.0,0.0054772560283213,0.005477256028321387,0.0020636399946745154,-0.008692788936450424,-0.01765262505302312,5983.36,0.006324205797411553,6023.2,-0.0003320494089520398,6079.34,-0.009563538147233097,6190.54,-0.02735464111369934,0.0056162672159196176,0.007134803132623857,0.007090760175449765,38.458110516934035,6079.34,6235.00804627646,5923.67195372354,0.31325647301840553,78.30000000000005,0.013004052348369105,-0.008692788936450424,-0.01765262505302312,-0.05034382688789352,70365.0,0.9505151708946209,0.13734993027922315
2023-05-31,6010.2,6024.4,5965.4,6006.8,67423.0,-0.0023915498571712,-0.0023915498571712712,0.006366438815172293,-0.01077039623200815,-0.03331294859828127,5990.960000000001,0.0026439836019600538,6016.66,-0.0016387829792608999,6068.99,-0.01024717457105706,6185.086666666667,-0.02882524955187915,0.005632025111669747,0.006250338975069594,0.0070935784228862405,39.067451335445966,6068.99,6214.190172538517,5923.789827461483,0.2858473619116998,79.40000000000009,0.013218352533795047,-0.01077039623200815,-0.03331294859828127,-0.051657720239974725,68400.2,0.9857134920658127,0.008073800517321317
2023-06-01,5989.4,6059.4,5976.2,6021.6,73012.0,0.0024638742758207,0.002463874275820732,0.013362054457944916,-0.009246766922241578,-0.030899961375048246,6006.84,0.0024571987933756922,6011.039999999999,0.0017567675477123679,6059.39,-0.006236601374065676,6180.0199999999995,-0.02563422124847481,0.005713073220021591,0.006309487963963606,0.007106209547607637,47.323232323232354,6059.39,6188.870937836851,5929.909062163149,0.35407118363779433,78.6285714285715,0.013057753990396489,-0.009246766922241578,-0.030899961375048246,-0.04805868218034648,66603.6,1.0962170213021518,0.0828945612031502
2023-06-02,6049.2,6083.8,6037.6,6067.8,60345.0,0.0076723794340374,0.007672379434037424,0.011940895900737214,-0.0029249375575128855,-0.013718669744156475,6021.16,0.0077460157179016775,6009.26,0.00974163208115475,6055.17,0.0020858208770355713,6175.953333333334,-0.01751200624357052,0.0063119512447051065,0.006310337240937644,0.007187043739525465,43.59113034072478,6055.17,6177.202007880397,5933.137992119603,0.5517487183050316,74.51428571428576,0.012280280449963044,-0.0029249375575128855,-0.013718669744156475,-0.038657752146772695,65293.8,0.9242071988458321,-0.1734920287076097
2023-06-05,6058.0,6066.4,6035.0,6050.4,46549.0,-0.0028675961633541,-0.0028675961633541913,0.010353349809631984,-0.003360347894840965,-0.021667421253476538,6033.56,0.002791055363665862,6007.22,0.00718801708610628,6048.469999999999,0.0003190889596873525,6173.0599999999995,-0.01987021023609037,0.006329969756609636,0.006169763006321833,0.006979627508244563,46.58959537572251,6048.469999999999,6154.260917926554,5942.679082073445,0.5091217660165318,72.42857142857149,0.011970873236244132,-0.003360347894840965,-0.021667421253476538,-0.02789203084832914,62842.4,0.740726006645195,-0.22861877537492747
2023-06-06,6034.2,6047.4,5928.6,5934.4,82135.0,-0.0191722861298426,-0.019172286129842675,-0.014415731083505023,-0.012381839968046982,-0.032003392816363885,6016.2,-0.013596622452711093,5999.780000000001,-0.010897066225761809,6038.66,-0.01726541981168006,6168.096666666666,-0.037887970843517915,0.008233784265236813,0.007207880539575759,0.007381503228516713,35.02824858757066,6038.66,6148.686377698386,5928.633622301613,0.026204523946946716,77.38571428571433,0.013040191811423957,-0.012381839968046982,-0.032003392816363885,-0.047784089085716186,65892.8,1.246494305902921,0.7644847365142109
2023-06-07,5948.4,5973.2,5929.8,5940.0,67447.0,0.0009436505796711,0.0009436505796711625,-0.011120729839515286,-0.004825090470446325,-0.030172413793103425,6002.839999999999,-0.010468378300937387,5996.9,-0.009488235588387295,6029.42,-0.014830613889893263,6163.473333333333,-0.03625769452505678,0.008023695889749083,0.007229261695201431,0.007381850846638913,35.02824858757066,6029.42,6140.02476053311,5918.8152394668905,0.0957678513610083,76.35714285714286,0.012854737854737855,-0.004825090470446325,-0.030172413793103425,-0.04461672081577506,65897.6,1.0235122371679697,-0.17882754002556767
2023-06-08,5926.6,5958.2,5884.0,5928.6,81681.0,-0.0019191919191918,-0.001919191919191876,-0.015444400159426053,-0.002288714617481702,-0.02863977455188904,5984.24,-0.009297755437616018,5995.54,-0.011164965958028739,6020.679999999999,-0.01529395350691265,6159.973333333332,-0.03756076866133595,0.007922557446794043,0.0072150288205222604,0.0072156986089938245,33.07460112117296,6020.679999999999,6134.255935182533,5907.104064817466,0.09463243753171564,76.28571428571422,0.012867407867913877,-0.002288714617481702,-0.02863977455188904,-0.03420975466718801,67631.4,1.207737825921096,0.21103977938232976
2023-06-09,5937.4,5984.0,5925.0,5978.0,75301.0,0.0083324899639036,0.008332489963903678,-0.014799433072942403,-0.0030352556619192006,-0.010723505659627985,5966.280000000001,0.0019643731102125805,5993.719999999999,-0.0026227451399130075,6017.44,-0.006554282219681351,6156.789999999999,-0.029039483237206287,0.007827225585270351,0.007237944695231946,0.007272392911808638,40.69020866773675,6017.44,6132.051405696576,5902.828594303423,0.32794033560493274,76.0428571428571,0.012720451178129324,-0.0030352556619192006,-0.010723505659627985,-0.03096125790241533,70622.6,1.0662450830187502,-0.07810874009867652
2023-06-12,5970.4,6014.2,5959.4,5984.6,90837.0,0.0011040481766477,0.001104048176647776,-0.010875314028824468,-0.0006345601496224873,-0.021356619570905178,5953.12,0.00528798344397563,5993.34,-0.0014582853634200754,6010.91,-0.004377041080302235,6154.56,-0.02761529662559148,0.007829189939448032,0.006633020201789791,0.007204212424708341,47.268623024830724,6010.91,6116.604254188093,5905.215745811906,0.375537226682265,74.81428571428569,0.01250113386262836,-0.0006345601496224873,-0.021356619570905178,-0.02186846234309614,79480.2,1.1428884174926586,0.20631864118670395
2023-06-13,5984.2,6012.6,5984.2,6005.2,88430.0,0.0034421682317948,0.0034421682317948843,0.01193043947155581,-0.0026572776190793013,-0.011326967402041532,5967.280000000001,0.006354654046734742,5991.74,0.002246425913006833,6007.469999999999,-0.0003778628940301898,6152.259999999999,-0.023903411104212013,0.007695270490392274,0.006564475561533835,0.007198320813362904,54.296506137865855,6007.469999999999,6108.911341100002,5906.028658899997,0.4888112677958303,71.79999999999998,0.011956304536068737,-0.0026572776190793013,-0.011326967402041532,-0.022463862482093977,80739.2,1.095254845230074,-0.026498012924248915
2023-06-14,6017.2,6027.0,5994.8,6004.0,98951.0,-0.0001998268167587,-0.00019982681675878577,0.01077441077441077,-0.000466138376506664,-0.011231514113500873,5980.08,0.003999946489010142,5991.460000000001,0.0020929790067860665,6004.0599999999995,-9.993237908956232e-06,6151.169999999999,-0.023925529614691077,0.007658279996268463,0.006564706435626242,0.007033659159107151,57.7599196383727,6004.0599999999995,6100.8165017532965,5907.3034982467025,0.4996899433169232,65.62857142857138,0.01093080803274007,-0.000466138376506664,-0.011231514113500873,-0.01077536494546405,87040.0,1.1368451286764707,0.11897546081646504
2023-06-15,6014.0,6068.8,6008.4,6056.0,102700.0,0.0086608927381746,0.008660892738174608,0.02148905306480442,0.0057127673707983995,-0.0035868241798019396,6005.5599999999995,0.008398883701103754,5994.9,0.010191996530384273,6002.969999999999,0.008833960522874662,6150.28,-0.015329383377667316,0.008118508318957322,0.0068763449189543574,0.007072292054822202,57.546693589096435,6002.969999999999,6096.671723850676,5909.268276149322,0.782972382047684,63.25714285714282,0.010445367050386858,0.0057127673707983995,-0.0035868241798019396,-0.008740629194356142,91243.8,1.1255559281836136,0.037887439237602516
2023-06-16,6062.0,6120.8,6056.2,6104.4,89161.0,0.0079920739762218,0.007992073976221814,0.021144195383071107,0.00603184020567582,0.0030892598922043213,6030.839999999999,0.012197305847941653,5998.5599999999995,0.01764423461630793,6003.910000000001,0.016737426110650988,6150.35,-0.007471119529782966,0.008150022436763611,0.007109970453642928,0.00714668817445576,63.2783882783883,6003.910000000001,6101.402475282962,5906.41752471704,1.0153731080698167,63.157142857142844,0.010346167167476385,0.00603184020567582,0.0030892598922043213,0.0006885020163271971,94015.8,0.948361871089753,-0.1318305744888023
2023-06-19,6101.0,6111.8,6080.2,6084.0,47598.0,-0.0033418517790445,-0.003341851779044558,0.016609297196136685,0.005553351844506116,0.0021743427554852257,6050.719999999999,0.0055001718803713295,6001.92,0.013675623800383896,6004.570000000001,0.013228257810301125,6149.056666666667,-0.010579942614504123,0.008173991850696193,0.007130433518141688,0.007036563635266862,57.398680490103715,6004.570000000001,6104.126005925038,5905.013994074963,0.8989211864315233,58.0142857142857,0.009535549920165302,0.005553351844506116,0.0021743427554852257,-0.012594131394443098,85368.0,0.5575625527129604,-0.46615672771727545
2023-06-20,6078.6,6098.6,6063.0,6079.8,47133.0,-0.0006903353057199,-0.0006903353057199357,0.012422567108506088,0.024501213265031074,0.011816003195313618,6065.64,0.002334460996696208,6016.46,0.010527785441937665,6008.12,0.011930520695325741,6147.1,-0.01094825202127836,0.004453140128302105,0.0067087113852966045,0.006993049284832952,58.81216803476583,6008.12,6113.22020481706,5903.01979518294,0.8410078987227857,56.342857142857156,0.009267222136066507,0.024501213265031074,0.011816003195313618,-0.018944039243529276,77108.6,0.6112547757318898,-0.00976931803857306
2023-06-21,6059.8,6059.8,5953.6,5957.0,74697.0,-0.0201980328300273,-0.0201980328300273,-0.007828114590273105,0.002861952861952899,-0.0019769467899745097,6056.24,-0.0163864047659934,6018.16,-0.010162574607521235,6007.53,-0.008411110722709614,6142.493333333333,-0.03019837764035005,0.008457065742851409,0.00803315447588946,0.007401853660081515,43.81463040980462,6007.53,6113.686767887768,5901.373232112232,0.26200292734316555,59.414285714285725,0.009973860284419293,0.002861952861952899,-0.0019769467899745097,-0.04434177174575671,72257.8,1.0337569092886858,0.5848131882120806
2023-06-26,5939.0,5944.6,5857.0,5870.2,80036.0,-0.0145710928319624,-0.014571092831962451,-0.0306803170409512,-0.009850554937084754,-0.012116724445491611,6019.08,-0.02473467706028165,6012.32,-0.02363812970700163,6003.93,-0.022273744030993137,6136.256666666667,-0.043358138539402735,0.00968605416085788,0.008620854965776607,0.007606208959162512,32.444918265813726,6003.93,6123.456523812473,5884.403476187527,-0.059415582978935864,62.11428571428574,0.01058128951556774,-0.009850554937084754,-0.012116724445491611,-0.05992569342130549,67725.0,1.181779254337394,0.07147542739333579
2023-06-27,5874.4,5916.2,5869.6,5900.0,61783.0,0.0050764880242581,0.005076488024258197,-0.03348404429591767,-0.013047842087654749,-0.016043494213001552,5978.2,-0.013080860459670052,6004.5199999999995,-0.01740688681193492,5999.120000000001,-0.0165224232887492,6130.679999999999,-0.03762714739637352,0.009389654315133106,0.00842878324692051,0.0076460744587021675,36.92628650904034,5999.120000000001,6127.379828391063,5870.860171608939,0.11359686332268576,63.09999999999997,0.010694915254237283,-0.013047842087654749,-0.016043494213001552,-0.05366823853976199,62249.4,0.9925075583057829,-0.22805987305712427
2023-06-28,5892.8,5911.2,5817.4,5908.8,66589.0,0.0014915254237288,0.0014915254237288789,-0.028796844181459558,-0.01266584232864354,-0.013292365239462867,5943.16,-0.005781436138350582,5996.9400000000005,-0.014697495722818643,5995.139999999999,-0.014401665348932502,6125.346666666666,-0.035352556916506406,0.009401343586984502,0.008442719017410153,0.007652248383525459,47.26495726495732,5995.139999999999,6129.591124361467,5860.6888756385315,0.1789167795730861,61.10000000000004,0.01034050907121582,-0.01266584232864354,-0.013292365239462867,-0.051374261494991025,66047.6,1.008197118441851,0.07778838839162883
2023-06-29,5897.8,5921.4,5880.6,5903.0,49130.0,-0.000981586785811,-0.0009815867858110616,-0.029079903944208674,-0.017018583893958494,-0.01963063841094792,5907.8,-0.0008124851890720652,5986.719999999999,-0.013984285217948922,5989.23,-0.014397510197471042,6120.336666666667,-0.0355105737647331,0.009259885592842739,0.00831924997575498,0.007640773496319714,46.04869713797522,5989.23,6129.138497917144,5849.321502082855,0.19183430140510188,60.914285714285725,0.010319208150819197,-0.017018583893958494,-0.01963063841094792,-0.04845573537945713,66447.0,0.7393862777853025,-0.2621904518764361
2023-06-30,5895.0,5982.8,5895.0,5968.2,60367.0,0.0110452312383533,0.011045231238353326,0.0018801410105757643,-0.0059626915389739965,-0.006426050476127099,5910.039999999999,0.009840880941584196,5983.139999999999,-0.002497016616692882,5987.3,-0.003190085681358923,6115.76,-0.02412782712205852,0.010103457943881199,0.008729789406589736,0.00773912480214428,53.79310344827581,5987.3,6127.252924415998,5847.347075584003,0.4317627692322194,61.88571428571432,0.010369242700598894,-0.0059626915389739965,-0.006426050476127099,-0.04398667264688927,63581.0,0.9494503074817949,0.22871972318339107
2023-07-03,5990.0,6021.6,5963.0,5997.0,55715.0,0.0048255755504171,0.004825575550417183,0.021600626895165398,-0.009742404227212731,-0.0040852929453966125,5935.4,0.010378407520975852,5977.24,0.003305873613908883,5986.070000000001,0.0018259058113252458,6110.943333333333,-0.0186457846388145,0.009782588061501203,0.008784741674378692,0.007708745675776803,51.89469485440765,5986.070000000001,6125.183540904962,5846.9564590950395,0.5392844576052682,61.857142857142925,0.01031468115009887,-0.009742404227212731,-0.0040852929453966125,-0.04597518294622971,58716.8,0.9488766417788435,-0.07706197094439016
2023-07-04,5997.4,6012.8,5989.6,6011.0,38442.0,0.002334500583625,0.0023345005836250543,0.01881355932203399,-0.015300439027586599,-0.009360888625201902,5957.6,0.00896334094266149,5967.9,0.007221970877528072,5983.2300000000005,0.0046413057829968185,6105.413333333333,-0.015463872497848863,0.009363553244129378,0.00861342548264466,0.007612431568326685,52.59433962264147,5983.2300000000005,6117.554933610378,5848.905066389623,0.6033687464181042,59.60000000000004,0.009915155548161709,-0.015300439027586599,-0.009360888625201902,-0.05231128208362246,54048.6,0.7112487650003886,-0.31002423045858385
2023-07-05,5995.2,6009.2,5968.0,5980.8,45336.0,-0.0050241224421893,-0.005024122442189305,0.012185215272136452,-0.01696252465483228,-0.011503371677905494,5972.0,0.00147354320160753,5957.58,0.00389755571893291,5979.75,0.00017559262510968843,6099.223333333332,-0.01941613331096237,0.009415271040865697,0.008658863237298893,0.007624740312576872,47.646604938271636,5979.75,6110.301082964167,5849.198917035833,0.5040214143619489,60.642857142857146,0.010139589543682642,-0.01696252465483228,-0.011503371677905494,-0.058467932369887565,49798.0,0.9103980079521266,0.17933510223193383
2023-07-06,5962.8,6008.2,5937.6,5940.2,53000.0,-0.0067883895131086,-0.0067883895131086724,0.006301880399796733,-0.022961281621106,0.0009773523860878708,5979.44,-0.0065624874570193725,5943.62,-0.0005754069069018319,5980.04,-0.00666216279489773,6092.490000000001,-0.02499634796281991,0.009541461810493484,0.00763928938934297,0.007661558838361231,44.28110433847255,5980.04,6110.192079466417,5849.8879205335825,0.3469482771103943,63.38571428571426,0.010670636390309124,-0.022961281621106,0.0009773523860878708,-0.06368021184704142,50572.0,1.0480107569405996,0.16904887947767788
2023-07-07,5930.2,5946.2,5894.2,5924.4,53817.0,-0.0026598431029258,-0.002659843102925885,-0.007338896149592822,-0.00547255329864027,-0.002626262626262643,5970.68,-0.007751210917349538,5940.36,-0.0026867058562107804,5979.26,-0.00917504841736283,6084.75,-0.026352767163811186,0.007208402482505293,0.007660232196661147,0.007589777802098645,37.38496932515334,5979.26,6110.603958248486,5847.916041751514,0.29115902729148607,62.47142857142853,0.010544768849407287,-0.00547255329864027,-0.002626262626262643,-0.07268970698722776,49262.0,1.092464780155089,0.015415094339622737
2023-07-10,5949.6,5971.6,5917.2,5943.2,44171.0,0.0031733171291608,0.003173317129160802,-0.008971152242788105,0.012435692139961096,0.0024626387342709943,5959.92,-0.002805406783983666,5947.66,-0.0007498747406543549,5979.99,-0.006152184200976962,6077.846666666666,-0.022153679428130735,0.005297316896068137,0.007681309279860223,0.007595020703836763,33.61788617886184,5979.99,6110.306697641436,5849.673302358564,0.35884387547470314,61.72857142857141,0.010386420014229946,0.012435692139961096,0.0024626387342709943,-0.06515242080095629,46953.2,0.9407452527197295,-0.1792370440567107
2023-07-11,5957.2,6002.0,5941.4,5994.2,47450.0,0.0085812356979404,0.008581235697940448,-0.002794876060555729,0.015966101694915302,0.0027099364335898546,5956.5599999999995,0.006319083497857925,5957.08,0.006231240809255523,5980.8,0.0022405029427501333,6071.833333333333,-0.012785814279048013,0.00568072664533443,0.007695441763045921,0.007696720059286587,41.408342900880214,5980.8,6111.265918114397,5850.334081885603,0.5513544080847614,63.79999999999999,0.010643622168095824,0.015966101694915302,0.0027099364335898546,-0.056774193548387086,48754.8,0.9732375068711183,0.07423422607593211
2023-07-12,5997.2,6003.0,5931.2,5936.2,53260.0,-0.0096760201528144,-0.009676020152814435,-0.007457196361690843,0.004637151367451908,-0.008087424389265907,5947.639999999999,-0.0019234519910417136,5959.82,-0.003963206942491526,5978.38,-0.007055423041024578,6064.56,-0.021165591568061082,0.006708995983513461,0.007997696432823694,0.007762356717227398,37.543372657876475,5978.38,6110.336158588498,5846.4238414115025,0.3401741894763029,66.38571428571426,0.011183200411999977,0.004637151367451908,-0.008087424389265907,-0.06848068292376741,50339.6,1.0580139691217252,0.12244467860906227
2023-07-13,5958.4,6027.8,5958.4,6027.8,64558.0,0.0154307469424885,0.015430746942488582,0.014746978216221729,0.021141792308995377,0.0037634050489576687,5965.160000000001,0.010500975665363343,5972.3,0.00929290223197099,5979.51,0.008075912574776245,6059.243333333333,-0.005189316817886369,0.008161220173412377,0.008715908265145698,0.008041485713257414,56.49303008070433,5979.51,6112.813388040653,5846.206611959347,0.6811281795226135,63.914285714285725,0.010603252548904363,0.021141792308995377,0.0037634050489576687,-0.05026154912711922,52651.2,1.2261448931838212,0.21212917761922645
2023-07-14,6035.0,6038.4,6001.0,6003.8,42223.0,-0.0039815521417432,-0.003981552141743228,0.0134022010667747,0.005964947555376909,-3.331112591598018e-05,5981.04,0.003805358265452252,5975.86,0.004675477671833184,5979.5,0.00406388494021237,6053.296666666666,-0.00817681164368278,0.0077068895476055865,0.00876646190367148,0.00804181166102085,63.847429519071305,5979.5,6112.795682403173,5846.204317596827,0.5911507393259041,59.44285714285713,0.009900872304683221,0.005964947555376909,-3.331112591598018e-05,-0.05609533691790081,50332.4,0.838883105117181,-0.34596796678955355
2023-07-17,5991.4,5991.4,5944.4,5980.8,63119.0,-0.0038309070921749,-0.003830907092174929,0.006326558083187495,-0.0027013506753376104,-0.012417437252311703,5988.5599999999995,-0.0012958039996258108,5974.24,0.0010980476177724352,5975.74,0.0008467570543564396,6046.446666666668,-0.010857065361804863,0.007668277392914446,0.008562161687106573,0.008013411156999549,58.49453322119428,5975.74,6104.100879431314,5847.379120568686,0.5197100550511108,60.357142857142925,0.010091817625926786,-0.0027013506753376104,-0.012417437252311703,-0.06430113583028252,54122.0,1.1662355419238017,0.4948961466499302
2023-07-18,5982.6,5996.0,5946.4,5971.0,68443.0,-0.0016385767790262,-0.0016385767790262351,-0.0038704080611257075,-0.006654466810846804,-0.021853089574732976,5983.92,-0.0021591197743285884,5970.24,0.00012729806506950325,5969.07,0.0003233334506045349,6039.680000000001,-0.011371463388789027,0.007622620769982594,0.008321558538539662,0.008012112123775906,56.525388166177045,5969.07,6082.246845316299,5855.8931546837,0.5085264790452785,57.20000000000008,0.009579634902026474,-0.006654466810846804,-0.021853089574732976,-0.06366630076838642,58320.6,1.1735647438469425,0.08434861135315841
2023-07-19,5969.0,5988.8,5935.6,5965.6,73778.0,-0.0009043711271142,-0.0009043711271142785,0.0049526633199690195,-0.002541466024612027,-0.01946088099934251,5989.8,-0.0040402016761827975,5968.719999999999,-0.0005227251403984168,5963.15,0.00041085667809803716,6033.286666666667,-0.011218871306186817,0.00746921743021335,0.008304384463231108,0.008000434335136593,56.57286854262918,5963.15,6062.564019978983,5863.735980021016,0.5123222056633394,58.0857142857144,0.009736776566600911,-0.002541466024612027,-0.01946088099934251,-0.0604170604170603,62424.2,1.181881385744631,0.07794807357947486
2023-07-20,5983.4,5990.2,5900.8,5905.4,96421.0,-0.0100911894863887,-0.010091189486388763,-0.02030591592289066,-0.005858388606444276,-0.02868515411691186,5965.32,-0.010044725178196656,5965.24,-0.010031448860397973,5954.43,-0.008234205457113508,6025.986666666666,-0.020011107447964194,0.007854555245623954,0.008551335093331516,0.008085903854496625,43.336162988115454,5954.43,6040.455726873837,5868.404273126163,0.2150271100184554,58.20000000000008,0.009855386595319553,-0.005858388606444276,-0.02868515411691186,-0.06904814452817098,68796.8,1.401533210847016,0.30690720811081884
2023-07-21,5898.0,5952.8,5897.4,5915.4,74537.0,0.0016933653943846,0.0016933653943846938,-0.014724008128185528,-0.0015191411788535447,-0.006983380896424474,5947.639999999999,-0.005420637429299657,5964.34,-0.008205434297843595,5952.35,-0.0062076322796880135,6021.3099999999995,-0.017589195706582128,0.007845856249258333,0.007335816417137926,0.007555336446168722,40.981432360742694,5952.35,6040.1083164447955,5864.591683555205,0.2894786414730031,57.97142857142866,0.009800085974140154,-0.0015191411788535447,-0.006983380896424474,-0.04528728211749522,75259.6,0.9903985670931017,-0.22696300598417363
2023-07-24,5902.6,5944.8,5885.8,5903.4,44846.0,-0.0020286033066233,-0.0020286033066233555,-0.01294141252006431,-0.006696729034863402,0.005655684644475523,5932.16,-0.004848149746466746,5960.360000000001,-0.00955646974343849,5954.01,-0.008500153677941547,6017.130000000001,-0.01890103753782968,0.0077750473184833154,0.006547598242301722,0.007516259321347834,38.05506216696269,5954.01,6036.311880773825,5871.708119226176,0.19253436541090113,60.52857142857153,0.010253171295960215,-0.006696729034863402,0.005655684644475523,-0.04075265672223849,71605.0,0.6262970462956498,-0.3983390799200397
2023-07-25,5976.2,6014.2,5968.6,6006.4,67858.0,0.0174475725852898,0.01744757258528984,0.005928655166638652,0.002035300790764305,0.018033898305084728,5939.24,0.011307844101265507,5961.58,0.007518141163919578,5959.33,0.007898538929711929,6016.123333333333,-0.0016162124335882266,0.009300008912210509,0.0075326101813405055,0.0076593873856815415,52.44648318042807,5959.33,6040.681973417418,5877.978026582582,0.7892984522851278,65.3714285714287,0.010883628891087623,0.002035300790764305,0.018033898305084728,-0.009955825146700126,71488.0,0.9492222470904208,0.5131338357936048
2023-07-26,6006.0,6008.2,5975.4,5995.6,39923.0,-0.0017980820458176,-0.0017980820458176616,0.005028831969961178,0.010006401401570164,0.014689953966964486,5945.24,0.008470642059866584,5967.5199999999995,0.004705472289996626,5963.67,0.005354085655309593,6014.52,-0.00314572068926533,0.008679473740029376,0.007555375398388198,0.0076417041850897404,55.614106201864665,5963.67,6042.905428014192,5884.434571985808,0.7014881524605469,62.67142857142874,0.01045290355784721,0.010006401401570164,0.014689953966964486,-0.015791720017072075,64717.0,0.6168858259808088,-0.4116684841875682
2023-07-27,5999.8,6008.4,5942.2,5954.6,51949.0,-0.006838348121956,-0.0068383481219560505,0.008331357740373413,-0.012143734032316944,0.008741317973911533,5955.08,-8.060345117100187e-05,5960.2,-0.0009395657863828788,5966.25,-0.0019526503247432325,6011.6066666666675,-0.009482767224735289,0.007325225797057543,0.0077375874979345735,0.007641361295455918,52.91168530659475,5966.25,6040.362276133205,5892.137723866795,0.4214030346398985,63.68571428571444,0.010695212824658993,-0.012143734032316944,0.008741317973911533,-0.028518288902665723,55822.6,0.9306087498611674,0.30122986749492764
2023-07-28,5935.2,6049.8,5928.2,6039.6,68659.0,0.0142746783998926,0.014274678399892604,0.020996044223552168,0.0059628901695591985,0.011963406052076131,5979.92,0.0099800666229648,5963.780000000001,0.012713413304984433,5969.82,0.011688794637024325,6008.703333333333,0.005141985708508434,0.00870008320794376,0.007999304557097126,0.0076575532355197175,58.24213406292753,5969.82,6050.880746551823,5888.759253448176,0.930417945604469,68.48571428571442,0.011339445374811977,0.0059628901695591985,0.011963406052076131,-0.028034375100582598,54647.0,1.2564093179863487,0.32166162967525835
2023-07-31,6063.0,6145.0,6063.0,6086.2,70370.0,0.0077157427644214,0.0077157427644214405,0.030965206491174513,0.01762306046013906,0.014874103718525822,6016.4800000000005,0.011588171156556637,5974.32,0.018726817445332777,5974.28,0.01873363819573237,6006.58,0.013255463175384286,0.008808026472944411,0.008104594064205922,0.007729620693648884,57.92556857339767,5974.28,6070.107951091974,5878.452048908025,1.0839632316284233,71.68571428571438,0.0117784026626983,0.01762306046013906,0.014874103718525822,-0.020503411870735233,59751.8,1.1777051067917619,0.024920258087067992
2023-08-01,6087.4,6121.8,6083.4,6093.0,50039.0,0.0011172817192994,0.0011172817192994788,0.014417954182205817,0.020432088427399187,0.01364165696223596,6033.8,0.009811395803639433,5986.5199999999995,0.01778662728931013,5978.379999999999,0.019172417945998887,6005.593333333333,0.01455421001977042,0.008731852829883027,0.008096790262894104,0.00762868064069133,64.81481481481484,5978.379999999999,6086.9875620123885,5869.77243798761,1.027679647145222,69.30000000000011,0.011373707533234878,0.020432088427399187,0.01364165696223596,-0.009622574038555265,56188.0,0.8905638214565388,-0.288915731135427
2023-08-02,6084.6,6111.2,6049.8,6070.0,52949.0,-0.0037748235680289,-0.00377482356802894,0.012409100006671503,0.017500335255464572,0.014914392723381464,6048.68,0.003524735975452442,5996.96,0.012179504282169518,5982.84,0.014568332096462466,6003.686666666666,0.011045435415794724,0.00888590733515889,0.008054945979081594,0.0076099009913857905,54.580981328701675,5982.84,6098.934016346829,5866.745983653172,0.8753854106468808,67.14285714285721,0.011061426217933643,0.017500335255464572,0.014914392723381464,-0.018498156652221653,58793.2,0.900597347992625,0.058154639381282625
2023-08-03,6052.8,6086.2,6037.6,6084.0,49815.0,0.0023064250411861,0.0023064250411861664,0.02173109864642453,0.0302435059437125,0.024207939126628775,6074.56,0.001554022019701673,6014.82,0.011501591070057104,5990.03,0.01568773445208116,6002.91,0.013508448402524742,0.007851541732263654,0.007860076924792212,0.007535868230991516,58.89924545051042,5990.03,6112.634114295007,5867.425885704993,0.8832253123818173,67.94285714285719,0.011167465013618868,0.0302435059437125,0.024207939126628775,-0.007601213584314759,58366.4,0.8534876230159818,-0.05918903095431449
2023-08-04,6119.8,6165.0,6094.6,6120.4,68806.0,0.0059829059829059,0.005982905982905962,0.013378369428438841,0.03465530648814963,0.033083519006144035,6090.719999999999,0.004872987101689263,6035.32,0.014097015568354188,5999.83,0.02009556937446555,6002.836666666667,0.01958462971117525,0.007888613086155152,0.007872773151310375,0.007575656988995708,65.04310344827583,5999.83,6131.35477613286,5868.30522386714,0.958354705269392,69.4857142857143,0.011353132848459953,0.03465530648814963,0.033083519006144035,-0.0007183908045977905,58395.8,1.1782696700790125,0.3812305530462712
2023-08-07,6112.0,6127.6,6087.0,6104.0,52332.0,-0.0026795634272269,-0.002679563427226972,0.002924649206401453,0.03398041806416652,0.027056131377035886,6094.28,0.0015949382043489724,6055.38,0.00802922359950986,6007.870000000001,0.01600067910923486,6002.846666666666,0.01685089407581075,0.007941267920419035,0.007922109340501162,0.00756998833616515,64.13089672758184,6007.870000000001,6144.383536633431,5871.356463366571,0.8520896255809793,68.84285714285716,0.01127831866691631,0.03398041806416652,0.027056131377035886,9.830586230630267e-05,54788.2,0.9551691787647706,-0.23942679417492663
2023-08-08,6090.4,6096.0,6054.2,6081.0,53743.0,-0.0037680209698558,-0.0037680209698558453,-0.001969473165928104,0.012420085242408119,0.014480664642487762,6091.879999999999,-0.0017859839655408605,6062.84,0.0029952959339187846,6012.210000000001,0.011441716107720712,6003.483333333334,0.012911948341101986,0.006459833267968764,0.007810569520718539,0.0074737886256648145,61.818926669397776,6012.210000000001,6152.3641692489055,5872.055830751096,0.7454083255912015,68.60000000000004,0.011281039302746265,0.012420085242408119,0.014480664642487762,0.00632157278083012,55529.0,0.9678366259071837,0.026962470381411086
2023-08-09,6068.4,6081.8,6031.6,6041.6,50374.0,-0.006479197500411,-0.006479197500411038,-0.004678747940691896,0.007672293014877596,0.017755466460025016,6086.2,-0.007328053629522491,6067.4400000000005,-0.00425879777962368,6017.48,0.004008322420681276,6002.256666666666,0.006554756905319703,0.00686261351307347,0.007616314070918562,0.007356810914042423,64.56996148908871,6017.48,6153.464482086656,5881.495517913343,0.5886865899324831,65.80000000000005,0.010891154661016958,0.007672293014877596,0.017755466460025016,-0.012035583464154787,55014.0,0.9156578325517141,-0.06268723368624751
2023-08-10,6038.2,6055.8,6010.4,6033.8,48525.0,-0.0012910487288135,-0.001291048728813582,-0.008251150558842846,0.013300641520840983,0.0009953880354358624,6076.16,-0.0069715083210447615,6075.36,-0.006840746885781179,6017.780000000001,0.002662111276916068,6001.586666666666,0.005367469491401211,0.006385474935936938,0.0068136616701439294,0.007307908736980855,62.7257093723131,6017.780000000001,6153.886763047703,5881.673236952298,0.5588508595799344,65.08571428571433,0.010786853108441501,0.013300641520840983,0.0009953880354358624,-0.006618373394797428,54756.0,0.886204251588867,-0.036705443284233974
2023-08-11,6038.0,6039.2,5909.2,5909.4,74594.0,-0.0206171898306208,-0.020617189830620886,-0.034474870923469014,-0.021557719054242086,-0.015723375195709433,6033.960000000001,-0.02064315971600761,6062.34,-0.025227882302873206,6013.0599999999995,-0.017239142799173823,5998.873333333334,-0.014915022932084021,0.007888579704451695,0.008207369247949405,0.007773919169357108,50.51939058171746,6013.0599999999995,6157.500268477493,5868.619731522506,0.1411665490079304,70.15714285714292,0.01187212624922038,-0.021557719054242086,-0.015723375195709433,-0.02681071110964728,55913.6,1.3340940307903624,0.5372282328696547
2023-08-14,5865.0,5924.0,5838.4,5912.6,78805.0,0.000541510136393,0.0005415101363930308,-0.03135648754914799,-0.028523545069172762,-0.011403156768325262,5995.68,-0.013856643449950634,6044.9800000000005,-0.02189916261095981,6009.65,-0.016149026981604475,5996.119999999999,-0.013929007424801187,0.007186789926119514,0.008179453394362728,0.007772957788415168,40.18417748011726,6009.65,6160.380257500847,5858.919742499153,0.17806729183271688,68.35714285714292,0.011561266254632973,-0.028523545069172762,-0.011403156768325262,-0.027180887821251054,61208.2,1.2874908917432633,0.05645226157599814
2023-08-15,5926.0,5934.8,5833.0,5882.8,82472.0,-0.0050400838886446,-0.005040083888644631,-0.032593323466535096,-0.03449860495650747,-0.014771395076201621,5956.04,-0.01229676093511789,6023.960000000001,-0.02343309052516962,6005.24,-0.020388860395254782,5992.740000000001,-0.018345531426359307,0.007070409526188136,0.008238615828712038,0.00779218626683208,38.647342995169076,6005.24,6165.585868277422,5844.894131722577,0.11820032746911854,73.28571428571435,0.012457624649098107,-0.03449860495650747,-0.014771395076201621,-0.03332456947548312,66954.0,1.2317710667025121,0.04653258042002406
2023-08-16,5865.4,5890.8,5840.2,5840.6,73904.0,-0.0071734548174338,-0.007173454817433811,-0.03326933262711862,-0.03779242174629316,-0.02095346654150465,5915.84,-0.012718396711202451,6001.02,-0.026732122205891717,5998.99,-0.0264027778009297,5988.903333333334,-0.024763020052085194,0.007167076439139414,0.008364634081383215,0.00783567423901913,38.554216867469876,5998.99,6174.836846042557,5823.143153957442,0.04963650595795509,72.17142857142868,0.012356851791156503,-0.03779242174629316,-0.02095346654150465,-0.03791921987217495,71660.0,1.0313145408875244,-0.10388980502473566
2023-08-17,5821.4,5895.4,5790.8,5879.2,100102.0,0.0066089100434885,0.006608910043488514,-0.025622327554774782,-0.03366206443129527,-0.004436617333288151,5884.92,-0.0009719758297479508,5980.54,-0.016944958147592004,5997.68,-0.019754304997932626,5986.743333333333,-0.017963578417425574,0.007686178443866544,0.008244651516856771,0.007787191278127998,32.24092116917619,5997.68,6176.821973687909,5818.5380263120915,0.16931256377020348,70.9571428571429,0.012069183367999541,-0.03366206443129527,-0.004436617333288151,-0.02156836639595261,81975.4,1.221122434291263,0.35448690192682397
2023-08-18,5883.0,5904.2,5785.8,5787.0,83217.0,-0.0156824057694924,-0.015682405769492425,-0.020712762717027045,-0.054473563819358195,-0.021706055380870226,5860.44,-0.012531482277781114,5947.2,-0.02693704600484259,5991.26,-0.03409299546339173,5983.713333333333,-0.03287479235302049,0.007802729905498809,0.008923307600862787,0.007995790288333292,19.91150442477877,5991.26,6190.8532748575935,5791.666725142407,-0.011690587134602954,71.88571428571433,0.01242193092892938,-0.054473563819358195,-0.021706055380870226,-0.03045838359469244,83700.0,0.9942293906810036,-0.1686779484925376
2023-08-21,5776.0,5819.8,5706.8,5714.8,73535.0,-0.012476239847935,-0.012476239847935,-0.03345397963670804,-0.06376146788990822,-0.031947691161025804,5820.88,-0.01822404859746296,5908.280000000001,-0.032747263162883344,5981.83,-0.04464018536133585,5979.923333333333,-0.04433557397893051,0.008013332203628157,0.009281682370404241,0.008129242041751748,16.38819765375044,5981.83,6214.0550550877,5749.6049449123,-0.07493796244155468,77.21428571428571,0.013511283984441399,-0.06376146788990822,-0.031947691161025804,-0.038268654707010796,82646.0,0.8897587300050819,-0.11634641960176406
2023-08-22,5741.8,5759.0,5655.2,5732.2,88548.0,0.0030447259746622,0.00304472597466221,-0.02560005439586599,-0.05735898700871567,-0.045651305274374,5790.76,-0.010112662241225756,5873.4,-0.024040589777641563,5968.120000000001,-0.03953003625932472,5975.5233333333335,-0.040720003882505185,0.00854681325893376,0.00822632695640422,0.008043952213366262,19.676840215439782,5968.120000000001,6225.275464753507,5710.964535246495,0.04128915707441786,80.24285714285718,0.013998614344031468,-0.05735898700871567,-0.045651305274374,-0.04402788432674032,83861.2,1.0558875856772858,0.20416128374243558
2023-08-23,5723.8,5728.8,5622.8,5637.2,79606.0,-0.0165730435086005,-0.01657304350860056,-0.03482518919289124,-0.06693591101694929,-0.05977716992461146,5750.08,-0.01963103122043519,5832.960000000001,-0.0335610050471804,5950.2,-0.05260327383953478,5969.67,-0.055693195771290616,0.009199644879797565,0.008820701420430873,0.008300247374037931,14.984326018808716,5950.2,6246.294863888272,5654.105136111728,-0.028546824301057552,84.58571428571433,0.015004916321172627,-0.06693591101694929,-0.05977716992461146,-0.058646716986173186,85001.6,0.9365235477920415,-0.10098477661833127
2023-08-24,5657.6,5710.4,5627.8,5649.6,72616.0,0.0021996735968212,0.002199673596821272,-0.039052932371751115,-0.06367463290132247,-0.05122090484667319,5704.16,-0.009564949089787,5794.54,-0.025013202083340458,5934.95,-0.04807959628977487,5963.4766666666665,-0.05263316756500536,0.009496127060630546,0.008847343512023396,0.008267800130663529,11.661237785016354,5934.95,6260.0839966682,5609.8160033318,0.06118092398193612,84.70000000000002,0.014992211838006232,-0.06367463290132247,-0.05122090484667319,-0.06171527270311561,79504.4,0.9133582543859209,-0.08780745169962068
2023-08-25,5630.4,5659.0,5557.2,5585.8,84854.0,-0.0112928348909657,-0.011292834890965775,-0.034767582512528095,-0.05476021254272845,-0.07513742631962383,5663.92,-0.013792567691634061,5762.18,-0.030609942764717513,5912.26,-0.05521746337272038,5956.46,-0.062228236234273315,0.008345872359179855,0.008097970408201286,0.00837189800394514,10.825521620804409,5912.26,6268.494673686894,5556.025326313106,0.041790813593097706,89.07142857142857,0.01594604686373099,-0.05476021254272845,-0.07513742631962383,-0.07008723446760334,79831.8,1.0629097677867716,0.16853035143769968
2023-08-28,5878.2,5898.8,5621.6,5646.2,111213.0,0.0108131333023022,0.010813133302302269,-0.012003919647231798,-0.04505632040050067,-0.07229469948407874,5650.2,-0.0007079395419631318,5735.54,-0.015576562974018215,5890.26,-0.041434503740072626,5950.203333333334,-0.05109125122334768,0.009704995351160003,0.008356621048163253,0.008501801401516127,18.889524899828274,5890.26,6255.497551536804,5525.022448463196,0.1658886812526899,107.87142857142855,0.019105137715884766,-0.04505632040050067,-0.07229469948407874,-0.06234223462202748,87367.4,1.2729347559844977,0.3106394512928088
2023-08-29,5637.4,5817.2,5637.4,5770.6,115104.0,0.0220325174453615,0.0220325174453615,0.0066989986392660406,-0.019072550486162965,-0.052913179057935245,5657.88,0.019922656542733286,5724.32,0.008084803085781411,5874.14,-0.017626409993633074,5945.25,-0.02937639291871652,0.012828647096766451,0.010116170292233296,0.008941863702665242,32.71242663944885,5874.14,6230.04082829198,5518.239171708021,0.3545381300502956,117.12857142857145,0.02029746844844062,-0.019072550486162965,-0.052913179057935245,-0.04897986090510564,92678.6,1.2419695593157427,0.03498691699711354
2023-08-30,5788.6,5829.2,5757.2,5771.0,71089.0,6.931688212663545e-05,6.931688212663545e-05,0.02373518768182792,-0.011916583912611745,-0.04925864909390443,5684.64,0.015191815136930353,5717.36,0.009381952509549984,5859.1900000000005,-0.015051568561524786,5940.593333333334,-0.028548214600337518,0.012698491105092344,0.010130501093805394,0.008938376352332123,33.075734157650686,5859.1900000000005,6205.43825836533,5512.941741634671,0.37264917892099464,119.0285714285714,0.020625293957472084,-0.011916583912611745,-0.04925864909390443,-0.04617876504032781,90975.2,0.7814107580967121,-0.3823933138726717
2023-08-31,5772.2,5787.4,5727.2,5741.6,62959.0,-0.0050944377057701,-0.005094437705770116,0.016284338714245283,-0.02340454483603205,-0.056278763971071566,5703.04,0.006761306250701482,5703.6,0.006662458797952242,5842.070000000001,-0.017197671373331724,5937.38,-0.032974140108936845,0.012443189577572351,0.010081755418715222,0.008625861215214374,37.687114763721794,5842.070000000001,6175.123908075229,5509.016091924772,0.34916856165923366,114.0428571428571,0.01986255697764684,-0.02340454483603205,-0.056278763971071566,-0.03248854138581814,89043.8,0.7070565272371574,-0.11436368495829174
2023-09-01,5758.0,5780.4,5731.6,5748.0,60355.0,0.0011146718684686,0.0011146718684686974,0.02903791757671237,-0.006739243131156036,-0.06084569635971504,5735.4800000000005,0.0021829036105085464,5699.7,0.00847413021737986,5823.45,-0.012956237282023553,5934.179999999999,-0.03137417469641968,0.011536020790218295,0.00991481719654744,0.008626379192623703,37.97838153666369,5823.45,6131.70170507912,5515.19829492088,0.3776162487395913,111.4142857142856,0.019383139477085178,-0.006739243131156036,-0.06084569635971504,-0.03232323232323231,84144.0,0.7172822779996197,-0.041360250321637926
2023-09-04,5779.6,5837.4,5759.0,5831.4,80473.0,0.0145093945720249,0.014509394572024936,0.03280082179164734,0.020403163715265515,-0.04465923984272613,5772.5199999999995,0.010200051277431621,5711.36,0.02101776109367992,5809.82,0.0037144007903859855,5932.56,-0.017051660665884705,0.01160948553839115,0.010668368757391787,0.008839028409749207,46.518558656190685,5809.82,6088.531377593337,5531.108622406662,0.5387138842094328,110.52857142857127,0.0189540370114503,0.020403163715265515,-0.04465923984272613,-0.0163951017103533,77996.0,1.0317580388737884,0.33332781045480897
2023-09-05,5822.0,5828.4,5772.6,5784.2,65948.0,-0.0080941111911375,-0.008094111191137565,0.0023567739923058273,0.009071560657339273,-0.04880776188126956,5775.24,0.0015514506756428847,5716.56,0.011832290748282182,5794.98,-0.0018602307514434813,5929.33,-0.02447662720745858,0.012033505832893965,0.01074482529269226,0.008823481930322685,46.205597416576914,5794.98,6042.788683421151,5547.171316578848,0.47824934975809724,111.11428571428549,0.019209966065192333,0.009071560657339273,-0.04880776188126956,-0.032418869187019084,68164.8,0.9674788160458183,-0.18049532141215063
2023-09-06,5771.4,5805.8,5740.0,5780.4,72212.0,-0.0006569620690848,-0.0006569620690848321,0.001628833824293796,0.025402682182643854,-0.0432335805084747,5777.12,0.0005677569446367325,5730.879999999999,0.008640906806633541,5781.92,-0.0002628884522789532,5925.926666666666,-0.024557621930297202,0.010396868480693508,0.010708555404407948,0.00882094773764555,43.02653867871256,5781.92,6000.8520067485015,5562.987993251499,0.4965286025954475,108.34285714285696,0.018743141848809246,0.025402682182643854,-0.0432335805084747,-0.03412091033653053,68389.4,1.0558946269451115,0.0949839267301511
2023-09-07,5768.6,5771.6,5687.0,5695.4,87125.0,-0.0147048647152445,-0.01470486471524457,-0.008046537550508659,0.008106768620787186,-0.0560840597964799,5767.879999999999,-0.012566142152749316,5735.46,-0.006984618496162498,5765.0,-0.012072853425845631,5920.763333333334,-0.03806322270382945,0.011748401631497228,0.011065837855725359,0.0089915485518421,43.46833998859095,5765.0,5951.936386590623,5578.063613409377,0.3138404157976502,106.55714285714268,0.018709334350026807,0.008106768620787186,-0.0560840597964799,-0.05158862319323254,73222.6,1.189864877783635,0.20651692239516972
2023-09-08,5681.4,5715.8,5676.8,5687.8,70039.0,-0.0013344102257961,-0.0013344102257961676,-0.010473208072372953,0.018260589351570156,-0.03749957694520589,5755.839999999999,-0.01182103741591134,5745.660000000001,-0.010070209514659867,5753.92,-0.01149129636838886,5915.493333333334,-0.038491013429142074,0.011001215266243996,0.010243397653327707,0.008991366839561695,47.87935909519321,5753.92,5930.818967299303,5577.021032700697,0.313113663099772,101.27142857142839,0.017805026296886035,0.018260589351570156,-0.03749957694520589,-0.052664890073284454,75159.4,0.9318727930238933,-0.19610903873744623
2023-09-11,5701.0,5799.4,5682.8,5749.4,127669.0,0.0108301979675795,0.010830197967579558,-0.01406180334053575,0.018277779745669687,-0.027602070155261726,5739.4400000000005,0.0017353609411370208,5755.98,-0.0011431589407885356,5745.76,0.0006335106234858223,5910.383333333333,-0.027237376030319616,0.011002758630812669,0.01062169183163582,0.009034564086185904,51.2632197414806,5745.76,5906.122935736025,5585.397064263975,0.5113492559340247,102.18571428571406,0.01777328317489026,0.018277779745669687,-0.027602070155261726,-0.050627476882430744,84598.6,1.5091148080464687,0.8228272819429174
2023-09-12,5755.2,5780.0,5744.8,5763.2,81457.0,0.0024002504609177,0.002400250460917741,-0.00363057985546833,-0.0012823623193429778,-0.020330454885428728,5735.24,0.004875122924236752,5755.24,0.001383087412514472,5739.78,0.004080295760464647,5904.696666666667,-0.023963409918319245,0.008463287407459613,0.010615757814804602,0.008970680667245145,60.50700466977988,5739.78,5887.007909253443,5592.552090746556,0.5795365502327552,96.88571428571406,0.016811097009597802,-0.0012823623193429778,-0.020330454885428728,-0.05589410916715809,87700.4,0.9288099028054605,-0.3619672747495477
2023-09-13,5758.8,5764.8,5670.6,5705.6,120889.0,-0.0099944475291503,-0.009994447529150352,-0.012940280949415128,-0.011332524692427626,-0.023114063623600356,5720.28,-0.0025663079429677493,5748.7,-0.007497347226329332,5733.030000000001,-0.004784555461946005,5898.39,-0.032685190365506545,0.009021376968035231,0.010720700460655827,0.009041969108391638,54.342431761786614,5733.030000000001,5872.995124979437,5593.064875020565,0.4020113045873736,97.71428571428552,0.0171260315679833,-0.011332524692427626,-0.023114063623600356,-0.062195923734385206,97435.8,1.2407041354409776,0.4840836269442774
2023-09-14,5703.8,5705.8,5664.4,5699.0,115178.0,-0.0011567582725743,-0.001156758272574332,0.0006320890543245472,-0.007419534624494961,-0.03065042862974554,5721.0,-0.0038454815591679736,5744.4400000000005,-0.007910257570798995,5724.0199999999995,-0.004371053909664857,5892.043333333333,-0.03276339334458389,0.008913060363170352,0.01056577744626176,0.009041873113098288,59.63240299523488,5724.0199999999995,5846.470756589975,5601.569243410024,0.3978364826124408,93.39999999999984,0.01638884014739425,-0.007419534624494961,-0.03065042862974554,-0.06263363926444954,103046.4,1.1177294888516243,-0.047241684520510585
2023-09-15,5711.0,5736.4,5669.0,5706.2,98019.0,0.0012633795402701,0.0012633795402701153,0.003234994198108243,-0.0072720946416144905,-0.013962329358907954,5724.68,-0.003228128035104194,5740.26,-0.00593352914327927,5719.98,-0.0024090993325150967,5887.863333333333,-0.030853863795525127,0.008916563911226208,0.01003492344740678,0.008688637173658847,55.613772455089844,5719.98,5838.964326256532,5600.995673743467,0.44209321330992046,75.85714285714266,0.01329381074220018,-0.0072720946416144905,-0.013962329358907954,-0.042101729058250825,108642.4,0.9022168140615451,-0.14897810345725748
2023-09-18,5693.2,5747.2,5663.6,5727.2,74487.0,0.0036802074936035,0.003680207493603538,-0.0038612724806066367,-0.01786877936687581,0.00216980471757533,5720.24,0.0012167321650840002,5729.84,-0.00046074584979693967,5720.6,0.0011537251337272458,5885.48,-0.026893303519848755,0.007392285596296515,0.009677146781739983,0.008511739460838144,44.96519721577717,5720.6,5839.599902697815,5601.6000973021855,0.5277311151117464,68.98571428571404,0.012045277672460197,-0.01786877936687581,0.00216980471757533,-0.02436032843855407,98006.0,0.7600248964349121,-0.2400759036513329
2023-09-19,5728.4,5728.4,5679.0,5706.0,56593.0,-0.0037016343064673,-0.003701634306467305,-0.009925041643531363,-0.013519587842743985,-0.004570670946582478,5708.8,-0.0004904708520179213,5722.0199999999995,-0.002799710591714022,5719.289999999999,-0.002323715006582794,5882.246666666667,-0.029962474655375493,0.007099919680128778,0.009688608925915892,0.008491860689257594,42.80655157149177,5719.289999999999,5838.329063026806,5600.250936973192,0.44417798803991654,67.3714285714283,0.011807120324470434,-0.013519587842743985,-0.004570670946582478,-0.03288135593220343,93033.2,0.6083097216907513,-0.2402298387638111
2023-09-20,5690.6,5705.4,5667.4,5667.6,41966.0,-0.0067297581493164,-0.006729758149316423,-0.006660123387549066,-0.019514220469171506,0.005392748172851958,5701.2,-0.005893496106082807,5710.74,-0.0075541873732649645,5720.8099999999995,-0.009301130434326454,5878.2266666666665,-0.03583166805408422,0.007292348466678032,0.00904062759057237,0.008525088978934855,41.970486111111065,5720.8099999999995,5836.15460770361,5605.465392296389,0.26934335700925216,65.8285714285712,0.011614893681376807,-0.019514220469171506,0.005392748172851958,-0.04082047116165721,77248.6,0.5432590364097213,-0.25845952679660034
2023-09-21,5657.2,5683.4,5617.0,5621.0,59194.0,-0.0082221751711483,-0.008222175171148316,-0.01368661168626073,-0.013063173789373828,-0.005062305295950198,5685.6,-0.011362037427888105,5703.3,-0.014430242140515137,5719.38,-0.017201165161258802,5873.526666666667,-0.042994044463916636,0.006244896282241319,0.009224318314469074,0.008580802280221397,37.32534930139716,5719.38,5839.069134185562,5599.690865814438,0.08901866627477084,67.08571428571408,0.011934836200980977,-0.013063173789373828,-0.005062305295950198,-0.04777231915974933,66051.8,0.8961754259535697,0.41052280417480813
2023-09-22,5617.8,5723.4,5616.8,5723.4,77518.0,0.0182173990393168,0.01821739903931685,0.003014265185237175,0.0062590105137310115,0.02463389308603947,5689.039999999999,0.006039683320911982,5706.86,0.0028982662970529205,5726.26,-0.0004994533954100211,5869.446666666667,-0.024882527256970377,0.008778462530823962,0.009706412987414858,0.00879558664246113,39.615384615384585,5726.26,5828.108109818827,5624.4118901811735,0.48595948415199797,68.31428571428549,0.011935962140386046,0.0062590105137310115,0.02463389308603947,-0.041017392178546275,61951.6,1.2512671182019512,0.3095584011893098
2023-09-25,5717.6,5717.6,5665.2,5684.4,52711.0,-0.0068141314603208,-0.006814131460320838,-0.007473110769660618,-0.011305527533307824,0.006765612270199339,5680.4800000000005,0.0006900825282369905,5700.360000000001,-0.0027998231690631314,5728.17,-0.007641183833580478,5864.236666666667,-0.030666679550791276,0.008265074084844832,0.009593144317834435,0.008800911354108052,40.25009769441183,5728.17,5825.005858951789,5631.334141048211,0.27399900990297527,68.27142857142839,0.01201031394191619,-0.011305527533307824,0.006765612270199339,-0.05212606303151579,57596.4,0.9151787264481808,-0.3200159962847339
2023-09-26,5683.2,5696.2,5668.0,5670.2,40971.0,-0.0024980648793188,-0.0024980648793188065,-0.0062740974412899275,-0.016136868406440907,-0.017398537413787274,5673.320000000001,-0.0005499425380555145,5691.0599999999995,-0.003665398010212484,5723.15,-0.009251897993238,5858.556666666666,-0.032150694681909675,0.008178902628746803,0.008136783546308661,0.008793348246805667,39.44848716966678,5723.15,5821.127258370902,5625.172741629097,0.22978423319648178,65.58571428571408,0.011566737378878008,-0.016136868406440907,-0.017398537413787274,-0.05669605722841464,54472.0,0.752147892495227,-0.2227239096203828
2023-09-27,5667.8,5723.4,5666.4,5697.4,58667.0,0.0047970089238473,0.004797008923847379,0.0052579575128801626,-0.0014371845204712574,-0.012753422283833027,5679.28,0.0031905452803875356,5690.24,0.001258294904959989,5719.469999999999,-0.003858749149833751,5853.833333333333,-0.02672322979244368,0.007820884265828195,0.008232875134222295,0.008807325653388737,50.21533161068045,5719.469999999999,5815.387093586542,5623.552906413457,0.384952727533978,62.9857142857141,0.011055168021503511,-0.0014371845204712574,-0.012753422283833027,-0.04738496522204394,57812.2,1.0147858064560769,0.4319152571330942
2023-09-28,5713.2,5720.0,5685.2,5689.2,42639.0,-0.001439252992593,-0.0014392529925930653,0.012133072407044976,-0.0017195999298122988,-0.009126375923087737,5692.92,-0.0006534432242153443,5689.26,-1.0546187026116982e-05,5716.85,-0.004836579584911349,5849.65,-0.02742899147812261,0.007825568214262665,0.008168392085244114,0.008772382754448577,50.15053763440857,5716.85,5813.084002088031,5620.615997911969,0.35633975829713793,62.68571428571412,0.01101837064714092,-0.0017195999298122988,-0.009126375923087737,-0.042254469546479934,54501.2,0.7823497464276017,-0.27320299316481156
2023-10-09,5687.0,5690.0,5630.2,5656.0,60393.0,-0.0058356183646206,-0.005835618364620654,-0.011776216933990225,-0.008797448389471052,-0.016005567153792644,5679.44,-0.004127167467214976,5684.24,-0.0049681223875135405,5712.25,-0.009847258085692978,5845.176666666666,-0.032364576377218124,0.008003609716306275,0.008246834025267007,0.008794075591992388,39.303710490151175,5712.25,5810.977557076536,5613.522442923464,0.2151251298743589,58.62857142857131,0.010365730450596059,-0.008797448389471052,-0.016005567153792644,-0.04530416582269925,51076.2,1.1824098112232313,0.41637937099838185
2023-10-10,5674.2,5694.2,5625.2,5631.2,50789.0,-0.0043847241867044,-0.004384724186704436,-0.009358947294349385,-0.016762117614191885,-0.03433137839969813,5668.8,-0.006632797064634599,5674.639999999999,-0.007655111161236627,5702.24,-0.01245826201633038,5839.976666666667,-0.03574957205879259,0.007901567143028242,0.007447333430364405,0.008791282328449331,35.254691689008,5702.24,5790.100233505066,5614.379766494933,0.09572153882391231,61.04285714285704,0.01084011527611469,-0.016762117614191885,-0.03433137839969813,-0.052496971328577224,50691.8,1.0019174698866482,-0.15902505257231803
2023-10-11,5651.6,5684.2,5610.8,5618.8,62620.0,-0.0022020173320073,-0.002202017332007311,-0.009064935981094036,-0.015282159130739492,-0.02859513848068873,5658.5199999999995,-0.007019503333026922,5665.92,-0.008316389924319378,5693.969999999999,-0.013201685291632903,5833.72,-0.03684098654032075,0.007872715058331725,0.007296889215853381,0.00870479051279346,39.2147117296222,5693.969999999999,5780.474252405284,5607.465747594715,0.06551268920389328,59.55714285714274,0.010599619644255489,-0.015282159130739492,-0.02859513848068873,-0.06262720629942276,55021.6,1.1380984922285067,0.2329441414479514
2023-10-12,5649.6,5674.4,5638.4,5661.2,57434.0,0.007546095251655,0.0075460952516550606,-0.006353775406325646,-0.0011292257745784129,-0.020621410283025332,5651.280000000001,0.0017553545391484349,5665.28,-0.0007201762313601145,5688.01,-0.004713423499607128,5829.136666666667,-0.028809869500400653,0.008111967364362614,0.007567806596516479,0.00869914341029157,45.68690095846641,5688.01,5765.3846565334625,5610.635343466538,0.326752058095367,60.57142857142838,0.010699397401863276,-0.0011292257745784129,-0.020621410283025332,-0.046325932414676085,54775.0,1.0485440438156093,-0.08281699137655696
2023-10-13,5638.4,5641.4,5618.8,5641.4,49110.0,-0.0034974916978732,-0.0034974916978732784,-0.008401884271953874,0.0036292474648638162,-0.009481335814868097,5641.719999999999,-5.672029097503195e-05,5667.32,-0.004573590338996181,5685.3099999999995,-0.007723413499000076,5822.696666666667,-0.03113620321397481,0.007713059831947041,0.006884817967444623,0.008441698638733858,42.81277728482693,5685.3099999999995,5765.322575327342,5605.297424672657,0.2256056324874055,58.78571428571409,0.010420412359647267,0.0036292474648638162,-0.009481335814868097,-0.0641029894820665,56069.2,0.8758819458811612,-0.1449315736323432
2023-10-16,5643.8,5643.8,5564.6,5588.6,70570.0,-0.0093593788775834,-0.009359378877583424,-0.011916548797736848,-0.02355243386798045,-0.017440838285453064,5628.24,-0.00704305431182739,5653.839999999999,-0.01153906017856865,5680.35,-0.016152173721689644,5815.776666666668,-0.03906213730123753,0.005126710430645655,0.007166910618862935,0.008501489738238324,35.6402818068794,5680.35,5771.2682976198585,5589.431702380142,-0.004573899874475034,58.471428571428405,0.01046262544670014,-0.02355243386798045,-0.017440838285453064,-0.06915620107265397,58104.6,1.2145337890631722,0.43697821217674604
2023-10-17,5596.8,5596.8,5557.4,5589.0,73037.0,7.157427620496648e-05,7.157427620496648e-05,-0.007493962210541216,-0.016782773907536352,-0.02789856332834728,5619.8,-0.005480622086195264,5644.3,-0.009797494817780805,5672.33,-0.014690612147036597,5809.246666666668,-0.03791312011769765,0.0049216191394785055,0.006627112786424997,0.008495621483435493,37.332178432221674,5672.33,5765.862614069774,5578.797385930226,0.054540409092829284,57.75714285714275,0.010334074585282297,-0.016782773907536352,-0.02789856332834728,-0.0655096308186196,62554.2,1.1675794750792114,0.034958197534363133
2023-10-18,5579.2,5584.0,5517.0,5529.6,91476.0,-0.0106280193236714,-0.010628019323671412,-0.015875275859614124,-0.02479630348135864,-0.040533037201554545,5601.96,-0.012916907653749754,5630.24,-0.017874904089346,5660.65,-0.023151051557683155,5801.89,-0.046931258607109005,0.0056841512404992335,0.0068704726626939265,0.00858420778427739,35.70836785418385,5660.65,5764.208485890773,5557.091514109226,-0.13273424129733952,60.14285714285701,0.010876529431216907,-0.02479630348135864,-0.040533037201554545,-0.07392396583486849,68325.4,1.3388286054673666,0.2524610813697168
2023-10-19,5504.2,5531.6,5456.8,5467.2,106502.0,-0.0112847222222223,-0.011284722222222321,-0.03426835299936415,-0.040404394987187064,-0.0417835109366238,5563.16,-0.017249189309672897,5607.219999999999,-0.024971376189983574,5648.7300000000005,-0.03213642712609743,5793.583333333333,-0.05633531349337628,0.0056673357656525595,0.006954595530840426,0.008681321109342045,34.576815082230155,5648.7300000000005,5781.316719982734,5516.143280017267,-0.1845708228683874,60.742857142857055,0.011110414314979708,-0.040404394987187064,-0.0417835109366238,-0.08354566179428735,78139.0,1.3629813537414095,0.16426166426166433
2023-10-20,5451.6,5474.4,5403.4,5423.6,92582.0,-0.0079748317237341,-0.007974831723734144,-0.03860743787003218,-0.04668494691696534,-0.04832426741533591,5519.6,-0.017392564678599842,5580.66,-0.028143624589206162,5634.96,-0.03750869571390025,5785.553333333332,-0.06256157578704635,0.005702961227614012,0.007071588072219323,0.008649717825345795,15.916325602546507,5634.96,5799.0303109869665,5470.889689013034,-0.14411409574517683,58.199999999999946,0.010730879858396627,-0.04668494691696534,-0.04832426741533591,-0.08158634470145953,86833.4,1.0662026363127552,-0.13070177085876322
2023-10-23,5404.2,5405.8,5222.4,5256.8,100497.0,-0.0307544804189099,-0.030754480418909935,-0.05937086211215692,-0.07057991513437056,-0.0787564403631138,5453.24,-0.03602262141405832,5540.74,-0.05124586246602436,5612.49,-0.06337472316209025,5774.576666666666,-0.0896648700943733,0.010030112956136148,0.009420720061038196,0.00943313668474741,12.332628611698269,5612.49,5844.505152862669,5380.4748471373305,-0.2665232111165901,68.41428571428573,0.013014435724068962,-0.07057991513437056,-0.0787564403631138,-0.11133651147851364,92818.8,1.0827224657073782,0.08549178025966175
2023-10-24,5282.2,5339.4,5250.2,5302.2,93544.0,0.0086364328108354,0.008636432810835482,-0.05131508319914124,-0.058424492115357274,-0.07420729152116212,5395.88,-0.01736139424894556,5507.84,-0.03733587032303054,5591.24,-0.051695151701590336,5764.556666666666,-0.08020680399244351,0.011217838161057474,0.009695950241714392,0.009531058051385074,19.271877087508216,5591.24,5854.733792196914,5327.746207803086,-0.048475919660366774,72.77142857142859,0.013724761150358075,-0.058424492115357274,-0.07420729152116212,-0.10183961784734219,96920.2,0.9651651564895657,-0.0691861448600456
2023-10-25,5353.4,5397.8,5336.0,5336.8,71049.0,0.0065255931500132,0.00652559315001322,-0.03486689814814814,-0.05018865238129133,-0.06470382053978263,5357.320000000001,-0.0038302733456281324,5479.64,-0.026067405887978068,5572.780000000001,-0.04234511321100065,5753.3966666666665,-0.07240882052862685,0.011862368958229766,0.00996746038418122,0.009258719914709437,20.257340811613275,5572.780000000001,5853.584135522097,5291.975864477904,0.07981388065876427,75.52857142857147,0.014152408077606706,-0.05018865238129133,-0.06470382053978263,-0.11148108684070313,92834.8,0.7653272264280205,-0.24047507055503292
2023-10-26,5316.4,5386.6,5313.6,5365.0,71616.0,0.0052840653575176,0.005284065357517687,-0.01869329821480825,-0.052321062672224916,-0.0533912061542805,5336.88,0.005268996117581803,5450.02,-0.01559994275250376,5557.65,-0.03466393169774984,5742.886666666666,-0.0658008225828357,0.011613988732952704,0.01011033302806119,0.009305401729155362,24.113701692749856,5557.65,5849.340329666668,5265.959670333331,0.16976964882560241,78.25714285714288,0.014586606310744247,-0.052321062672224916,-0.0533912061542805,-0.10517712989525663,85857.6,0.8341253424274613,0.007980407887514307
2023-10-27,5357.6,5507.0,5352.8,5475.0,96146.0,0.0205032618825722,0.020503261882572232,0.009477100081126899,-0.029496224341475474,-0.025974025974025983,5347.160000000001,0.02390801846213675,5433.38,0.007660056907486723,5550.35,-0.013575720450061723,5734.8933333333325,-0.04531790187321105,0.01421590782558369,0.011258378935115845,0.009715316349273032,37.12660028449499,5550.35,5842.67189539327,5258.028104606731,0.3711181044125521,85.0,0.015525114155251141,-0.029496224341475474,-0.025974025974025983,-0.08054277365398188,86570.4,1.1106105551089056,0.3425212243074174
2023-10-30,5466.0,5549.2,5464.8,5517.4,77452.0,0.0077442922374428,0.007744292237442885,0.04957388525338602,-0.012740221164513565,-0.03599259181605341,5399.28,0.021876991006208213,5426.26,0.016796098970561557,5540.05,-0.004088410754415683,5726.1900000000005,-0.036462289934494074,0.01438009989159762,0.010524679206248421,0.009572818852360448,42.10380238689977,5540.05,5820.993908992522,5259.106091007478,0.45968946242468023,86.09999999999998,0.015605176351179901,-0.012740221164513565,-0.03599259181605341,-0.08646267964765886,81961.4,0.9449814180821705,-0.1944334657708069
2023-10-31,5513.6,5531.4,5478.8,5502.8,58202.0,-0.0026461739224996,-0.0026461739224996617,0.037833352193429315,-0.015423152621220182,-0.03194708324537321,5439.4,0.011655697319557401,5417.64,0.01571902156658611,5530.969999999999,-0.005093139178118711,5716.466666666666,-0.037377400958634066,0.014379338206171132,0.010460786238350268,0.009497633352997734,41.97565024903152,5530.969999999999,5803.894412901986,5258.045587098013,0.4483923044837405,84.61428571428567,0.0153765875035047,-0.015423152621220182,-0.03194708324537321,-0.09585619927048072,74893.0,0.7771353798085269,-0.24854103186489696
2023-11-01,5518.8,5518.8,5465.2,5493.8,54862.0,-0.0016355310023987,-0.0016355310023987712,0.029418378054264727,-0.00647424768518523,-0.03111001375612843,5470.8,0.004204138334430008,5414.0599999999995,0.014728318489267034,5522.15,-0.0051338699600698146,5706.48,-0.03726991069801333,0.014018917018998215,0.01045853570157121,0.009490765948805446,37.85900783289816,5522.15,5787.423447795408,5256.8765522045915,0.446564572829271,84.4714285714286,0.01537577424941363,-0.00647424768518523,-0.03111001375612843,-0.0983423600853438,71655.6,0.7656345072820546,-0.057386344111886145
2023-11-02,5501.2,5516.8,5440.6,5448.0,53540.0,-0.008336670428483,-0.008336670428483073,0.015470643056849864,-0.0035118525021948788,-0.043774353213746564,5487.4,-0.007180085286292215,5412.14,0.006625844859889041,5509.68,-0.011194842531689786,5696.113333333333,-0.04355835616566606,0.013797581830395107,0.010452902505205293,0.009526043262265457,36.48308638523901,5509.68,5763.465301718642,5255.894698281359,0.37847996006407486,86.88571428571433,0.01594818544157752,-0.0035118525021948788,-0.043774353213746564,-0.10247116968698522,68040.4,0.7868854386511543,-0.024096824760307722
2023-11-03,5458.6,5536.6,5456.2,5492.6,73419.0,0.0081864904552129,0.008186490455212914,0.0032146118721461114,0.012722177151707426,-0.034556703930253674,5490.92,0.00030595965703383854,5419.04,0.013574360034249722,5499.85,-0.0013182177695755248,5686.256666666667,-0.0340569689373853,0.013740612134780516,0.010707469070236666,0.009598510087932418,43.212669683257914,5499.85,5739.175750258604,5260.5242497413965,0.4848532805346562,87.55714285714294,0.015940928313939288,0.012722177151707426,-0.034556703930253674,-0.09720578566732407,63495.0,1.1562957713205764,0.37129249159506905
2023-11-06,5535.0,5599.0,5533.6,5584.2,67040.0,0.0166769835779048,0.016676983577904814,0.012107151919382275,0.06228123573276512,-0.01269448373408777,5504.280000000001,0.014519610194248633,5451.780000000001,0.024289314682543806,5496.26,0.0159999708892955,5677.320000000001,-0.0164021052186597,0.008682134402995366,0.01141031742763327,0.0098390643527252,49.69939879759518,5496.26,5727.749096253392,5264.770903746608,0.6899441516323926,92.34285714285716,0.016536452337462332,0.06228123573276512,-0.01269448373408777,-0.08760865302921372,61412.6,1.0916326617013448,-0.08688486631525905
2023-11-07,5576.6,5619.4,5561.0,5587.8,53693.0,0.0006446760502847,0.0006446760502847315,0.015446681689321728,0.05386443363132298,-0.007707060662025755,5521.28,0.012047930914570681,5480.34,0.019608272479444633,5494.09,0.017056509813272003,5668.716666666666,-0.014274247845632249,0.008789245082510553,0.0113773438584845,0.009841550080129423,53.91866415297602,5494.09,5721.021846017354,5267.158153982647,0.7064716822354541,91.37142857142855,0.016351950422604344,0.05386443363132298,-0.007707060662025755,-0.08456749672345998,60510.8,0.8873292040429146,-0.1990900954653938
2023-11-08,5582.4,5612.8,5552.4,5579.8,62052.0,-0.0014316904685206,-0.0014316904685206522,0.015654009974880756,0.04553290361265172,-0.006940983839965775,5538.4800000000005,0.007460530687119826,5504.64,0.013653935588884947,5492.139999999999,0.015960991526071888,5660.363333333333,-0.014232890821496036,0.009022532512756393,0.011371957662221419,0.009836738842054191,58.180761406567896,5492.139999999999,5715.196928301184,5269.083071698815,0.6964969227085318,90.34285714285716,0.01619105651508247,0.04553290361265172,-0.006940983839965775,-0.08242065449761549,61948.8,1.0016658918332557,0.15568137373586866
2023-11-09,5574.6,5621.8,5552.4,5567.8,66829.0,-0.0021506147173734,-0.0021506147173734336,0.02198972099853158,0.037800559179869575,-0.01649826891825046,5562.4400000000005,0.0009636058995692309,5524.92,0.007761198352193244,5487.469999999999,0.014638804403486638,5652.466666666666,-0.014978711359052599,0.009253996118584249,0.011226218201407033,0.009814592135955352,60.98081023454157,5487.469999999999,5699.249598440907,5275.690401559092,0.6896547179033752,90.22857142857148,0.016205426098022824,0.037800559179869575,-0.01649826891825046,-0.07842293432203395,64606.6,1.0343989623351175,0.07698382002191706
2023-11-10,5548.8,5554.8,5520.4,5543.0,62445.0,-0.0044541829807105,-0.0044541829807105415,0.009175982230637425,0.012420091324200966,-0.017442478817314755,5572.52,-0.005297423786724931,5531.719999999999,0.0020391487638564687,5482.55,0.011025891236742025,5644.286666666666,-0.017944989800895872,0.007418835463739157,0.011240474909168345,0.00982296515114344,77.8080062184221,5482.55,5683.571260986056,5281.528739013945,0.6503572301344611,79.24285714285718,0.014296023298368604,0.012420091324200966,-0.017442478817314755,-0.08134177466936265,62411.8,1.000531950688812,-0.06560026335872149
2023-11-13,5563.4,5569.6,5521.6,5565.8,71509.0,0.0041132960490708,0.004113296049070847,-0.003295010923677455,0.008772247797875998,-0.004079733743692526,5568.84,-0.0005458946566968548,5536.5599999999995,0.005281257676246653,5481.41,0.015395673740880689,5638.5599999999995,-0.012904003859141255,0.007150191587646197,0.01110461026696171,0.009515504665141524,76.7886178861789,5481.41,5680.14458523474,5282.67541476526,0.7123183538998036,76.30000000000005,0.013708721118257942,0.008772247797875998,-0.004079733743692526,-0.058144650895183836,63305.6,1.1295841126219481,0.14515173352550237
2023-11-14,5568.4,5607.2,5558.8,5581.8,83976.0,0.0028746990549426,0.002874699054942642,-0.0010737678513905724,0.014356327687722548,-0.0012882447665055752,5567.64,0.002543267883699407,5544.460000000001,0.006734650443866341,5481.05,0.01838151449083658,5633.046666666667,-0.009097504370044862,0.007058801750033048,0.011125165144994715,0.009526478239190499,75.87663709336715,5481.05,5678.988464653732,5283.111535346268,0.7544982860614011,72.92857142857143,0.013065421804538218,0.014356327687722548,-0.0012882447665055752,-0.05594831377059162,69362.2,1.2106882422991196,0.17434169125564614
2023-11-15,5648.2,5653.0,5592.0,5614.2,91945.0,0.0058045791680103,0.00580457916801036,0.006165095523136932,0.021915613964833103,0.015299479166666519,5574.52,0.007118101648213582,5556.5,0.01038423468010441,5485.280000000001,0.023502902313099705,5628.569999999999,-0.002553046333260256,0.007089625753356796,0.010903957652567688,0.00954972521274632,76.0887772194305,5485.280000000001,5691.0480001718915,5279.51199982811,0.8132654248772992,72.79999999999998,0.012967119090876703,0.021915613964833103,0.015299479166666519,-0.0456585299517237,75340.8,1.2203878907577301,0.0948961608078498
2023-11-16,5603.8,5610.4,5558.0,5562.8,87407.0,-0.0091553560614155,-0.009155356061415598,-0.0008980207622399927,0.021071953010278976,0.017486098917178783,5573.5199999999995,-0.0019233805566319928,5567.9800000000005,-0.0009303194336186538,5490.0599999999995,0.01324939982441009,5623.9400000000005,-0.01087138198487192,0.007228100585570887,0.010789376220964642,0.009575769393762278,60.47732696897379,5490.0599999999995,5698.484025284494,5281.635974715505,0.6745000364058606,65.79999999999998,0.011828575537499098,0.021071953010278976,0.017486098917178783,-0.047563606478786435,79456.4,1.1000624241722505,-0.04935559301756487
2023-11-17,5549.4,5581.6,5544.2,5570.0,74012.0,0.0012943122168691,0.0012943122168691534,0.004871008479162997,0.014091686997050434,0.026993141087100714,5578.92,-0.0015988757680698296,5575.72,-0.0010258764787328678,5497.38,0.013209929093495498,5618.786666666667,-0.008682776115365387,0.006905815436449114,0.010584192637805115,0.009530862639599416,56.852527357999016,5497.38,5706.258988890701,5288.501011109299,0.6738327066443224,62.44285714285719,0.011210566812003086,0.014091686997050434,0.026993141087100714,-0.052592189413525614,81769.8,0.9051263424883025,-0.15324859565023397
2023-11-20,5573.6,5618.0,5532.6,5608.4,70101.0,0.0068940754039497,0.0068940754039497065,0.0076538862337847124,0.004333655671358461,0.06688479683457604,5587.4400000000005,0.003751270707157417,5578.139999999999,0.005424747317206213,5514.96,0.01694300593295317,5615.8099999999995,-0.001319489085278902,0.0049087754140220005,0.007451316647041769,0.009380035253301094,62.95387634936207,5514.96,5695.899145338399,5334.020854661601,0.758208360123634,64.78571428571435,0.011551550225681897,0.004333655671358461,0.06688479683457604,-0.030862277518576176,81488.2,0.8602595222375755,-0.05284278225152683
2023-11-21,5622.6,5651.8,5576.6,5589.2,64923.0,-0.0034234362741601,-0.0034234362741601965,0.0013257372173849369,0.00025054583199102254,0.05412847497265294,5588.92,5.0099124696778574e-05,5578.280000000001,0.0019575926629711304,5529.3099999999995,0.01083136955605668,5613.716666666666,-0.004367278956603271,0.005056585076072715,0.007481973503474568,0.009255771791006088,61.41694590713257,5529.3099999999995,5682.61495099637,5376.005049003629,0.6953296342054156,66.32857142857145,0.011867274641911446,0.00025054583199102254,0.05412847497265294,-0.02197802197802201,77677.6,0.8358007971410033,-0.07386485214190952
2023-11-22,5577.8,5598.2,5521.4,5527.8,66923.0,-0.0109854719816788,-0.010985471981678874,-0.015389547932029402,-0.009319330441951323,0.03578923699595271,5571.64,-0.007868419352291323,5573.08,-0.008124771221658333,5538.86,-0.0019968007857211756,5610.3099999999995,-0.014706852206027743,0.0061492870828747945,0.008012293655131354,0.00934590509079092,59.20627595754504,5538.86,5662.6208627874485,5415.099137212551,0.45531705358666447,66.37142857142862,0.012006843332144546,-0.009319330441951323,0.03578923699595271,-0.03565821150692572,72673.2,0.9208759212474475,0.030805723703464016
2023-11-23,5523.4,5595.0,5496.8,5588.0,69454.0,0.0108904084807699,0.010890408480769942,0.004530092759042148,0.003628003879449615,0.04156570363466905,5576.68,0.002029881578286652,5575.1,0.0023138598410790134,5550.01,0.00684503271165271,5609.49,-0.0038310078099791367,0.007158965277711849,0.008235918225406681,0.009220136198664537,60.62360801781737,5550.01,5644.5510609763005,5455.4689390237,0.7009179905941778,67.05714285714286,0.01200020451988956,0.003628003879449615,0.04156570363466905,-0.008727737174483718,69082.6,1.0053761728713162,0.037819583700670956
2023-11-24,5575.4,5575.4,5506.4,5527.6,69562.0,-0.0108088761632068,-0.010808876163206804,-0.0076122082585277084,-0.0027782789103373284,0.009607305936073063,5568.2,-0.007291404762759912,5573.56,-0.008246076116521617,5552.64,-0.004509566620562455,5607.456666666667,-0.014241156269895416,0.007881819648682216,0.007489850403900259,0.00931747384664596,43.226424126376294,5552.64,5641.12779636346,5464.15220363654,0.3585115630117558,65.28571428571435,0.011810860823090373,-0.0027782789103373284,0.009607305936073063,-0.021594449164542673,68192.6,1.0200813578012862,0.0015549860339216792
2023-11-27,5521.4,5537.4,5481.0,5520.2,66381.0,-0.0013387365221797,-0.001338736522179751,-0.01572641038442335,-0.008192892306586708,0.0005074854097943948,5550.5599999999995,-0.005469718370758936,5569.0,-0.008762794038427058,5552.780000000001,-0.005867331318726965,5606.363333333334,-0.01536884575800479,0.007733623037104003,0.007300765846992824,0.009206766706877782,41.98292220113845,5552.780000000001,5641.041611134162,5464.518388865839,0.31543504825400315,65.14285714285721,0.011800814670275933,-0.008192892306586708,0.0005074854097943948,-0.011744065308460838,67448.6,0.9841716507088359,-0.04572898996578589
2023-11-28,5515.4,5547.0,5466.6,5534.2,66238.0,0.0025361399949277,0.002536139994927744,-0.009840406498246579,-0.008527715073990527,0.0057061859417022465,5539.5599999999995,-0.0009675858732461906,5564.24,-0.005398760657340462,5554.35,-0.003627787229828927,5604.496666666667,-0.012542904536773869,0.00771649323291247,0.0072919730688996934,0.009101039386318656,44.66791393826,5554.35,5639.945068721694,5468.754931278307,0.38229462105161194,66.57142857142857,0.012029096991693211,-0.008527715073990527,0.0057061859417022465,-0.01983635011157947,67711.6,0.9782371115141275,-0.0021542308793178755
2023-11-29,5533.6,5538.8,5483.2,5507.4,56425.0,-0.0048426150121065,-0.004842615012106588,-0.0036904374253773353,-0.019023191193758726,0.0024755178564925817,5535.48,-0.00507273082009152,5553.5599999999995,-0.00831178559338508,5555.030000000001,-0.008574211120372155,5600.11,-0.016555031954729515,0.007428637078836865,0.007371827814692821,0.008632940103493096,43.17359855334531,5555.030000000001,5638.79621853957,5471.263781460431,0.21569684754540006,65.58571428571427,0.011908652773670748,-0.019023191193758726,0.0024755178564925817,-0.045610508439330566,65612.0,0.859979881728952,-0.14814758899725233
2023-11-30,5500.0,5507.8,5445.0,5480.8,68917.0,-0.0048298652721791,-0.004829865272179101,-0.019183965640658496,-0.014740778025454815,0.006020558002936882,5514.039999999999,-0.006028247890838445,5545.36,-0.011642165702497098,5556.67,-0.013653861035476278,5595.273333333333,-0.020458934982026333,0.007076427861069315,0.007199041840565351,0.008648300845035846,42.998649257091394,5556.67,5632.523851166831,5480.816148833169,-0.00010644702226906233,66.68571428571424,0.012167149738307225,-0.014740778025454815,0.006020558002936882,-0.050285912320221726,65504.6,1.05209405141013,0.22139122729286664
2023-12-01,5480.0,5511.2,5440.6,5489.8,79489.0,0.001642096044373,0.0016420960443730426,-0.006838410883566182,-0.014398563734290826,-0.0005097767905910544,5506.4800000000005,-0.003029158373407337,5537.339999999999,-0.008585349644413931,5556.53,-0.012009293569907764,5591.076666666666,-0.01811398281666665,0.007092312963128104,0.006967914158389176,0.008635622397783869,41.171003717472075,5556.53,5632.890394804732,5480.169605195268,0.06305883324306576,68.29999999999993,0.012441254690516945,-0.014398563734290826,-0.0005097767905910544,-0.04385537132506623,67490.0,1.1777893021188324,0.15340191824948857
2023-12-04,5497.4,5514.4,5469.8,5471.8,74202.0,-0.0032788079711464,-0.0032788079711464357,-0.00876779826817864,-0.02435632265886878,-0.020128218903334383,5496.8,-0.004548100713142156,5523.68,-0.009392289198505321,5550.91,-0.014251717285994503,5586.473333333333,-0.020526963343600158,0.006468348885554581,0.005781562831192284,0.008638510915939996,37.280296022201604,5550.91,5634.863217549062,5466.956782450938,0.02884474050224537,68.02857142857134,0.012432576378627021,-0.02435632265886878,-0.020128218903334383,-0.048051496172581754,69054.2,1.074547239704464,-0.06651234762042546
2023-12-05,5461.2,5461.2,5369.4,5379.0,88614.0,-0.0169596841989838,-0.01695968419898386,-0.028043800368616978,-0.0376082444714807,-0.037367121228390476,5465.76,-0.015873364362870013,5502.66,-0.022472767715977393,5540.469999999999,-0.029143736903186834,5578.933333333333,-0.03583719707470967,0.007944116542291041,0.006773028308344155,0.008649571585500072,26.13636363636357,5540.469999999999,5652.3825429215,5428.557457078498,-0.22141154058691864,70.25714285714282,0.013061376251560295,-0.0376082444714807,-0.037367121228390476,-0.07757999794217507,73529.4,1.2051505928240949,0.1942265707123798
2023-12-06,5371.6,5439.4,5358.4,5403.4,87194.0,0.004536159137386,0.004536159137386031,-0.018883683770926418,-0.022504432142986475,-0.03161403634538884,5444.960000000001,-0.007632746613382202,5490.22,-0.015813573955142157,5531.65,-0.02318476403966263,5572.586666666667,-0.030360526769136698,0.007899880447309196,0.0069236265956411835,0.008635301787521662,32.88965221124934,5531.65,5657.453915929344,5405.846084070656,-0.009721812125585504,72.0285714285714,0.013330231230072065,-0.022504432142986475,-0.03161403634538884,-0.06583451471249269,79683.2,1.0942582627203727,-0.016024555939242124
2023-12-07,5396.2,5442.2,5347.0,5424.6,103193.0,0.0039234556020284,0.003923455602028447,-0.010253977521529678,-0.029241231209735097,-0.025719314630554213,5433.719999999999,-0.0016784081623637537,5473.88,-0.009002754901459298,5524.49,-0.018081307052777662,5566.656666666667,-0.025519207519534404,0.006850180662420462,0.007029781177092895,0.008659476263257231,34.84785327219677,5524.49,5657.71244002538,5391.26755997462,0.12510069632049378,76.15714285714277,0.014039218164867966,-0.029241231209735097,-0.025719314630554213,-0.06155283371392972,86538.4,1.1924532924112303,0.1834873959217378
2023-12-08,5430.2,5474.6,5426.0,5444.8,97729.0,0.0037237768683404,0.003723776868340467,-0.008197019927866256,-0.014979376221144869,-0.01771603824643686,5424.719999999999,0.0037015735374361647,5465.6,-0.0038056206088993294,5519.58,-0.013548132285427505,5562.48,-0.021156031122808394,0.006529862604398577,0.007073042651859045,0.008491092435479375,32.279029462738336,5519.58,5657.099186795307,5382.060813204693,0.22811066679987232,73.62857142857138,0.013522732043155189,-0.014979376221144869,-0.01771603824643686,-0.04400042139270277,90186.4,1.083633452493946,-0.05294932795829177
2023-12-11,5424.8,5531.0,5382.0,5504.2,119649.0,0.0109094916250367,0.010909491625036738,0.005921269052231448,-0.0028984457084888504,-0.01106759136152935,5431.2,0.013440860215053752,5464.0,0.00735724743777455,5516.5,-0.0022296746125261002,5559.419999999999,-0.009932690820265266,0.007619021202934671,0.007476762553332201,0.008622051007513008,41.53049023515344,5516.5,5652.410403923826,5380.589596076174,0.45474960104270623,78.89999999999996,0.014334508193742953,-0.0028984457084888504,-0.01106759136152935,-0.032279616020253976,99275.8,1.2052181901329428,0.22429371015768096
2023-12-12,5502.8,5517.8,5487.6,5511.0,99010.0,0.0012354202245559,0.0012354202245559165,0.024539877300613577,-0.004192114488092202,-0.012684080404170683,5457.6,0.009784520668425722,5461.68,0.009030188513424298,5512.96,-0.00035552588808918095,5555.446666666668,-0.008000556810913717,0.007576892391689303,0.007446401456730022,0.008496217085778754,48.12164579606438,5512.96,5645.35161048313,5380.56838951687,0.4925977182661065,75.57142857142851,0.013712834072115498,-0.004192114488092202,-0.012684080404170683,-0.04146519636831658,101355.0,0.9768634995806817,-0.17249621810462268
2023-12-13,5499.6,5499.6,5435.8,5444.0,107357.0,-0.0121575031754672,-0.012157503175467266,0.007513787615205381,-0.011511784144968562,-0.030315984467956247,5465.719999999999,-0.003973858887758475,5455.34,-0.0020786972031074935,5504.45,-0.010982023635422222,5550.126666666666,-0.019121485515645742,0.008366081780148648,0.007710334911345876,0.008614100512268547,34.14096916299559,5504.45,5631.201601256372,5377.698398743628,0.2615414740294615,73.92857142857136,0.013579825758370932,-0.011511784144968562,-0.030315984467956247,-0.05538589672404215,105387.6,1.0186872079827227,0.08430461569538439
2023-12-14,5469.6,5497.4,5415.2,5426.0,113713.0,-0.0033063923585598,-0.0033063923585598953,0.000258083545330523,-0.009998540359071661,-0.024591932120514914,5466.0,-0.007317965605561638,5449.86,-0.004378094116179065,5497.61,-0.013025660241450354,5545.466666666666,-0.021543122310115126,0.00830477728717919,0.0075134901390376515,0.008537520397874114,37.657920310981496,5497.61,5625.8591965707965,5369.360803429203,0.22081696449275948,73.97142857142846,0.013632773418987922,-0.009998540359071661,-0.024591932120514914,-0.049004486819966386,107491.6,1.0578780109329473,0.059204336931918844
2023-12-15,5440.6,5463.8,5369.2,5389.6,108523.0,-0.006708440840398,-0.006708440840398011,-0.010138113429327023,-0.01825203103938211,-0.032387791741472105,5454.960000000001,-0.011981756053206727,5439.84,-0.00923556575193385,5488.59,-0.018035597484964194,5540.31,-0.02720244896043722,0.00843144919190637,0.007585444280141364,0.008571456281612846,35.17930095324563,5488.59,5620.719089987994,5356.460910012006,0.12540421640308547,76.69999999999995,0.01423111177081786,-0.01825203103938211,-0.032387791741472105,-0.05429022635550085,109650.4,0.9897182317620364,-0.04564121956152767
2023-12-18,5373.8,5395.0,5335.2,5350.8,66569.0,-0.0071990500222651,-0.007199050022265174,-0.02786962683042038,-0.02211338133703722,-0.045931103344982405,5424.280000000001,-0.013546498337106527,5427.74,-0.014175328958277222,5475.71,-0.022811653648567964,5534.386666666667,-0.03317199858340225,0.008596933264389612,0.00740560950747476,0.00860491886681497,30.29651912333479,5475.71,5608.881609112784,5342.538390887216,0.03101865768471359,75.22857142857141,0.014059312893132132,-0.02211338133703722,-0.045931103344982405,-0.062283130629841144,99034.4,0.6721805756383641,-0.3865908609234908
2023-12-19,5347.0,5366.2,5310.2,5339.0,64053.0,-0.0022052777154818,-0.002205277715481846,-0.031210306659408493,-0.007436326454731357,-0.04476490374293274,5389.88,-0.009439913319034932,5423.74,-0.015623905275695349,5463.2,-0.02273392883291836,5527.916666666667,-0.03417502072812251,0.006876336384058634,0.007401082756506363,0.008583779935453954,31.3055062166963,5463.2,5598.473103873548,5327.9268961264515,0.04092869741460013,75.25714285714282,0.014095737564551944,-0.007436326454731357,-0.04476490374293274,-0.06778181310238862,92043.0,0.6959030018578273,-0.03779537021736845
2023-12-20,5351.8,5354.6,5277.2,5290.8,64067.0,-0.0090279078479115,-0.00902790784791152,-0.028141072740631823,-0.020838731169263713,-0.04287419950070548,5359.24,-0.012770467454340517,5412.4800000000005,-0.022481376374601014,5451.35,-0.02945142029038683,5520.996666666667,-0.04169476646426762,0.00705864763394643,0.00729176990874573,0.008638165452093973,29.872881355932208,5451.35,5603.291477653684,5299.408522346317,-0.028328414595052642,76.29999999999998,0.014421259544870337,-0.020838731169263713,-0.04287419950070548,-0.07276550998948472,83385.0,0.7683276368651436,0.0002185689975489069
2023-12-21,5270.4,5330.4,5227.6,5303.6,85587.0,0.002419293868602,0.002419293868602068,-0.022558053814964896,-0.02230579213213879,-0.05089477451682167,5334.76,-0.00584093754920556,5400.38,-0.017920961117550926,5437.13,-0.024558912514506703,5514.929999999999,-0.038319616024137915,0.006931351760453682,0.006716989280194328,0.008620017305910999,30.432955023118993,5437.13,5588.455499294893,5285.804500705107,0.05879874633757125,78.59999999999998,0.014820122181159962,-0.02230579213213879,-0.05089477451682167,-0.06422471592914103,77759.8,1.1006586951098125,0.33589835640813526
2023-12-22,5302.8,5335.2,5256.2,5292.6,79285.0,-0.0020740629006712,-0.0020740629006712474,-0.017997625055662714,-0.027953276520716996,-0.04251393009624427,5315.360000000001,-0.004281930104451992,5385.16,-0.017187975844728753,5425.38,-0.024473861738716907,5509.456666666667,-0.03936080811356468,0.006613024701472814,0.006432187259298824,0.008569942254809063,30.887372013651913,5425.38,5583.470601604893,5267.289398395107,0.08005093708274515,81.05714285714286,0.015315184003541333,-0.027953276520716996,-0.04251393009624427,-0.05842376801280902,71912.2,1.1025250235704096,-0.07363267785995542
2023-12-25,5289.8,5326.8,5264.4,5285.0,50093.0,-0.0014359671994861,-0.0014359671994861323,-0.012297226582940857,-0.03982413429744558,-0.0426071519147857,5302.2,-0.0032439364791972958,5363.24,-0.014588196687077226,5413.62,-0.023758594064600014,5502.15,-0.03946639041102107,0.004618510038387468,0.006431578439089593,0.008191506864472871,37.74765380604798,5413.62,5576.91810776616,5250.32189223384,0.10618037232806876,78.20000000000002,0.014796594134342481,-0.03982413429744558,-0.0426071519147857,-0.07659782646678537,68617.0,0.7300377457481382,-0.3681907044207605
2023-12-26,5280.2,5282.0,5211.2,5241.8,62705.0,-0.0081740775780511,-0.008174077578051109,-0.018205656489979405,-0.048847759027399684,-0.05283509811716236,5282.76,-0.007753522779759048,5336.320000000001,-0.017712580954665436,5399.0,-0.029116503056121457,5494.773333333333,-0.046038902423636396,0.004375051563114592,0.0064662124389022,0.008208902334178036,29.92047713717703,5399.0,5569.06034842159,5228.93965157841,0.03781113158050364,77.68571428571431,0.014820427007080451,-0.048847759027399684,-0.05283509811716236,-0.07786221940750115,68347.4,0.9174452868726536,0.25177170462938925
2023-12-27,5252.4,5266.8,5202.8,5249.2,58841.0,0.0014117287954518,0.0014117287954518165,-0.007862705072956944,-0.03578251285819256,-0.04688237643897297,5274.4400000000005,-0.004785342140587567,5316.84,-0.012721842297304442,5386.089999999999,-0.02541546836387798,5487.756666666667,-0.04347070782414442,0.003991424522548141,0.006507756417580164,0.00821488285047146,27.431806484817187,5386.089999999999,5560.644228039099,5211.535771960899,0.10788689698958157,75.4571428571429,0.014374979588726454,-0.03578251285819256,-0.04688237643897297,-0.07424782194631585,67302.2,0.8742804841446491,-0.061621880232836324
2023-12-28,5250.0,5372.6,5237.6,5356.8,79538.0,0.0204983616551093,0.02049836165510932,0.01003092239233716,-0.012753409509767777,-0.022624434389140302,5285.08,0.013570277081898618,5309.92,0.008828758248711877,5379.89,-0.004291909314131037,5482.08,-0.02285263987391639,0.008620327672234272,0.008239494736922674,0.008649427229766297,40.7563025210084,5379.89,5549.003924852326,5210.776075147674,0.4317324105032662,81.52857142857147,0.01521964072367299,-0.012753409509767777,-0.022624434389140302,-0.05978165478990405,66092.4,1.2034364011595888,0.3517445318740333
2023-12-29,5358.0,5423.2,5354.8,5400.6,74378.0,0.008176523297491,0.008176523297491078,0.020405849676907284,0.0020409677898174383,-0.01624831505701474,5306.68,0.017698447993849342,5311.02,0.01686681654371469,5375.43,0.004682416104386133,5477.27,-0.01399784929353498,0.008854912617141004,0.008480456289542714,0.008729673937243061,38.74891398783674,5375.43,5536.869955923037,5213.990044076963,0.5779546793607877,75.77142857142859,0.014030187122065805,0.0020409677898174383,-0.01624831505701474,-0.050727694579202565,65111.0,1.1423261814439956,-0.06487465111016122
2024-01-02,5407.6,5407.6,5364.8,5366.6,51440.0,-0.0062955967855423,-0.006295596785542368,0.015439924314096576,0.0029528294834417768,-0.019225848897985953,5323.0,0.008190869810257517,5312.6,0.010164514550314419,5370.17,-0.0006647834239883466,5472.446666666667,-0.01934174476498618,0.008774838523826146,0.008553667450724698,0.008734345281155038,35.192780968006616,5370.17,5525.113807810957,5215.226192189043,0.48847969450849116,76.6714285714286,0.01428677907267704,0.0029528294834417768,-0.019225848897985953,-0.05116690240452615,65380.4,0.786780135942882,-0.30839764446476103
2024-01-03,5357.0,5391.2,5329.8,5356.0,59730.0,-0.0019751798158984,-0.0019751798158984535,0.02178640924873121,0.0031841168758195426,-0.004275887711470583,5345.84,0.0019005432261347543,5314.3,0.007846753100126058,5369.02,-0.002425023561096862,5467.86,-0.020457729349324882,0.008767752580306716,0.007688743040458419,0.008723291208337433,39.79591836734696,5369.02,5524.029264239308,5214.010735760693,0.458002510159974,75.68571428571431,0.014131014616451514,0.0031841168758195426,-0.004275887711470583,-0.0488705782071317,64785.4,0.9219669863889086,0.16115863141524112
2024-01-04,5350.8,5350.8,5273.2,5311.2,67510.0,-0.0083644510828977,-0.00836445108289774,0.01181132363026749,0.003855749603084435,-0.017063330495613815,5358.24,-0.008779002060378072,5316.339999999999,-0.0009668305638840247,5364.410000000001,-0.009919077773697604,5462.733333333334,-0.02773947108285235,0.008691060446382987,0.00781186291789495,0.008776228515647393,37.46724890829695,5364.410000000001,5520.593777040186,5208.2262229598155,0.3296558035399852,75.72857142857148,0.0142582790007101,0.003855749603084435,-0.017063330495613815,-0.054744785363422865,66519.2,1.0148949476241447,0.13025280428595343
2024-01-05,5298.4,5321.8,5216.8,5243.4,77135.0,-0.0127654767284229,-0.012765476728422986,-0.021169354838709742,-0.011350780601855459,-0.033403384581351725,5335.56,-0.017272788610755097,5310.32,-0.012601877099685188,5355.35,-0.020904329315544423,5455.77,-0.03892576116661828,0.00958338782865821,0.00816078535401128,0.00883644983743905,35.063342868818935,5355.35,5517.731895542615,5192.968104457385,0.15528792595409466,76.4714285714286,0.014584320969490904,-0.011350780601855459,-0.033403384581351725,-0.07380060764502228,66038.6,1.1680290012204981,0.1425714708932011
2024-01-08,5227.8,5232.0,5066.6,5077.2,102613.0,-0.0316969905023457,-0.03169699050234576,-0.05988223530718817,-0.040698333522276475,-0.06751395827211293,5270.879999999999,-0.036745287314452146,5288.780000000001,-0.04000544549026441,5336.969999999999,-0.048673685630610586,5446.366666666667,-0.06778219118556106,0.013638417225855053,0.010451561339929768,0.009669322505642036,27.82101167315176,5336.969999999999,5535.838939650988,5138.10106034901,-0.15311858266024522,84.8285714285714,0.016707746677021074,-0.040698333522276475,-0.06751395827211293,-0.10001063565781543,71685.6,1.4314311381923286,0.33030401244571217
2024-01-09,5087.6,5154.8,5070.8,5099.4,98511.0,0.0043724887733396,0.004372488773339622,-0.04978943837811667,-0.03511825922421952,-0.07354383925002728,5217.4400000000005,-0.022624122174859873,5270.219999999999,-0.0324123091635643,5316.7300000000005,-0.04087662905582956,5438.213333333333,-0.06230232478313957,0.013884163097884058,0.010074721186384437,0.009647649263715159,30.899234693877546,5316.7300000000005,5526.058521455517,5107.401478544484,-0.0191122511372273,86.8285714285714,0.01702721328559662,-0.03511825922421952,-0.07354383925002728,-0.0875353397988764,81099.8,1.21468856889906,-0.03997544170816558
2024-01-10,5084.4,5149.6,5029.8,5085.6,93698.0,-0.0027062007294974,-0.0027062007294974544,-0.05048543689320384,-0.029798924033728857,-0.07719107240065315,5163.36,-0.015059960955656648,5254.6,-0.03216229589312225,5295.46,-0.0396301737714948,5429.823333333333,-0.06339494164021287,0.013786137776791265,0.010010129038524739,0.0096467442533666,32.69230769230772,5295.46,5508.097337910588,5082.822662089412,0.0065306919703730535,89.85714285714279,0.017668936380592807,-0.029798924033728857,-0.07719107240065315,-0.09006977992485232,87893.4,1.0660413637428978,-0.048857487996264326
2024-01-11,5086.8,5195.8,5076.4,5158.0,90077.0,0.0142362749724711,0.014236274972471152,-0.02884470552794094,-0.017374076049683773,-0.0525349008082292,5132.719999999999,0.004925263797752599,5245.4800000000005,-0.016677215431190384,5281.16,-0.02332063410311369,5423.63,-0.048976423539216385,0.014794956845470598,0.010595337096948852,0.009782217266178467,38.84120171673816,5281.16,5490.173143882886,5072.146856117114,0.20537738031200356,91.04285714285717,0.017650805960228222,-0.017374076049683773,-0.0525349008082292,-0.06720196759259267,92406.8,0.9747875697459494,-0.03864543533479903
2024-01-12,5149.2,5202.6,5137.6,5137.6,76744.0,-0.0039550213260952,-0.003955021326095265,-0.020177747263225965,-0.04091995221027478,-0.05315149281238474,5111.5599999999995,0.005094335193170263,5223.5599999999995,-0.016456209941112743,5266.74,-0.024519911748064116,5418.136666666667,-0.05177733304377097,0.012582545744243546,0.010598473174163682,0.009698427659789005,38.28951344817165,5266.74,5473.460237086436,5060.019762913564,0.1876454820773014,90.04285714285717,0.01752624905458914,-0.04091995221027478,-0.05315149281238474,-0.06028680128767916,92328.6,0.8312050653860233,-0.14801780698735523
2024-01-15,5120.2,5178.6,5098.2,5122.2,87365.0,-0.0029975085643102,-0.0029975085643102473,0.008863152918931805,-0.05154982779691153,-0.04961407154519826,5120.56,0.00032027746965157533,5195.719999999999,-0.014150108165951858,5253.37,-0.024968734355280575,5413.113333333334,-0.053742331892798645,0.011846047690391161,0.010556515478292382,0.009658870666109714,37.843488649940234,5253.37,5461.218660530279,5045.521339469721,0.18445791359600403,91.32857142857145,0.01782995030037317,-0.05154982779691153,-0.04961407154519826,-0.05557194483368988,89279.0,0.9785615878314049,0.13839518398832484
2024-01-16,5115.2,5139.2,5041.2,5113.2,111773.0,-0.0017570575143492,-0.0017570575143492917,0.0027062007294975654,-0.04721797786307913,-0.044404575016819936,5123.32,-0.0019752816533029627,5170.38,-0.011059148457173373,5241.49,-0.024475864687331317,5410.72,-0.054987136647248525,0.0118869084546563,0.010498668704909963,0.008829969831136656,39.880390305319445,5241.49,5453.019466903414,5029.960533096586,0.19675619695439805,93.05714285714286,0.018199394284820244,-0.04721797786307913,-0.044404575016819936,-0.027316998934713177,91931.4,1.2158304996986884,0.2793796142620042
2024-01-17,5105.4,5105.4,4910.6,4926.8,119430.0,-0.036454666353751,-0.03645466635375105,-0.031225420795973013,-0.08013442867811793,-0.07720546918898663,5091.56,-0.03235943404379016,5127.46,-0.03913438622631871,5220.88,-0.056327668898729755,5404.463333333334,-0.08838312037149554,0.01545436859547588,0.012993656984784963,0.009899876964784376,30.206286836935178,5220.88,5469.481796157338,4972.278203842662,-0.09146797116035156,102.95714285714283,0.020897366009812214,-0.08013442867811793,-0.07720546918898663,-0.0708007996680623,97077.8,1.2302503765021457,0.06850491621411248
2024-01-18,4917.0,4950.2,4751.0,4938.2,191631.0,0.0023138751319313,0.0023138751319313755,-0.04261341605273361,-0.07022895014309383,-0.06664398578664854,5047.6,-0.021673666693082017,5090.16,-0.029853678469832,5203.25,-0.05093931677317065,5397.820000000001,-0.08514918985812803,0.01580730730636393,0.01300686800088872,0.009859201181738539,20.857699805068165,5203.25,5479.452210441293,4927.047789558707,0.020188488758787298,107.5428571428571,0.02177774434872162,-0.07022895014309383,-0.06664398578664854,-0.0746889521810824,117388.6,1.6324498290293945,0.6045465963325798
2024-01-19,4929.2,4959.8,4882.0,4903.4,127226.0,-0.0070471021829816,-0.007047102182981657,-0.04558548738710699,-0.06484342220696493,-0.07545817934987564,5000.76,-0.01946904070581279,5056.16,-0.03021265149837038,5183.24,-0.05398939659363644,5390.126666666667,-0.09029967137445138,0.01568418559344235,0.012957592969000406,0.009849316617036624,14.946418499717893,5183.24,5485.581141584738,4880.898858415261,0.037211511253145035,108.21428571428571,0.022069234758389223,-0.06484342220696493,-0.07545817934987564,-0.08603914259086676,127485.0,0.9979683884378554,-0.33608862866655187
2024-01-22,4887.8,4895.4,4474.2,4554.0,161017.0,-0.0712566790390341,-0.0712566790390341,-0.11092889773925263,-0.10304892460411252,-0.13955333862373887,4887.12,-0.06816284437460096,5003.839999999999,-0.08989895760056266,5146.31,-0.1150941159782447,5374.776666666668,-0.1527089807762556,0.02496778150227745,0.01985927295868803,0.013002065626532092,10.345500683193364,5146.31,5554.361895048486,4738.258104951515,-0.2257777836439416,135.8142857142857,0.029823075475249382,-0.10304892460411252,-0.13955333862373887,-0.16821917808219178,142215.4,1.132205091712993,0.2655982267775454
2024-01-23,4557.4,4786.4,4520.8,4735.8,173266.0,0.0399209486166007,0.03992094861660078,-0.07380896503168266,-0.07130250617719724,-0.10391674550614949,4811.64,-0.015761777689103917,4967.4800000000005,-0.046639342282203455,5118.85,-0.0748312609277475,5361.75,-0.11674360050356691,0.029452431764624906,0.02248134750882776,0.014071471429021981,24.067569827730367,5118.85,5560.1656574082945,4677.534342591706,0.0660135850951556,150.39999999999995,0.03175809789264748,-0.07130250617719724,-0.10391674550614949,-0.14166092724834156,154514.0,1.1213611711560119,0.0760727128191434
2024-01-24,4779.2,4830.4,4604.2,4820.6,162081.0,0.0179061615777693,0.017906161577769364,-0.02155557359746685,-0.05210791253736036,-0.08035407684383222,4790.4,0.006304275217100974,4940.98,-0.024363587790276253,5097.79,-0.05437454269399089,5350.380000000001,-0.09901726606334516,0.030487121227086023,0.023050510428218596,0.014314503077404794,30.15050979122836,5097.79,5554.338506214124,4641.241493785876,0.19642875157059908,160.64285714285708,0.03332424535179378,-0.05210791253736036,-0.08035407684383222,-0.12397324998182735,163044.2,0.9940923994843115,-0.06455392287003803
2024-01-25,4810.0,5004.0,4781.4,5002.2,150417.0,0.0376716591295687,0.03767165912956871,0.012960187922724797,-0.03020550601008143,-0.04705478930122686,4803.2,0.04143071285809463,4925.4,0.015592642221951447,5085.4400000000005,-0.01636829851497623,5342.1866666666665,-0.06364185452149429,0.03292556239713074,0.02484798329998476,0.015207758501777859,41.064018968583284,5085.4400000000005,5538.089642136552,4632.790357863449,0.40805250656213987,169.04285714285712,0.0337937021996036,-0.03020550601008143,-0.04705478930122686,-0.08948268957734185,154801.4,0.9716772587328022,-0.07196401799100449
2024-01-26,4986.6,4996.4,4900.4,4926.0,111364.0,-0.0152332973491663,-0.015233297349166341,0.004609046783864423,-0.041186546247275024,-0.08042114695340508,4807.719999999999,0.024602098291913954,4904.24,0.004436976983182017,5063.9,-0.027231975354963467,5333.486666666667,-0.07640155345533817,0.03317069560248725,0.024417805844177538,0.015286583547898077,43.998094633216894,5063.9,5502.975823688122,4624.824176311878,0.3429656194211791,163.6857142857143,0.033228931036482806,-0.041186546247275024,-0.08042114695340508,-0.0958149779735683,151629.0,0.734450533868851,-0.25963155760319645
2024-01-29,4943.8,4961.8,4812.2,4821.0,112133.0,-0.0213154689403166,-0.021315468940316662,0.058629776021080326,-0.058802858146890014,-0.10732140873236318,4861.12,-0.008253242051214471,4874.120000000001,-0.010898377553281602,5034.92,-0.04248726891390531,5322.293333333333,-0.09418746805888178,0.03363059936694927,0.02454061753067139,0.015441435415216977,39.63051251489869,5034.92,5456.590290754873,4613.249709245127,0.24634210105596852,168.37142857142862,0.03492458588911608,-0.058802858146890014,-0.10732140873236318,-0.12227360448603586,141852.2,0.7904917935710549,0.006905283574584198
2024-01-30,4793.2,4836.2,4664.8,4682.8,117441.0,-0.028666251814976,-0.028666251814976063,-0.011191350986105797,-0.08417429398419773,-0.12741773189729066,4850.5199999999995,-0.034577735995315884,4831.08,-0.030692929945270953,5000.73,-0.06357671779920115,5307.27,-0.11766313000846018,0.034364154191021914,0.02508872064351467,0.015617830692822491,36.26943005181345,5000.73,5420.046602405236,4581.413397594763,0.12089504901985097,172.05714285714288,0.03674236415331487,-0.08417429398419773,-0.12741773189729066,-0.16141971992407145,130687.2,0.898641948102033,0.04733664487706557
2024-01-31,4663.0,4710.0,4559.4,4573.4,163954.0,-0.0233620910566328,-0.023362091056632894,-0.05127992366095524,-0.07173012908987586,-0.146116504854369,4801.08,-0.04742266323410571,4795.74,-0.046361979590219704,4961.6,-0.07824089003547252,5290.363333333333,-0.13552251294649575,0.03340475387631323,0.025340743461860913,0.01583389505154297,30.5625748104801,4961.6,5387.336879452977,4535.863120547024,0.04408459927315493,174.28571428571428,0.03810856568105005,-0.07173012908987586,-0.146116504854369,-0.18153835140842556,131061.8,1.250967101016467,0.39605418891187916
2024-02-01,4561.6,4677.2,4510.2,4559.4,150648.0,-0.0030611798661827,-0.003061179866182706,-0.08852105073767547,-0.07670811226762797,-0.1415499322187077,4712.5199999999995,-0.032492169794504866,4757.86,-0.0417120301984506,4924.01,-0.07404737195903355,5273.3566666666675,-0.13538941357402356,0.03328292320254875,0.0253595984429816,0.01583219370954097,30.69320154935218,4924.01,5352.527885888514,4495.492114111486,0.07456851626624976,181.57142857142858,0.03982353567825341,-0.07670811226762797,-0.1415499322187077,-0.18287393813398334,131108.0,1.1490374347865882,-0.08115690986496216
2024-02-02,4586.2,4629.2,4239.4,4416.8,190040.0,-0.0312760450936525,-0.03127604509365256,-0.10336987413723098,-0.09923726393930732,-0.15764580234199177,4610.68,-0.042050196500299286,4709.2,-0.06209122568589143,4882.68,-0.09541481317637035,5254.173333333334,-0.15937299365837454,0.03412210992985555,0.025901832591912928,0.01623962956848822,28.290040625384705,4882.68,5339.976318076545,4425.383681923456,-0.009385251514335105,203.67142857142855,0.04611289362693093,-0.09923726393930732,-0.15764580234199177,-0.20672437946765332,146843.2,1.2941695631803174,0.2614837236471774
2024-02-05,4375.6,4472.2,4095.4,4249.0,246996.0,-0.03799130592284,-0.03799130592284006,-0.1186475834889027,-0.0669740887132192,-0.16312140549909393,4496.280000000001,-0.05499657494640031,4678.7,-0.09184175091371527,4841.27,-0.12233773369384493,5232.6066666666675,-0.18797641965572298,0.028656016993265195,0.026238177204743307,0.016831666091192223,25.770999214982595,4841.27,5368.973302204891,4313.56669779511,-0.06117708333956978,223.58571428571423,0.05262078472245569,-0.0669740887132192,-0.16312140549909393,-0.23344759155691863,173815.8,1.4210215642076267,0.29970532519469595
2024-02-07,4759.6,5099.6,4759.6,5094.8,301874.0,0.0709210913524194,0.19905860202400572,0.0879815495002989,0.07580556611343381,-0.0009020669098324108,4578.679999999999,0.11272244402316844,4714.6,0.08064310864124202,4841.039999999999,0.05241848858922893,5224.756666666666,-0.024873247685538002,0.07068742666916751,0.05336712694981321,0.0311795332554472,53.43867692811528,4841.039999999999,5368.273392441444,4313.806607558554,0.7406524355607691,269.87142857142857,0.052969974988503685,0.07580556611343381,-0.0009020669098324108,-0.08462395342987528,210702.4,1.4327031870543478,0.22218173573661115
2024-02-08,5140.6,5384.2,5044.6,5070.8,306905.0,-0.0047106854047264,-0.004710685404726411,0.10875934753137728,0.05190225283159777,-0.002910177756803578,4678.16,0.08393043418780044,4739.620000000001,0.06987480008945846,4840.3,0.047621015226329,5216.24,-0.027882152661687254,0.0707458654572748,0.053376733044752094,0.031178808100240176,52.70017105155984,4840.3,5366.127788499189,4314.472211500812,0.7191782224536767,279.9,0.055198390786463665,0.05190225283159777,-0.002910177756803578,-0.09154752947078004,239292.6,1.2825511528563776,0.01666589371724636
2024-02-19,5158.6,5179.4,4974.2,5038.0,158257.0,-0.0064684073518971,-0.006468407351897132,0.10496995218669136,0.007156850985566399,-0.023264831329972813,4773.88,0.05532606600920009,4743.2,0.06215213358070515,4834.3,0.04213640030614574,5206.636666666666,-0.0323887909725471,0.07000035232359152,0.05330931083405261,0.031172619941893895,52.74313198010924,4834.3,5347.449737047221,4321.1502629527795,0.6984800783219101,288.99999999999994,0.05736403334656608,0.007156850985566399,-0.023264831329972813,-0.10263261016707637,240814.4,0.6571741556983304,-0.4843453185839266
2024-02-20,5023.8,5071.6,4987.0,5048.0,113213.0,0.0019849146486701,0.001984914648670122,0.1429088933164282,0.024766544863987106,-0.017440049828713833,4900.12,0.030178852762789532,4755.4,0.0615300500483662,4829.82,0.0451735261355497,5198.056666666666,-0.02886783971189233,0.06972150586814645,0.05330227614031474,0.031158585686431116,61.68401135288553,4829.82,5333.293825588466,4326.346174411534,0.7166746203191289,264.3857142857143,0.05237434910572787,0.024766544863987106,-0.017440049828713833,-0.09254332350614802,225449.0,0.5021667871669424,-0.28462564057198103
2024-02-21,5018.4,5206.4,5011.2,5064.0,150858.0,0.0031695721077653,0.0031695721077653616,0.19180983760884907,0.050404480398257734,-0.011362305259458805,5063.12,0.00017380587463855512,4779.7,0.05948072054731468,4826.91,0.049118380081667246,5189.623333333333,-0.024206637989783397,0.06914488145902568,0.05329965110762524,0.031162045850297474,58.42315983985217,4826.91,5323.899428670851,4329.9205713291485,0.7385262002796253,259.3571428571429,0.051215865493116686,0.050404480398257734,-0.011362305259458805,-0.09084380610412923,206221.4,0.7315341666771732,0.3325148172029715
2024-02-22,5066.8,5130.6,5051.2,5113.0,111561.0,0.0096761453396525,0.009676145339652553,0.003572269765250713,0.09186811309472964,-3.9114448877386465e-05,5066.76,0.009126147676226992,4822.72,0.060190100192422546,4826.9,0.05927199651950543,5181.366666666667,-0.013194716966566156,0.06800926606957766,0.0533335375605241,0.031176276487927083,57.64484417485881,4826.9,5323.865181455401,4329.934818544598,0.7878471276017104,248.87142857142865,0.04867424771590625,0.09186811309472964,-3.9114448877386465e-05,-0.08833178803223729,168158.8,0.6634264754505861,-0.2604899972159249
2024-02-23,5131.6,5144.6,5044.0,5139.0,115111.0,0.0050850772540582,0.005085077254058268,0.013449554310956735,0.12367166659378159,0.04307055289437356,5080.4,0.011534524840563831,4879.280000000001,0.053229164958764175,4837.51,0.06232338537801474,5173.863333333333,-0.006738356057594541,0.06701377019292995,0.05259189138394804,0.031184870956710454,53.893442622950836,4837.51,5352.200160858223,4322.819839141777,0.7928849460588858,240.15714285714293,0.04673227142579158,0.12367166659378159,0.04307055289437356,-0.08054820010019315,129800.0,0.8868335901386749,0.03182115613879399
2024-02-26,5131.8,5198.4,5093.6,5119.4,118090.0,-0.0038139715898035,-0.0038139715898035664,0.01615720524017461,0.12282317848839752,0.03669353205621473,5096.68,0.004457803903717528,4935.28,0.03730690052033525,4846.570000000001,0.056293419882514684,5167.056666666667,-0.009223174766808118,0.0670349188334664,0.05261590540529701,0.031159513689086097,55.687566168686025,4846.570000000001,5374.920988204711,4318.2190117952905,0.7581901104482185,240.3714285714286,0.04695304695304696,0.12282317848839752,0.03669353205621473,-0.07388111002568842,121766.6,0.9698061701648891,0.025879368609429187
2024-02-27,5111.0,5260.0,5098.6,5259.2,117799.0,0.0273078876430832,0.02730788764308323,0.04183835182250384,0.1907263176960694,0.07256189582738504,5138.92,0.023405696138488086,5019.52,0.047749585617748114,4864.36,0.08116997919561886,5161.576666666667,0.018913471529693915,0.06522527725412437,0.05283052485603469,0.0313358278460971,62.62824207492794,4864.36,5423.812613674669,4304.907386325331,0.852880646500658,241.2142857142857,0.04586520491981398,0.1907263176960694,0.07256189582738504,-0.05884037222619898,122683.8,0.9601838221509278,-0.0024642222034041428
2024-02-28,5268.0,5331.8,5124.4,5127.2,163503.0,-0.0250988743535138,-0.025098874353513878,0.012480252764612842,0.20668392562955984,0.12586736934563025,5151.5599999999995,-0.004728664715154207,5107.34,0.003888521226313335,4893.0199999999995,0.04786001283460939,5154.903333333334,-0.005374171258303639,0.06408380625649833,0.05028307441901104,0.031469040380749366,62.85284590467375,4893.0199999999995,5444.195385593604,4341.844614406395,0.7124369176498994,243.7857142857143,0.047547533602300344,0.20668392562955984,0.12586736934563025,-0.07243650047036698,125212.8,1.3058010043701602,0.38798292005874413
2024-02-29,5133.0,5314.4,5131.4,5301.4,141718.0,0.0339756592292088,0.033975659229208865,0.03684725210248385,0.04055115019235278,0.1194307192026689,5189.24,0.021613955030023613,5128.0,0.03381435257410281,4921.3,0.07723568975677142,5151.256666666666,0.02914693307846572,0.016908536925908768,0.050095676693940674,0.031787458588848655,70.2943800178412,4921.3,5496.046420972849,4346.5535790271515,0.8306675658428812,246.4,0.04647828875391406,0.04055115019235278,0.1194307192026689,-0.03963624506358465,131244.2,1.0798039075250563,-0.13323914545910476
2024-03-01,5301.2,5349.2,5272.8,5340.2,110761.0,0.0073188214433923,0.007318821443392354,0.03915158591165602,0.053127711603691674,0.10778741235530842,5229.4800000000005,0.021172277167136988,5154.94,0.03593834263832374,4947.280000000001,0.07942141944664516,5148.0233333333335,0.03733018563111923,0.016636943910337727,0.050027385797216654,0.031800463116598524,71.4694236691597,4947.280000000001,5549.1929840941275,4345.367015905874,0.8263926932821859,239.9285714285714,0.044928761362602786,0.053127711603691674,0.10778741235530842,-0.03505475046077122,130374.2,0.8495622600177029,-0.21844084731650182
2024-03-04,5345.4,5358.0,5270.0,5328.2,94137.0,-0.0022471068499306,-0.00224710684993068,0.040786029612845276,0.057602223104406436,0.06517132461716835,5271.24,0.01080580660337982,5183.96,0.0278242887676603,4963.58,0.07345907590892065,5145.036666666667,0.03560000544213793,0.016355960792920364,0.04949974011603522,0.03179571333047393,76.99964450764305,4963.58,5588.95423440103,4338.20576559897,0.7915214442350869,218.37142857142854,0.04098409004381002,0.057602223104406436,0.06517132461716835,-0.03253803972836544,125583.6,0.7495962848652212,-0.1500889302191204
2024-03-05,5299.6,5324.8,5257.4,5278.8,100419.0,-0.0092714237453548,-0.009271423745354834,0.0037268025555217132,0.04572107765451672,0.0716199756394642,5275.160000000001,0.000690026463652238,5207.039999999999,0.013781342182891176,4981.22,0.05974038488563038,5141.67,0.026670323066241064,0.017016771042702362,0.04939428490480507,0.031812101770338885,82.80871670702179,4981.22,5621.847888050006,4340.592111949994,0.7322565139224563,196.5142857142857,0.03722707541757325,0.04572107765451672,0.0716199756394642,-0.036855933440373634,122107.6,0.8223812440830873,0.06673252812390462
2024-03-06,5262.6,5357.6,5237.0,5283.6,109156.0,0.000909297567629,0.0009092975676290305,0.0305039787798409,0.043364928909952694,0.09595519601742386,5306.4400000000005,-0.004304203948409913,5229.0,0.010441767068273267,5004.35,0.05580145273611947,5138.233333333334,0.028291176604150703,0.017053004818130806,0.04903125578048475,0.031811537278867145,62.95991213618891,5004.35,5653.962469092182,4354.737530907819,0.7149358373541116,144.37142857142857,0.027324443290829843,0.043364928909952694,0.09595519601742386,-0.03756056686946696,111238.2,0.9812816100943741,0.08700544717633107
2024-03-07,5289.8,5324.6,5212.4,5215.0,97415.0,-0.0129835718071013,-0.012983571807101302,-0.016297581770852942,0.019949149227459495,0.11364995301956093,5289.16,-0.014021130009302052,5239.2,-0.00461902580546647,5030.96,0.03658148742983447,5133.953333333333,0.015786405018614724,0.01776241688392737,0.04857727391130954,0.03185222571718035,59.3272962483829,5030.96,5668.603670167988,4393.316329832012,0.6443125750401588,128.12857142857152,0.024569237090809496,0.019949149227459495,0.11364995301956093,-0.04693153989546406,102377.6,0.9515265057981432,-0.1075616548792554
2024-03-08,5236.6,5307.0,5204.8,5285.8,96050.0,0.0135762224352828,0.013576222435282892,-0.010186884386352513,0.028565868846079034,0.1557703240477546,5278.28,0.0014247065331889353,5253.879999999999,0.006075509908867627,5066.58,0.04326784537103934,5132.4,0.029888551165146993,0.018119373895715222,0.0480854665678278,0.031826083419163265,65.2774352651048,5066.58,5675.549184597637,4457.610815402363,0.6799926872694265,120.77142857142864,0.02284827813603024,0.028565868846079034,0.1557703240477546,-0.01732664063952405,99435.4,0.9659537750137276,-0.014012215777857606
2024-03-11,5279.6,5397.4,5277.8,5396.4,106656.0,0.020923985016459,0.02092398501645909,0.01279981982658307,0.05410790326991455,0.18357678641926567,5291.92,0.019743306777124214,5281.58,0.0217397066786833,5108.429999999999,0.05637152706408832,5132.283333333334,0.05146182498368157,0.018767779520125708,0.048087430027321715,0.03193431624068765,69.10925844668712,5108.429999999999,5684.8121287269605,4532.047871273038,0.7498082310740892,123.27142857142859,0.02284327117549266,0.05410790326991455,0.18357678641926567,-0.001295480623311196,101939.2,1.0462707182320443,0.11042165538781878
2024-03-12,5361.6,5423.4,5327.2,5365.6,127206.0,-0.0057075087095098,-0.0057075087095098676,0.016443131014624468,0.020231213872832443,0.2148161564933888,5309.280000000001,0.01060784136455406,5292.219999999999,0.013865636727120378,5155.87,0.040677906929383445,5131.300000000001,0.04566094362052486,0.017343582498199252,0.0472806571934784,0.03194073508648543,66.27806563039726,5155.87,5641.62518676975,4670.11481323025,0.7158803505472534,116.20000000000002,0.021656478306247205,0.020231213872832443,0.2148161564933888,-0.010876377981786645,107296.6,1.1855548078876683,0.19267551755175516
2024-03-13,5360.2,5405.6,5327.0,5354.0,111946.0,-0.0021619203816908,-0.0021619203816908295,0.01332424861836623,0.04423466999531911,0.2600611908684396,5323.36,0.005755763277328629,5314.9,0.007356676513198712,5211.12,0.0274182901180553,5129.786666666667,0.04370812041566374,0.014648318766781456,0.04599866398128732,0.03193902851166024,63.554555680539934,5211.12,5452.4287264765035,4969.811273523496,0.7960522855643856,116.14285714285714,0.0216927263994877,0.04423466999531911,0.2600611908684396,-0.016676461945342336,107854.6,1.0379344042813194,-0.11996289483200473
2024-03-14,5363.8,5392.0,5294.2,5337.0,119045.0,-0.0031751961150541,-0.003175196115054124,0.023394055608820796,0.006715207303731097,0.04753866687603048,5347.76,-0.0020120573847742795,5318.46,0.003485971503029095,5223.2300000000005,0.021781541306815866,5127.0,0.04095962551199528,0.010425794655905355,0.01378196773055585,0.03191062050359898,61.25,5223.2300000000005,5464.269163448218,4982.190836551783,0.7359989936333329,115.94285714285714,0.021724350223507053,0.006715207303731097,0.04753866687603048,-0.030376803168489452,112180.6,1.0611906158462336,0.06341450342129251
2024-03-15,5320.8,5402.8,5292.6,5399.8,111350.0,0.0117669102492037,0.011766910249203733,0.021567217828900143,0.011160630687989226,0.06488128106018776,5370.56,0.005444497408091387,5324.42,0.014157410572419149,5239.68,0.030559118114083184,5125.1466666666665,0.053589360694718424,0.010825906942042574,0.013826053960086652,0.031946750565926225,65.18630849220108,5239.68,5481.821512343559,4997.538487656441,0.8306331046880056,116.32857142857145,0.021543125935881226,0.011160630687989226,0.06488128106018776,-0.020177826165850066,115240.6,0.9662393288476456,-0.06463942206728546
2024-03-18,5413.6,5485.8,5395.8,5482.8,76831.0,0.0153709396644319,0.015370939664431926,0.016010673782521856,0.02901542734882323,0.0882890035728463,5387.84,0.017624873789867657,5339.879999999999,0.02676464639654852,5261.92,0.041977073007571475,5125.793333333334,0.06964905595101367,0.011614170535773315,0.013881391177632537,0.031965017079389854,62.903970452446934,5261.92,5507.746036906341,5016.093963093659,0.9492607918585833,111.22857142857148,0.020286819039281295,0.02901542734882323,0.0882890035728463,0.007127112417340209,109275.6,0.7030938288144837,-0.3100044903457566
2024-03-19,5461.4,5475.6,5414.0,5421.6,72764.0,-0.0111621799080761,-0.011162179908076109,0.01043685701505881,0.027051602636962935,0.07400950871632328,5399.04,0.004178520625889082,5354.160000000001,0.012595813348872609,5280.6,0.02670151119191,5125.719999999999,0.057724573328234996,0.011847822809749586,0.014303185163639785,0.031997299269471605,68.50175967823031,5280.6,5514.469815338234,5046.7301846617665,0.8014497612615783,101.32857142857145,0.018689791100149667,0.027051602636962935,0.07400950871632328,-0.0008109104312568061,98387.2,0.7395677486502309,-0.05293436243183092
2024-03-20,5434.4,5451.4,5401.8,5435.2,70593.0,0.0025084845801977,0.0025084845801977007,0.015166230855435225,0.028692558104322696,0.073301737756714,5415.280000000001,0.0036784801524574195,5369.32,0.012269710130891731,5299.160000000001,0.02567199329705061,5126.48,0.06022065822942846,0.011831212467713587,0.014305173399284327,0.0319844518515225,60.535433070866176,5299.160000000001,5519.158951193725,5079.161048806276,0.8091832921517116,91.5,0.01683470709449514,0.028692558104322696,0.073301737756714,0.008460739201424872,90116.6,0.7833517909020091,-0.029836182727722482
2024-03-21,5435.4,5460.4,5397.4,5407.6,70748.0,-0.0050780100088312,-0.005078010008831235,0.013228405471238602,0.03693192713326954,0.057617836886368234,5429.4,-0.004015176630935091,5388.58,0.003529686856277525,5313.89,0.01763491528804706,5127.426666666667,0.05464209466997083,0.01087800330811775,0.014357837946008587,0.03197684840713408,55.40237255530625,5313.89,5520.446753001563,5107.333246998438,0.7268383837329473,90.54285714285717,0.01674363065738168,0.03693192713326954,0.057617836886368234,0.01061523510503104,80457.2,0.8793246595705543,0.0021956851245874542
2024-03-22,5416.6,5416.6,5291.4,5313.2,96976.0,-0.0174569124935277,-0.017456912493527765,-0.0160376310233713,0.005183699723788182,0.03389764545631446,5412.08,-0.018270239907761887,5391.320000000001,-0.014489957932380393,5322.6,-0.001766054184045518,5126.996666666667,0.03631820838580602,0.012100918349098775,0.015045760137423586,0.03206038571287899,48.93797790994053,5322.6,5512.091685694624,5133.108314305377,0.4751968009426304,93.20000000000007,0.01754121809832118,0.005183699723788182,0.03389764545631446,-0.00483236561153777,77582.4,1.2499742209573306,0.3707242607564878
2024-03-25,5332.2,5336.4,5226.4,5241.6,87965.0,-0.0134758714145899,-0.013475871414589946,-0.04399212081418247,-0.028685790527017918,0.023869984763839724,5363.84,-0.02278964324066335,5375.84,-0.024970981279204718,5328.71,-0.01634729606227392,5126.176666666667,0.02251645638432276,0.01045329038074136,0.015385928985654366,0.03208766000186152,47.44645799011533,5328.71,5497.347161416301,5160.072838583699,0.2417235938140636,96.00000000000007,0.018315018315018326,-0.028685790527017918,0.023869984763839724,-0.00929916080743931,79809.2,1.102191226074187,-0.0929198977066491
2024-03-26,5260.6,5265.0,5186.2,5213.2,92255.0,-0.005418192918193,-0.00541819291819301,-0.038438837243618185,-0.028403160876696143,-0.008746577426224533,5322.160000000001,-0.020472890706029312,5360.6,-0.027496921986344902,5326.41,-0.02125446595361602,5124.67,0.017275258699584572,0.010444921839639102,0.014165299821810291,0.032094899456204105,45.31914893617017,5326.41,5500.214462422333,5152.605537577667,0.17431791329699164,93.01428571428576,0.01784207122578949,-0.028403160876696143,-0.008746577426224533,-0.01704502602006197,83707.4,1.1021128359022023,0.048769396919229324
2024-03-27,5228.6,5228.6,5093.4,5096.6,89652.0,-0.0223663009284124,-0.022366300928412408,-0.062297615543126184,-0.048076204706761216,-0.005968169761273123,5254.4400000000005,-0.030039357191251614,5334.860000000001,-0.044660965798540175,5324.88,-0.04287044966271536,5121.403333333334,-0.004843073610683479,0.01212132875585406,0.01392510986434262,0.03222574823562832,42.60000000000001,5324.88,5506.434197794663,5143.325802205337,-0.1286827921714682,94.65714285714292,0.01857260582685377,-0.048076204706761216,-0.005968169761273123,-0.037032838302535565,87519.2,1.0243695097761405,-0.028215272884938525
2024-03-28,5136.6,5222.0,5106.4,5158.8,100678.0,0.0122042145744221,0.012204214574422112,-0.046009320215992355,-0.033389544688026906,-0.026898555098653132,5204.679999999999,-0.008815143294112038,5317.04,-0.029760919609406744,5317.750000000001,-0.02989046119129346,5119.3,0.007715898658019693,0.013277742810036835,0.011801246738275295,0.03226464053134239,41.97624462977001,5317.750000000001,5513.807816392113,5121.692183607889,0.09463488137064675,96.31428571428576,0.018669901084416095,-0.033389544688026906,-0.026898555098653132,-0.023878902554399173,93505.2,1.0767101722684942,0.12298665952795251
2024-03-29,5162.4,5236.2,5142.6,5231.4,79011.0,0.0140730402419166,0.01407304024191669,-0.0153956184596854,-0.031186340234823584,-0.020373768772705136,5188.320000000001,0.008303265797020787,5300.2,-0.012980642239915463,5312.3099999999995,-0.015230662367218706,5119.126666666667,0.021932126443442668,0.01358518114237526,0.012152179652720002,0.032296072079829735,39.049641624634965,5312.3099999999995,5511.753498396548,5112.866501603451,0.2971605977369877,94.4571428571429,0.018055805875509978,-0.031186340234823584,-0.020373768772705136,-0.001984051280094712,89912.2,0.8787572765431165,-0.21521087029937025
2024-04-01,5256.6,5358.2,5256.6,5349.6,80997.0,0.0225943342126391,0.022594334212639122,0.02060439560439553,-0.024294156270518674,0.004016365752036455,5209.92,0.02681039248203443,5286.88,0.011863329600823258,5313.38,0.0068167531778264845,5120.8,0.04468051866895806,0.014811902043107105,0.01323483701006958,0.03242236086869496,49.04852521408183,5313.38,5513.411193356966,5113.348806643035,0.5905358794099775,96.64285714285721,0.018065436134076792,-0.024294156270518674,0.004016365752036455,0.019126724072239698,88518.6,0.9150280280076729,0.02513574059308188
2024-04-02,5340.0,5355.0,5296.8,5329.0,66292.0,-0.0038507551966502,-0.003850755196650235,0.022212844318268976,-0.017079828832817,0.009509737061453416,5233.08,0.018329549710686566,5277.62,0.00973544893342071,5315.89,0.0024661909858931796,5120.336666666667,0.04075187764346211,0.014506309775329728,0.013083503945791764,0.03232382278886191,48.52906566250883,5315.89,5515.353215445384,5116.4267845546165,0.5328632022970405,95.18571428571431,0.01786183416883361,-0.017079828832817,0.009509737061453416,-0.005189665471923566,83326.0,0.7955740105129251,-0.18154993394817087
2024-04-03,5317.4,5326.0,5287.8,5317.2,66199.0,-0.0022142991180333,-0.0022142991180333915,0.043283757799317035,-0.021710332646452724,0.006359300476947327,5277.2,0.0075797771545516035,5265.82,0.00975726477547667,5317.570000000001,-6.958065432161042e-05,5118.946666666667,0.03872932191779044,0.01443342277036206,0.013097682145257191,0.03230923714127362,48.82784750177598,5317.570000000001,5516.453251656583,5118.686748343418,0.4990698060371627,91.14285714285714,0.01714113765569419,-0.021710332646452724,0.006359300476947327,-0.015442728585712828,78635.4,0.8418473104988339,-0.00140288420925605
2024-04-08,5315.6,5321.6,5225.8,5231.8,81429.0,-0.0160610847814638,-0.01606108478146384,0.014150577653717855,-0.0325098010207856,0.0032214765100671006,5291.8,-0.011338296987792429,5248.24,-0.0031324786976204555,5318.410000000001,-0.01628494230418498,5116.7,0.02249496745949542,0.015088326954410232,0.013279980993446917,0.03236715114457223,40.31365313653135,5318.410000000001,5515.603934998067,5121.216065001934,0.2803938544031546,90.11428571428574,0.01722433688487437,-0.0325098010207856,0.0032214765100671006,-0.025118324451235408,74785.6,1.088832609486318,0.2300638982461971
2024-04-09,5242.0,5281.0,5228.6,5278.2,70077.0,0.0088688405520087,0.008868840552008761,0.008945980043582935,-0.0065873673116012554,-0.0014378145219267058,5301.16,-0.004331127526805423,5244.74,0.006379725210401199,5318.030000000001,-0.007489615515519965,5115.403333333334,0.03182479582906783,0.014613019282164352,0.013071335484566083,0.03238589107617161,37.68360221526603,5318.030000000001,5515.5175996107655,5120.542400389236,0.399158225431614,87.42857142857143,0.016564088406762045,-0.0065873673116012554,-0.0014378145219267058,-0.014525765496639309,72998.8,0.9599746845153618,-0.13940979258003905
2024-04-10,5264.6,5274.2,5168.6,5213.6,83413.0,-0.0122390208783296,-0.01223902087832962,-0.02542246149244798,-0.005341880341880323,-0.0338744348083907,5273.960000000001,-0.011444910465760127,5241.9400000000005,-0.005406395342182457,5308.89,-0.017949138143755095,5113.776666666667,0.01952047182349914,0.014496364313332982,0.01236278995161491,0.03240718673498384,37.52997601918463,5308.89,5508.019367101208,5109.760632898792,0.2607334332771506,90.34285714285708,0.01732830618821104,-0.005341880341880323,-0.0338744348083907,-0.01837626148516336,73482.0,1.1351487439100731,0.19030495026898975
2024-04-11,5205.6,5302.2,5178.0,5246.2,91247.0,0.0062528770906857,0.006252877090685782,-0.015537624319759802,0.006330085168418709,-0.022252870135679226,5257.4,-0.002130330581656348,5245.24,0.00018302308378648213,5302.92,-0.010695993905244672,5113.823333333333,0.025886046122047146,0.014520918044130979,0.012445140975604474,0.03237149520329015,38.92145369284874,5302.92,5502.0499982688425,5103.790001731158,0.3575804738283997,95.67142857142855,0.018236328880223505,0.006330085168418709,-0.022252870135679226,0.0005340046534692,78473.0,1.1627821033986212,0.093918214187237
2024-04-12,5247.4,5282.4,5200.8,5206.0,83766.0,-0.0076626891845525,-0.007662689184552596,-0.020913262619423723,0.02146529058588076,-0.027642883825177433,5235.16,-0.005570030333361342,5256.18,-0.009546857223306726,5295.52,-0.016904855424963117,5115.97,0.017597835796535177,0.012530869633478327,0.012531468713881463,0.032114154904253754,38.354898336414,5295.52,5497.634981345357,5093.405018654644,0.27854189876445534,96.99999999999993,0.018632347291586616,0.02146529058588076,-0.027642883825177433,0.02536831324352007,81986.4,1.0217060390503792,-0.08198625708242457
2024-04-15,5223.6,5319.6,5156.8,5282.2,120420.0,0.0146369573568958,0.014636957356895852,0.009633395772009612,0.023920291540668215,-0.010267940790706476,5245.24,0.007046388725778119,5268.5199999999995,0.0025965546301429665,5292.780000000001,-0.0019989495123546863,5119.016666666666,0.03187786716849916,0.012768114912807967,0.013016691405919482,0.03216033251517195,48.17087561954212,5292.780000000001,5494.011153808702,5091.548846191299,0.4737118239403959,99.68571428571418,0.018872006793706066,0.023920291540668215,-0.010267940790706476,0.03584735459073629,89784.6,1.3412099625102745,0.4375761048635485
2024-04-16,5248.0,5290.6,5116.0,5136.4,129502.0,-0.0276021354738555,-0.027602135473855594,-0.026865219203516366,-0.01815957487479447,-0.04877958442905306,5216.88,-0.015426845164159486,5259.0199999999995,-0.02331613114230402,5279.61,-0.027125109619839383,5119.863333333334,0.003229903923216648,0.015131747628751215,0.014012939645954606,0.0323696715101527,44.29253472222217,5279.61,5485.767240959477,5073.452759040522,0.15266803306668802,104.29999999999993,0.020306050930612867,-0.01815957487479447,-0.04877958442905306,0.009988988516595798,101669.6,1.2737534130162802,0.07541936555389461
2024-04-17,5154.0,5291.2,5154.0,5287.8,134764.0,0.0294758975157698,0.029475897515769844,0.01423200859291085,-0.011552265589950705,-0.03556576931494859,5231.72,0.010719228093246658,5252.84,0.006655447338963283,5269.86,0.003404265008937646,5122.026666666668,0.032364793102729994,0.01645902522160535,0.015254534809481808,0.03253747864168695,53.57074478269196,5269.86,5452.679144454217,5087.0408555457825,0.5490648833675436,109.72857142857136,0.020751271120044507,-0.011552265589950705,-0.03556576931494859,0.025164792555254056,111939.8,1.203897094688395,0.04063257710305623
2024-04-18,5266.6,5367.4,5243.4,5301.6,124795.0,0.0026097810053331,0.002609781005333156,0.010560024398612367,-0.005141677613060502,-0.022133687472332908,5242.8,0.01121538109407183,5250.1,0.009809336965010296,5263.860000000001,0.007169643569547857,5124.759999999999,0.03450698179036693,0.01646321278548863,0.015115061118891385,0.032531915988001786,60.88341473773627,5263.860000000001,5433.081678342574,5094.638321657427,0.6115105356761638,108.9285714285713,0.02054635797279525,-0.005141677613060502,-0.022133687472332908,0.031921519775770735,118649.4,1.0517963006976858,-0.07397376153868984
2024-04-19,5313.2,5322.4,5235.2,5250.6,109420.0,-0.0096197374377546,-0.009619737437754683,0.008567038033038932,-0.012525389302640355,-0.033963791580806535,5251.72,-0.00021326346416028485,5243.4400000000005,0.0013655157682741503,5254.629999999999,-0.0007669426772196619,5126.9,0.024127640484503443,0.01671878735940606,0.015209464697509046,0.03255696174846063,54.93230174081239,5254.629999999999,5403.404263478968,5105.855736521031,0.48645599075485074,106.19999999999989,0.02022625985601643,-0.012525389302640355,-0.033963791580806535,0.02506735387138348,123780.2,0.8839862918301958,-0.12320205136423734
2024-04-22,5249.6,5289.8,5200.4,5206.0,85051.0,-0.00849426732183,-0.008494267321830007,-0.014425807428722792,-0.004931381169004934,-0.037280863969228584,5236.4800000000005,-0.005820703984355968,5240.86,-0.0066515800841846495,5244.55,-0.007350487649083415,5128.446666666668,0.015122187744956994,0.016128963370982807,0.01526945165154903,0.032577886271673864,48.59295368934192,5244.55,5375.994116602835,5113.105883397166,0.3533597356948236,105.89999999999996,0.020341913177103335,-0.004931381169004934,-0.037280863969228584,0.018149104279120643,116706.4,0.7287603764660722,-0.22271065618716868
2024-04-23,5217.4,5237.4,5133.8,5143.4,84599.0,-0.0120245870149827,-0.012024587014982768,0.0013628222101083054,-0.02553900951081811,-0.031958141985997224,5237.879999999999,-0.018037832100009865,5227.379999999999,-0.01606540944029311,5236.06,-0.01769651226303759,5132.056666666666,0.002210289961724232,0.01615138008236652,0.015022362866678109,0.03225562651040242,37.82762691853596,5236.06,5370.729410428982,5101.390589571019,0.1559723559164714,104.24285714285705,0.020267305117793104,-0.02553900951081811,-0.031958141985997224,0.04396362750669791,107725.8,0.7853179089874477,-0.005314458383793297
2024-04-24,5147.2,5205.8,5119.2,5203.8,72624.0,0.0117432048839289,0.011743204883928993,-0.015885623510722757,-0.00187969924812037,-0.007211538461538547,5221.08,-0.003309660070330178,5226.4,-0.004324200214296581,5234.17,-0.005802257091382157,5136.483333333334,0.013105594294410272,0.016318740999943734,0.015024027387247549,0.0322841377464819,42.940911141181786,5234.17,5369.5710510727495,5098.768948927251,0.387851682984047,106.27142857142852,0.020421889498333623,-0.00187969924812037,-0.007211538461538547,0.0537847798793083,95297.8,0.7620742556491336,-0.14155013652643644
2024-04-25,5187.8,5243.4,5166.6,5204.0,81284.0,3.843345247700469e-05,3.843345247700469e-05,-0.018409536743624666,-0.008043917502192022,-0.001764751016649968,5201.56,0.0004690900422179567,5222.18,-0.0034813047424638865,5233.71,-0.005676661488695389,5141.493333333333,0.012157298009398243,0.01616890651324887,0.014974789458401864,0.03226585426511131,43.532906764168196,5233.71,5369.473042797,5097.946957203,0.3905814152809464,108.81428571428562,0.02090973976062368,-0.008043917502192022,-0.001764751016649968,0.06130440102785828,86595.6,0.9386620105409512,0.1192443269442609
2024-04-26,5197.2,5352.8,5197.2,5336.2,105800.0,0.025403535741737,0.025403535741737038,0.016302898716337166,0.025009604302727695,0.04701173331240427,5218.679999999999,0.022519104447868088,5235.2,0.019292481662591676,5245.6900000000005,0.017254164847712916,5154.53,0.0352447264833069,0.01787553529188313,0.015026117235626859,0.030959863668902403,55.66160520607373,5245.6900000000005,5372.500889454481,5118.87911054552,0.8568699832851837,113.0857142857142,0.021192180631481993,0.025009604302727695,0.04701173331240427,0.17176108915239352,85871.6,1.232072070393471,0.30160917277693033
2024-04-29,5334.0,5478.0,5334.0,5454.8,110215.0,0.0222255537648514,0.02222555376485147,0.04779101037264688,0.032675779031464236,0.057377684732883516,5268.44,0.03537289975780311,5252.460000000001,0.03852290164989336,5260.49,0.036937623681444265,5166.513333333333,0.05579907532739692,0.018589347641760894,0.015528709503520807,0.030686035004683702,58.88151277408973,5260.49,5411.403762757075,5109.576237242924,1.1437782626650812,119.62857142857138,0.02193088132077645,0.032675779031464236,0.057377684732883516,0.15182228979264334,90904.4,1.2124275612621611,0.04172967863894139
2024-04-30,5459.6,5465.0,5405.4,5408.4,74607.0,-0.0085062697074137,-0.00850626970741375,0.051522339308628595,0.052955377307063234,0.033834155293038126,5321.4400000000005,0.016341441414353897,5279.660000000001,0.024384145948791902,5269.34,0.02639040183400576,5176.3099999999995,0.044836959146573596,0.015829541163237808,0.015494987144646585,0.03065486354066794,59.979508196721255,5269.34,5433.269232485188,5105.4107675148125,0.9241464377397263,116.05714285714286,0.02145868331801325,0.052955377307063234,0.033834155293038126,0.12193502883458485,88906.0,0.8391672103120149,-0.3230776210134737
2024-05-06,5416.4,5515.8,5416.4,5485.6,85833.0,0.0142740921529473,0.014274092152947393,0.0541527345401438,0.0374068610764402,0.02542246149244809,5377.8,0.020045371713339977,5299.4400000000005,0.03512823996497749,5276.139999999999,0.03969947726936751,5184.366666666667,0.05810417215860508,0.013855078589271465,0.015010840390641846,0.030345102488475054,61.728395061728385,5276.139999999999,5463.671155587049,5088.60884441295,1.0584672033409737,114.85714285714292,0.02093793620700432,0.0374068610764402,0.02542246149244809,0.09663747950901613,91547.8,0.9375757800842838,0.1504684547026418
2024-05-07,5489.8,5503.2,5459.0,5478.0,59005.0,-0.0013854455301153,-0.0013854455301153257,0.05265180630284405,0.03327297419646902,0.02796021767686252,5432.6,0.008356956153591222,5317.08,0.030264731770069275,5283.589999999999,0.036795057905704365,5193.566666666667,0.054766473906820545,0.013949372710007037,0.014975856843772372,0.0302647175074363,63.76518218623477,5283.589999999999,5490.772054699479,5076.40794530052,0.9691767351231148,112.18571428571438,0.020479319876910256,0.03327297419646902,0.02796021767686252,0.1120584652862362,87092.0,0.6775019519588481,-0.31256043712791115
2024-05-08,5478.0,5478.0,5398.4,5404.8,66191.0,-0.0133625410733844,-0.013362541073384415,0.012855590120310456,0.029368072220317565,0.016474836380049762,5446.320000000001,-0.007623496232318394,5332.5,0.0135583684950773,5287.969999999999,0.022093544403618104,5203.296666666667,0.03872608967776192,0.01438005847382454,0.015324252990814729,0.0301773383006996,56.2233502538071,5287.969999999999,5501.742856334211,5074.197143665788,0.7732573302415656,106.24285714285725,0.01965713017000763,0.029368072220317565,0.016474836380049762,0.12109520846297461,79170.2,0.8360595274484591,0.12178628929751723
2024-05-09,5409.0,5525.0,5409.0,5503.0,81831.0,0.0181690349319123,0.018169034931912353,0.008836254308132174,0.05704955820207447,0.0518368439160517,5455.960000000001,0.008621764089179473,5362.2,0.02625787922867473,5301.53,0.038002237090047686,5216.966666666666,0.05482751790631868,0.014485371280689831,0.01523814826474279,0.029967310061185685,69.55408576914866,5301.53,5533.897595349362,5069.162404650638,0.9335156967499972,102.35714285714292,0.018600244022740853,0.05704955820207447,0.0518368439160517,0.17515161868967288,73493.4,1.1134469217644034,0.2362858998957562
2024-05-10,5505.4,5532.8,5435.4,5484.6,85628.0,-0.0033436307468652,-0.003343630746865278,0.014089194586199394,0.06633744215888338,0.03910424008184621,5471.2,0.002449188477847697,5396.320000000001,0.016359296705903192,5311.85,0.03252162617543797,5232.153333333334,0.04824909565596314,0.013537035878801083,0.015220090769727062,0.029778564518291067,62.23272003978118,5311.85,5557.791845929014,5065.908154070987,0.8512009096041772,98.25714285714295,0.017915097337480024,0.06633744215888338,0.03910424008184621,0.19923907814754904,75697.6,1.1311851366489822,0.0464005083648007
2024-05-13,5476.4,5476.8,5398.6,5447.6,86359.0,-0.006746161980819,-0.00674616198081901,-0.006927227650576073,0.04685037856950691,0.04488261470001542,5463.6,-0.0029284720696975963,5420.7,0.004962458723043239,5323.55,0.0233021198260559,5246.956666666666,0.0382399448061006,0.013999970401904932,0.014996991984913484,0.029795977881616798,58.82068632189461,5323.55,5572.06233581586,5075.03766418414,0.7495851958268934,95.54285714285723,0.017538522861968064,0.04685037856950691,0.04488261470001542,0.1948063341667765,75802.8,1.1392587081215997,0.008536927173354414
2024-05-14,5445.2,5495.4,5422.4,5437.4,83499.0,-0.0018723841691755,-0.0018723841691755672,-0.007411464037970106,0.044850115295926196,0.036445427166329925,5455.48,-0.003314098851063485,5444.04,-0.0012196824417161078,5333.11,0.019555193873743493,5263.966666666666,0.032947270436109566,0.014083103561429246,0.014994445831373276,0.029456349911176807,61.87086934417886,5333.11,5583.79463644067,5082.4253635593295,0.7080103541261141,94.52857142857154,0.01738488458244226,0.044850115295926196,0.036445427166329925,0.23107226951639182,80701.6,1.0346635010953933,-0.03311756736414273
2024-05-15,5442.6,5442.6,5373.4,5387.6,83318.0,-0.0091587891271561,-0.009158789127156175,-0.003182356423919397,0.009632322626588419,0.034882827506723,5452.04,-0.011819429057747133,5449.18,-0.011300782870083181,5342.19,0.00850025925697162,5282.943333333333,0.01981029514481536,0.012535091387639372,0.015048287365154943,0.028993567252528548,61.46464646464647,5342.19,5586.5652584599975,5097.814741540002,0.5929103876680585,93.0857142857144,0.01727777011762462,0.009632322626588419,0.034882827506723,0.2679689338667923,84127.0,0.990383586720078,-0.0021676906310255095
2024-05-16,5392.6,5425.6,5338.4,5357.2,96294.0,-0.0056425866805257,-0.005642586680525752,-0.02649463928766127,-0.017892498350077113,0.014198629358979309,5422.88,-0.01211164547251653,5439.42,-0.01511558217604092,5345.9400000000005,0.0021062713012116596,5287.316666666667,0.013217164346123855,0.010174744187254229,0.014820937685119516,0.013705966184279534,64.06949197157144,5345.9400000000005,5588.735893488254,5103.144106511747,0.52318820108163,91.91428571428592,0.01715715032372992,-0.017892498350077113,0.014198629358979309,0.051503493758341845,87019.6,1.106578288109805,0.15574065628075573
2024-05-17,5362.8,5443.0,5347.4,5436.2,100187.0,0.0147465093705667,0.014746509370566763,-0.008824709185720092,0.005140152355594951,0.058367728370064764,5413.2,0.0042488731249539224,5442.200000000001,-0.0011024953143951022,5360.93,0.01404047432068678,5293.406666666667,0.026975696810245697,0.011077978924876985,0.013515937226390723,0.013800117350004061,64.92805755395679,5360.93,5585.597062210123,5136.2629377898775,0.6675145418726361,92.55714285714306,0.01702607388564495,0.005140152355594951,0.058367728370064764,0.07205963556046369,89931.4,1.1140380334343734,0.040428271751095535
2024-05-20,5404.6,5486.6,5404.6,5448.8,72403.0,0.0023177955189286,0.0023177955189286337,0.00022028049049116483,-0.006708473093189449,0.030447445062218748,5413.44,0.006531890997221845,5438.5199999999995,0.001890220133418774,5368.9800000000005,0.014866883467623326,5300.253333333333,0.028026333332494824,0.010029952490521228,0.01198585029449395,0.013763355230873457,65.47799696509861,5368.9800000000005,5594.151145202046,5143.808854797955,0.677242958746729,92.92857142857169,0.01705486922415425,-0.006708473093189449,0.030447445062218748,0.08154029376736793,87140.2,0.8308794333728865,-0.27732140896523505
2024-05-21,5452.0,5452.0,5389.2,5415.8,53251.0,-0.0060563793862868,-0.006056379386286892,-0.0039724868503328015,-0.011354508944870334,0.021540666968462352,5409.120000000001,0.0012349513414380286,5432.3,-0.003037387478600273,5374.69,0.00764881323387967,5306.383333333333,0.02061981952554004,0.010176842019431965,0.0121023100789675,0.013796674788607594,55.75477154424524,5374.69,5598.454292339813,5150.925707660186,0.5918600541000751,86.30000000000025,0.015934857269470856,-0.011354508944870334,0.021540666968462352,0.07286053882725829,81090.6,0.656685238486335,-0.2645194259906357
2024-05-22,5403.6,5422.2,5384.8,5397.0,49366.0,-0.003471324642712,-0.003471324642712048,0.0017447471972678041,-0.001443161634103074,0.027882527711118765,5411.0,-0.002587322121604174,5431.52,-0.006355495330957139,5382.01,0.0027852047840861704,5311.933333333333,0.016014257207043192,0.009294455010680379,0.011890979926067823,0.013807778599441737,45.116593443731,5382.01,5598.130063122867,5165.889936877134,0.5346797973853029,78.68571428571451,0.014579528309378267,-0.001443161634103074,0.027882527711118765,0.06575829383886256,74300.2,0.6644127472066025,-0.07295637640607688
2024-05-23,5405.8,5405.8,5274.4,5301.2,73219.0,-0.0177506021863999,-0.0177506021863999,-0.010453221832300463,-0.036670906778121015,0.018286592393392143,5399.8,-0.018259935553168738,5411.34,-0.02035355383324655,5386.77,-0.015885215073225822,5315.070000000001,-0.002609561115846204,0.008338865242176915,0.012464408316271006,0.013973901515255238,41.64067373674364,5386.77,5590.400223173023,5183.139776826978,0.2898887535783607,83.81428571428594,0.01581043645104617,-0.036670906778121015,0.018286592393392143,0.03680813612360656,69685.2,1.0507109113556394,0.4831868087347566
2024-05-24,5292.0,5341.2,5239.4,5243.8,73984.0,-0.0108277371161246,-0.010827737116124614,-0.03539236966999004,-0.04390475148597894,0.019520161760703036,5361.320000000001,-0.021919974931546737,5387.26,-0.026629492543519317,5391.789999999999,-0.027447285595321613,5316.816666666667,-0.01373315486396931,0.008634170563566216,0.012401400754922272,0.014040081648096355,30.543933054393307,5391.789999999999,5573.9798824391155,5209.600117560883,0.09385779819729113,83.41428571428592,0.015907221044716792,-0.04390475148597894,0.019520161760703036,0.020393072582214566,64444.6,1.1480248151125152,0.010448107731599654
2024-05-27,5261.8,5300.0,5210.0,5292.4,69867.0,0.009268088027766,0.00926808802776602,-0.028703567758038617,-0.028489610103532015,0.017026019447326846,5330.04,-0.007061860698981737,5371.74,-0.014769888341580217,5396.22,-0.019239393501377045,5319.7,-0.005131868338440149,0.00959215695161382,0.012300909661836662,0.014074546146523972,35.99033816425117,5396.22,5562.8036992089155,5229.636300791085,0.18838487651244226,86.68571428571451,0.01637928242115383,-0.028489610103532015,0.017026019447326846,0.03379302261983819,63937.4,1.0927407120089336,-0.05564716695501726
2024-05-28,5283.0,5290.8,5230.2,5248.8,64245.0,-0.0082382284029928,-0.00823822840299282,-0.030835702943240118,-0.03468569536911015,0.008608762490392108,5296.639999999999,-0.009032141130981053,5352.879999999999,-0.019443738697672797,5398.460000000001,-0.02772272092411554,5319.526666666667,-0.013295669163547075,0.00973069088354783,0.01247004651111647,0.013675943161660155,37.673830594184565,5398.460000000001,5555.066706853826,5241.853293146176,0.022178829353420453,85.44285714285732,0.016278550743571353,-0.03468569536911015,0.008608762490392108,-0.0019774870702767844,66136.2,0.971404465330636,-0.08046717334363862
2024-05-29,5241.2,5303.6,5234.6,5258.2,72244.0,0.0017908855357413,0.00179088553574136,-0.02571799147674636,-0.02401811567302703,-0.014617143285484024,5268.879999999999,-0.002026996249677282,5339.9400000000005,-0.015307288096870098,5394.5599999999995,-0.025277316407640193,5321.71,-0.011934133953184212,0.00963644807352945,0.011022087852671126,0.013272184929901601,27.499999999999943,5394.5599999999995,5561.254961247436,5227.865038752563,0.09098943669451563,81.78571428571448,0.015553937523432825,-0.02401811567302703,-0.014617143285484024,0.025550007801529162,70711.8,1.0216682364188154,0.12450774379329133
2024-05-30,5252.2,5291.2,5229.2,5254.6,68812.0,-0.0006846449355291,-0.0006846449355291107,-0.00879046253678406,-0.01915179571417891,-0.0367016205910391,5259.5599999999995,-0.0009430446653330149,5329.68,-0.014087149697542767,5384.55,-0.0241338644826401,5320.929999999999,-0.01246586592945198,0.009577664217253125,0.009617424462216612,0.012523967550384815,28.269085411942513,5384.55,5559.836346182229,5209.263653817771,0.12932081468312753,79.25714285714301,0.015083382723165038,-0.01915179571417891,-0.0367016205910391,-0.008827856792545274,69830.4,0.985416093850243,-0.04750567521178228
2024-05-31,5247.8,5307.6,5247.8,5250.8,62684.0,-0.0007231758839874,-0.0007231758839874036,0.0013349097982380265,-0.03410470549280742,-0.02913985651948814,5260.96,-0.0019312064718226551,5311.139999999999,-0.01136102606973255,5376.67,-0.023410400861499703,5319.4400000000005,-0.012903613914246659,0.00764652674044239,0.009489419924135123,0.012486518977796133,30.161290322580598,5376.67,5561.359521544788,5191.9804784552125,0.15923892447391452,77.38571428571446,0.014737890280664747,-0.03410470549280742,-0.02913985651948814,-0.016740946031983728,67570.4,0.9276843114736631,-0.0890542347265012
2024-06-03,5258.8,5259.4,5160.6,5205.2,80800.0,-0.0086843909499505,-0.008684390949950549,-0.016476456805985862,-0.04470709146968144,-0.051115648242671785,5243.52,-0.007308067862809797,5286.780000000001,-0.015430942842335149,5362.65,-0.029360484089023142,5317.389999999999,-0.021098696917096427,0.007516834856748136,0.00885664360486962,0.012531936680535654,28.152051185547577,5362.65,5554.937367185079,5170.36263281492,0.09058672885033592,79.22857142857154,0.015221042693570188,-0.04470709146968144,-0.051115648242671785,-0.023084719042077984,69757.0,1.1583066932350876,0.28900516878310256
2024-06-04,5186.8,5295.2,5183.8,5270.4,85942.0,0.0125259356028586,0.01252593560285864,0.00411522633744843,-0.026847372502677436,-0.037897042716319884,5247.84,0.004298911552181428,5272.24,-0.00034899776944907757,5352.27,-0.015296313526784067,5317.25,-0.008810945507546242,0.009206629141974903,0.009479968038592721,0.012583650525640679,39.283101682516374,5352.27,5540.714101442427,5163.825898557574,0.2827737791383888,82.24285714285718,0.015604670830080674,-0.026847372502677436,-0.037897042716319884,-0.0015912707433508588,74096.4,1.1598674159608295,0.06363861386138603
2024-06-05,5270.4,5280.8,5210.6,5211.6,65210.0,-0.0111566484517302,-0.011156648451730256,-0.008862348332128733,-0.03435241801000544,-0.035746003552397876,5238.52,-0.005138856012766979,5253.7,-0.008013400079943556,5342.61,-0.02452172252887619,5316.05,-0.019648046952154274,0.009592743328920008,0.009351391909893696,0.01266584769464371,37.34353268428374,5342.61,5539.341416162456,5145.878583837543,0.1670333529958066,81.0285714285714,0.01554773417541089,-0.03435241801000544,-0.035746003552397876,-0.013627072450601907,72689.6,0.8971021989390504,-0.24123245910032343
2024-06-06,5226.4,5249.4,5150.8,5174.8,95135.0,-0.0070611712334024,-0.007061171233402441,-0.015186693563734699,-0.02384365803968902,-0.05964019625658723,5222.5599999999995,-0.009144940412364688,5241.06,-0.012642480719549098,5326.2,-0.028425519131838772,5315.380000000001,-0.0264477798388828,0.008335011923413621,0.008142726881244502,0.012586970152988975,25.478424015009324,5326.2,5521.346325666346,5131.053674333653,0.11208595784975879,81.24285714285705,0.015699709581598716,-0.02384365803968902,-0.05964019625658723,-0.0077085330776605065,77954.2,1.2203960787231478,0.4589020088943414
2024-06-07,5175.4,5215.6,5114.4,5143.2,86150.0,-0.0061065161938625,-0.006106516193862599,-0.020492115487163898,-0.019184560814676455,-0.06224701892571938,5201.04,-0.0111208527525265,5231.0,-0.016784553622634313,5309.129999999999,-0.03125370823468243,5313.003333333332,-0.031959952343338593,0.00792700774739425,0.008171562812668709,0.01248183574175278,22.318840579710027,5309.129999999999,5505.65810807409,5112.601891925909,0.07784664589188384,82.61428571428567,0.016062818034353256,-0.019184560814676455,-0.06224701892571938,-0.02697794089825578,82647.4,1.0423800385735063,-0.09444473642718243
2024-06-11,5120.0,5179.2,5100.0,5160.8,75357.0,0.003421994089283,0.003421994089283009,-0.008529931606854668,-0.024865845363162165,-0.05264703722740294,5192.16,-0.006039875504606829,5217.839999999999,-0.010931726538184194,5294.79,-0.025306008359160526,5309.076666666667,-0.02792889912432983,0.00719286008813391,0.008253688036550142,0.012176311118195443,26.23928438315312,5294.79,5490.628708071135,5098.9512919288645,0.15790726123629772,83.78571428571422,0.016235024470181797,-0.024865845363162165,-0.05264703722740294,-0.04365873545326504,81558.8,0.9239591558482959,-0.12528148578061515
2024-06-12,5160.8,5187.4,5148.0,5168.6,67865.0,0.0015113935823902,0.0015113935823902747,-0.019315421979356318,-0.01527968297515614,-0.04943539191525348,5171.8,-0.000618740090490677,5209.820000000001,-0.007911981603970997,5281.35,-0.021348708190140786,5305.793333333333,-0.025857270480443284,0.006985141027518841,0.008305378495782502,0.01216135790860513,28.272450532724477,5281.35,5472.825945995212,5089.874054004788,0.2055765949765319,83.92857142857136,0.016238163415348714,-0.01527968297515614,-0.04943539191525348,-0.03671537199940356,77943.4,0.8706959152410596,-0.09942009368738136
2024-06-13,5175.6,5179.2,5118.2,5138.4,71079.0,-0.0058429748868167,-0.005842974886816732,-0.014045590605572311,-0.022783462021224055,-0.046254361867993254,5157.16,-0.0036376610382459207,5197.839999999999,-0.011435519369584202,5268.89,-0.024766127210854805,5302.2,-0.030892836935611623,0.007000632636787469,0.008197838091220653,0.01217889611312806,32.30434782608691,5268.89,5463.658439029865,5074.121560970136,0.16501246133622252,78.89999999999989,0.015354974311069573,-0.022783462021224055,-0.046254361867993254,-0.040268957788569315,79117.2,0.8984013589965267,0.047358726884255464
2024-06-14,5130.2,5195.4,5107.2,5168.4,102100.0,0.005838393274171,0.0058383932741710165,-0.0012367627734406472,-0.01640467399992407,-0.03524229074889873,5155.88,0.0024282954607166563,5189.219999999999,-0.0040121636777781244,5259.45,-0.017311696089895356,5299.389999999999,-0.024717939234515596,0.007454961991245456,0.008354382511922614,0.012202312836824365,41.28525196486355,5259.45,5454.497821396713,5064.402178603286,0.2665957011260051,77.9285714285713,0.015077890919544019,-0.01640467399992407,-0.03524229074889873,-0.03159078133783033,80510.2,1.268162294963868,0.4364298878712418
2024-06-17,5171.6,5174.2,5143.8,5152.2,87688.0,-0.0031344323194798,-0.003134432319479852,0.0017498833411107029,-0.01877809095756844,-0.052242375188550794,5157.679999999999,-0.0010624932140030907,5179.36,-0.005243891137128864,5245.25,-0.01773985987321869,5295.263333333333,-0.027017227345948802,0.007461446907623074,0.007396965954459981,0.012100419798880489,32.483758120939555,5245.25,5427.017086361189,5063.482913638811,0.24404056899745707,73.67142857142842,0.014299023440749277,-0.01877809095756844,-0.052242375188550794,-0.0458535501314864,80817.8,1.08500850060259,-0.14115572967678747
2024-06-18,5154.0,5200.6,5154.0,5178.8,99315.0,0.0051628430573347,0.005162843057334721,0.0034878313439776765,-0.00507185122569731,-0.049552194978710884,5161.280000000001,0.0033945067890135405,5176.719999999999,0.00040179882242052933,5231.75,-0.01012089644956271,5290.196666666667,-0.021057188170067964,0.007339974272795714,0.007523863598223677,0.011941199350501865,40.86638830897705,5231.75,5388.207191051114,5075.292808948886,0.33078438375292946,72.68571428571418,0.014035242582396343,-0.00507185122569731,-0.049552194978710884,-0.05544612241920188,85609.4,1.160094569054333,0.13259510993522494
2024-06-19,5170.0,5194.8,5112.0,5117.8,107558.0,-0.0117787904533869,-0.011778790453386923,-0.009828580273188114,-0.028954159077109742,-0.05502418848554225,5151.120000000001,-0.006468496171706417,5161.46,-0.008458846915407658,5216.85,-0.018986553188226618,5285.133333333333,-0.031661137530431205,0.006532934887751368,0.007770550405899624,0.011950459842517566,33.85464581416751,5216.85,5355.2198704655675,5078.480129534433,0.14208248635800946,73.67142857142848,0.014395136302987313,-0.028954159077109742,-0.05502418848554225,-0.05603511878412282,93548.0,1.1497626886731944,0.0829985399989932
2024-06-20,5121.0,5132.8,5029.4,5036.8,117161.0,-0.0158271132127085,-0.015827113212708577,-0.019772691888525484,-0.03354056335866151,-0.06674078191587918,5130.8,-0.01832072971076637,5143.9800000000005,-0.020836006360833492,5198.84,-0.03116849143270417,5278.493333333334,-0.04578831838378128,0.007308545526451996,0.008300101822375576,0.0120956204450985,28.738773916438944,5198.84,5332.15508225974,5065.52491774026,-0.10773318837359602,76.62857142857138,0.015213741150844062,-0.03354056335866151,-0.06674078191587918,-0.07329997056226079,102764.4,1.1400932618688964,0.08928206177132347
2024-06-21,5044.4,5073.0,5017.2,5032.0,98281.0,-0.0009529860228717,-0.000952986022871749,-0.026391146196114823,-0.02759526938239165,-0.05078095525541382,5103.5199999999995,-0.014013857102548766,5129.7,-0.01904594810612703,5185.379999999999,-0.0295793172342238,5272.233333333334,-0.04556576276973079,0.007221587432414327,0.0075928668858841275,0.012084901024323658,28.6827747466875,5185.379999999999,5329.131182695455,5041.628817304543,-0.03349126290300622,76.34285714285708,0.015171473995003395,-0.02759526938239165,-0.05078095525541382,-0.06945780013314595,102000.6,0.9635335478418754,-0.16114577376430728
2024-06-24,5043.6,5043.6,4919.0,4934.2,92586.0,-0.0194356120826709,-0.019435612082670972,-0.04231202204883355,-0.04063617981023493,-0.059041153362065724,5059.92,-0.024846242628342008,5108.8,-0.03417632320701547,5169.9,-0.04559082380703683,5265.916666666667,-0.06299314775838338,0.00893298445108869,0.008296636414684887,0.012132822357470733,26.034665723381735,5169.9,5349.397427045115,4990.402572954884,-0.15655537207438042,78.18571428571431,0.015845671899338155,-0.04063617981023493,-0.059041153362065724,-0.07133177745991115,102980.2,0.8990660340531481,-0.05794609334459355
2024-06-25,4942.8,4952.8,4848.2,4889.8,90786.0,-0.0089984191966275,-0.008998419196627583,-0.05580443345948871,-0.05251123856766393,-0.07607134759277445,5002.120000000001,-0.022454479300776597,5081.7,-0.03776295334238533,5149.7699999999995,-0.05048186618043127,5260.053333333333,-0.07038965384381402,0.008628626328157564,0.007868810502705726,0.012069394814926783,15.056922511935497,5149.7699999999995,5359.224038168975,4940.315961831024,-0.1205896106674012,77.70000000000007,0.01589022045891449,-0.05251123856766393,-0.07607134759277445,-0.06711691086691085,101274.4,0.8964358218858863,-0.019441384226556946
2024-06-26,4874.6,4967.2,4849.6,4954.0,90665.0,0.0131293713444311,0.013129371344431151,-0.03200594005236623,-0.04151994737453091,-0.05616521871665903,4969.36,-0.0030909412882140774,5060.24,-0.020995051618105,5135.03,-0.035253932304192936,5255.733333333334,-0.057410320158303385,0.01027884094919904,0.008662059929915299,0.012193437631357483,26.581818181818235,5135.03,5356.2994580204395,4913.76054197956,0.09092863149852991,81.08571428571433,0.01636772593575178,-0.04151994737453091,-0.05616521871665903,-0.04971994168648808,97895.8,0.9261377914067814,-0.0013328046174519992
2024-06-27,4947.4,4947.4,4857.4,4871.8,78125.0,-0.0165926524020992,-0.016592652402099284,-0.0327588945362135,-0.05188385489646574,-0.07348522308014138,4936.36,-0.013078462672900582,5033.58,-0.03214014677426402,5115.71,-0.04767862134483769,5251.986666666667,-0.07238911497617406,0.011007869116293763,0.009107568212865865,0.012042011929772209,24.554921061471347,5115.71,5358.160106858747,4873.259893141253,-0.00301070838897062,80.94285714285726,0.01661456897714546,-0.05188385489646574,-0.07348522308014138,-0.04410783659694706,90088.6,0.8672018435184917,-0.13831136601775773
2024-06-28,4869.2,4955.2,4861.8,4872.6,86637.0,0.0001642103534629,0.00016421035346292356,-0.03167726550079486,-0.05723241235198495,-0.0726982072850455,4904.4800000000005,-0.006500179427788466,5004.0,-0.026258992805755277,5096.610000000001,-0.043952745059951615,5247.216666666666,-0.07139340539270012,0.010507133890644924,0.00912466253366926,0.01192339659661342,26.03613177470787,5096.610000000001,5352.788637508709,4840.431362491292,0.06278555819787042,80.38571428571433,0.01649749913510535,-0.05723241235198495,-0.0726982072850455,-0.055478018143754304,87759.8,0.9872059872515662,0.10895359999999998
2024-07-01,4880.2,4956.8,4859.8,4927.2,75809.0,0.0112055165619997,0.011205516561999751,-0.0014186696931620668,-0.043670664958658456,-0.0616287041974557,4903.08,0.004919356812452591,4981.5,-0.010900331225534465,5080.43,-0.030160832842889396,5242.1466666666665,-0.060079712891156545,0.011812769173313292,0.009702883869151023,0.011868058991439246,30.585106382978708,5080.43,5336.480957921779,4824.379042078222,0.2007822168608897,81.65714285714292,0.01657272748358965,-0.043670664958658456,-0.0616287041974557,-0.0581488702832893,84404.4,0.8981640767542924,-0.124981243579533
2024-07-02,4937.2,4937.2,4864.2,4885.4,68574.0,-0.0084835200519565,-0.008483520051956517,-0.0008998323039798306,-0.05665405113153632,-0.06143856143856152,4902.2,-0.003427032760801363,4952.160000000001,-0.013480986074763557,5064.4400000000005,-0.03535237854530826,5234.410000000001,-0.06667609147926912,0.011366065061737471,0.009696934661863381,0.0114963740906236,27.721837633731866,5064.4400000000005,5327.529133585095,4801.350866414906,0.15973509137333605,84.05714285714294,0.01720578516746693,-0.05665405113153632,-0.06143856143856152,-0.08677284282937059,79962.0,0.8575823516170181,-0.09543721721695309
2024-07-03,4882.6,4893.4,4837.0,4839.2,65362.0,-0.0094567486797395,-0.009456748679739557,-0.02317319337908763,-0.054437453593340956,-0.08181542197935643,4879.24,-0.008206196046925296,4924.3,-0.01728164409154609,5042.879999999999,-0.040389618630623625,5226.246666666667,-0.07405824702750352,0.011252525172753745,0.009054666966950722,0.011538943681380486,27.041129527317366,5042.879999999999,5305.5754818997775,4780.184518100221,0.1123267927430402,83.72857142857148,0.01730215147722175,-0.054437453593340956,-0.08181542197935643,-0.09191217864514922,74901.4,0.8726405647958517,-0.046839910170035304
2024-07-04,4848.4,4867.4,4755.2,4763.8,75963.0,-0.0155810877831045,-0.01558108778310452,-0.02216839771747614,-0.05420108005082591,-0.08592370864993482,4857.64,-0.01931802274355454,4897.0,-0.027200326730651425,5020.49,-0.05112847550737076,5217.0233333333335,-0.08687393258096732,0.011227739043053976,0.009284208550515868,0.01168034522130342,20.97560975609757,5020.49,5298.52268191088,4742.457318089119,0.038381606371228616,85.44285714285719,0.01793586152711222,-0.05420108005082591,-0.08592370864993482,-0.10407733393515373,74469.0,1.0200620392378037,0.16218903950307517
2024-07-05,4770.2,4814.4,4729.0,4797.2,82679.0,0.0070112095386034,0.007011209538603458,-0.015474284776095026,-0.04666136724960257,-0.07296900363299075,4842.5599999999995,-0.009366946408511101,4873.5199999999995,-0.015660138872929608,5001.61,-0.040868840233444836,5209.78,-0.07919336325142323,0.011851274540063194,0.00960295421004334,0.01158101958207489,25.14701764211702,5001.61,5286.714995618012,4716.505004381987,0.1415180317045877,89.37142857142862,0.018629915069504843,-0.04666136724960257,-0.07296900363299075,-0.08306892465308313,73677.4,1.1221758639691413,0.08841146347563944
2024-07-08,4797.8,4797.8,4695.4,4716.8,71060.0,-0.0167597765363127,-0.016759776536312776,-0.04270173729501536,-0.044059827327631584,-0.08290558407217286,4800.48,-0.017431590174315725,4851.780000000001,-0.027820717344974488,4980.29,-0.05290655765025731,5200.423333333334,-0.09299691627668782,0.011506898917226813,0.010027370587962733,0.011668955506421577,19.92187499999993,4980.29,5283.9800213254675,4676.599978674532,0.06618594372974973,93.22857142857148,0.019765216127156437,-0.044059827327631584,-0.08290558407217286,-0.1063620173544011,72727.6,0.9770706031822856,-0.14053145296871028
2024-07-09,4713.6,4834.2,4684.2,4809.2,103989.0,0.0195895522388058,0.019589552238805874,-0.015597494575674387,-0.016483291750173934,-0.06812897225236403,4785.24,0.005007063386580413,4843.719999999999,-0.007126753817313869,4962.71,-0.030932696047119457,5193.683333333333,-0.07402902885235596,0.013607079979115448,0.011256473453580015,0.011907642334446179,30.69802351763815,4962.71,5263.091525116993,4662.328474883007,0.2444749640640996,98.02857142857147,0.020383550575682332,-0.016483291750173934,-0.06812897225236403,-0.07756636489182145,79810.6,1.3029472275612513,0.4633971291866028
2024-07-10,4818.0,4838.4,4783.2,4787.8,72630.0,-0.0044498045412957,-0.004449804541295732,-0.010621590345511578,-0.03354864755752929,-0.07367565685098487,4774.96,0.002689027761489049,4827.1,-0.008141534254521354,4943.67,-0.031529208057981206,5186.043333333334,-0.07679136245808471,0.012593793595952607,0.011196627807272527,0.011873072702314058,33.171127331711205,4943.67,5237.300782123671,4650.0392178763295,0.23458164216864869,94.58571428571427,0.019755569214610944,-0.03354864755752929,-0.07367565685098487,-0.08737753040295826,81264.2,0.8937514920469285,-0.3015607420015578
2024-07-11,4794.0,4895.8,4794.0,4883.4,85810.0,0.0199674171853458,0.019967417185345893,0.02510600780889205,0.0023810501252103933,-0.049626342830453085,4798.88,0.01761244290334396,4828.26,0.011420263200407454,4930.92,-0.009637146820471676,5180.666666666667,-0.057380002573671485,0.013585240527208484,0.012369847058120637,0.012160511764432858,41.05465928244636,4930.92,5210.770287795063,4651.069712204937,0.41509746090595456,98.31428571428569,0.02013234339072894,0.0023810501252103933,-0.049626342830453085,-0.061966961198617,83233.6,1.030953845562369,0.1814677130662261
2024-07-12,4878.6,4888.6,4849.0,4863.2,58733.0,-0.0041364623008559,-0.004136462300855959,0.013758025514883698,-0.0019291548659854385,-0.05905115703118946,4812.08,0.01062326478362774,4827.320000000001,0.007432695574355774,4915.66,-0.010672015558439774,5173.683333333333,-0.060012048153958664,0.013658619755382954,0.012217415406946184,0.011991884936919005,45.285524568393065,4915.66,5173.39661300685,4657.9233869931495,0.3982294378202958,92.24285714285712,0.01896752285385284,-0.0019291548659854385,-0.05905115703118946,-0.07932300935216385,78444.4,0.7487213873775567,-0.3155459736627433
2024-07-15,4871.0,4871.0,4802.0,4814.0,66946.0,-0.0101167955255798,-0.01011679552557987,0.020607191316146523,-0.022974508848839115,-0.06564186172897013,4831.5199999999995,-0.003626188031923605,4816.0,-0.00041528239202659467,4898.75,-0.017300331717274853,5168.3099999999995,-0.06855432433426001,0.01335697417678196,0.01232174233395731,0.011546193284594948,44.99868039060435,4898.75,5134.590441155124,4662.909558844876,0.32032343650456496,89.69999999999995,0.018633153302866627,-0.022974508848839115,-0.06564186172897013,-0.06276769721984266,77621.6,0.8624661176785843,0.13983620792399498
2024-07-16,4813.4,4846.8,4781.6,4825.0,82417.0,0.0022850020772746,0.002285002077274667,0.0032853697080594824,-0.012363368403815356,-0.06831698462964397,4834.679999999999,-0.0020022007661312236,4809.960000000001,0.003126845129689082,4881.0599999999995,-0.0114852101797559,5160.596666666666,-0.06503059400754041,0.013231323614903513,0.012233995001976148,0.01084127138242128,40.845869997161465,4881.0599999999995,5078.384593926996,4683.735406073003,0.3579497900278466,85.95714285714283,0.017814951887490743,-0.012363368403815356,-0.06831698462964397,-0.08752222096145845,73307.2,1.1242688303468145,0.2310967048068593
2024-07-17,4823.6,4839.0,4783.2,4793.8,87122.0,-0.0064663212435233,-0.00646632124352331,0.0012531851789965298,-0.00938171598611337,-0.06330845285083431,4835.88,-0.00870162204190339,4805.42,-0.0024181028921509418,4864.860000000001,-0.014606792384570189,5152.133333333333,-0.06955047747211507,0.013055720193539391,0.0121008392663552,0.010846731431650321,44.03304773561809,4864.860000000001,5031.100414365624,4698.6195856343775,0.28627339124734846,83.0428571428571,0.017322970741970273,-0.00938171598611337,-0.06330845285083431,-0.09578240531160409,76205.6,1.1432493150109702,0.05708773675333978
2024-07-18,4797.0,4824.0,4728.6,4822.6,113563.0,0.0060077600233634,0.006007760023363451,-0.012450341974853396,0.012343087451194501,-0.04252700127064801,4823.719999999999,-0.0002321859477745214,4811.3,0.0023486375823582595,4854.15,-0.00649959313165005,5145.0,-0.06266277939747322,0.012102161133408543,0.011884242758988315,0.010838982634136195,46.33215962441312,4854.15,5000.112410445947,4708.1875895540525,0.39192422931490684,83.18571428571424,0.01724914243057982,0.012343087451194501,-0.04252700127064801,-0.08151449358168594,81756.2,1.389044500600566,0.30349395101122556
2024-07-19,4810.0,4851.6,4779.0,4816.6,96237.0,-0.0012441421639779,-0.001244142163977946,-0.009582168119756429,0.004044025681647634,-0.04280604133545307,4814.4,0.000456962445995579,4813.24,0.0006980744778986026,4843.38,-0.00552919655282047,5138.509999999999,-0.06264656486024134,0.01194937359663531,0.011882937488462276,0.010798420901066589,41.26382306477094,4843.38,4963.606445991815,4723.153554008185,0.38862683339311677,81.44285714285714,0.016908785687592312,0.004044025681647634,-0.04280604133545307,-0.07479830964271983,89257.0,1.078201149489676,-0.15256729744723196
2024-07-22,4811.4,4838.6,4771.2,4795.6,66880.0,-0.0043599219366358,-0.004359921936635813,-0.0038221852928956856,0.01670624151967437,-0.02808965992460777,4810.72,-0.0031429806764891044,4821.120000000001,-0.005293375813089196,4836.45,-0.008446277745040143,5132.713333333333,-0.06567936127350438,0.010521055745751037,0.011184210045357842,0.010713653771022192,42.665795491669414,4836.45,4950.451431200766,4722.448568799234,0.32083558263378653,81.04285714285717,0.016899419706159224,0.01670624151967437,-0.02808965992460777,-0.06762064004355084,89243.8,0.7494078019985702,-0.30504899363030846
2024-07-23,4792.4,4805.0,4654.0,4655.0,81402.0,-0.0293185419968304,-0.029318541996830483,-0.03523316062176163,-0.03206354487232799,-0.04801832385782656,4776.72,-0.02548192064847854,4805.7,-0.03135859500176874,4824.710000000001,-0.035175171150183315,5123.566666666667,-0.0914532194369807,0.012471716469930377,0.012730319834994716,0.01118002017063725,36.96575148598921,4824.710000000001,4961.634011196499,4687.785988803503,-0.11972329950388286,87.80000000000005,0.018861439312567143,-0.03206354487232799,-0.04801832385782656,-0.10546139359698681,89040.8,0.9142101149136126,0.21713516746411488
2024-07-24,4680.4,4680.4,4586.8,4592.6,91226.0,-0.0134049409237377,-0.013404940923737785,-0.041970879052108945,-0.04077029115668984,-0.07295115058538548,4736.4800000000005,-0.03037698881870088,4786.179999999999,-0.040445616337036805,4806.64,-0.044530066741008234,5113.376666666667,-0.10184594263542746,0.012887349518812163,0.012407446481778658,0.011276955068197897,37.658592848904235,4806.64,4965.373492635437,4647.906507364563,-0.1742118391220226,86.4714285714286,0.01882842585276937,-0.04077029115668984,-0.07295115058538548,-0.11748654880860865,89861.6,1.015183348616094,0.12068499545465716
2024-07-25,4603.6,4652.2,4565.2,4583.6,96489.0,-0.0019596742585898,-0.001959674258589894,-0.04955832953178785,-0.06139165335626806,-0.05915677983496859,4688.68,-0.02241142496395576,4756.2,-0.03628947479079925,4792.2300000000005,-0.043535055704755465,5100.833333333333,-0.10140173174317912,0.009848570208378185,0.012033411410060788,0.010687054902203735,34.04064554692168,4792.2300000000005,4976.352717658438,4608.1072823415625,-0.0665514898249141,86.58571428571433,0.018890329497712348,-0.06139165335626806,-0.05915677983496859,-0.14103669277763198,86446.8,1.1161662432848873,0.057691886085107225
2024-07-26,4587.2,4681.8,4587.2,4665.0,86962.0,0.0177589667510253,0.017758966751025396,-0.03147448407590425,-0.04075505839776272,-0.04260559044452661,4658.360000000001,0.0014253943447908313,4736.38,-0.015070581330045352,4781.85,-0.024436149189121403,5087.67,-0.08307732223198439,0.012462872728019065,0.0128878425279814,0.010526434761678034,46.13548194568783,4781.85,4970.252609212105,4593.4473907878955,0.1898928298056374,86.28571428571429,0.018496401776144544,-0.04075505839776272,-0.04260559044452661,-0.14478990980420914,84591.8,1.0280192642785706,-0.09873664355522394
2024-07-29,4658.6,4674.8,4628.4,4637.0,59779.0,-0.0060021436227224,-0.0060021436227224445,-0.033071982650763276,-0.03676776069796428,-0.058897548303295966,4626.64,0.002239205989659876,4718.68,-0.017309925657175373,4767.34,-0.0273401939026795,5074.8133333333335,-0.08627181032602849,0.012308455917455458,0.012522335579087475,0.01050736140135731,35.78738857708812,4767.34,4953.292981040718,4581.387018959283,0.1495350618459297,78.88571428571433,0.017012230814257998,-0.03676776069796428,-0.058897548303295966,-0.14262998298942375,83171.6,0.718742936290753,-0.3125848071571491
2024-07-30,4641.8,4651.0,4575.8,4632.8,74833.0,-0.0009057580332111,-0.0009057580332111348,-0.004769065520945137,-0.03983419689119172,-0.05170508044377109,4622.2,0.0022932802561550503,4699.46,-0.014184608444374414,4754.710000000001,-0.025639839233097428,5060.6,-0.08453543058135404,0.012177580252225118,0.012460775825293155,0.010276670758668727,36.833163438668,4754.710000000001,4941.212681228175,4568.207318771827,0.17316823758996858,80.31428571428576,0.01733601401189038,-0.03983419689119172,-0.05170508044377109,-0.1554615721160858,81857.8,0.9141828878860658,0.25182756486391544
2024-07-31,4629.0,4856.6,4620.8,4855.4,123161.0,0.0480486962528059,0.048048696252805945,0.057222488350824996,0.012849931161083017,0.0033476607703752936,4674.76,0.038641555930143845,4705.620000000001,0.03183002452386696,4755.52,0.021002960769799905,5050.223333333333,-0.03857717183464504,0.020383240878964756,0.016702421565998063,0.012191903436176281,48.0435997764114,4755.52,4943.700893934906,4567.339106065095,0.7653829459290087,89.44285714285719,0.018421315883934836,0.012849931161083017,0.0033476607703752936,-0.11365461847389569,88244.8,1.3956743060214312,0.6458113399168817
2024-08-01,4840.6,4901.4,4776.6,4802.8,94216.0,-0.0108332990072906,-0.010833299007290687,0.04782267213543934,-0.0041056691411271995,0.008186741676812659,4718.6,0.017844275844530078,4703.640000000001,0.021081545356361975,4757.47,0.009528173588062572,5040.19,-0.04709941490300951,0.020659778168923285,0.016497334100418422,0.012156046682913799,45.9625668449198,4757.47,4946.81681185045,4568.1231881495505,0.6197009856067779,95.5285714285714,0.019890183107473015,-0.0041056691411271995,0.008186741676812659,-0.11138247483718178,87790.2,1.0731949579793645,-0.23501757861660755
2024-08-02,4807.8,4830.6,4728.0,4736.8,83769.0,-0.0137419838427583,-0.013741983842758376,0.015391211146838168,-0.01656770335921609,-0.012590677895438884,4732.96,0.0008113315979851876,4695.66,0.008761281694160239,4754.450000000001,-0.00371231162384722,5027.419999999999,-0.057806986486109935,0.021101768205858556,0.016719760946413906,0.011959869459317447,44.95292887029289,4754.450000000001,4943.053951513087,4565.846048486915,0.4532088276560422,97.92857142857143,0.02067399329263879,-0.01656770335921609,-0.012590677895438884,-0.13923314555696886,87151.6,0.961187172696772,-0.11088350174068096
2024-08-05,4714.2,4811.0,4636.6,4646.6,121600.0,-0.0190423914879243,-0.019042391487924304,0.0020703040759111335,-0.031070147635332335,-0.014882971506105847,4734.88,-0.01864461190146316,4680.76,-0.007297960160315808,4750.9400000000005,-0.02196196963127295,5013.453333333334,-0.07317378041483047,0.021823501029637496,0.01684390803887767,0.012150487736592728,39.43127962085308,4750.9400000000005,4945.027385636452,4556.852614363549,0.2312035512822012,105.72857142857141,0.022753964496313735,-0.031070147635332335,-0.014882971506105847,-0.15279145243044157,99515.8,1.2219165197888173,0.45161097780801973
2024-08-06,4651.6,4735.0,4640.4,4695.0,92537.0,0.0104162183101621,0.01041621831016215,0.01342600587117948,0.00859291084854985,-0.023746153206354426,4747.320000000001,-0.01102095498091571,4684.76,0.002185811012730632,4745.2300000000005,-0.010585366778849581,5000.910000000001,-0.06117086690222395,0.020030729867724195,0.0163833373769564,0.012254888682555825,44.26381792847188,4745.2300000000005,4938.819398361403,4551.640601638598,0.3702666560639116,108.5,0.02310969116080937,0.00859291084854985,-0.023746153206354426,-0.13815258095308036,103056.6,0.8979240533842567,-0.23900493421052627
2024-08-07,4681.2,4734.2,4659.2,4691.2,73868.0,-0.0008093716719914,-0.0008093716719914656,-0.033818017053177885,0.021469320210773635,-0.020176281381845573,4714.4800000000005,-0.004937978313621194,4694.620000000001,-0.00072849346699011,4740.4,-0.010378870981351707,4988.473333333333,-0.059592046197166626,0.019408295231705452,0.016364079821013636,0.012256434966269734,42.1430279837359,4740.4,4934.337331169343,4546.462668830656,0.3731549008554752,107.04285714285717,0.022817798674722285,0.021469320210773635,-0.020176281381845573,-0.13723470776474045,93198.0,0.7925921157106376,-0.2017463284956288
2024-08-08,4698.0,4748.0,4645.6,4709.0,82618.0,0.0037943383356071,0.0037943383356071614,-0.019530274006829385,0.027358408238066012,-0.03571282303313261,4695.719999999999,0.002828107297709437,4707.160000000001,0.0003908938723136135,4731.679999999999,-0.004793223548506975,4977.163333333334,-0.05387874887234978,0.019353426566719567,0.015663599289089763,0.012249154324671106,43.65566037735846,4731.679999999999,4913.872328684864,4549.487671315134,0.43775808190248067,109.17142857142855,0.023183569456663528,0.027358408238066012,-0.03571282303313261,-0.12595589873041801,90878.4,0.9091049138189053,0.11845454053175941
2024-08-09,4714.0,4764.4,4658.0,4660.8,74510.0,-0.0102357188362709,-0.010235718836270946,-0.016044587062996163,-0.0009003215434083556,-0.04161868728409268,4680.52,-0.004213207079555303,4706.74,-0.009760471154132033,4721.5599999999995,-0.012868628165267237,4965.556666666667,-0.061374119182340814,0.01898130868026169,0.015772497460943488,0.012285536005671178,42.29890310786104,4721.5599999999995,4895.280821404656,4547.839178595343,0.325121711062867,111.95714285714277,0.024021014172919405,-0.0009003215434083556,-0.04161868728409268,-0.1299932800716792,89026.6,0.8369408693581468,-0.09813842019898811
2024-08-12,4671.4,4688.8,4638.0,4672.4,70785.0,0.0024888431170613,0.0024888431170613234,0.005552446950458201,0.007634246279922374,-0.029414208558371513,4685.679999999999,-0.0028341670792713103,4710.28,-0.008041984765236876,4714.4800000000005,-0.008925692759328863,4952.826666666666,-0.056619519627848836,0.01886914083823468,0.015682957538014592,0.012098700884582347,51.16590726346823,4714.4800000000005,4883.824812982996,4545.135187017005,0.37575645436442695,104.79999999999993,0.02242958650800444,0.007634246279922374,-0.029414208558371513,-0.14050255693315183,78863.6,0.8975623735157917,-0.04999328949134341
2024-08-13,4666.0,4688.2,4628.6,4682.6,79056.0,0.0021830322746341,0.0021830322746341224,-0.0026411075612352564,0.010749438784320553,-0.029512953367875627,4683.2,-0.0001281175264774559,4715.26,-0.006926447322098905,4707.36,-0.005259848407599854,4940.056666666667,-0.05211613631962386,0.0188612498059804,0.01568172116555329,0.012097813472628133,56.48414985590781,4707.36,4868.9355896103425,4545.784410389657,0.42337951524821676,102.3714285714285,0.02186209126797687,0.010749438784320553,-0.029512953367875627,-0.14061811775069732,76167.4,1.0379243613409412,0.11684678957406236
2024-08-14,4656.6,4680.8,4602.0,4602.6,87764.0,-0.0170845256908555,-0.0170845256908555,-0.018886425648021676,-0.05206574123656116,-0.03988485126621888,4665.4800000000005,-0.013477712904138461,4689.9800000000005,-0.018631209514752722,4697.8,-0.020264804802247793,4926.503333333333,-0.06574710528292194,0.010113283082826136,0.016038616823307643,0.012236498432322685,51.24183006535947,4697.8,4860.4631003349,4535.1368996651,0.20737063352414742,101.91428571428567,0.022142764027785526,-0.05206574123656116,-0.03988485126621888,-0.15015325529007717,78946.6,1.1116881537646965,0.11014976725359249
2024-08-15,4616.8,4709.4,4592.2,4636.4,116290.0,0.0073436753139528,0.007343675313952858,-0.015417286047993306,-0.03464645623386364,-0.03860987848878217,4650.960000000001,-0.003130536491391278,4673.339999999999,-0.007904410978015641,4688.49,-0.011110186861868154,4913.826666666667,-0.05645837460010805,0.010626068823088145,0.016076075170173048,0.012303439989427501,48.00669082798993,4688.49,4842.142374568575,4534.837625431424,0.3304939961186468,103.27142857142852,0.022274054993406203,-0.03464645623386364,-0.03860987848878217,-0.14093014637761725,85681.0,1.3572437296483468,0.3250307643225012
2024-08-16,4634.0,4657.8,4611.2,4615.8,79304.0,-0.0044431024070398,-0.004443102407039823,-0.009654994850669452,-0.025544671508191175,-0.041689158327450904,4641.96,-0.005635550500219688,4661.24,-0.009748478945516559,4678.45,-0.01339118725218813,4902.403333333334,-0.05846180206850926,0.010016563347289955,0.016085688864086307,0.012141913906001223,48.507042253521135,4678.45,4822.816952042844,4534.083047957156,0.28301820772178193,103.28571428571422,0.022376557538392957,-0.025544671508191175,-0.041689158327450904,-0.12929148117407374,86639.8,0.9153299061170501,-0.3180497033278872
2024-08-19,4617.4,4690.2,4613.0,4632.2,66482.0,0.0035530135621126,0.0035530135621126835,-0.008603715435322234,-0.0030990401583954608,-0.03407290015847875,4633.92,-0.00037117602375535963,4659.8,-0.005923000987166915,4670.28,-0.008153686716856345,4892.210000000001,-0.053147759397082495,0.008277646140362435,0.016122001124518327,0.012111273877155685,49.958460260315675,4670.28,4804.897267993898,4535.662732006102,0.3585619788327379,103.42857142857136,0.02232817482590807,-0.0030990401583954608,-0.03407290015847875,-0.1166329760860445,85779.2,0.7750363724539282,-0.16168163018258852
2024-08-20,4632.6,4640.0,4523.2,4541.4,84154.0,-0.0196019170156729,-0.01960191701567293,-0.03015418784436008,-0.032715654952076734,-0.024403866809881936,4605.679999999999,-0.013956679578259856,4644.4400000000005,-0.022185667163318046,4664.6,-0.02641169660849818,4879.693333333333,-0.06932676097131785,0.00934244682361832,0.01537201736947142,0.012229207713227485,23.40785907859069,4664.6,4811.0024158559445,4518.197584144056,0.0792419159215717,94.92857142857136,0.020902931128852636,-0.032715654952076734,-0.024403866809881936,-0.1419015947396266,86798.8,0.9695295326663502,0.265816311181974
2024-08-21,4535.4,4554.4,4526.4,4540.4,55868.0,-0.0002201964152023,-0.0002201964152023228,-0.013514100725676936,-0.032145293315143264,-0.01136611069982163,4593.24,-0.011503862197490222,4629.36,-0.019216479167746714,4661.99,-0.026081137025176004,4867.886666666667,-0.06727491601420488,0.009361605259570239,0.015097891693679213,0.012208946593022832,25.649591685226312,4661.99,4815.486317802686,4508.493682197313,0.10393186709436458,88.0142857142857,0.019384698642032797,-0.032145293315143264,-0.01136611069982163,-0.1349641822892853,80419.6,0.6947062656367353,-0.33612187180645003
2024-08-22,4538.6,4550.4,4465.8,4483.2,75108.0,-0.0125980089859923,-0.012598008985992393,-0.03304287809507378,-0.04795073263962624,-0.021904180120429495,4562.6,-0.017402358304475674,4606.78,-0.02682567867360719,4656.969999999999,-0.037313961653177796,4854.97,-0.07657513846635522,0.00943137864068121,0.015338813196610205,0.012267593522513201,26.07547169811309,4656.969999999999,4826.943485238864,4486.996514761135,-0.011167961743561343,86.72857142857136,0.01934523809523808,-0.04795073263962624,-0.021904180120429495,-0.14738884028755084,72183.2,1.0405191235633777,0.34438318894537123
2024-08-23,4479.4,4507.4,4469.2,4488.2,69289.0,0.0011152748037115,0.0011152748037115412,-0.027644178690584553,-0.03703226913834545,-0.03789924973204717,4537.08,-0.010773449002442148,4589.52,-0.02207638271540391,4648.129999999999,-0.03440738533560794,4842.196666666668,-0.07310662722634864,0.009395702418233006,0.01470614503306958,0.012274506850529103,32.194244604316424,4648.129999999999,4833.992485668796,4462.267514331203,0.06976256014085704,76.99999999999993,0.017156098213092094,-0.03703226913834545,-0.03789924973204717,-0.145853157233662,70180.2,0.9873012616093998,-0.07747510251903922
2024-08-26,4489.0,4517.0,4474.6,4495.6,58392.0,0.0016487678802192,0.0016487678802192818,-0.029489227580847044,-0.0378392260936562,-0.03049385378477454,4509.76,-0.0031398566664301297,4571.84,-0.01667599916007556,4641.0599999999995,-0.031341977910218644,4829.61,-0.0691587933601262,0.009337532628904901,0.014691373543979603,0.012284307495257505,25.309559187716687,4641.0599999999995,4839.065809590565,4443.054190409434,0.1326875451261249,73.27142857142846,0.016298475970154918,-0.0378392260936562,-0.03049385378477454,-0.14382570275005713,68562.2,0.8516646198634233,-0.15726883055030383
2024-08-27,4489.4,4489.4,4440.8,4449.0,65934.0,-0.0103656908977667,-0.010365690897766733,-0.02034614876469798,-0.04988681501729819,-0.03967363149715075,4491.280000000001,-0.00941379740296766,4548.4800000000005,-0.02187104263402284,4631.87,-0.03948081444427409,4817.006666666667,-0.07639737541017877,0.009285647448199002,0.01482473574491051,0.01230053528378402,22.88401253918495,4631.87,4847.745023298776,4415.994976701224,0.07644474750813646,71.82857142857132,0.016144880069357458,-0.04988681501729819,-0.03967363149715075,-0.1452777991239529,64918.2,1.0156473839385565,0.12916152897657218
2024-08-28,4447.4,4486.6,4435.4,4450.2,64910.0,0.0002697235333781,0.00026972353337817445,-0.019866091093295735,-0.03311171946291236,-0.08345347448202001,4473.24,-0.00515062907422803,4533.24,-0.018318024194615812,4611.61,-0.03500079148063251,4803.336666666667,-0.07351903295001194,0.008365882586183057,0.009088861232923653,0.012146926036941818,19.906976744185954,4611.61,4814.8410575106045,4408.378942489395,0.1028904194636263,68.17142857142855,0.015318733668470755,-0.03311171946291236,-0.08345347448202001,-0.15562386156648444,66726.6,0.9727754748481114,-0.015530682197348877
2024-08-29,4453.8,4543.2,4430.8,4515.2,91142.0,0.0146060851197697,0.014606085119769796,0.007137758743754441,-0.02614097144336114,-0.05988173565420174,4479.64,0.00793813788608011,4521.120000000001,-0.0013094100576850343,4597.23,-0.01784335349764965,4791.7300000000005,-0.05770984592203665,0.009617063724903889,0.009873819692067336,0.012298871517448504,33.70635631154873,4597.23,4783.491944583528,4410.9680554164715,0.2797993568052386,68.59999999999998,0.01519312544294826,-0.02614097144336114,-0.05988173565420174,-0.1336249904060175,69933.4,1.3032685383522038,0.4041287937143738
2024-08-30,4524.4,4678.6,4510.6,4595.0,122805.0,0.0176736357193481,0.017673635719348102,0.02379573102802901,-0.0045062611031674304,-0.029935821651748018,4501.0,0.02088424794490118,4519.04,0.016808879762073348,4590.139999999999,0.0010587912351258666,4782.066666666667,-0.03911837280952446,0.011504873198309621,0.010556340616275778,0.01254904821494604,42.48543689320392,4590.139999999999,4764.444034437215,4415.835965562784,0.5139411575173585,76.97142857142853,0.016751127001399028,-0.0045062611031674304,-0.029935821651748018,-0.11204297750637704,80636.6,1.5229436757006123,0.3474029536327927
2024-09-02,4618.0,4618.0,4491.0,4495.4,78130.0,-0.0216757344940152,-0.021675734494015275,-4.4487943767435034e-05,-0.029532403609516034,-0.03253992166315167,4500.96,-0.001235292026590007,4505.36,-0.0022107001438287366,4582.58,-0.019024217798707332,4771.27,-0.05781898739748548,0.013186894516503813,0.01080070757839998,0.012796008983559166,34.513567174056845,4582.58,4759.666878470295,4405.493121529705,0.2538496337134771,81.78571428571429,0.01819320066861999,-0.029532403609516034,-0.03253992166315167,-0.12595271426349364,84584.2,0.9236949690367705,-0.3637881193762469
2024-09-03,4507.2,4569.2,4497.2,4538.6,76650.0,0.0096098233750057,0.00960982337500571,0.02013935715891213,-0.0006165499625664372,-0.03331203407880712,4518.879999999999,0.004363913182027668,4505.08,0.007440489403073958,4574.76,-0.00790423978525645,4760.9,-0.046692852191812295,0.012284234596361278,0.010754908862818883,0.012866510447838594,44.36222692036645,4574.76,4744.609349967105,4404.910650032895,0.3935527277348926,81.29999999999998,0.017913012823337588,-0.0006165499625664372,-0.03331203407880712,-0.1205627034568284,86727.4,0.8838037344599285,-0.018942787661589633
2024-09-04,4539.2,4578.0,4494.0,4530.2,80349.0,-0.0018507909928172,-0.0018507909928172639,0.01797672014740903,-0.002246498105893724,-0.03431957708049116,4534.879999999999,-0.0010320008467697983,4504.0599999999995,0.005803652704448936,4566.710000000001,-0.00799481464774443,4750.259999999999,-0.04632588531996129,0.012298390141580677,0.010753209801919628,0.012858020370002709,40.20656584286246,4566.710000000001,4728.387442361201,4405.032557638801,0.387090000105163,78.92857142857143,0.017422756485049543,-0.002246498105893724,-0.03431957708049116,-0.1235150717795922,89815.2,0.8946035860299816,0.048258317025440256
2024-09-05,4530.0,4588.4,4529.2,4552.4,72419.0,0.0049004458964283,0.0049004458964283515,0.008238837703756108,0.015435403283369009,-0.03325546825228298,4542.32,0.0022191303122633954,4510.9800000000005,0.009182040266194846,4558.88,-0.0014214017477978125,4740.493333333333,-0.039678008196052716,0.01155384623784419,0.010785693672255514,0.0128799976895625,44.17065097462299,4558.88,4706.060685231797,4411.699314768203,0.477986241911447,79.8285714285714,0.017535491483299227,0.015435403283369009,-0.03325546825228298,-0.11404328195547253,86070.6,0.8413906723085467,-0.09869444548158657
2024-09-06,4548.4,4572.0,4470.0,4480.8,80872.0,-0.0157279676654071,-0.015727967665407183,-0.024853101196953165,-0.0016487678802191708,-0.038619979402677695,4519.4800000000005,-0.008558506730862891,4510.24,-0.006527368831813707,4549.88,-0.015182818008387056,4729.033333333334,-0.05249134777368181,0.012792557173488836,0.011082069067166491,0.012960067139866256,37.362270450751325,4549.88,4692.770485853352,4406.989514146649,0.2582764185192262,81.59999999999998,0.018211033743974286,-0.0016487678802191708,-0.038619979402677695,-0.1330392384490363,77684.0,1.0410380515936357,0.11672351178558116
2024-09-09,4483.0,4498.6,4431.8,4450.8,83211.0,-0.0066952329941082,-0.006695232994108236,-0.009921252836232464,-0.009965299403861594,-0.04742744628028406,4510.5599999999995,-0.013248909226348693,4505.76,-0.012197720251411526,4538.8,-0.019388384595047103,4717.343333333333,-0.056502848001311445,0.01293775567116872,0.011080534162106215,0.012972126283714079,41.58305462653296,4538.8,4675.939498705887,4401.660501294114,0.17915880971416048,78.0285714285714,0.017531358728446883,-0.009965299403861594,-0.04742744628028406,-0.13613601956445787,78700.2,1.057316245702044,0.028922247502225717
2024-09-10,4444.0,4478.2,4365.8,4447.4,108865.0,-0.0007639076121147,-0.0007639076121147559,-0.020094302207729453,-0.000359631377837788,-0.05022850553111535,4492.32,-0.009999287673184476,4505.6,-0.012917258522727404,4527.04,-0.017592068989891962,4705.153333333334,-0.05478106983406861,0.01250848836558614,0.011036336146554651,0.012936435733229877,41.39844617092123,4527.04,4652.061234407082,4402.018765592918,0.1814941062704434,84.05714285714281,0.018900288451037195,-0.000359631377837788,-0.05022850553111535,-0.14122962848536347,85143.2,1.278610623044471,0.3083005852591605
2024-09-11,4448.0,4474.6,4417.4,4458.0,83696.0,0.0023834150290058,0.002383415029005853,-0.015937486203699613,0.0017527302143724999,-0.03141702515969247,4477.88,-0.004439600882560568,4506.38,-0.010735890004837656,4519.8099999999995,-0.013675353609996721,4694.156666666667,-0.05030864613949115,0.01253074165025117,0.010530656643648878,0.01289251168957575,47.44939271255064,4519.8099999999995,4643.145842743715,4396.474157256284,0.24942401728085992,82.10000000000004,0.01841633019291163,0.0017527302143724999,-0.03141702515969247,-0.12892258392277933,85812.6,0.97533462451901,-0.23119459881504612
2024-09-12,4449.4,4520.0,4434.6,4445.4,91581.0,-0.0028263795423957,-0.0028263795423957294,-0.02350408575696339,-0.015458894401134016,-0.041195755327409156,4456.48,-0.0024862671884536836,4499.4,-0.01200160021336183,4510.26,-0.014380545689162139,4684.3,-0.05100014943534803,0.011479513000973088,0.010322494840369791,0.0127685392154628,45.733652312599695,4510.26,4624.853366208464,4395.666633791537,0.21699932489106766,85.4714285714286,0.019226937636979486,-0.015458894401134016,-0.041195755327409156,-0.11741581956797975,89645.0,1.0215962965028724,0.09420999808831954
2024-09-13,4447.8,4457.0,4391.8,4392.4,91986.0,-0.0119224366761145,-0.01192243667611459,-0.019728619889305632,-0.04409140369967368,-0.04839897742536514,4438.8,-0.010453275660088468,4479.139999999999,-0.01936532459356033,4499.09,-0.02371368432282983,4673.639999999999,-0.060175794455713305,0.009658506512265448,0.010546784492741471,0.012831672689565862,40.57017543859647,4499.09,4613.9191160585015,4384.260883941499,0.03544012328003211,87.10000000000004,0.01982970585556872,-0.04409140369967368,-0.04839897742536514,-0.1271065182829889,91867.8,1.0012866314421374,0.004422314672257288
2024-09-18,4403.4,4415.2,4325.8,4402.0,130063.0,0.0021855932975138,0.002185593297513888,-0.010964321020940138,-0.020776794056146186,-0.04969560899788439,4429.039999999999,-0.006105160486245098,4469.8,-0.01516846391337423,4487.58,-0.019070412115215762,4664.77,-0.05633075156974521,0.00767592031146177,0.01051036496505653,0.01264112319212158,45.39396315170523,4487.58,4591.8981288177665,4383.261871182233,0.08981242776363596,89.57142857142857,0.020347893814499904,-0.020776794056146186,-0.04969560899788439,-0.10785943010011756,101238.2,1.2847225651977219,0.4139434261735482
2024-09-19,4397.8,4519.2,4363.2,4472.2,153339.0,0.0159472966833256,0.015947296683325618,0.005576291765975627,-0.014630062133697774,-0.015237591932003358,4433.999999999999,0.00861524582769535,4463.16,0.00202547074270254,4484.12,-0.0026582696270394113,4657.8099999999995,-0.03984919951651089,0.008909891819027875,0.010470544727380371,0.012810198725703442,51.89917127071822,4484.12,4585.470161114499,4382.769838885501,0.44119397606811117,97.05714285714281,0.02170232611626108,-0.014630062133697774,-0.015237591932003358,-0.08540226594134737,110133.0,1.3923074827708317,0.17895942735443593
2024-09-20,4458.0,4460.4,4413.4,4437.4,110158.0,-0.0077814051249944,-0.007781405124994478,-0.004620906235980327,-0.02048474681029544,-0.022685225971280087,4429.88,0.0016975629136679604,4453.879999999999,-0.00370014459302892,4478.969999999999,-0.00928115169335797,4649.2,-0.04555622472683474,0.009135027987935375,0.010587578957999957,0.012691936871300437,42.91438979963572,4478.969999999999,4578.734123917834,4379.205876082165,0.29165857240305854,93.22857142857141,0.0210097289918807,-0.02048474681029544,-0.022685225971280087,-0.10427937020589428,115425.4,0.9543653303345712,-0.28160481025701223
2024-09-23,4435.6,4500.0,4417.4,4444.6,76859.0,0.0016225717762654,0.001622571776265458,-0.00017996130831854362,-0.023679817239258272,-0.008609921484653671,4429.719999999999,0.003359128793693822,4443.1,0.00033760212464262196,4477.04,-0.007245858871039679,4642.08,-0.042541274601040846,0.008914868990493673,0.010246304197616978,0.012548045358642212,34.21494542401358,4477.04,4577.946510144362,4376.133489855638,0.3392571502394184,87.12857142857145,0.019603242457942545,-0.023679817239258272,-0.008609921484653671,-0.08768832874912758,112481.0,0.6833065139890293,-0.3022839920840974
2024-09-24,4441.2,4675.0,4441.2,4674.2,159022.0,0.0516581919632812,0.05165819196328125,0.06415626992077228,0.04316193536868407,0.041442003475780975,4486.08,0.041934160781796015,4462.4400000000005,0.04745385932359869,4486.34,0.04187377684259319,4638.7733333333335,0.007637076468491655,0.01825789527351152,0.015513989626039872,0.014299212137086327,64.7427440633245,4486.34,4620.41210000608,4352.26789999392,1.2005931882601975,94.75714285714288,0.020272376632823347,0.04316193536868407,0.041442003475780975,-0.0407174814267538,125888.2,1.2632002046260093,1.0690094849009224
2024-09-25,4638.0,4820.0,4638.0,4700.8,152730.0,0.0056908134012239,0.005690813401223904,0.06787823716492514,0.05616967736137313,0.04564463030518717,4545.84,0.03408830931137041,4487.4400000000005,0.047546039612785806,4496.6,0.0454120891340124,4635.0,0.014196332254584831,0.017838328267398763,0.015533503456571746,0.01423968726448312,63.75042387249909,4496.6,4661.514523314474,4331.685476685527,1.1191086021290348,102.4857142857143,0.02180176018671594,0.05616967736137313,0.04564463030518717,-0.04594901769767812,130421.6,1.1710483539536396,-0.03956685238520452
2024-09-26,4709.2,4977.8,4693.4,4970.2,161088.0,0.0573093941456772,0.05730939414567726,0.11135459058181651,0.11755182803435726,0.11714992133063595,4645.4400000000005,0.06990941654611826,4539.719999999999,0.09482523151207567,4522.66,0.09895503973325437,4636.413333333333,0.07199243093080576,0.023939076622728275,0.01948653308891492,0.016047469054432585,75.8580159849553,4522.66,4789.269719884481,4256.050280115519,1.3393167364526586,116.80000000000005,0.023500060359744085,0.11755182803435726,0.11714992133063595,0.017357841732509094,131971.4,1.220628105786557,0.054724022785307413
2024-09-27,4911.6,5402.6,4911.6,5401.8,253379.0,0.0868375518087805,0.0868375518087805,0.2173344751431019,0.21170928667563937,0.21383308615343144,4838.32,0.11646191239934534,4634.1,0.16566323557972407,4570.24,0.18195105727489147,4645.79,0.16273012770702078,0.03341569661647584,0.026545474047720636,0.019489807158916513,83.70099984129502,4570.24,5042.634368699485,4097.8456313005145,1.3801544377945358,147.6428571428572,0.02733215912156266,0.21170928667563937,0.21383308615343144,0.11625888576624233,160615.6,1.5775491297233892,0.5729228744537147
2024-09-30,5351.2,5885.8,5351.2,5885.8,252295.0,0.0895997630419489,0.08959976304194894,0.32425865094721673,0.32402033562784016,0.30355244507441537,5126.56,0.1480993102587309,4778.14,0.23181823889630682,4638.77,0.268827728039976,4664.49,0.2618314113654441,0.03878995046760293,0.03196497165813055,0.02239404571798861,92.0004782972617,4638.77,5391.831761918102,3885.7082380818997,1.3279732573485918,178.54285714285723,0.03033450969160645,0.32402033562784016,0.30355244507441537,0.23552626054830172,195702.8,1.289174196792279,-0.004278176170874448
2024-10-08,5882.2,6470.2,5870.6,6063.6,344969.0,0.0302082979374087,0.030208297937408757,0.29724872705489713,0.38047536654220937,0.31960826985854207,5404.4400000000005,0.1219663831960387,4945.26,0.22614382256949073,4712.2,0.28678748779763175,4685.596666666667,0.2940934594598055,0.03602713327553045,0.03216698310709278,0.022649743916768664,94.29795649307839,4712.2,5697.793062176556,3726.606937823444,1.1855770661654244,216.60000000000005,0.035721353651296264,0.38047536654220937,0.31960826985854207,0.26398732594013197,232892.2,1.4812389594842592,0.36732396599219164
2024-10-09,6083.6,6085.2,5666.8,5772.4,304768.0,-0.0480242760076523,-0.048024276007652356,0.22796119809394133,0.31131303952748746,0.28406815856208567,5618.76,0.02734411151214844,5082.3,0.13578497924168187,4776.05,0.20861381266946522,4703.19,0.22733719028999477,0.043560698157300994,0.03419916087494195,0.02348337391810343,81.42491224741482,4776.05,5862.774227837244,3689.3257721627565,0.9584189688965047,238.45714285714288,0.041309878535296045,0.31131303952748746,0.28406815856208567,0.22379579375848024,263299.8,1.1574942328098996,-0.11653510895181884
2024-10-10,5825.8,5903.2,5624.0,5693.8,220550.0,-0.0136165199916844,-0.01361651999168445,0.1455877027081407,0.27315415231876927,0.2545278279645704,5763.4800000000005,-0.01208991789682623,5204.46,0.09402320317573776,4833.8099999999995,0.1779114197703262,4717.933333333333,0.20684197883253974,0.04545475956884218,0.0347150243223619,0.023492279911628607,78.39353000643321,4833.8099999999995,5988.093879887634,3679.526120112365,0.872521012804804,254.3142857142857,0.044665124471229355,0.27315415231876927,0.2545278279645704,0.1839391166930051,275192.2,0.801439866391562,-0.27633478580428394
2024-10-11,5710.0,5710.0,5377.8,5458.0,197494.0,-0.0414134672801995,-0.04141346728019957,0.010403939427598097,0.22999954928561772,0.20480331994172452,5774.72,-0.054845949240829084,5306.52,0.02854601509086918,4880.2,0.11839678701692558,4729.103333333333,0.15412999363515723,0.04926324411422435,0.03661822575812555,0.024168074347058997,71.10110861048595,4880.2,6057.454347154754,3702.9456528452456,0.7454015147178923,271.9428571428571,0.04982463487410354,0.22999954928561772,0.20480331994172452,0.13998078449392204,264015.2,0.7480402643484163,-0.10453865336658352
2024-10-14,5434.0,5613.0,5379.4,5575.6,167597.0,0.0215463539758153,0.02154635397581539,-0.052703115974039205,0.2544660936867209,0.22476056585537307,5712.68,-0.02399574280372785,5419.62,0.02878061561511691,4931.36,0.13064144576749626,4740.64,0.1761281177225016,0.048748315367406855,0.03668583987207061,0.024188305711646704,74.00974025974025,4931.36,6137.217497734344,3725.502502265656,0.767129408412871,283.9714285714286,0.05093109774220327,0.2544660936867209,0.22476056585537307,0.14174550518081674,247075.6,0.6783227481790999,-0.15138181413106222
2024-10-15,5554.4,5639.0,5420.4,5423.0,148420.0,-0.0273692517397231,-0.027369251739723155,-0.10564681047562507,0.16019853664798256,0.21027495090162462,5584.5599999999995,-0.02892976349076737,5494.5,-0.013013013013013053,4978.469999999999,0.0892904848276681,4749.97,0.14169142120897593,0.05014828270507873,0.03721756956569816,0.024480404788021003,69.58189489835058,4978.469999999999,6183.831442363604,3773.108557636395,0.6843969718860086,293.2000000000001,0.05406601512078187,0.16019853664798256,0.21027495090162462,0.11510939299226841,207765.8,0.7143620364853118,-0.11442328919968736
2024-10-16,5473.6,5538.0,5376.8,5439.2,155601.0,0.0029872764152683,0.002987276415268303,-0.057722957522001184,0.15707964601769908,0.22207243641592522,5517.92,-0.014266245251834064,5568.339999999999,-0.023191830958598003,5027.89,0.08180568787304399,4760.39,0.14259545961570375,0.0502177355564105,0.03704842568593966,0.024427922292028982,68.9385037211124,5027.89,6223.165502969932,3832.614497030068,0.6720565672842818,293.5714285714286,0.053973273380539165,0.15707964601769908,0.22207243641592522,0.1298712089738263,177932.4,0.874495032945096,0.04838296725508684
2024-10-17,5427.0,5531.2,5382.8,5386.2,156430.0,-0.0097440800117664,-0.00974408001176641,-0.05402367487442483,0.08369884511689674,0.2110896253991097,5456.4,-0.012865625687266347,5609.9400000000005,-0.03988277949496799,5074.83,0.06135574984777814,4769.743333333333,0.1292431528461,0.048507863505412856,0.03724871640314736,0.024477550803701908,68.4505289359054,5074.83,6247.64459942806,3902.015400571939,0.632744766373067,299.9714285714286,0.05569259005819104,0.08369884511689674,0.2110896253991097,0.11631088082901542,165108.4,0.9474381678945469,0.005327729256238811
2024-10-18,5414.8,5846.8,5389.2,5601.8,235795.0,0.0400282202666073,0.04002822026660735,0.026346647123488554,0.03702469547187981,0.2565724540152534,5485.16,0.02126464861553723,5629.94,-0.0049982770686720635,5132.0199999999995,0.0915390041348243,4783.210000000001,0.17113821053225742,0.04199410135938203,0.03777692424486018,0.024932768065394725,70.81594474025039,5132.0199999999995,6289.640164229873,3974.3998357701257,0.7029076611293004,326.9714285714286,0.05836899363979945,0.03702469547187981,0.2565724540152534,0.1685510450999208,172768.6,1.3648024004361903,0.5073515310362462
2024-10-21,5716.8,5783.8,5619.2,5673.2,154610.0,0.012745903102574,0.012745903102574063,0.017504842528158315,-0.036120833191749746,0.27619561794214254,5504.68,0.030613950311371374,5608.68,0.01150359799453704,5193.41,0.09238438713677533,4797.386666666666,0.18256050516392253,0.029990097626261397,0.037612205168132636,0.02496217317414429,69.05470359349965,5193.41,6327.7036812697315,4059.1163187302677,0.7114928470124782,323.2714285714286,0.056982202032614504,-0.036120833191749746,0.27619561794214254,0.17637788744660554,170171.2,0.9085556192822286,-0.344303314319642
2024-10-22,5682.0,5753.6,5645.8,5732.4,124213.0,0.0104350278502431,0.010435027850243195,0.05705329153604999,-0.05462101721749468,0.3050723977779801,5566.5599999999995,0.029792187634733125,5575.5599999999995,0.028129909820717502,5260.41,0.08972494539399012,4812.65,0.19111092641268335,0.02813218474085365,0.037164430522950175,0.02497397412155043,69.43481537302183,5260.41,6353.023326700818,4167.796673299182,0.7159913248656729,317.9714285714286,0.05546916275406961,-0.05462101721749468,0.3050723977779801,0.19013411950338388,165329.8,0.7513043625529094,-0.19660435935579845
2024-10-23,5719.2,5839.4,5705.2,5748.4,143239.0,0.0027911520480077,0.002791152048007728,0.056846595087512775,-0.004157716027995306,0.3058609722853247,5628.4,0.021320446308009444,5573.16,0.03144356164186912,5327.73,0.07895858085901497,4828.530000000001,0.19050725583148465,0.023801995486909967,0.03715450747450202,0.024954319168173825,66.20844788802799,5327.73,6362.005266424203,4293.454733575796,0.7033646233533076,307.24285714285713,0.05344841297454199,-0.004157716027995306,0.3058609722853247,0.19868212528150786,162857.4,0.8795363305566711,0.15317237326205801
2024-10-24,5755.0,5755.0,5668.0,5700.8,114485.0,-0.0082805650267899,-0.008280565026789977,0.058408525491069785,0.001229407425620943,0.27471937748759,5691.32,0.0016656944258977013,5573.86,0.022774163685489235,5389.16,0.05782719384839208,4845.960000000001,0.1764026116600217,0.02352502998684065,0.03748368601783405,0.024633634311257025,57.41346821382525,5389.16,6353.0307107010685,4425.289289298931,0.6616606856812414,278.38571428571424,0.04883274527885809,0.001229407425620943,0.27471937748759,0.22466165413533834,154468.4,0.7411548251940203,-0.20074141818918034
2024-10-25,5695.2,5829.0,5695.2,5786.6,128361.0,0.0150505192253718,0.015050519225371817,0.03298939626548614,0.06020520337119839,0.30405192229684075,5728.280000000001,0.010181066567974906,5606.719999999999,0.03208292905656096,5456.620000000001,0.060473333308898036,4865.86,0.1892245152963712,0.018652925321333037,0.03716825392159611,0.02457309190006318,46.93524468610974,5456.620000000001,6324.050139398474,4589.1898606015275,0.6902055191607862,249.7571428571428,0.043161293826624064,0.06020520337119839,0.30405192229684075,0.259983451639594,132981.6,0.9652538396289411,0.12120365113333631
2024-10-28,5781.6,5855.8,5755.6,5845.6,108898.0,0.0101959699996543,0.01019596999965433,0.03038849326658677,0.04842528158404469,0.31521396751113717,5762.76,0.01437505639658787,5633.719999999999,0.03760925285601724,5526.67,0.05770744408477446,4886.893333333334,0.196179167678443,0.017934606847713894,0.037067253062301145,0.024571989196909273,42.731395038676986,5526.67,6266.946958413475,4786.393041586525,0.7154126211651348,214.08571428571426,0.03662339439676239,0.04842528158404469,0.31521396751113717,0.27532943537830534,123839.2,0.8793499958010065,-0.1516270518303846
2024-10-29,5838.8,5888.2,5765.6,5787.4,120776.0,-0.0099562063774464,-0.00995620637744643,0.009594585165026759,0.06719527936566472,0.2381584014376792,5773.76,0.0023624120157401673,5670.16,0.020676665208741785,5582.33,0.03673555665824124,4905.6,0.17975375081539458,0.01507200704853352,0.036364238744293155,0.024576168295125402,50.592136428233076,5582.33,6211.843045222473,4952.816954777527,0.6628798652834327,192.95714285714283,0.033340903144269074,0.06719527936566472,0.2381584014376792,0.24060021436227208,123151.8,0.9807083615505416,0.10907454682363316
2024-10-30,5781.4,5843.8,5734.6,5801.6,121135.0,0.0024536061098248,0.002453606109824813,0.009254749147588948,0.06662744521253128,0.23417290673927837,5784.4,0.0029735149713021602,5706.4,0.016683022571148287,5637.37,0.02913237910585975,4925.01,0.17798745586303388,0.01508725704163742,0.03639794808219734,0.024542708568025016,54.483447013808025,5637.37,6117.009746827604,5157.730253172395,0.6712014080215803,180.8142857142857,0.03116627925301394,0.06662744521253128,0.23417290673927837,0.2511537632089713,118731.0,1.0202474501183347,0.002972444856593981
2024-10-31,5789.6,5905.2,5770.8,5845.6,153591.0,0.0075841147269719,0.007584114726971958,0.02539994386752742,0.08529204262745549,0.17612973320993142,5813.360000000001,0.005545846119971998,5752.34,0.01621253263889133,5681.14,0.028948415282848083,4945.223333333333,0.1820699705507065,0.013957923956713737,0.034742435267102266,0.024538243169212135,69.18052256532066,5681.14,6051.825148851358,5310.454851148643,0.7218324641675185,166.68571428571425,0.028514731470800986,0.08529204262745549,0.17612973320993142,0.26178552926955634,126552.2,1.2136572892450705,0.26793247203533244
2024-11-01,5868.4,5882.8,5759.8,5805.2,145047.0,-0.0069111810592583,-0.0069111810592583645,0.003214322745653586,0.03630975757792121,0.07467881076678129,5817.08,-0.002042261753319563,5772.68,0.005633431958812718,5701.3099999999995,0.018222127896921902,4961.053333333333,0.17015472520620611,0.00917866060403426,0.029587556824106475,0.02388981354734752,62.30175739391336,5701.3099999999995,6051.32022481306,5351.299775186939,0.6484099501028686,158.78571428571422,0.027352324516935544,0.03630975757792121,0.07467881076678129,0.19561725089590976,129889.4,1.116696204617159,-0.05562825946832817
2024-11-04,5808.0,5900.8,5807.2,5898.4,104071.0,0.0160545717632467,0.01605457176324676,0.009032434651703669,0.03969540999788479,0.0021407455231232664,5827.64,0.012142136439450502,5795.2,0.01780784097183874,5701.94,0.034454939897648806,4979.3133333333335,0.18458100648416043,0.009594747910190899,0.02198430073996459,0.023873232474519036,77.20302128633548,5701.94,6053.390818001166,5350.489181998833,0.779498566993445,149.99999999999994,0.025430625254306245,0.03969540999788479,0.0021407455231232664,0.2281169317897891,128924.0,0.8072275138841488,-0.2825015339855357
2024-11-05,5870.0,6100.6,5870.0,6074.6,151258.0,0.0298725077987251,0.02987250779872519,0.049625047517019905,0.05969576442676727,0.0018141038327066372,5885.08,0.032203470471089624,5829.42,0.042059072772248296,5702.49,0.06525395046725202,5001.610000000001,0.2145289216872166,0.012565360564276153,0.021960403480273668,0.0239967165326574,80.73128264654669,5702.49,6056.350049053003,5348.629950946996,1.0257869615344222,154.95714285714283,0.02550902822525645,0.05969576442676727,0.0018141038327066372,0.2824269549062659,135020.4,1.1202603458440354,0.4534116132255863
2024-11-06,6067.6,6167.2,6026.2,6078.2,164289.0,0.000592631613604,0.0005926316136040111,0.0476765030336459,0.057372486257045496,0.05297623172337329,5940.4,0.023197091104976142,5862.4,0.03681086244541487,5717.78,0.06303495412555216,5025.47,0.20947891440999533,0.012644500199660211,0.018789005666484462,0.023804296881852472,85.14831369362042,5717.78,6108.831309596127,5326.728690403873,0.9608346669037339,154.42857142857142,0.025406957886968416,0.057372486257045496,0.05297623172337329,0.30809624241380784,143651.2,1.143666046646321,0.08615081516349554
2024-11-07,6087.0,6197.6,6036.0,6188.0,135260.0,0.0180645585864236,0.01806455858642364,0.05857397016559451,0.08546168958742628,0.08679616424883196,6008.88,0.029809215694106106,5911.12,0.046840531066870694,5742.49,0.07758132796051886,5050.3533333333335,0.22526080683463734,0.012150824084891312,0.0186714650773643,0.023855534914221037,83.35989073526058,5742.49,6186.086658427928,5298.893341572071,1.0021566230670587,133.07142857142858,0.02150475574845323,0.08546168958742628,0.08679616424883196,0.3179978700745474,139985.0,0.9662463835410937,-0.17669472697502575
2024-11-08,6171.4,6283.0,6133.6,6154.2,150944.0,-0.0054621848739495,-0.00546218487394956,0.06011851443533378,0.063526077489372,0.12755588127519224,6078.68,0.012423749893068825,5947.88,0.03468798967026898,5777.3,0.06523808699565525,5074.736666666666,0.21271317198068096,0.012607486024785852,0.015495647850474532,0.023881907891224022,78.59690844233049,5777.3,6235.909183464414,5318.690816535586,0.9109163243884817,130.7428571428571,0.021244492727382457,0.063526077489372,0.12755588127519224,0.3118605047748977,141164.4,1.069278089943357,0.11595445808073346
2024-11-11,6166.6,6247.8,6121.0,6216.4,133828.0,0.010106918852166,0.01010691885216608,0.0539129255391293,0.06343232516764741,0.114929334959466,6142.28,0.01206718026530873,5984.96,0.03867026680211727,5809.34,0.07006992188441363,5099.86,0.21893542175667569,0.012604419325346925,0.015102955673765427,0.023891270934983957,78.67298578199046,5809.34,6297.219624497684,5321.460375502316,0.917172576554211,132.09999999999997,0.021250241297213816,0.06343232516764741,0.114929334959466,0.320110426842217,147115.8,0.9096779543733576,-0.11339304642781434
2024-11-12,6223.4,6288.8,6127.2,6159.2,154161.0,-0.00920146708706,-0.009201467087060045,0.013926842919698368,0.06424301067837024,0.13575511709385935,6159.2,0.0,6022.14,0.02275935132693685,5846.15,0.053548061544777426,5124.833333333333,0.20183420599043878,0.012498477331526512,0.013476834359013194,0.023880526663984925,73.20379575237232,5846.15,6322.2459456597835,5370.054054340216,0.8287677650417384,134.05714285714288,0.0217653498599076,0.06424301067837024,0.13575511709385935,0.32148987298317877,147696.4,1.0437695163863168,0.15193382550736767
2024-11-13,6154.6,6191.0,6091.6,6158.8,135811.0,-6.494349915564523e-05,-6.494349915564523e-05,0.0132605047546972,0.06156922228350803,0.1322988674805119,6175.32,-0.002675165011691627,6057.860000000001,0.01666264984664534,5882.13,0.04703568265237257,5149.6066666666675,0.19597483820770756,0.012609821925180086,0.013535506463761443,0.023887226525115622,77.32696897374696,5882.13,6337.026268568883,5427.233731431117,0.8041022966295284,134.94285714285712,0.02191057627181547,0.06156922228350803,0.1322988674805119,0.3181234483349029,142000.8,0.9564101047318044,-0.11903140223532538
2024-11-14,6167.4,6167.4,6003.6,6025.4,138296.0,-0.0216600636487628,-0.02166006364876283,-0.026276664511958647,0.030758177090461025,0.11867364746945896,6142.8,-0.019111805691215844,6075.839999999999,-0.008301732764523062,5914.09,0.018821154226601022,5171.986666666667,0.16500687034511552,0.015318228348054802,0.014507103518628736,0.024130072439743317,63.482384823848165,5914.09,6308.009927209362,5520.170072790638,0.6412850586013132,137.0857142857142,0.022751305188985663,0.030758177090461025,0.11867364746945896,0.2867637637210094,142608.0,0.9697632671378885,0.018297486948774422
2024-11-15,6021.0,6044.8,5883.2,5886.2,151438.0,-0.023102200683772,-0.023102200683772,-0.04354749601897889,0.013953007648315197,0.0507693955514299,6089.2,-0.03333771267161534,6083.9400000000005,-0.03250196418768114,5928.3099999999995,-0.0071032047919220576,5193.38,0.13340444951072317,0.01723438748034932,0.01348157524098136,0.02423354987732437,52.101884448125865,5928.3099999999995,6294.3068242600175,5562.3131757399815,0.44247217843332554,141.47142857142853,0.024034424343622122,0.013953007648315197,0.0507693955514299,0.27888584712988296,142706.8,1.0611827887668983,0.09502805576444717
2024-11-18,5915.4,5918.4,5741.2,5790.0,140266.0,-0.0163433114742957,-0.016343311474295796,-0.06859275464899295,-0.018377865183778597,0.020588027920750207,6003.92,-0.03563005503071326,6073.1,-0.0466154023480595,5934.15,-0.02429160031343991,5212.606666666666,0.11076863654908453,0.017243681527796643,0.013888454314816733,0.024377129140541322,50.12950787009366,5934.15,6286.479507854877,5581.820492145122,0.2954329728474313,145.37142857142857,0.025107327905255366,-0.018377865183778597,0.020588027920750207,0.24881373479423696,143994.4,0.9741073263960266,-0.07377276509198483
2024-11-19,5778.4,5881.8,5737.0,5857.6,136545.0,0.0116753022452504,0.011675302245250485,-0.048967398363423786,-0.03572251670891913,0.021840764775661325,5943.6,-0.014469345178006576,6051.4,-0.03202564695772869,5940.41,-0.013940115244570617,5233.303333333333,0.11929304053335343,0.014237445223700719,0.013934969722178807,0.024371375614266125,52.64850548618993,5940.41,6281.929662067858,5598.890337932142,0.3787624708068117,147.91428571428574,0.02525168767315722,-0.03572251670891913,0.021840764775661325,0.2690324537458295,140471.2,0.9720497867178467,-0.026528167909543265
2024-11-20,5838.4,5940.6,5835.0,5902.8,123394.0,0.0077164709095876,0.007716470909587603,-0.04156653893615636,-0.028857227468658375,0.026859647902025108,5892.4,0.0017649854049284208,6033.860000000001,-0.021720755867719932,5948.13,-0.007620882529467243,5254.48,0.12338423592819847,0.01463971287403272,0.014008399796965885,0.02437524454555156,52.70219198790627,5948.13,6278.16163548522,5618.09836451478,0.43132476537687864,145.85714285714292,0.024709822941170786,-0.028857227468658375,0.026859647902025108,0.2742973101334141,137987.8,0.8942384761551384,-0.09631257094730672
2024-11-21,5894.8,5921.0,5851.8,5894.2,94331.0,-0.0014569356915362,-0.0014569356915362652,-0.02177448800079662,-0.04747899159663871,0.03392506314903154,5866.16,0.004779958269123252,6004.4800000000005,-0.018366286506075524,5957.8,-0.010675081405888132,5277.026666666668,0.11695474977070397,0.012720054703224569,0.01384182817339144,0.024185074174823632,54.33469705825053,5957.8,6268.059762134887,5647.540237865113,0.39750523954126227,142.01428571428576,0.02409390344988052,-0.04747899159663871,0.03392506314903154,0.2978817104857534,129194.8,0.7301454857316239,-0.23553009060408125
2024-11-22,5883.4,5897.6,5665.0,5669.8,126565.0,-0.0380713243527535,-0.03807132435275351,-0.03676395637253227,-0.07871047414773646,-0.02018456433829885,5822.879999999999,-0.02628939631247751,5956.04,-0.0480587773084129,5951.96,-0.04740623256876719,5295.85,0.07061189421905834,0.01652526313947873,0.01607412765537921,0.024799730647790185,40.127828640525166,5951.96,6279.693128916608,5624.226871083392,0.06952780310501357,151.80000000000004,0.026773431161593007,-0.07871047414773646,-0.02018456433829885,0.2487446039996477,124220.2,1.0188761570179408,0.34171163244320524
2024-11-25,5711.4,5711.4,5588.6,5648.8,128168.0,-0.0037038343504179,-0.0037038343504179894,-0.02438687392055261,-0.0913068657100572,-0.03366634733816887,5794.640000000001,-0.025168086369472653,5899.28,-0.04245941877652859,5942.120000000001,-0.04936285366165616,5315.276666666667,0.0627480664223814,0.015377373642254891,0.015868498127941076,0.024725278639661005,28.76521045282263,5942.120000000001,6294.211433101055,5590.028566898946,0.08346047017307823,144.09999999999997,0.025509842798470465,-0.0913068657100572,-0.03366634733816887,0.2599928622412564,121800.6,1.052277246581708,0.012665428831035497
2024-11-26,5623.6,5683.0,5588.4,5611.4,110566.0,-0.0066208752301374,-0.006620875230137435,-0.04203086588363847,-0.08894012209377844,-0.030410892628814357,5745.4,-0.023323006231071863,5844.5,-0.039883651296090394,5933.32,-0.05425630169955442,5333.996666666667,0.05200665667207627,0.01540310333380587,0.0157933027523491,0.024761532167076196,27.47973755306832,5933.32,6309.656476545849,5556.983523454151,0.07229763780181891,140.78571428571428,0.025089231615232258,-0.08894012209377844,-0.030410892628814357,0.25025622744084486,116604.8,0.9482113943851368,-0.13733537232382498
2024-11-27,5612.4,5744.0,5531.8,5726.8,148402.0,0.0205652778272802,0.020565277827280237,-0.02981635833841567,-0.07014353445476396,-0.012892995035852173,5710.2,0.002907078561171339,5801.3,-0.012841949218278637,5929.58,-0.034198037635043255,5354.516666666666,0.0695269725558798,0.017931172972292457,0.01652944171818373,0.024851042036169092,27.869481765834962,5929.58,6312.850972440891,5546.3090275591085,0.2354613125165998,144.39999999999995,0.025214779632604586,-0.07014353445476396,-0.012892995035852173,0.2738677818311237,121606.4,1.2203469554233988,0.34220284716820726
2024-11-28,5704.2,5756.8,5657.0,5680.6,108950.0,-0.0080673325417335,-0.00806733254173353,-0.03623901462454604,-0.05722441663623978,-0.028226358286574493,5667.4800000000005,0.002314961852533992,5766.820000000001,-0.014951047544400575,5921.33,-0.04065471777455398,5375.043333333333,0.05684729363422192,0.017205331166970417,0.016496118929961067,0.024829753527938054,27.541729893778495,5921.33,6319.043512865463,5523.616487134537,0.1973575297133128,140.85714285714286,0.0247961734424432,-0.05722441663623978,-0.028226358286574493,0.2768262530905823,124530.2,0.874888179734715,-0.2658454737806768
2024-11-29,5687.2,5846.6,5658.6,5779.6,148298.0,0.017427736506707,0.017427736506707037,0.019365762460757052,-0.01811015595800336,-0.004409839454282305,5689.4400000000005,0.015846902331336565,5756.16,0.004072159217256122,5920.05,-0.02372446178664034,5397.2,0.07085155265693333,0.01743340421280931,0.016951917850855407,0.024880394655480604,29.9853372434018,5920.05,6319.498206246669,5520.601793753332,0.32419497972001327,145.22857142857143,0.02512778936752914,-0.01811015595800336,-0.004409839454282305,0.29872814704957085,128876.8,1.1506958583701643,0.36115649380449755
2024-12-02,5782.0,5902.8,5778.4,5866.6,121048.0,0.0150529448404734,0.015052944840473481,0.038556861634329476,0.013229706390328166,-0.0053912925539127965,5733.000000000001,0.02330368044653741,5763.82,0.017831923967091434,5918.460000000001,-0.00876241454702753,5419.723333333332,0.08245377839090207,0.01732760629690036,0.016903139611597104,0.024883487971890824,36.949152542372914,5918.460000000001,6318.523744394497,5518.396255605505,0.43518532892990386,142.57142857142858,0.024302224213586843,0.013229706390328166,-0.0053912925539127965,0.29930014174344444,127452.8,0.9497476712947852,-0.18375163522097393
2024-12-03,5866.4,5890.0,5803.8,5856.8,112159.0,-0.0016704735281083,-0.0016704735281083405,0.04373240189614003,-0.00013657470636441182,-0.03585421262305344,5782.08,0.012922685262050981,5763.74,0.016145766464136235,5907.57,-0.00859405813219305,5440.753333333332,0.07646857726809908,0.01696280099893661,0.015356857393360072,0.024837437437367053,36.64189667374382,5907.57,6301.549070242914,5513.590929757085,0.4355676432650389,141.62857142857143,0.02418190333092669,-0.00013657470636441182,-0.03585421262305344,0.27460282916213274,127771.4,0.877809901120282,-0.07343367920163901
2024-12-04,5865.2,5865.2,5769.6,5811.4,98519.0,-0.0077516732686792,-0.0077516732686792045,0.014772647901096558,-0.015484177000745447,-0.04389457405152841,5799.0,0.002138299706845981,5754.6,0.009870364577902802,5894.2300000000005,-0.014052726140649563,5462.6866666666665,0.0638354997479873,0.016897969602239694,0.015404249863590243,0.02465453476018192,39.73522640061398,5894.2300000000005,6281.899860088517,5506.560139911484,0.39316940968652003,136.7571428571429,0.02353256407356969,-0.015484177000745447,-0.04389457405152841,0.29274369355341023,117794.8,0.8363611976080438,-0.12161306716358022
2024-12-05,5795.8,5853.4,5778.8,5824.0,97899.0,0.0021681522524692,0.0021681522524692465,0.025243812273351374,-0.01191001323334806,-0.05882352941176472,5827.68,-0.0006314691266507966,5747.58,0.01329603067725893,5876.030000000001,-0.008854617828704225,5484.11,0.06197723969796387,0.016936160174082032,0.014701590136980988,0.02464752326682618,46.60406202227562,5876.030000000001,6239.02173892296,5513.038261077041,0.4283317023214082,130.54285714285712,0.02241463893249607,-0.01191001323334806,-0.05882352941176472,0.2832150883532365,115584.6,0.8469899969373083,-0.006293202326454805
2024-12-06,5819.4,5951.0,5782.0,5910.0,134772.0,0.0147664835164835,0.014766483516483575,0.022562115025261287,0.04236481004620973,-0.039680218387442734,5853.76,0.009607500136664227,5771.6,0.023979485757848806,5863.820000000001,0.007875412273909976,5507.1066666666675,0.07315880329174651,0.011468373383072475,0.015204944547994259,0.024668799624912807,56.62544169611305,5863.820000000001,6203.066220783354,5524.573779216647,0.5680626594651006,129.95714285714283,0.02198936427362823,0.04236481004620973,-0.039680218387442734,0.30457816431945606,112879.4,1.1939468140333844,0.3766432752122084
2024-12-09,5913.4,5933.0,5821.8,5866.2,101734.0,-0.0074111675126903,-0.007411167512690331,-6.818259298413398e-05,0.03848605013454187,-0.056334856186860516,5853.679999999999,0.0021388254909733284,5793.34,0.01257651026868789,5846.3099999999995,0.0034021459689959066,5529.003333333333,0.06098688069760616,0.011807765141106989,0.014979050633910177,0.02471854169502124,50.48763892039008,5846.3099999999995,6142.328846483941,5550.291153516058,0.5335958339076214,127.55714285714281,0.021744424475323515,0.03848605013454187,-0.056334856186860516,0.28859502679905114,109016.6,0.9331973295809995,-0.245139940046894
2024-12-10,5860.4,6110.0,5860.4,5936.8,142019.0,0.0120350482424738,0.012035048242473811,0.013659336156262913,0.05798909363082316,-0.03610858553058838,5869.68,0.011435035640784408,5825.88,0.019039183779961055,5835.1900000000005,0.01741331473353913,5553.27,0.06906381285260754,0.011438307974829589,0.015250700679222004,0.024592459536497406,51.873897707231045,5835.1900000000005,6096.379263098416,5574.000736901585,0.6945141212824533,137.8428571428571,0.02321837642212254,0.05798909363082316,-0.03610858553058838,0.3249419746473843,114988.6,1.235070259138732,0.39598364361963556
2024-12-11,5940.6,5997.8,5932.4,5978.6,105628.0,0.007040830076809,0.0070408300768090015,0.028771036239116254,0.04396870852832291,-0.029258946548028852,5903.12,0.012786458686254054,5851.0599999999995,0.02179775972217013,5826.18,0.026161223992392957,5578.733333333334,0.07167696370741261,0.010221737882487604,0.01537370417618054,0.024545716884109472,54.487452148022136,5826.18,6050.145971099463,5602.214028900537,0.840274907057891,137.57142857142858,0.023010642720942793,0.04396870852832291,-0.029258946548028852,0.3432641322908241,116410.4,0.9073759732807378,-0.2562403622050571
2024-12-12,5983.2,6054.8,5959.6,6036.0,107339.0,0.0096009099120195,0.009600909912019562,0.036401098901098994,0.06256381368165331,0.0017592193049424942,5945.5199999999995,0.015218181084245108,5886.6,0.025379675874018792,5826.710000000001,0.03591906925177324,5605.21,0.0768552828529172,0.009322616403661195,0.014779984327508702,0.0245393611581088,73.67468321696397,5826.710000000001,6052.701987748051,5600.718012251951,0.9630473896121682,127.75714285714282,0.02116586197103095,0.06256381368165331,0.0017592193049424942,0.3571974636866484,118298.4,0.9073580031513528,0.01619835649638346
2024-12-13,6040.6,6040.6,5907.6,5937.0,143249.0,-0.0164015904572564,-0.01640159045725642,0.004568527918781706,0.027233718596442635,0.008630355747341278,5950.92,-0.002339134117077757,5902.34,0.005872247278198017,5829.25,0.018484367628768705,5629.86,0.05455553068815222,0.010788435975994722,0.014292041636106296,0.0246977293228244,66.92506459948314,5829.25,6059.165128505691,5599.334871494309,0.7343255981028946,128.4857142857143,0.021641521692052263,0.027233718596442635,0.008630355747341278,0.3317631224764468,119993.8,1.193803346506236,0.33454755494275146
2024-12-16,5934.8,5939.6,5824.2,5846.4,115384.0,-0.0152602324406266,-0.015260232440626686,-0.003375268487266103,-0.0034432209456927154,0.009740932642486877,5946.960000000001,-0.01690947980144497,5900.320000000001,-0.009138487404073192,5832.070000000001,0.0024571035670009067,5653.21,0.03417350496443605,0.011196242786446136,0.014226654232090406,0.02481706718841894,62.989166482423144,5832.070000000001,6061.34074411111,5602.799255888891,0.5312512615937042,129.9714285714286,0.022231018844319342,-0.0034432209456927154,0.009740932642486877,0.3151572411931436,122723.8,0.9401925298923273,-0.1945214277237537
2024-12-17,5839.6,5863.2,5781.4,5790.0,131261.0,-0.009646962233169,-0.009646962233169076,-0.024727125724295917,-0.011405545690479468,-0.011540562687790246,5917.6,-0.021562795727997908,5893.64,-0.017585057791110525,5828.6900000000005,-0.006637855161279904,5676.503333333333,0.019994116096117898,0.011583097134024816,0.014150285641184226,0.024792693454190527,53.736991485335835,5828.6900000000005,6058.36882289016,5599.011177109841,0.41577368885571264,120.65714285714292,0.02083888477670862,-0.011405545690479468,-0.011540562687790246,0.31818595756306367,120572.2,1.0886506176382285,0.13760140054080283
2024-12-18,5796.4,5865.8,5790.6,5825.2,119642.0,0.0060794473229706,0.00607944732297061,-0.025658180845013923,0.0023746429431805716,-0.013146303449210639,5886.92,-0.010484260020520164,5895.0199999999995,-0.01184389535574093,5824.8099999999995,6.695497363873315e-05,5700.223333333333,0.021924871949461577,0.011524352269154008,0.014105013697779879,0.024790536266948014,58.66283249460815,5824.8099999999995,6051.823803429146,5597.796196570853,0.5008589786041844,118.94285714285719,0.020418673546463158,0.0023746429431805716,-0.013146303449210639,0.32330758746024535,123375.0,0.969742654508612,-0.08851829560951086
2024-12-19,5826.0,5864.8,5757.4,5844.6,132280.0,0.0033303577559569,0.003330357755956914,-0.031709741550695725,0.003537087912087955,-0.008415052085100516,5848.64,-0.0006907588772774309,5897.08,-0.008899319663290939,5822.33,0.0038249291950129827,5723.096666666666,0.021230347906058045,0.0115511472245718,0.014129702593731027,0.024749366964304548,54.3046357615894,5822.33,6047.22585051518,5597.4341494848195,0.5495118072409638,113.18571428571438,0.01936586152785723,0.003537087912087955,-0.008415052085100516,0.30687357452707853,128363.2,1.030513418175926,0.10563180154126472
2024-12-20,5843.8,5902.8,5830.2,5849.0,109646.0,0.0007528316736815,0.0007528316736815643,-0.014822300825332646,-0.010321489001692052,0.0316060531235669,5831.04,0.0030800680496103627,5890.98,-0.00712614879018425,5831.29,0.003037063840076515,5746.623333333333,0.017815099533813328,0.010410062059732987,0.010989183645187982,0.024700514536835978,48.69125520523496,5831.29,6044.578259602374,5618.001740397626,0.5415165842531985,109.48571428571437,0.01871870649439466,-0.010321489001692052,0.0316060531235669,0.3181142110244739,121642.6,0.9013783000363359,-0.1711067432718476
2024-12-23,5852.6,5868.4,5757.2,5759.8,94710.0,-0.0152504701658402,-0.015250470165840246,-0.014812534209085793,-0.018137806416419378,0.019650191191049382,5813.72,-0.00927461246843675,5880.34,-0.020498814694388412,5836.839999999999,-0.013198922704751093,5768.543333333333,-0.0015156917141992965,0.011211795421772166,0.011571181366159132,0.024834233341815882,43.548816174514506,5836.839999999999,6035.402522567628,5638.277477432371,0.306005687770813,111.27142857142864,0.019318627134870765,-0.018137806416419378,0.019650191191049382,0.29590964316248924,117507.8,0.8059890492375825,-0.13622019955128317
2024-12-24,5769.6,5847.2,5769.6,5833.2,97665.0,0.0127434980381262,0.012743498038126244,0.007461139896373092,-0.01745047837218705,0.03952667783440855,5822.36,0.001861788003490128,5869.98,-0.006265779440475017,5847.93,-0.002518839999794853,5787.86,0.007833637994008269,0.01131053637193434,0.01170605800967425,0.02408186615365173,51.397794306232385,5847.93,6015.895473895832,5679.964526104169,0.4561517029114695,110.68571428571438,0.018975127594753203,-0.01745047837218705,0.03952667783440855,0.24795686962474872,110788.6,0.8815437689437361,0.031200506810262985
2024-12-25,5827.2,5833.4,5730.2,5783.8,103908.0,-0.0084687650003427,-0.00846876500034277,-0.00710705211838214,-0.032582878934867776,0.009953202486554513,5814.08,-0.0052080466729043096,5850.5,-0.011400734979916227,5850.780000000001,-0.011448046243406895,5805.91,-0.0038081885526988213,0.011038710225570514,0.01106602587505809,0.024134113932991957,47.53857457751654,5850.780000000001,6011.885805050754,5689.674194949247,0.2921241882659052,112.72857142857154,0.019490399292605473,-0.032582878934867776,0.009953202486554513,0.2303863172226004,107641.8,0.9653127316711537,0.06392259253570876
2024-12-26,5778.4,5839.2,5778.4,5823.8,70109.0,0.0069158684601819,0.006915868460181995,-0.003558840639222516,-0.035155732273028484,0.02520860472485298,5809.92,0.002389017404714755,5829.280000000001,-0.000940081793978087,5857.9400000000005,-0.005827987312946203,5820.136666666667,0.0006294239367803378,0.010719374453929339,0.010958338443916731,0.02309270233788467,44.40695561899819,5857.9400000000005,5998.636020218278,5717.243979781723,0.37867460661987745,105.00000000000013,0.018029465297572052,-0.035155732273028484,0.02520860472485298,0.1717435918071708,95207.6,0.7363802889685277,-0.3252781306540401
2024-12-27,5824.4,5925.6,5813.8,5845.2,97030.0,0.0036745767368384,0.003674576736838464,-0.0006496837066165551,-0.01546235472460844,0.011350266454425828,5809.16,0.006203995069855139,5820.1,0.004312640676277013,5861.219999999999,-0.0027332193638865965,5827.526666666667,0.003032733154946232,0.00988652489666171,0.010305257442473625,0.020295771951452185,48.59663191659984,5861.219999999999,5997.206061205197,5725.233938794801,0.4410969041311303,105.0428571428573,0.0179707892189929,-0.01546235472460844,0.011350266454425828,0.0820837498611573,92684.4,1.0468859916016073,0.3839877904405997
2024-12-30,5843.8,5877.8,5815.0,5845.2,81680.0,0.0,0.0,0.014826903711934403,-0.00020525451559927355,-0.0036477687246446733,5826.24,0.0032542428736199724,5819.98,0.004333348224564437,5860.15,-0.00255112923730616,5826.85,0.0031492144125899735,0.00862622108806758,0.009728855949976828,0.016678843734813924,43.240850059031835,5860.15,5996.294497540389,5724.00550245961,0.44509510016897785,91.70000000000014,0.015688085950865693,-0.00020525451559927355,-0.0036477687246446733,-0.006897957796731191,90078.4,0.9067656619122898,-0.1581984953107286
2024-12-31,5848.0,5859.4,5646.4,5646.8,127265.0,-0.0339423800725381,-0.033942380072538136,-0.03195501611465401,-0.02473229706390323,-0.03585575741018987,5788.96,-0.02455708797435119,5805.66,-0.02736295270477429,5849.65,-0.03467728838477502,5819.903333333333,-0.029743334797656895,0.01362323710958733,0.012326047487357447,0.016766921427125117,30.11268280987767,5849.65,6015.937506256005,5683.3624937439945,-0.10993758511149099,102.24285714285725,0.018106335826106334,-0.02473229706390323,-0.03585575741018987,-0.0687380434065572,95998.4,1.3256991783196388,0.558092556317336
2025-01-02,5674.8,5674.8,5428.4,5486.0,127655.0,-0.0284763051639866,-0.028476305163986693,-0.05148864068605419,-0.0582297603515759,-0.05599339229789713,5729.4,-0.04248263343456549,5771.74,-0.0495067345375918,5833.38,-0.059550380739811226,5815.13,-0.056598906645251246,0.015484240668599086,0.013656394243211512,0.016011533092905667,20.669795221842946,5833.38,6065.907889442148,5600.852110557852,-0.24696416166119017,113.0428571428573,0.02060569761991566,-0.0582297603515759,-0.05599339229789713,-0.049615411267410425,100747.8,1.267074814536893,0.0030644717715004877
2025-01-03,5476.2,5518.6,5362.4,5386.2,134187.0,-0.0181917608457893,-0.01819176084578933,-0.07513994299254789,-0.07843137254901966,-0.07517170329670331,5641.88,-0.045318227257580834,5725.9,-0.05932691803908552,5811.49,-0.07318088820595059,5810.003333333333,-0.07294373325087022,0.015558580880402162,0.014021509223669544,0.01608471474859593,20.652173913043427,5811.49,6118.299496181861,5504.680503818138,-0.19308480554315874,114.7000000000002,0.021295161709554082,-0.07843137254901966,-0.07517170329670331,-0.05402367487442483,113563.4,1.1816042844789783,0.051169166895147056
2025-01-06,5389.8,5426.6,5336.4,5370.4,111692.0,-0.0029334224499647,-0.002933422449964751,-0.0812290426332718,-0.08182595315438546,-0.09130287648054147,5546.92,-0.0318230657734383,5678.04,-0.05418066797697807,5784.51,-0.0715894691166582,5808.543333333334,-0.07543084525494936,0.015370047231277087,0.013329093025597942,0.015179483508213243,22.44094488188972,5784.51,6145.0432535944055,5423.976746405595,-0.07430208707719971,112.90000000000022,0.021022642633695857,-0.08182595315438546,-0.09130287648054147,-0.016049835104433918,116495.8,0.9587641786227487,-0.16763919008547767
2025-01-07,5363.2,5431.6,5347.0,5421.0,97522.0,0.0094220169819754,0.009422016981975423,-0.0725723670704167,-0.05882148685718258,-0.07589240053186042,5462.08,-0.007520944402132468,5644.16,-0.03953821294931392,5762.25,-0.05922165820642977,5805.966666666666,-0.06630535253962866,0.016109409931673657,0.013675222447277898,0.014964862983325548,28.491489857775676,5762.25,6155.075444025312,5369.424555974688,0.06564677111647188,113.10000000000024,0.02086330935251803,-0.05882148685718258,-0.07589240053186042,-0.027727957529234626,119664.2,0.8149638739071502,-0.12686674067972636
2025-01-08,5411.4,5449.6,5258.8,5401.6,138351.0,-0.0035786755211214,-0.003578675521121455,-0.04342282354607918,-0.07399026263457442,-0.09014957552890446,5413.04,-0.0021134150126360662,5601.0,-0.03560078557400459,5735.49,-0.058214729691796085,5805.61,-0.06958958662397219,0.014779667321125985,0.013156564497323426,0.014546372529753533,24.845605700712596,5735.49,6150.538496342041,5320.4415036579585,0.09776989563547195,121.31428571428594,0.022458953960731252,-0.07399026263457442,-0.09014957552890446,-0.0039461552646136155,121881.4,1.135128083530383,0.41866450647033493
2025-01-09,5416.8,5435.4,5380.4,5387.8,82060.0,-0.002554798578199,-0.002554798578199069,-0.01790010936930364,-0.06846709775580073,-0.09881912153346939,5393.4,-0.0010383060777986453,5561.4,-0.0312151616499442,5705.95,-0.05575758637913053,5804.753333333332,-0.07182963846870305,0.014857286887422789,0.01288065125294343,0.014544925432683495,22.6924916307986,5705.95,6132.093931701856,5279.806068298144,0.12671062951732023,117.57142857142877,0.02182178784873766,-0.06846709775580073,-0.09881912153346939,-0.00944991910575077,112762.4,0.7277248444516967,-0.40687092973668426
2025-01-10,5398.4,5441.2,5314.4,5315.0,96337.0,-0.0135120086120494,-0.013512008612049486,-0.013218966989714476,-0.08736563755623483,-0.11944996686547382,5379.16,-0.01192751284587179,5510.5199999999995,-0.03548122500235906,5669.9,-0.06259369653785773,5803.566666666667,-0.08418386394573452,0.014122656989843222,0.012523278485000457,0.014595518235619432,20.490716180371336,5669.9,6100.446883564809,5239.353116435191,0.08784976323423137,121.44285714285732,0.022849079424808526,-0.08736563755623483,-0.11944996686547382,-0.013218966989714476,105192.4,0.9158171122628631,0.17398245186448946
2025-01-13,5277.4,5372.6,5272.0,5333.8,114246.0,0.0035371589840076,0.003537158984007638,-0.006815134813049184,-0.08749059057004027,-0.1016001347481893,5371.84,-0.007081372490617688,5459.38,-0.02300261201821452,5639.74,-0.05424718160766273,5799.1,-0.08023658843613668,0.01410900416336706,0.012467366456976478,0.013622173759422977,24.472674976030675,5639.74,6075.977194775118,5203.502805224882,0.14934214268717635,120.68571428571451,0.02262659160180631,-0.08749059057004027,-0.1016001347481893,-0.04784176514691707,105703.2,1.0808187453170766,0.185899498635
2025-01-14,5322.2,5541.4,5319.4,5519.0,151828.0,0.03472196182834,0.03472196182834009,0.018077845415974902,-0.05580647368781222,-0.05600027367268745,5391.4400000000005,0.023659727271378328,5426.76,0.016997250661536567,5623.37,-0.01856004495524921,5796.530000000001,-0.04787864463739522,0.01972934333698054,0.015092191737469916,0.014270525946719043,33.39674487423379,5623.37,6051.449919247749,5195.290080752251,0.37809519285159887,130.30000000000024,0.023609349519840592,-0.05580647368781222,-0.05600027367268745,-0.02718042727208625,116564.4,1.3025246130036272,0.328956812492341
2025-01-15,5515.6,5517.4,5456.2,5471.8,101214.0,-0.0085522739626743,-0.008552273962674328,0.012996149289099534,-0.03099100375433872,-0.054956822107081194,5405.4800000000005,0.012269030687376503,5409.26,0.011561655383546032,5607.46,-0.02419277177188961,5792.1866666666665,-0.05531359486572707,0.017132442449544486,0.015067899857231191,0.01423760032641182,33.47457627118645,5607.46,6033.109801201833,5181.810198798167,0.3406436469405595,127.41428571428598,0.023285625518894328,-0.03099100375433872,-0.054956822107081194,-0.04546088898192724,109137.0,0.9274031721597625,-0.3333640698685354
2025-01-16,5468.8,5589.8,5445.8,5482.8,130571.0,0.0020103073942761,0.0020103073942761007,0.017632428820668844,-0.0005833029529711542,-0.05877909771338319,5424.4800000000005,0.010751260950358388,5408.9400000000005,0.013655170883759116,5590.34,-0.019236754830654346,5787.759999999999,-0.052690505480531225,0.014626927595557287,0.014970067866852415,0.014234734739250895,31.36612021857924,5590.34,6006.553975333794,5174.126024666206,0.3708116421201915,133.35714285714312,0.024322817330039964,-0.0005833029529711542,-0.05877909771338319,-0.04620416115788728,118839.2,1.0987199509926018,0.2900488074772265
2025-01-17,5479.0,5572.0,5456.2,5536.2,122039.0,0.0097395491354781,0.009739549135478143,0.041618062088429,0.027848947309791594,-0.052766656400780265,5468.719999999999,0.012339267689697175,5423.9400000000005,0.02069713160543807,5574.92,-0.006945391144626334,5785.016666666666,-0.04301053583827186,0.013372307115149506,0.01517801118881424,0.014261905562806612,33.68532206969377,5574.92,5973.968687703515,5175.8713122964855,0.4514846167984789,133.6428571428574,0.024139817409569272,0.027848947309791594,-0.052766656400780265,-0.028873140611843984,123979.6,0.9843474248989349,-0.06534375933400216
2025-01-20,5538.2,5623.8,5538.2,5560.0,91302.0,0.004298977638091,0.004298977638091062,0.04240878923094216,0.03530463280202589,-0.04941015558215078,5513.960000000001,0.008349715993587026,5442.9,0.02151426629186659,5560.469999999999,-8.452522898227954e-05,5781.240000000001,-0.03826860673488741,0.013220681363376577,0.015239791964414226,0.014131591592541275,35.311083642356834,5560.469999999999,5938.084680245411,5182.855319754588,0.49937767249979015,135.414285714286,0.02435508735868453,0.03530463280202589,-0.04941015558215078,-0.03915943732070648,119390.8,0.7647322909302894,-0.25186210965347144
2025-01-21,5559.6,5601.0,5517.2,5575.2,86212.0,0.0027338129496401,0.0027338129496401464,0.010183004167421572,0.028444936358605455,-0.03204972394874828,5525.2,0.009049446173894138,5458.320000000001,0.021413182078001913,5551.24,0.004316152787485317,5776.733333333334,-0.03488707574061467,0.013058982453290464,0.014971090616417881,0.014067955956140295,45.45454545454543,5551.24,5917.184110774485,5185.295889225515,0.5327372395053592,126.18571428571457,0.02263339688006073,0.028444936358605455,-0.03204972394874828,-0.04625701382236225,106267.6,0.8112726738911954,-0.055749052594685766
2025-01-22,5566.6,5566.6,5490.8,5553.2,88153.0,-0.0039460467785908,-0.003946046778590895,0.01487627471764319,0.02806575829383884,-0.048001097167935214,5541.48,0.002114958458751204,5473.4800000000005,0.01456477414734314,5537.24,0.002882302374468182,5772.83,-0.03804546470275416,0.013079684701876447,0.01459456942916644,0.014022191997132331,55.178791615289754,5537.24,5878.3462770025335,5196.133722997466,0.5233944683461241,114.61428571428594,0.020639322501312025,0.02806575829383884,-0.048001097167935214,-0.04046722189584262,103655.4,0.8504429098725199,0.022514267155384404
2025-01-23,5542.6,5680.0,5517.6,5521.0,130725.0,-0.0057984585464236,-0.00579845854642369,0.00696724301451801,0.02472252125171681,-0.04543725578339508,5549.12,-0.005067470157430365,5486.8,0.0062331413574396866,5524.1,-0.0005611773863616332,5768.153333333333,-0.042847913196944476,0.013267420695839048,0.014547835842650998,0.014032286515710885,61.59669649002066,5524.1,5844.854964682426,5203.345035317575,0.4951676507905815,115.057142857143,0.02083990995420087,0.02472252125171681,-0.04543725578339508,-0.0483659680088252,103686.2,1.2607753008597093,0.4829330822547162
2025-01-24,5530.8,5625.4,5521.2,5615.0,116184.0,0.0170259011048723,0.017025901104872343,0.014233589826957216,0.05644402634054568,-0.03585287956317185,5564.88,0.009006483518063213,5516.8,0.01780017401392109,5513.660000000001,0.018379805791434167,5764.3099999999995,-0.0259024930997811,0.012667360124819158,0.015049065815794082,0.014179262723043531,68.54716408856541,5513.660000000001,5805.644371607731,5221.6756283922705,0.6735366852718844,116.07142857142864,0.020671670270957905,0.05644402634054568,-0.03585287956317185,-0.03944847406596419,102515.2,1.133334373829442,-0.11123350545037292
2025-01-27,5606.2,5635.6,5507.2,5512.6,93397.0,-0.0182368655387354,-0.01823686553873549,-0.008525179856115006,0.03352206681915337,-0.05690138917402299,5555.4,-0.0077042157180399196,5534.679999999999,-0.00398939053386993,5497.03,0.0028324386077573926,5759.433333333333,-0.04285722553723448,0.014756130227416014,0.01542875695017995,0.014339571324445998,56.43982002249723,5497.03,5743.91026588655,5250.149734113449,0.5315335046000711,119.20000000000007,0.021623190509015722,0.03352206681915337,-0.05690138917402299,-0.050403086887617854,102934.2,0.9073466350348087,-0.19612855470632784
2025-02-05,5543.6,5588.8,5518.4,5544.2,93531.0,0.0057323223161482,0.005732322316148286,-0.005560338642559892,0.004566044573292238,-0.05149524396085681,5549.2,-0.0009010307792114425,5537.2,0.001264176840280351,5481.98,0.011349913717306537,5753.530000000001,-0.036382881465813255,0.010000037517141954,0.015536604601831176,0.014195616091359577,59.85623444843792,5481.98,5668.913408914576,5295.046591085423,0.6664228999013039,111.01428571428576,0.020023499461470685,0.004566044573292238,-0.05149524396085681,-0.06005018310050181,104398.0,0.8959079675855859,0.0014347355910788728
2025-02-06,5542.8,5703.2,5529.0,5688.6,109202.0,0.0260452364633312,0.026045236463331234,0.02438233811135926,0.03962133118900546,0.007402422611036297,5576.280000000001,0.020142460565107934,5558.88,0.02333563595544441,5484.07,0.037295293459055134,5747.096666666666,-0.010178472724488574,0.012251410005350597,0.01493075671890801,0.014062826985789142,67.61124121779864,5484.07,5679.503823501523,5288.636176498477,1.0232717559721867,119.52857142857147,0.021011948709448978,0.03962133118900546,0.007402422611036297,-0.06354327856978237,108607.8,1.0054710619310951,0.16754872715997915
2025-02-07,5686.0,5850.0,5681.2,5783.0,141171.0,0.0165945926941601,0.016594592694160193,0.04745517116464404,0.05475304588896179,0.05413780532263934,5628.68,0.027416730032618686,5588.9,0.03472955322156435,5498.92,0.05166105344322158,5742.176666666666,0.00710938302722619,0.01284705371737771,0.01368013657832449,0.014244036200510464,76.72453174965742,5498.92,5735.726948688952,5262.113051311048,1.0998134800789605,122.52857142857147,0.021187717694720987,0.05475304588896179,0.05413780532263934,-0.04856700997005692,110697.0,1.2752920133336947,0.29275104851559486
2025-02-10,5753.4,5836.0,5753.4,5817.4,92141.0,0.0059484696524294,0.005948469652429456,0.03604630454140678,0.05079296268198408,0.08005644053321448,5669.16,0.026148494662348476,5617.02,0.035673720228875716,5520.48,0.05378517810045502,5736.0,0.014191073919107344,0.012761035859684978,0.012772050209343895,0.014057748685669585,77.13195691202876,5520.48,5790.292922323291,5250.667077676708,1.050233097516783,121.24285714285718,0.020841416636789147,0.05079296268198408,0.08005644053321448,-0.0598901098901099,105888.4,0.8701708591309342,-0.34730929156838164
2025-02-11,5821.4,5821.4,5756.0,5795.0,85636.0,-0.0038505174132773,-0.0038505174132773545,0.051228095635453164,0.04226618705035978,0.07906301206614041,5725.639999999999,0.012113929621841546,5640.52,0.027387545829107962,5541.71,0.04570610876426229,5730.013333333334,0.011341451212446119,0.013070083440520738,0.012799623473167852,0.014050482284911878,68.94563426688639,5541.71,5828.109896354001,5255.310103645999,0.9421963890778164,110.05714285714286,0.01899174164920498,0.04226618705035978,0.07906301206614041,-0.05836664391797464,104336.2,0.820769780766407,-0.07059832213672523
2025-02-12,5791.6,5886.2,5781.8,5875.8,102061.0,0.0139430543572045,0.013943054357204554,0.05981025215540581,0.05391734825656491,0.08389596015495293,5791.960000000001,0.014475238088660802,5670.58,0.03619030152118485,5564.45,0.05595341857685843,5724.336666666667,0.026459543201803326,0.013404391670324914,0.012941618510612983,0.014110039465045365,76.50918635170609,5564.45,5881.117300091707,5247.782699908293,0.9916042798069663,113.0285714285714,0.019236286365868716,0.05391734825656491,0.08389596015495293,-0.054790554018402826,106042.2,0.962456456014681,0.19180017749544587
2025-02-13,5859.0,5885.8,5821.0,5843.4,104672.0,-0.0055141427550291,-0.00551414275502915,0.027212319375593097,0.05225815745876239,0.08179058056872024,5822.92,0.0035171357325876063,5699.6,0.025229840690574656,5586.539999999999,0.045978369437970734,5719.073333333333,0.021738953047172105,0.013533716719931723,0.013009237766938271,0.014081006517082459,73.01506254786827,5586.539999999999,5916.724945941389,5256.355054058609,0.8889638264210796,107.37142857142855,0.018374820921283595,0.05225815745876239,0.08179058056872024,-0.05127289258345247,105136.2,0.9955847747968826,0.02558273973408065
2025-02-14,5850.6,5900.2,5824.6,5892.6,107886.0,0.0084197556217271,0.008419755621727143,0.018952100985647702,0.06730664734649516,0.09369315861761751,5844.839999999999,0.008171310078633587,5736.76,0.02716515942796982,5611.780000000001,0.05004116340982723,5714.636666666667,0.03114167071572349,0.012986969232946973,0.012948704401680245,0.014130815900354324,72.86960985626287,5611.780000000001,5954.9199751214055,5268.640024878596,0.9091916132777069,104.49999999999993,0.017734107185283222,0.06730664734649516,0.09369315861761751,-0.043222705721893795,98479.2,1.095520678478298,0.030705441760929375
2025-02-17,5881.8,5926.2,5828.0,5875.2,108748.0,-0.002952856124631,-0.0029528561246310314,0.009935710111046214,0.046340160284950915,0.10539981185324554,5856.4,0.0032101632402159463,5762.780000000001,0.019507945817816896,5639.79,0.04174091588516582,5712.133333333333,0.0285474195280222,0.012741121828128645,0.012375340582502274,0.013862949832226879,70.39337474120082,5639.79,5972.216320447582,5307.363679552418,0.8540784611805732,105.25714285714275,0.017915499533146573,0.046340160284950915,0.10539981185324554,-0.02492780562286323,101800.6,1.0682451773368722,0.007989915280944615
2025-02-18,5862.4,5883.0,5750.2,5786.4,115860.0,-0.0151143790849673,-0.015114379084967378,-0.0014840379637619527,0.0496680332329571,0.08485507518092161,5854.68,-0.011662464899875102,5790.16,-0.0006493775646959632,5662.42,0.021895232073918747,5710.47,0.01329662882389715,0.012143148049357334,0.013175795318332136,0.013677629726872016,62.476370510396954,5662.42,5967.648732868358,5357.191267131642,0.703093592852333,108.75714285714275,0.018795303272698526,0.0496680332329571,0.08485507518092161,-0.01695491148788697,107845.4,1.0743156407227383,0.0653989038878875
2025-02-19,5780.6,5885.0,5771.0,5875.0,115182.0,0.0153117655191483,0.015311765519148368,-0.00013615167296365804,0.05966595721655077,0.06450443921000182,5854.5199999999995,0.003498151855318765,5823.24,0.00888852254071626,5680.22,0.034290925351482926,5711.886666666667,0.028556822439287366,0.012583755021963246,0.011401787920037904,0.013654588935276794,67.62322015334064,5680.22,5991.690506164755,5368.749493835246,0.8126780805001316,110.8714285714285,0.01887173252279634,0.05966595721655077,0.06450443921000182,0.014680483592400595,110469.6,1.0426578895913445,-0.005851890212325239
2025-02-20,5872.6,5904.6,5839.8,5874.6,104413.0,-6.8085106382898e-05,-6.8085106382898e-05,0.005339357223534291,0.03269697289315476,0.07361380167403775,5860.76,0.0023614684784909468,5841.84,0.0056078221930078165,5700.36,0.030566490537439872,5712.17,0.028435778346932894,0.010466200653628615,0.011095559144553601,0.013573203534707144,70.0635497049478,5700.36,6007.14235316023,5393.577646839769,0.7839798283785184,103.89999999999996,0.01768631055731453,0.03269697289315476,0.07361380167403775,0.0029022125102431406,110417.8,0.945617463850937,-0.09349551145144208
2025-02-21,5886.0,5999.6,5864.8,5981.8,122479.0,0.0182480509311271,0.018248050931127135,0.015137630248107659,0.0343766211309009,0.09101189173415047,5878.6,0.01755520021773882,5861.719999999999,0.02048545478119057,5725.3099999999995,0.04479932091013428,5713.486666666667,0.04696140010244765,0.010710276543647139,0.011556380751325717,0.013739924956398334,70.50536672629696,5725.3099999999995,6038.686947393864,5411.933052606135,0.9092355901304282,106.07142857142857,0.01773235958598224,0.0343766211309009,0.09101189173415047,0.013383479026902512,113336.4,1.0806678172237694,0.1730244318236236
2025-02-24,5984.4,5984.4,5905.8,5940.6,102600.0,-0.0068875589287504,-0.006887558928750481,0.011131535947712434,0.02117784577302584,0.07304649398504393,5891.68,0.008303234391548786,5874.039999999999,0.011331213270594276,5745.530000000001,0.0339516110785254,5714.259999999999,0.039609678243552215,0.011136555177656821,0.011750599753327658,0.013769647961960684,75.68410945751319,5745.530000000001,6059.715497336914,5431.344502663087,0.8104376262644905,102.51428571428563,0.01725655417201724,0.02117784577302584,0.07304649398504393,0.0078721454989652,112106.8,0.9151987212194086,-0.16230537479894513
2025-02-25,5929.6,5942.4,5863.8,5894.2,98338.0,-0.0078106588560079,-0.007810658856007957,0.018629890778376845,0.017118205349439197,0.06010791366906476,5913.24,-0.0032198929859096337,5883.96,0.0017403245433347259,5762.24,0.022900816349197495,5718.0,0.030814970269325004,0.01144005528603775,0.012021377008002923,0.012867867885374525,70.63679245283014,5762.24,6070.3689572821595,5454.11104271784,0.71413112413054,102.68571428571418,0.01742148455867025,0.017118205349439197,0.06010791366906476,0.03957811563018088,108602.4,0.9054864349222486,-0.04153996101364521
2025-02-26,5898.0,5967.6,5864.2,5930.8,117204.0,0.006209494078925,0.006209494078925015,0.00949787234042554,0.0093604275162531,0.0637824652030421,5924.4,0.0010802781716292564,5889.460000000001,0.007019319258471768,5780.02,0.026086414925899915,5722.7,0.03636395407762083,0.0107663334374377,0.012042564773329812,0.012873633841927638,66.3604431234801,5780.02,6083.71214051491,5476.327859485091,0.7482448175055707,97.62857142857138,0.016461282024106592,0.0093604275162531,0.0637824652030421,0.04992210735023361,109006.8,1.075198978412356,0.19184852244300266
2025-02-27,5923.8,5944.8,5823.8,5914.8,123943.0,-0.0026977810750657,-0.002697781075065797,0.00684301909917262,0.012218913646165008,0.06511560901822389,5932.4400000000005,-0.0029734814005705212,5896.6,0.003086524437811544,5798.1,0.020127283075490165,5727.756666666666,0.03265560047651017,0.010613205109072063,0.012006952773068173,0.012844750530934161,59.957691145361125,5798.1,6087.661541499887,5508.538458500114,0.7015115671016097,94.21428571428565,0.015928566598073585,0.012218913646165008,0.06511560901822389,0.05406850340378533,112912.8,1.0976877732196881,0.0574980376096379
2025-02-28,5894.2,5895.6,5742.0,5771.8,124661.0,-0.0241766416446879,-0.024176641644687913,-0.035106489685378994,-0.020500288497437458,0.045426553160659244,5890.4400000000005,-0.020141110001969387,5884.52,-0.019155343171575634,5810.639999999999,-0.006684289510277552,5728.506666666667,0.007557525172354307,0.012925623556744118,0.013360975508103385,0.012985201984671828,47.04049844236765,5810.639999999999,6069.800672780016,5551.479327219983,0.42506579107207393,100.65714285714277,0.017439471717166703,-0.020500288497437458,0.045426553160659244,0.00785779143675347,113349.2,1.0997960285560022,0.005792985485263413
2025-03-03,5762.2,5865.4,5755.2,5779.0,118508.0,0.0012474444713954,0.0012474444713954647,-0.027202639464027234,-0.016373910675381187,0.02920747996438111,5858.12,-0.01350603948024276,5874.9,-0.016323682105227277,5818.839999999999,-0.0068467254641817465,5730.146666666667,0.008525668918305529,0.012959200377523164,0.012904247141589154,0.012940125820055859,48.940677966101696,5818.839999999999,6061.809128643301,5575.8708713566975,0.4180142756767927,103.85714285714279,0.017971473067510433,-0.016373910675381187,0.02920747996438111,0.017322113861211852,116530.8,1.0169671880738826,-0.04935785851228536
2025-03-04,5777.4,5847.8,5744.0,5825.0,98810.0,0.0079598546461325,0.00795985464613258,-0.011740354925180663,0.006670814323240792,0.05667017378369543,5844.280000000001,-0.003298952137816946,5878.76,-0.009144785635065933,5834.46,-0.0016214011236687087,5730.903333333334,0.01641916835682089,0.012318778557511099,0.012097675375032237,0.012785376500221185,46.47418101054969,5834.46,6030.089514509875,5638.830485490125,0.4758216442347647,103.81428571428569,0.01782219497240956,0.006670814323240792,0.05667017378369543,0.007855214893764284,116625.2,0.847243991864537,-0.16621662672562187
2025-03-05,5830.0,5845.8,5762.6,5826.8,106847.0,0.0003090128755365,0.00030901287553652956,-0.017535576987927404,-0.008204255319148923,0.05097218715053575,5823.4800000000005,0.0005701058473626119,5873.9400000000005,-0.008025277752241267,5848.59,-0.0037256843102354553,5730.240000000001,0.016850952141620468,0.011209715548074307,0.012089960394459063,0.01263609668026959,48.79675268193684,5848.59,5988.966544749434,5708.213455250566,0.4223873189110969,105.12857142857138,0.018042248134236865,-0.008204255319148923,0.05097218715053575,-0.006784168001909174,114553.8,0.9327233142855147,0.08133792126303008
2025-03-06,5825.4,5966.0,5825.4,5943.0,119388.0,0.0199423354156655,0.01994233541566559,0.004767701359302157,0.011643345929935656,0.04472102098934694,5829.120000000001,0.01953639657443995,5880.78,0.010580229153275722,5861.3099999999995,0.013937157393142607,5731.676666666667,0.03686937446459804,0.01299253362643635,0.011530008408362461,0.012894100803653791,53.32980972515853,5861.3099999999995,5985.857144318507,5736.762855681492,0.8279481053017659,109.77142857142859,0.018470709838705805,0.011643345929935656,0.04472102098934694,0.014717934708373237,113642.8,1.0505548965706581,0.11737344052710896
2025-03-07,5948.2,5952.4,5888.0,5911.2,100408.0,-0.0053508329126703,-0.005350832912670356,0.024151911015627636,-0.011802467484703705,0.02216842469306579,5857.0,0.00925388424107898,5873.72,0.006380964703799119,5867.719999999999,0.007410033198584909,5733.34,0.03102205695109661,0.011630713640484954,0.01113066023140193,0.012872317458748797,52.33402489626555,5867.719999999999,5988.4343230502245,5747.005676949774,0.680094618854425,107.35714285714286,0.018161649556290238,-0.011802467484703705,0.02216842469306579,0.01717314244416146,108792.2,0.9229338132697014,-0.15897745167018462
2025-03-10,5905.2,5925.4,5832.8,5875.2,103292.0,-0.0060901339829476,-0.006090133982947665,0.016646478629520622,-0.011008988991011104,0.009935710111046214,5876.24,-0.0001769839216914093,5867.18,0.0013669258485335956,5870.610000000001,0.0007818608287724071,5734.193333333333,0.024590497471890904,0.011589479088343057,0.01118322890038809,0.012896842369700822,56.1804008908686,5870.610000000001,5988.997017424789,5752.222982575212,0.5193855715763567,104.48571428571424,0.01778419701213818,-0.011008988991011104,0.009935710111046214,0.00879120879120876,105749.0,0.9767657377374727,0.028722810931399945
2025-03-11,5874.0,5917.2,5815.4,5916.8,106285.0,0.0070806100217866,0.007080610021786615,0.015759656652360565,0.003834277764582117,0.0210181190681622,5894.6,0.003766158857259061,5869.4400000000005,0.008068912877548629,5876.7,0.006823557438698558,5734.306666666667,0.031824829738207105,0.011580367430591801,0.01122368978182929,0.012787696985356999,53.112898421209415,5876.7,5991.176786890803,5762.223213109197,0.6751446781881244,103.61428571428567,0.01751187900795796,0.003834277764582117,0.0210181190681622,0.0011505922165822025,107244.0,0.9910577747939279,0.028976106571660942
2025-03-12,5903.4,5979.0,5902.6,5919.2,108918.0,0.0004056246619794,0.00040562466197946456,0.015857760691974976,-0.00195589127942275,0.007386228258279726,5913.08,0.0010349936073923427,5868.280000000001,0.008677159235755516,5878.870000000001,0.006860161901862005,5735.19,0.03208437732664482,0.01140335498282636,0.010808961418490875,0.01274964223754098,53.31155331155327,5878.870000000001,5994.909650210836,5762.830349789166,0.6737768078700793,104.44285714285706,0.017644758944258866,-0.00195589127942275,0.007386228258279726,0.009034809587126214,107658.2,1.0117018489998904,0.02477301594768777
2025-03-13,5926.4,5926.4,5816.8,5869.6,121768.0,-0.0083795107446951,-0.008379510744695118,-0.012350664647484355,-0.007641847568810367,0.004483691001814227,5898.4,-0.0048826800488266375,5863.76,0.0009959479924144254,5880.179999999999,-0.0017992646483608876,5734.070000000001,0.023635916547931846,0.011683231789933078,0.01091031965254909,0.01270157149609995,40.88989931796039,5880.179999999999,5995.119977013177,5765.240022986822,0.4539759782673959,102.64285714285701,0.017487197959461805,-0.007641847568810367,0.004483691001814227,-0.011319229214391546,108134.2,1.1260822200561895,0.11797866284727965
2025-03-14,5851.6,6005.8,5851.6,6005.2,143707.0,0.0231020853209757,0.023102085320975796,0.01590201651102996,0.04043799161440109,0.019108712622611268,5917.2,0.014871898871087641,5887.1,0.020060810925582873,5885.8099999999995,0.0202843788705378,5734.513333333334,0.047203075646058634,0.01065016352233691,0.011932864284022886,0.013020090227117,54.54801464376228,5885.8099999999995,6013.621537243833,5757.998462756166,0.9670548628651311,108.04285714285705,0.017991550180319896,0.04043799161440109,0.019108712622611268,0.004449202154350518,116794.0,1.2304313577752282,0.1801704881413837
2025-03-17,6024.2,6024.2,5981.2,5981.2,101577.0,-0.0039965363351761,-0.00399653633517616,0.01804193899782125,0.03498875237930443,0.01804193899782125,5938.4,0.007207328573353156,5907.32,0.012506517337811385,5891.110000000001,0.015292534004627267,5733.6,0.04318403795172299,0.010927485667033889,0.011953391133067821,0.012971177607405134,56.324512939808095,5891.110000000001,6025.681349105224,5756.538650894777,0.8347294970252405,105.49999999999993,0.017638600949642202,0.03498875237930443,0.01804193899782125,-0.00907886017229953,116451.0,0.8722724579436845,-0.293165955729366
2025-03-18,5990.6,6056.4,5987.4,6005.2,104494.0,0.0040125727278808,0.004012572727880803,0.014940508382909723,0.0309356223175965,0.03781280243329199,5956.08,0.008247034962592936,5925.339999999999,0.013477707608339884,5902.05,0.017476978338035076,5734.736666666667,0.0471622934153908,0.010819170241872712,0.011349341951259447,0.01280214861483715,55.50947867298577,5902.05,6036.354093287153,5767.7459067128475,0.8840165905422438,103.48571428571417,0.01723268405477156,0.0309356223175965,0.03781280243329199,0.011487283139632876,116092.8,0.9000902726094986,0.02871713084654992
2025-03-19,6005.6,6005.6,5951.0,5983.8,112023.0,-0.0035635782321986,-0.003563578232198661,0.010913636977970098,0.026944463513420835,0.018519148936170238,5969.0,0.0024794772993801395,5941.04,0.007197393049028555,5907.49,0.012917499648751107,5737.026666666667,0.04301415134901476,0.010998137499056544,0.010954944760499368,0.01264978753358253,55.069056714663546,5907.49,6045.930972030834,5769.049027969166,0.7756048259434511,98.74285714285705,0.016501697440231465,0.026944463513420835,0.018519148936170238,0.023501642036124926,116713.8,0.9598093798676763,0.07205198384596234
2025-03-20,5969.8,5982.0,5926.2,5931.8,114269.0,-0.0086901300177144,-0.00869013001771446,0.010596974240152601,-0.00188457008244991,0.009736833146086532,5981.44,-0.008299004921891617,5939.92,-0.0013670217780710203,5910.35,0.0036292266955424424,5739.39,0.033524468628199244,0.009661019690704558,0.011165764307351394,0.01263741950306643,63.56852103120764,5910.35,6048.2925280782965,5772.407471921704,0.5777497712229285,90.51428571428563,0.015259160071864465,-0.00188457008244991,0.009736833146086532,0.024490500863557862,115214.0,0.9917978717864149,0.020049454129955402
2025-03-21,5935.6,5943.6,5802.4,5823.2,142929.0,-0.0183081020937996,-0.018308102093799627,-0.030307067208419358,-0.014886994180538626,-0.026513758400481535,5945.04,-0.020494395327870008,5931.12,-0.01819555159902342,5902.42,-0.013421613507679897,5739.356666666666,0.014608489801702707,0.011185182782266599,0.011106990042195262,0.012844821020168436,53.19826338639652,5902.42,6041.299722289317,5763.540277710683,0.2147891762234106,92.72857142857141,0.015923988773968164,-0.014886994180538626,-0.026513758400481535,-0.0003433358511295559,115058.4,1.242230032748587,0.2508116812083767
2025-03-24,5813.2,5842.0,5749.2,5813.8,102837.0,-0.0016142327242752,-0.0016142327242752996,-0.02798769477696772,-0.010450708061002123,-0.021344645322021405,5911.56,-0.016537090040530833,5924.9800000000005,-0.0187646203025158,5896.08,-0.013955034531417443,5738.843333333334,0.013061284707196918,0.011067481520338237,0.011029289695144068,0.012839444689329847,49.14425427872862,5896.08,6039.135287067255,5753.0247129327445,0.21241887774019513,91.94285714285714,0.015814588933719276,-0.010450708061002123,-0.021344645322021405,-0.0052698217157718386,115310.4,0.8918276235274529,-0.28050290703776004
2025-03-25,5790.6,5842.4,5774.0,5807.2,93307.0,-0.0011352299700713,-0.0011352299700713164,-0.03297142476520354,-0.018523526230394882,-0.014760272810559583,5871.96,-0.011028685481508815,5914.0199999999995,-0.01806216414553885,5891.7300000000005,-0.014347229082120272,5738.1466666666665,0.012034083014027752,0.010700231263420859,0.010913385389878742,0.012839864600169539,48.51334951456308,5891.7300000000005,6040.213947032385,5743.246052967616,0.2153564351924023,90.88571428571426,0.015650522504083598,-0.018523526230394882,-0.014760272810559583,-0.0071465207727816615,113073.0,0.8251925747083743,-0.09267092583408698
2025-03-26,5800.4,5856.2,5800.4,5807.6,88005.0,6.88800110208998e-05,6.88800110208998e-05,-0.029446171329255644,-0.018853899175564126,-0.020772914278006316,5836.72,-0.004989103469071665,5902.86,-0.016137939913872135,5885.57,-0.0132476548575583,5738.943333333334,0.011963294055874485,0.010692987757693248,0.010794896170412132,0.012683607436105153,37.54140596245862,5885.57,6037.413424896209,5733.72657510379,0.243255264252322,84.8285714285714,0.014606476242952577,-0.018853899175564126,-0.020772914278006316,0.008298899267335624,108269.4,0.8128335429955279,-0.05682317511012036
2025-03-27,5820.2,5874.8,5746.0,5832.0,103103.0,0.004201391280391,0.004201391280391098,-0.016824572642368252,-0.006405887965108437,-0.013998782714546576,5816.76,0.0026200152662305687,5899.1,-0.01137461646691873,5881.429999999999,-0.00840441865328656,5738.923333333334,0.016218489298515104,0.010578943012223152,0.010847680409819732,0.012588199888235934,42.61194029850747,5881.429999999999,6034.428508420662,5728.431491579337,0.33846247747692504,89.42857142857143,0.015334117185969038,-0.006405887965108437,-0.013998782714546576,-0.0002057189878625909,106036.2,0.9723377488065397,0.17155843417987615
2025-03-28,5833.4,5849.4,5763.2,5777.8,88771.0,-0.0092935528120713,-0.009293552812071337,-0.007796400604478615,-0.03786718177579429,0.0010395370594962206,5807.68,-0.005144911565375554,5876.36,-0.016772287606613534,5881.7300000000005,-0.017669971249955396,5738.823333333334,0.006791752316241295,0.00680332649305941,0.009585809202921026,0.01259813377911419,41.21255864308915,5881.7300000000005,6033.844376634648,5729.615623365353,0.1583820599363132,88.9714285714286,0.01539884187258621,-0.03786718177579429,0.0010395370594962206,-0.0010373802690273326,95204.6,0.9324234333214991,-0.13900662444351763
2025-03-31,5755.8,5783.4,5659.0,5724.4,112190.0,-0.0092422721451072,-0.0092422721451072,-0.015377205958237439,-0.04293452818832344,-0.009448001384322557,5789.8,-0.011295726968116426,5850.68,-0.021583815898323033,5879.0,-0.026296989283891903,5737.166666666667,-0.0022252563692880534,0.007016338195495867,0.00980394711201542,0.012621791606117046,33.003533568904516,5879.0,6040.544805582002,5717.455194417998,0.02149498263649203,90.58571428571427,0.01582449065154676,-0.04293452818832344,-0.009448001384322557,-0.01706789381503493,97075.2,1.1557019712552743,0.2638136328305416
2025-04-01,5715.0,5794.0,5715.0,5749.6,85720.0,0.0044022080916779,0.004402208091677906,-0.00991872158699536,-0.042563111969626255,-0.012944206008583592,5778.280000000001,-0.004963414718566872,5825.120000000001,-0.012964539786304852,5875.2300000000005,-0.02138299266581911,5735.573333333334,0.0024455561548046845,0.007068862587005468,0.009675156537879277,0.012625934681456513,35.59782608695657,5875.2300000000005,6045.371453224262,5705.088546775739,0.130807197131411,90.77142857142859,0.015787433659981316,-0.042563111969626255,-0.012944206008583592,-0.016355300075275303,95557.8,0.8970486972282744,-0.2359390319992869
2025-04-02,5753.0,5806.4,5743.6,5770.4,71593.0,0.0036176429664671,0.0036176429664671605,-0.006405399820924473,-0.035662956649620714,-0.009679412370426355,5770.839999999999,-7.62453992831924e-05,5803.780000000001,-0.0057514240718981036,5872.41,-0.01737106230661689,5734.326666666667,0.0062907705525436786,0.007505256815322303,0.009719826190399398,0.012635522801298904,41.142857142857075,5872.41,6047.72226756247,5697.09773243753,0.2090620028525658,87.42857142857143,0.015151215068031928,-0.035662956649620714,-0.009679412370426355,-0.01279682474509003,92275.4,0.7758622558124918,-0.16480401306579562
2025-04-03,5769.4,5786.6,5692.6,5726.6,104762.0,-0.0075904616664355,-0.007590461666435511,-0.018072702331961565,-0.03459320948110178,-0.03641258623590771,5749.76,-0.00402799421193234,5783.26,-0.00979724238578239,5861.59,-0.02302958753512263,5735.656666666667,-0.001579011296003796,0.007430058324207779,0.008561626341473012,0.011875669757843542,20.247757368645935,5861.59,6045.079290093313,5678.100709906687,0.13215836757733615,83.12857142857145,0.014516217551177216,-0.03459320948110178,-0.03641258623590771,0.014131897711978425,92607.2,1.1312511338211284,0.46329948458648196
2025-04-08,5151.2,5250.8,5076.6,5165.2,191988.0,0.0027178133250505,-0.09803373729612697,-0.10602651528263363,-0.11299629069927186,-0.126201109757748,5627.24,-0.08210774731484705,5717.46,-0.09659184323108516,5824.29,-0.1131622910260307,5730.31,-0.09861770131109848,0.03087659363880914,0.023179137218502042,0.017015495702264436,9.427207637231518,5824.29,6183.996487950503,5464.583512049497,-0.41614972495393654,126.4857142857143,0.02448805743934684,-0.11299629069927186,-0.126201109757748,-0.058476121035362816,113250.6,1.6952492966924677,0.8326110612626716
2025-04-09,5125.2,5329.2,4993.2,5283.6,194816.0,0.022922636103152,0.02292263610315204,-0.07700370344490237,-0.09119680759572046,-0.10069444444444431,5539.08,-0.04612318291124151,5664.4400000000005,-0.06723347762532572,5794.71,-0.08820286088518658,5728.6,-0.07768041057151831,0.032669034062647304,0.024092852893313827,0.01713299832990297,17.200000000000045,5794.71,6226.804267979865,5362.6157320201355,-0.09143344158388286,145.11428571428573,0.02746504007008209,-0.09119680759572046,-0.10069444444444431,-0.019048679959897452,129775.8,1.5011735624053175,0.014730087297122774
2025-04-10,5300.2,5488.4,5300.2,5399.0,135247.0,0.0218411688999924,0.021841168899992436,-0.06097815500208714,-0.07029205124672822,-0.08751352082206598,5468.96,-0.01279219449401714,5623.620000000001,-0.03994224360820975,5768.820000000001,-0.06410669773021183,5729.076666666666,-0.05761428688625203,0.0340625287276239,0.024700851133077864,0.017362297051772686,25.510887772194323,5768.820000000001,6231.108474986417,5306.5315250135845,0.10001165937473626,155.8428571428571,0.028865133754928152,-0.07029205124672822,-0.08751352082206598,0.005325487859377365,139681.2,0.9682548546261056,-0.3057705732588699
2025-04-11,5417.6,5504.0,5381.6,5442.6,107233.0,0.0080755695499166,0.008075569549916617,-0.0568071537501732,-0.06284868103863905,-0.08051763751858354,5403.400000000001,0.007254691490542919,5587.120000000001,-0.025866636120219444,5744.99,-0.05263542669351895,5729.4366666666665,-0.050063676999076656,0.03433262406633103,0.024836329291172247,0.01735109720253823,29.369095816464267,5744.99,6223.490613869708,5266.489386130292,0.1840233938734948,160.47142857142848,0.029484332593140865,-0.06284868103863905,-0.08051763751858354,0.0039845047039293036,146809.2,0.7304242513411966,-0.20713213601780445
2025-04-14,5493.2,5514.0,5453.6,5455.0,85546.0,0.0022783228603975,0.0022783228603975303,-0.047427793105856986,-0.06464334705075447,-0.0706351369769661,5349.08,0.019801535965063177,5549.42,-0.017014390693081416,5724.26,-0.04703839448243097,5730.326666666667,-0.04804728991599083,0.03427503218899752,0.024849044323527286,0.017345841521376488,33.10078942537177,5724.26,6215.77652925036,5232.74347074964,0.22609262967141291,155.4857142857141,0.02850333900746363,-0.06464334705075447,-0.0706351369769661,0.00988595971563977,142966.0,0.5983660450736539,-0.202241847192562
2025-04-15,5463.2,5468.6,5399.2,5435.2,92479.0,-0.0036296975252062,-0.0036296975252062547,0.0522729032757685,-0.05929592578490084,-0.09491773796043435,5403.08,0.0059447574346482845,5515.16,-0.014498219453288774,5695.76,-0.045746309535514174,5731.116666666667,-0.05163333498125733,0.03426323204679216,0.024057832895328864,0.017349412647371,32.787779596290235,5695.76,6184.78239061859,5206.73760938141,0.23359093060094413,153.81428571428555,0.028299655157912412,-0.05929592578490084,-0.09491773796043435,0.008797653958944274,123064.2,0.7514695581655754,0.08104411661562194
2025-04-16,5427.0,5427.0,5333.2,5384.8,113850.0,-0.0092728878422136,-0.009272887842213695,0.019153607388901372,-0.059324994759275995,-0.0997124322878351,5423.320000000001,-0.007102660363024982,5481.2,-0.017587389622710337,5665.94,-0.049619304122528574,5732.280000000001,-0.06061811356039837,0.034263601394806165,0.024078820077062673,0.017300779342506043,31.532004197271803,5665.94,6154.410060064026,5177.469939935973,0.21222391812187122,156.21428571428558,0.02901022985334378,-0.059324994759275995,-0.0997124322878351,0.01313264346190035,106871.0,1.0653030288852916,0.23109030158198074
2025-04-17,5371.8,5459.4,5367.6,5410.8,117247.0,0.0048284058832268,0.004828405883226861,0.0021855899240601495,-0.05892583831918741,-0.09898088323453003,5425.68,-0.002742513380811218,5447.32,-0.0067042141823868695,5636.219999999999,-0.0399948901923628,5733.5633333333335,-0.056293671939904755,0.03427760312136798,0.024095483730404703,0.01730558844204481,33.03113239822099,5636.219999999999,6109.883827491281,5162.556172508717,0.26204642732176114,158.78571428571408,0.0293460697652314,-0.05892583831918741,-0.09898088323453003,0.014436236829277416,103271.0,1.1353332494117419,0.02983750548967934
2025-04-18,5426.4,5442.2,5370.2,5400.0,97876.0,-0.0019960079840319,-0.001996007984031989,-0.00782714143975316,-0.06418965756273387,-0.09756342123734085,5417.16,-0.003167711494583836,5410.280000000001,-0.0019000865019925817,5607.03,-0.036923290940123366,5731.58,-0.05785141269946503,0.034157516529352644,0.024102631707321052,0.016709968378600518,31.30841121495328,5607.03,6062.093827102143,5151.966172897856,0.2725264153400509,154.72857142857123,0.028653439153439115,-0.06418965756273387,-0.09756342123734085,-0.021561877151657916,101399.6,0.9652503560171835,-0.165215314677561
2025-04-21,5414.6,5507.6,5368.4,5485.2,87317.0,0.0157777777777776,0.01577777777777767,0.005536205316223564,-0.042154157789962676,-0.07528911966013696,5423.2,0.011432364655553862,5386.14,0.018391649678619393,5584.7,-0.01781653446022169,5731.803333333333,-0.04302369062441669,0.03483365747160035,0.024513769527501006,0.01679932660372484,37.67065565481206,5584.7,6015.864660205975,5153.535339794024,0.38461484766345766,158.51428571428556,0.028898542571699402,-0.042154157789962676,-0.07528911966013696,0.0024489199166635167,101753.8,0.8581202864168218,-0.10788140095631205
2025-04-22,5493.6,5500.2,5454.8,5471.4,72371.0,-0.0025158608619558,-0.0025158608619558764,0.006660288489843902,0.05928134438163091,-0.060413518340431405,5430.4400000000005,0.007542666892553562,5416.76,0.010087210804982982,5567.11,-0.017192043986915984,5731.613333333333,-0.045399666411551354,0.011128627194695912,0.024268359020901267,0.016801152924999233,38.97122929380994,5567.11,5985.831250827738,5148.388749172262,0.3857115565417348,152.87142857142842,0.027940093681951318,0.05928134438163091,-0.060413518340431405,-0.0020792295907201552,97732.2,0.7405031299817256,-0.1711694171810758
2025-04-23,5482.6,5546.0,5461.2,5480.8,87116.0,0.0017180246372043,0.001718024637204385,0.01782796018422217,0.03732303732303732,-0.05727751212632015,5449.639999999999,0.005717808882788722,5436.48,0.008152333863088002,5550.460000000001,-0.012550311145382631,5730.69,-0.04360556931189774,0.009395292233756786,0.024288470652958957,0.016755076200869228,38.11881188118811,5550.460000000001,5954.089472608114,5146.830527391888,0.41370798625050587,153.28571428571416,0.02796776278749711,0.03732303732303732,-0.05727751212632015,-0.01000686391387584,92385.4,0.9429628491081925,0.20374183029113868
2025-04-24,5481.4,5500.0,5428.0,5463.0,75303.0,-0.0032477010655379,-0.0032477010655379557,0.009647371922820946,0.011854047045749105,-0.0592712494833999,5460.08,0.0005347906990373907,5442.879999999999,0.0036965724028457103,5533.25,-0.0126959743369629,5729.073333333333,-0.04644264750203919,0.007080434597506939,0.024286134915099247,0.01675039770737477,36.37652898422268,5533.25,5919.776967807053,5146.723032192947,0.40912665111239077,153.94285714285706,0.028179179414764242,0.011854047045749105,-0.0592712494833999,-0.017446043165467606,83996.6,0.8965005726422259,-0.13560080811791175
2025-04-25,5460.4,5527.6,5450.8,5481.6,80942.0,0.0034047226798463,0.0034047226798463726,0.015111111111111075,0.007165692867379558,-0.05613334251670221,5476.4,0.0009495288875904784,5446.780000000001,0.006392767837144042,5516.95,-0.006407525897461408,5727.513333333333,-0.04293544493421808,0.0067215536146294965,0.024317979963510726,0.01675257924076695,38.8939256572983,5516.95,5881.641855507761,5152.258144492239,0.4515344263024717,152.71428571428564,0.02785943624384954,0.007165692867379558,-0.05613334251670221,-0.01678863538527753,80609.8,1.0041210870142339,0.07488413476222733
2025-04-28,5483.2,5491.2,5429.2,5454.2,68008.0,-0.0049985405720958,-0.004998540572095811,-0.0056515715014949786,-0.00014665444546291262,-0.06478052126200273,5470.2,-0.0029249387590947196,5446.7,0.0013769805570345017,5498.0599999999995,-0.007977359286730157,5725.863333333334,-0.047444955898935826,0.006926621602559209,0.024269763526882895,0.01675718373470381,75.39543057996477,5498.0599999999995,5831.872152659497,5164.247847340502,0.4343043690132835,110.71428571428565,0.020298904644913216,-0.00014665444546291262,-0.06478052126200273,-0.01782755888496723,76748.0,0.886120810965758,-0.15979343233426402
2025-04-29,5457.6,5486.8,5424.6,5468.6,64920.0,0.00264016721059,0.0026401672105900165,-0.0005117520195926373,0.006145128054165561,-0.0535151787877739,5469.64,-0.00019014048456567068,5450.04,0.0034054795928104564,5482.6,-0.00255353299529415,5724.990000000001,-0.044784357701934896,0.006844153018103246,0.02425481804609493,0.016744434826764326,69.8924731182795,5482.6,5789.4098399575005,5175.7901600425,0.47718456487259453,91.15714285714277,0.016669191905998384,0.006145128054165561,-0.0535151787877739,-0.009491034232928741,75257.8,0.8626348365219286,-0.045406422773791366
2025-04-30,5468.0,5511.0,5465.4,5475.8,72439.0,0.0013166075412354,0.001316607541235415,-0.0009122755802072335,0.016899420591294012,-0.043428132205995285,5468.640000000001,0.0013092834781589513,5459.14,0.0030517627318589202,5470.17,0.0010292184703584173,5722.67,-0.04313895436920179,0.0058943634488594,0.024214096929524222,0.016595606359875417,60.76233183856499,5470.17,5755.095557036644,5185.244442963356,0.5098797736127195,79.78571428571429,0.01457060416481871,0.016899420591294012,-0.043428132205995285,-0.024790739091718583,72322.4,1.0016122252580115,0.11581947011706717
2025-05-06,5488.6,5599.2,5488.6,5595.8,86203.0,0.0219146060849555,0.021914606084955546,0.024308987735676357,0.03419087750425076,-0.026749686934743333,5495.200000000001,0.01830688600960828,5477.64,0.021571333640034718,5462.4800000000005,0.02440649668282524,5724.056666666666,-0.022406603242339118,0.0087087992583185,0.024765233682391242,0.016668513005127263,67.68236380424737,5462.4800000000005,5722.8992053715065,5202.0607946284945,0.7559719046254855,79.85714285714286,0.014270907262079214,0.03419087750425076,-0.026749686934743333,0.015092696731125121,74502.4,1.1570499742290181,0.19000814478388706
2025-05-07,5594.2,5710.0,5564.6,5594.4,105938.0,-0.0002501876407305,-0.0002501876407305925,0.020577933450087516,0.03600000000000003,-0.03050048523499238,5517.76,0.013889694368729222,5497.08,0.017703944639699598,5453.68,0.025802760704698446,5724.8933333333325,-0.022794020034143214,0.00860546352681538,0.02474197756518691,0.01665391125600149,66.50876361913771,5453.68,5679.942833657558,5227.417166342442,0.8109657863937451,85.14285714285714,0.015219300933586649,0.03600000000000003,-0.03050048523499238,0.009054507413152502,79501.6,1.3325266409732632,0.22893634792292605
2025-05-08,5583.6,5653.0,5583.6,5628.4,85253.0,0.006077506077506,0.006077506077506012,0.031938689450331736,0.026106614161744313,-0.017148045960954317,5552.6,0.013651262471634729,5511.4,0.021228725913561064,5448.7699999999995,0.032967073302782035,5723.89,-0.016682710534269618,0.007560496028906458,0.024746125505583073,0.016326856366342016,72.13565536205301,5448.7699999999995,5653.315823974175,5244.224176025824,0.939094762508275,85.14285714285708,0.015127364285206646,0.026106614161744313,-0.017148045960954317,-0.010582568646064217,82950.6,1.0277562790383674,-0.19525571560724198
2025-05-09,5628.4,5628.4,5549.6,5568.2,83632.0,-0.0106957572311846,-0.010695757231184655,0.018213070987089797,0.0176919983916366,0.07802214822272124,5572.5199999999995,-0.0007752327492767108,5521.08,0.008534562078433838,5468.92,0.01815349282856582,5720.3099999999995,-0.026591216210310242,0.008553498602336146,0.00988035609540532,0.01623544148388648,70.55132227700567,5468.92,5630.794774212433,5307.045225787567,0.8066567983894498,83.48571428571417,0.014993303811952546,0.0176919983916366,0.07802214822272124,-0.03714335120179846,86693.0,0.9646914975834265,-0.019013993642452487
2025-05-12,5568.6,5649.0,5568.6,5642.8,96321.0,0.0133975072734457,0.013397507273445797,0.03049782680156321,0.029557728798715432,0.06798395033689153,5605.92,0.006578759596997497,5537.280000000001,0.01905628756356892,5486.879999999999,0.02841687808007487,5717.4,-0.013047888900549087,0.009307088494750291,0.00911010927980796,0.016313846196194064,73.44381568310415,5486.879999999999,5641.735363416825,5332.024636583174,1.0034375192427454,82.69999999999995,0.014655844616148002,0.029557728798715432,0.06798395033689153,-0.030013408051706825,91469.4,1.0530406890173107,0.1517242203941076
2025-05-13,5629.0,5671.8,5592.6,5605.6,92980.0,-0.0065924718224994,-0.006592471822499446,0.0017513134851139256,0.026102873878821153,0.03826634561955933,5607.879999999999,-0.0004065707540101826,5551.54,0.009737838509674912,5497.21,0.0197172747630161,5714.243333333333,-0.019012724344372067,0.009609977504849552,0.008247607180530764,0.016327591524875073,69.72371450498844,5497.21,5654.919418335077,5339.500581664923,0.8436383227592328,83.21428571428565,0.014844849028522485,0.026102873878821153,0.03826634561955933,-0.032683347713546085,92824.8,1.001671966974343,-0.03468610168083808
2025-05-14,5604.8,5690.0,5578.6,5642.0,130413.0,0.0064935064935063,0.006493506493506329,0.008508508508508594,0.029261529480443693,0.03663690148090981,5617.4,0.0043792501869193146,5567.58,0.0133666691812242,5507.18,0.024480768741896863,5710.346666666666,-0.01196891724028426,0.009687279551214054,0.008192780391789186,0.016244654823132816,66.59610499576624,5507.18,5675.225803279966,5339.134196720034,0.901140633590796,81.22857142857129,0.01439712361371345,0.029261529480443693,0.03663690148090981,-0.039790326423636,97719.8,1.3345606519865985,0.40259195525919544
2025-05-15,5629.2,5631.8,5538.8,5557.4,98288.0,-0.0149946827366183,-0.014994682736618303,-0.01261459739890558,0.018921198342561674,0.018771769019248374,5603.2,-0.008173900628212438,5577.9,-0.0036752182721095927,5512.3,0.008181702737514174,5705.580000000001,-0.02597106692045348,0.011020367811347534,0.009012697075808889,0.016339673525690497,57.916053019145764,5512.3,5679.891056161336,5344.708943838665,0.6345537197300758,85.35714285714273,0.01535918646437952,0.018921198342561674,0.018771769019248374,-0.048944107882397225,100326.8,0.9796784109530056,-0.2463328042449756
2025-05-16,5550.6,5573.4,5524.6,5526.0,79190.0,-0.0056501241587791,-0.005650124158779191,-0.007578750763262754,0.010496287898182244,0.016705916985575442,5594.76,-0.012290071423975313,5583.64,-0.010323015094096388,5516.839999999999,0.0016603707919753408,5699.47,-0.030436163362558277,0.011270063042524295,0.009078039261037812,0.01630751197231271,53.99858457183295,5516.839999999999,5680.510508548209,5353.169491451789,0.5279830498519611,82.78571428571409,0.014981128173310548,0.010496287898182244,0.016705916985575442,-0.0622136238672234,99438.4,0.7963724275531384,-0.19430652775516843
2025-05-19,5525.8,5535.6,5460.6,5529.6,74735.0,0.0006514657980456,0.0006514657980456473,-0.020060962642659663,0.009825048394755065,0.02689050661120196,5572.12,-0.007630847864008583,5589.0199999999995,-0.010631559736769436,5524.08,0.000999261415475683,5693.71,-0.028823034541625714,0.011270616210472952,0.008760242517156023,0.016306587325284227,56.04355716878404,5524.08,5675.510423140926,5372.649576859074,0.5182261922191927,82.9999999999998,0.015010127314814778,0.009825048394755065,0.02689050661120196,-0.05882352941176461,95121.2,0.7856818458976548,-0.05625710316959209
2025-05-20,5526.0,5560.6,5501.2,5549.4,67678.0,0.0035807291666665,0.0035807291666665186,-0.010025688597117277,-0.008291933235641147,0.025615435795076413,5560.88,-0.002064421458474297,5584.38,-0.006263900379272269,5531.01,0.0033248900291265038,5689.76,-0.024668878827929563,0.008693265637319716,0.008738688767433674,0.01620818359752391,56.13908004346245,5531.01,5673.004305297256,5389.015694702744,0.5647561180763593,81.75714285714268,0.014732609445551355,-0.008291933235641147,0.025615435795076413,-0.04095810866860228,90060.8,0.7514701179647527,-0.09442697531277178
2025-05-21,5544.6,5559.8,5525.6,5553.0,59269.0,0.0006487187804087,0.0006487187804087302,-0.01577454803261258,-0.007400257400257293,0.02833333333333332,5543.08,0.0017896187679051767,5580.24,-0.004881510472667827,5538.66,0.002589073891518856,5684.393333333334,-0.0231147504453717,0.008704203017789496,0.0087061123151979,0.016074775613690775,59.34897804693414,5538.66,5666.739587099532,5410.580412900467,0.5559808175710947,79.77142857142839,0.014365465256875272,-0.007400257400257293,0.02833333333333332,-0.054808510638297836,75832.0,0.7815829728874354,-0.12425012559472792
2025-05-22,5550.0,5565.4,5494.4,5516.6,77616.0,-0.0065550153070411,-0.006555015307041168,-0.007341562601216212,-0.019863549143628645,0.005724495004740149,5534.92,-0.003309894271281144,5569.0599999999995,-0.009419902101970412,5540.2300000000005,-0.004265165886614852,5678.426666666666,-0.028498504280528247,0.008524772305966564,0.008186205535826298,0.016091530190699678,54.36046511627908,5540.2300000000005,5666.304482580348,5414.155517419653,0.40628555629827534,80.39999999999984,0.014574194250081541,-0.019863549143628645,0.005724495004740149,-0.06094031934089128,71697.6,1.0825466961237196,0.30955474193929366
2025-05-23,5515.0,5561.0,5458.0,5463.8,98824.0,-0.0095711126418446,-0.009571112641844626,-0.011255881288454561,-0.01874932653281125,-0.0013890411960374438,5522.4800000000005,-0.010625660934942327,5558.620000000001,-0.01705819070200887,5539.85,-0.013727808514671036,5669.793333333333,-0.03633171814610514,0.008403444426772454,0.008462077555428542,0.015929997453755413,48.993288590604024,5539.85,5666.840484517158,5412.859515482843,0.20056811622872006,84.4999999999998,0.015465426992203192,-0.01874932653281125,-0.0013890411960374438,-0.08659600789060151,75624.4,1.3067740041573885,0.2732426303854876
2025-05-26,5477.4,5514.6,5454.4,5487.2,83587.0,0.0042827336286099,0.00428273362860998,-0.007667824074074181,-0.027574962784433277,0.00116771274266525,5514.0,-0.004860355458832122,5543.0599999999995,-0.010077466237060295,5540.17,-0.009561078450661342,5662.236666666667,-0.030912990214114533,0.006929888371660183,0.008509351827435554,0.01592979431794665,39.12695234281132,5540.17,5666.564821679435,5413.775178320565,0.2904581877003485,79.98571428571417,0.014576781288401036,-0.027574962784433277,0.00116771274266525,-0.07632225701107642,77394.8,1.0800079591910567,-0.15418319436574113
2025-05-27,5483.6,5490.8,5437.2,5471.6,74989.0,-0.0028429800262428,-0.002842980026242836,-0.014019533643276572,-0.02390466676180958,0.0015742266154128437,5498.4400000000005,-0.004881384538159894,5529.66,-0.010499741394588313,5540.6,-0.0124535248890012,5655.193333333333,-0.03246455470428933,0.006800351550835587,0.008501467685803241,0.015907706586900782,38.0451713395639,5540.6,5665.943553148127,5415.256446851874,0.2247564862053242,73.42857142857136,0.013419945066995276,-0.02390466676180958,0.0015742266154128437,-0.07169760103152245,78857.0,0.9509491865021494,-0.10286288537691268
2025-05-28,5474.8,5487.6,5442.6,5462.6,62165.0,-0.0016448570801959,-0.001644857080195905,-0.016279488564739708,-0.03179723502304144,-0.003466141272621126,5480.36,-0.0032406630221371024,5511.72,-0.00891191860254148,5539.65,-0.013908820954392276,5647.39,-0.03272131019816238,0.0060656216754137494,0.008473495831024202,0.01587874834432335,33.03315595579208,5539.65,5667.145907055078,5412.154092944921,0.19783343724628943,71.68571428571424,0.013123002651798454,-0.03179723502304144,-0.003466141272621126,-0.07894381870911171,79436.2,0.7825777164567288,-0.17101174838976385
2025-05-29,5457.4,5588.0,5457.4,5568.0,106273.0,0.01929484128437,0.01929484128437009,0.009317333139977402,0.0019073667542377493,0.02086465476146837,5490.64,0.014089432197339491,5512.780000000001,0.01001672477407034,5545.34,0.00408631391402503,5641.610000000001,-0.013047693832079932,0.008035369381468073,0.009427794085142122,0.016096874550061546,49.98126639190709,5545.34,5666.793242465035,5423.886757534965,0.5932869289452004,75.38571428571433,0.013539100985221682,0.0019073667542377493,0.02086465476146837,-0.058632582673970424,85167.6,1.2478102001230513,0.7095310866243063
2025-05-30,5561.4,5561.4,5484.8,5523.6,78470.0,-0.0079741379310344,-0.007974137931034408,0.010944763717559258,-0.0004343105320303575,0.010057418717770439,5502.6,0.003816377712354102,5512.54,0.0020063346479120003,5548.09,-0.004414131710192115,5637.473333333332,-0.020199356449283834,0.008254610035259258,0.00963160361188827,0.015833064496230422,38.16521048451148,5548.09,5664.61790765806,5431.56209234194,0.3949178763602993,75.55714285714286,0.013678967133236089,-0.0004343105320303575,0.010057418717770439,-0.04300218302782488,81096.8,0.9676090795197837,-0.2616186613721265
2025-06-03,5515.0,5563.0,5497.6,5529.8,69380.0,0.0011224563690346,0.00112245636903463,0.007763522379355736,3.616898148139924e-05,0.009861572738230073,5511.120000000001,0.003389510662079376,5512.56,0.00312740360195618,5550.79,-0.0037814437224250597,5633.319999999999,-0.01837637485532484,0.008260164165275325,0.009630882107209587,0.015832825027928564,41.98053322048237,5550.79,5662.675240078286,5438.904759921714,0.4061985299163989,74.57142857142857,0.013485375342947045,3.616898148139924e-05,0.009861572738230073,-0.04312164734383106,78255.4,0.8865841846057908,-0.11584044857907483
2025-06-04,5537.2,5591.2,5534.4,5574.2,58090.0,0.0080292234800534,0.008029223480053416,0.018751370714233495,0.004468951598371129,-0.0038600378855571105,5531.64,0.007693920790217579,5515.04,0.010727030085003975,5549.71,0.004412843193608351,5629.139999999999,-0.00975992780424717,0.00858575683872091,0.008434732314436748,0.015833463635136425,42.94631710362042,5549.71,5660.173862154609,5439.246137845391,0.6108507321866165,71.0,0.012737253776326648,0.004468951598371129,-0.0038600378855571105,-0.04305579399141635,74875.6,0.7758201603726714,-0.162727010665898
2025-06-05,5574.0,5622.0,5555.0,5606.0,64999.0,0.0057048545082702,0.005704854508270296,0.026251235675319284,0.009544390419593096,0.002073502073502098,5560.320000000001,0.00821535451197053,5520.34,0.015517160174916667,5550.29,0.01003731336560798,5625.46,-0.0034592726639244287,0.008744276956115564,0.008535869669818315,0.01585405144961324,55.68022440392715,5550.29,5661.858150520359,5438.721849479641,0.7496680268524928,68.41428571428573,0.012203761276183682,0.009544390419593096,0.002073502073502098,-0.037893869705498795,75442.4,0.861571211944477,0.11893613358581501
2025-06-06,5607.8,5615.2,5589.8,5607.4,53635.0,0.0002497324295396,0.0002497324295396286,0.007076149425287337,0.016459413406808343,-0.0037310781039016083,5568.2,0.007039977012319953,5529.42,0.014102744953358393,5549.24,0.010480714476216457,5619.866666666667,-0.0022183207193529064,0.008348154679709488,0.008421146173837482,0.015625562710604023,60.2312719959779,5549.24,5658.074715823713,5440.405284176287,0.7671941556506915,66.74285714285718,0.011902638859873948,0.016459413406808343,-0.0037310781039016083,-0.05646979639912508,64914.8,0.8262368519967711,-0.174833458976292
2025-06-09,5602.0,5685.8,5602.0,5653.6,76382.0,0.0082391126012055,0.008239112601205578,0.02353537547975959,0.0347377283209489,0.015337092776839922,5594.2,0.010618140216652971,5548.4,0.018960421022276908,5553.51,0.01802283600821819,5615.573333333333,0.006771644569388169,0.007545939379150193,0.008235864704993788,0.015657574980576325,64.07811080835612,5553.51,5671.769837022714,5435.250162977287,0.9231783271474345,67.37142857142862,0.011916553801370564,0.0347377283209489,0.015337092776839922,-0.04357829205575847,64497.2,1.1842684643674455,0.42410739256082786
2025-06-10,5656.2,5659.4,5570.8,5601.4,86124.0,-0.0092330550445735,-0.009233055044573502,0.012948027053419464,0.020812071730572868,-0.00733678315729791,5608.5199999999995,-0.0012694971222354523,5559.820000000001,0.007478659381058961,5551.4400000000005,0.008999466805009071,5611.01,-0.0017127041299160872,0.00852619568962847,0.00796314682320315,0.0156814364622541,55.49915397631135,5551.4400000000005,5664.452014265867,5438.427985734134,0.7210384458880003,69.45714285714283,0.012399961234181247,0.020812071730572868,-0.00733678315729791,-0.04660266884531594,67846.0,1.2694042390118798,0.12754313843575704
2025-06-11,5601.8,5684.8,5601.8,5641.8,80540.0,0.0072124825936374,0.0072124825936374926,0.012127300778587147,0.03110607500548279,0.00645782788639937,5622.039999999999,0.0035147384223521705,5576.84,0.011648173517619265,5553.25,0.015945617431234016,5606.426666666666,0.006309425849382544,0.008471963809562411,0.007990739498423247,0.0156825502210376,58.71271585557303,5553.25,5670.975595303149,5435.524404696851,0.8760864397074388,72.9714285714286,0.012934068660964337,0.03110607500548279,0.00645782788639937,-0.046477825851811816,72336.0,1.1134151736341518,-0.06483674701593056
2025-06-12,5649.2,5660.8,5612.4,5654.6,67708.0,0.0022687794675457,0.0022687794675457784,0.008669282911166754,0.035148097975323145,0.0022332506203475155,5631.76,0.004055570549881482,5596.039999999999,0.010464542783825914,5553.88,0.018135069536972415,5602.016666666666,0.009386500694690492,0.00831740230272634,0.007874848726527071,0.01568655347235551,64.19753086419753,5553.88,5673.721186137088,5434.038813862912,0.920222810064586,71.35714285714292,0.01261930867915377,0.035148097975323145,0.0022332506203475155,-0.04470198675496684,72877.8,0.9290620737728087,-0.1593245592252297
2025-06-13,5651.2,5651.2,5580.2,5601.8,87685.0,-0.0093375305061366,-0.009337530506136615,-0.0009986803152975954,0.006070402298850697,0.007989347536617952,5630.64,-0.0051219754770328585,5599.42,0.0004250440224167207,5556.1,0.008225193930994745,5597.553333333333,0.0007586647975961203,0.007113880945403571,0.007389201079249489,0.015695054697457175,64.19753086419753,5556.1,5677.845584595206,5434.354415404795,0.6876864781254646,69.31428571428582,0.012373573800258098,0.006070402298850697,0.007989347536617952,-0.045624914815319606,79687.8,1.1003566417946034,0.295046375612926
2025-06-16,5603.0,5644.4,5592.2,5629.6,86423.0,0.0049626905637474,0.0049626905637474295,-0.004245082779114173,0.0191903830834963,0.01874773796597906,5625.84,0.0006683446383117797,5610.0199999999995,0.0034901836357090765,5561.280000000001,0.01228494159617921,5591.293333333333,0.00685112806339383,0.006527866493507435,0.007310708092227343,0.015401711172369003,64.5187601957586,5561.280000000001,5686.402282924417,5436.1577170755845,0.77301292145249,68.74285714285718,0.012210966523883966,0.0191903830834963,0.01874773796597906,-0.06254579364550716,81696.0,1.0578608499804152,-0.014392427439128719
2025-06-17,5631.2,5635.8,5593.0,5618.0,86313.0,-0.0020605371607219,-0.0020605371607219647,0.0029635448280787013,0.015949943940106293,0.01598668981481466,5629.160000000001,-0.0019825338061097986,5618.839999999999,-0.00014949704921285445,5565.7,0.009396841367662612,5585.240000000001,0.00586545967585983,0.0066476792780197445,0.007341709392843894,0.015397256093853244,65.04934210526307,5565.7,5692.346495162121,5439.053504837879,0.706480250136613,67.9714285714286,0.012098865890250731,0.015949943940106293,0.01598668981481466,-0.060723600615261164,81733.8,1.056025781255735,-0.0012728093215926828
2025-06-18,5604.6,5622.4,5567.8,5600.8,88945.0,-0.0030615877536489,-0.0030615877536489533,-0.007267184231982693,0.004771985217609798,0.009262262586946512,5620.96,-0.0035865759585550494,5621.5,-0.0036822912034154553,5568.27,0.005842029930301473,5578.5,0.003997490364793466,0.00637616168328292,0.007360410197014487,0.01538591327613971,63.97088556409214,5568.27,5695.607977135887,5440.932022864114,0.6277309437909707,68.65714285714284,0.01225845287407921,0.004771985217609798,0.009262262586946512,-0.06734163724771858,83414.8,1.066297587478481,0.030493668392941986
2025-06-19,5600.0,5605.2,5510.2,5536.6,105878.0,-0.0114626481931152,-0.011462648193115266,-0.02086796590386586,-0.012379593292900393,-0.0029533585449306177,5597.360000000001,-0.010855117412494453,5614.5599999999995,-0.013885326721951308,5567.450000000001,-0.005541136426910009,5571.046666666667,-0.006183158879779604,0.0070887393020775385,0.007829648518381681,0.015441570586511204,46.537273930304416,5567.450000000001,5695.411696571595,5439.488303428407,0.37945611528079454,66.11428571428567,0.011941315196020241,-0.012379593292900393,-0.0029533585449306177,-0.07473511815234468,91048.8,1.1628709000008786,0.19037607510259158
2025-06-20,5525.0,5549.0,5494.0,5494.0,95848.0,-0.0076942527905212,-0.007694252790521272,-0.019243814488200228,-0.020223276384777167,-0.00409672624442603,5575.8,-0.014670540550234978,5603.219999999999,-0.01949236331966253,5566.320000000001,-0.012992425875623548,5563.75,-0.012536508649741651,0.007345908345956437,0.007882900159978374,0.015433884888607568,46.72276350752877,5566.320000000001,5696.551431245371,5436.088568754631,0.22234045457220702,64.09999999999998,0.011667273389151798,-0.020223276384777167,-0.00409672624442603,-0.0738055902087057,92681.4,1.034166510216721,-0.09473167230208357
2025-06-23,5495.2,5548.4,5472.4,5533.0,76708.0,0.007098653076083,0.007098653076083039,-0.01715930083842554,-0.021331540965048856,0.012665178081188833,5556.4800000000005,-0.004225696844045279,5591.16,-0.01040213479850327,5569.780000000001,-0.006603492418013057,5558.913333333334,-0.004661582539513209,0.007175880380718707,0.007716740349398937,0.015303260685993266,50.33030553261766,5569.780000000001,5691.971835372034,5447.588164627968,0.349498946111997,64.85714285714286,0.011721876533009734,-0.021331540965048856,0.012665178081188833,-0.04983514218986118,90738.4,0.8453752766193806,-0.19969117769802192
2025-06-24,5538.2,5653.0,5538.2,5639.0,94575.0,0.019157780589192,0.01915778058919204,0.0037379850480598886,0.006712607562395112,0.02766438256305581,5560.68,0.014084608357251227,5594.92,0.007878575564976842,5577.370000000001,0.011050011026702444,5556.0,0.014938804895608282,0.009342800969497281,0.008734271132396481,0.015516418435796913,55.93406593406593,5577.370000000001,5696.790796919336,5457.949203080666,0.7580371325173303,69.04285714285717,0.012243812226078591,0.006712607562395112,0.02766438256305581,-0.030066393752795073,92390.8,1.0236408819925793,0.2329222506127131
2025-06-25,5632.0,5769.2,5632.0,5759.6,110445.0,0.0213867707040256,0.021386770704025615,0.028353092415369208,0.020879861037257585,0.052635426566269405,5592.4400000000005,0.02989035197516654,5606.7,0.027270943692368155,5591.7699999999995,0.03001375235390591,5555.206666666667,0.03679311060734625,0.01130777869970818,0.009737356495337645,0.01576833630131791,62.09829867674856,5591.7699999999995,5726.0239478984595,5457.51605210154,1.1250467961170698,74.05714285714286,0.01285803577629399,0.020879861037257585,0.052635426566269405,-0.008196721311475308,96690.8,1.1422493143091172,0.1678033306899287
2025-06-26,5746.0,5765.2,5725.0,5731.2,76233.0,-0.0049308979790264,-0.004930897979026461,0.03514792471914152,0.013546493120645042,0.04917072456339455,5631.36,0.01772928741902491,5614.36,0.02081092056797207,5605.2,0.02247912652536921,5553.933333333333,0.03191731985739832,0.011524784450657395,0.009840161695305114,0.015781120491692734,59.353278936234474,5605.2,5738.784682386969,5471.615317613031,0.9716109577406583,75.11428571428574,0.013106205631331264,0.013546493120645042,0.04917072456339455,-0.013155175976306999,90761.8,0.839923844613042,-0.30976504142333283
2025-06-27,5734.0,5801.8,5727.0,5747.8,82622.0,0.0028964265773312,0.002896426577331246,0.04619585001820181,0.026063051162126483,0.03229166666666661,5682.120000000001,0.011559065982414962,5628.960000000001,0.021112248088456687,5614.1900000000005,0.023798624556703674,5552.53,0.03516775235793412,0.010889447891372831,0.009010833719769665,0.01577600024413064,57.45017399557097,5614.1900000000005,5760.799138797531,5467.58086120247,0.9556673652674456,74.4714285714286,0.012956510068448555,0.026063051162126483,0.03229166666666661,-0.014437585733881986,88116.6,0.9376439853557672,0.08380884918604803
2025-06-30,5751.0,5791.4,5751.0,5773.4,71303.0,0.0044538780054976,0.00445387800549768,0.043448400506054474,0.025543555492397285,0.045224129191107076,5730.2,0.007539003874210248,5643.34,0.023046635503088497,5626.68,0.026075767592967702,5552.456666666667,0.03979199597535499,0.010878516552592143,0.00873815386192625,0.01574022055230129,64.20079260237776,5626.68,5783.032443974656,5470.327556025344,0.9691963754138114,71.25714285714288,0.0123423187129149,0.025543555492397285,0.045224129191107076,-0.0007615355325557571,87035.6,0.8192394836136018,-0.1369974098908281
2025-07-01,5779.2,5784.2,5727.6,5769.2,68686.0,-0.0007274742785879,-0.0007274742785879917,0.023089200212803584,0.026913492346030576,0.04329270498028848,5756.24,0.0022514697093936054,5658.460000000001,0.019570695913728953,5638.65,0.023152704991443063,5553.203333333333,0.03889586851072746,0.01082338298515107,0.008760481370357875,0.015692743534525093,61.187214611872086,5638.65,5800.338140371667,5476.961859628333,0.9037092630910014,69.34285714285708,0.012019492675389497,0.026913492346030576,0.04329270498028848,0.007826147718538179,81857.8,0.8390892498943289,-0.03670252303549637
2025-07-02,5774.2,5774.2,5729.6,5759.8,65479.0,-0.0016293420231573,-0.001629342023157343,3.472463365516987e-05,0.02838880159977153,0.033296257758961056,5756.280000000001,0.0006115060420965879,5674.36,0.015057204689163273,5647.93,0.019807256817984564,5553.373333333334,0.03717140092628379,0.010747709500730345,0.008685667575426975,0.015685052611888437,59.293286219081246,5647.93,5815.249839953637,5480.6101600463635,0.834299865547918,69.07142857142844,0.011991983848645516,0.02838880159977153,0.033296257758961056,0.0017740364547098597,72864.6,0.8986393941639698,-0.046690737559327955
2025-07-03,5752.6,5790.4,5739.0,5773.0,64956.0,0.0022917462411888,0.0022917462411888856,0.007293411501954283,0.04269768449951217,0.029789511237959365,5764.639999999999,0.0014502206555830899,5698.0,0.013162513162513267,5656.280000000001,0.020635470662696997,5553.416666666667,0.03954022298584947,0.009522057710211883,0.008635702155045217,0.015681026230678997,66.26139817629175,5656.280000000001,5831.281107966433,5481.278892033568,0.8334836029220672,67.42857142857123,0.011679988122045943,0.04269768449951217,0.029789511237959365,0.0004505753500625431,70609.2,0.9199367787767033,-0.007987293636127601
2025-07-04,5773.8,5838.0,5732.6,5773.4,99284.0,6.928806513073482e-05,6.928806513073482e-05,0.00445387800549768,0.050855478704040724,0.029603737917751616,5769.76,0.0006308754610242495,5725.9400000000005,0.00828859540966187,5664.58,0.019210603433970297,5554.196666666667,0.039466253445592736,0.00872491709203834,0.00863717570436131,0.015648221327313784,64.40881763527047,5664.58,5845.467072652074,5483.692927347925,0.8007954034650904,71.22857142857121,0.012337369908298614,0.050855478704040724,0.029603737917751616,0.008172388502776462,73941.6,1.3427353478961774,0.5284808177843463
2025-07-07,5768.0,5781.0,5741.8,5753.8,55201.0,-0.0033948799667439,-0.0033948799667439244,-0.0033948799667439244,0.039906018434845425,0.017723220602801737,5765.84,-0.002088160614932111,5748.02,0.0010055636549628488,5669.59,0.01485292587294662,5564.006666666666,0.03411091048297332,0.009069583477718721,0.008550395466160779,0.008877028490881301,63.39250493096651,5669.59,5854.697808132407,5484.482191867593,0.7274620418490533,70.97142857142833,0.012334705511388705,0.039906018434845425,0.017723220602801737,0.11395492914117566,70721.2,0.780543882173945,-0.44400910519318315
2025-07-08,5756.8,5864.0,5756.2,5860.4,93001.0,0.018526886579304,0.018526886579304014,0.015808084309782977,0.03926228054619596,0.046238440389902546,5784.08,0.013194838245667473,5770.16,0.015639081065343063,5682.54,0.031299383726291374,5573.62,0.05145309511592111,0.008953550367800977,0.009054903812204775,0.008716765466283903,71.76391683433937,5682.54,5883.151070692062,5481.928929307938,0.9432955753299752,74.94285714285694,0.01278801056973192,0.03926228054619596,0.046238440389902546,0.10916799152093248,75584.2,1.2304291108459176,0.6847702034383436
2025-07-09,5853.4,5862.6,5821.2,5827.0,70784.0,-0.0056992696744249,-0.005699269674424912,0.011667071773325377,0.011702201541773594,0.03282640292105343,5797.5199999999995,0.0050849328678470584,5776.9,0.008672471394692627,5691.8,0.023753469904072455,5580.753333333333,0.04412426996116414,0.006945630338808261,0.009146147910866978,0.008359492784906596,75.6718528995757,5691.8,5901.3894734198875,5482.210526580113,0.8225352824116859,71.11428571428554,0.012204270759273304,0.011702201541773594,0.03282640292105343,0.07927393961844786,76645.2,0.9235281531002594,-0.23888990440962998
2025-07-10,5833.6,5882.0,5816.0,5856.6,73407.0,0.0050798009267205,0.005079800926720557,0.014481205612333348,0.02188023450586285,0.03572312807271949,5814.24,0.0072855609675557265,5789.4400000000005,0.011600431129781041,5701.9,0.027131307108157143,5587.653333333333,0.04813231076134539,0.006682540663182542,0.009177609436419765,0.008327261565543377,82.80854144046339,5701.9,5923.08903560911,5480.710964390889,0.8497008781967595,71.89999999999984,0.012276747600997137,0.02188023450586285,0.03572312807271949,0.07606658582295234,78335.4,0.9370859151801102,0.03705639692585905
2025-07-11,5863.2,5964.0,5833.2,5921.8,123705.0,0.0111327391319195,0.011132739131919589,0.0257040911767763,0.030272452068617506,0.05712449569781142,5843.92,0.013326671138550905,5806.84,0.019797342444427546,5717.9,0.03565994508473391,5595.433333333333,0.05832732645073668,0.007262164260670451,0.00901051468480244,0.008423577006699653,83.58673116793376,5717.9,5954.368669338987,5481.431330661012,0.9311353393453182,75.81428571428556,0.012802574506786037,0.030272452068617506,0.05712449569781142,0.08557286892758942,83219.6,1.486488759859456,0.6851935101557072
2025-07-14,5924.2,5929.8,5895.4,5897.2,66406.0,-0.0041541423215915,-0.004154142321591503,0.02492265980743147,0.02144317040218935,0.04753446070768774,5872.6,0.00418894527125957,5819.22,0.01340042136231312,5731.280000000001,0.028949902988512077,5603.133333333333,0.05248253953145254,0.00757545323057039,0.00912626623703597,0.008429159136822208,75.95496582227588,5731.280000000001,5976.820826061904,5485.739173938097,0.8378664205482657,69.69999999999989,0.01181916841891065,0.02144317040218935,0.04753446070768774,0.08500147188695917,85460.6,0.7770364355036121,-0.46319065518774505
2025-07-15,5906.8,5938.4,5848.2,5893.2,100711.0,-0.0006782880010852,-0.0006782880010852699,0.005596887584465193,0.021493447965055923,0.0489854040583837,5879.16,0.0023880962586491083,5831.62,0.010559672955370969,5745.04,0.025789202512080056,5611.606666666666,0.05018051871062501,0.007573393364037821,0.009096180738560753,0.008317074307427078,67.5420168067227,5745.04,5994.661982837636,5495.418017162364,0.796768734699878,66.34285714285703,0.01125752683480232,0.021493447965055923,0.0489854040583837,0.09441390580894371,87002.6,1.1575631073094366,0.5165948860042768
2025-07-16,5891.8,5955.8,5867.8,5888.4,100200.0,-0.0008144980655671,-0.0008144980655671041,0.010537154625021472,0.022327164137643463,0.05134980717040416,5891.44,-0.0005160028787528637,5844.4800000000005,0.0075147831800261855,5759.42,0.0223946161245403,5619.566666666667,0.04783880133106333,0.007532431734714852,0.009038434273852782,0.008311145834053513,72.00447928331477,5759.42,6007.184366836088,5511.655633163912,0.7602876306368304,69.75714285714275,0.011846536046658303,0.022327164137643463,0.05134980717040416,0.08826790862719003,92885.8,1.0787440060805848,-0.0050739243975335135
2025-07-17,5893.6,5967.8,5885.6,5965.6,99016.0,0.0131105223829903,0.013110522382990375,0.01861148106409871,0.03336220336047124,0.07748437669327757,5913.24,0.008854705711251354,5863.74,0.0173711658429605,5780.87,0.03195539771695266,5628.993333333333,0.05979873251463563,0.008281080333833143,0.008697780327280613,0.008433073393593983,76.06510292005757,5780.87,6021.591941361054,5540.148058638946,0.8836999630269013,70.28571428571415,0.01178183490105172,0.03336220336047124,0.07748437669327757,0.1047407407407408,98007.6,1.0102889979960736,-0.011816367265469085
2025-07-18,5960.4,6008.4,5953.0,5983.6,94505.0,0.0030172991819765,0.0030172991819765738,0.010436016076193155,0.03640835556171429,0.08911539861667284,5925.6,0.00978803834210873,5884.76,0.016795927106628028,5805.35,0.03070443642502174,5637.3,0.061430117254714256,0.008204706804122771,0.008273895621759736,0.008230401799468929,75.62164797659695,5805.35,6021.570233728684,5589.129766271317,0.9121954659980408,71.1285714285713,0.011887253731628335,0.03640835556171429,0.08911539861667284,0.09086268504338957,92167.6,1.0253603218484586,-0.045558293609113676
2025-07-21,5972.0,6053.6,5972.0,6030.4,85044.0,0.0078213784343872,0.007821378434387238,0.0225869904361391,0.04807257812228438,0.08989698174588834,5952.24,0.013131190946601645,5912.42,0.019954604036925616,5830.219999999999,0.03433489645330723,5646.616666666667,0.06796695366251759,0.007901358090761156,0.008288283449793755,0.008253423080864745,78.84275618374566,5830.219999999999,6028.194369420311,5632.245630579688,1.0055704952771083,72.91428571428567,0.012091119281355412,0.04807257812228438,0.08989698174588834,0.1021676353401324,95895.2,0.8868431370913247,-0.10011110523252742
2025-07-22,6034.2,6106.8,6024.4,6104.4,92576.0,0.0122711594587423,0.012271159458742353,0.03583791488495214,0.04163538325029004,0.0825323638943074,5994.4800000000005,0.01833686992032657,5936.820000000001,0.028227232760972942,5853.49,0.04286502582220186,5657.01,0.07908594823060233,0.006868105156302312,0.007767212785550791,0.00836644123807038,83.30112098956323,5853.49,6065.721511128273,5641.2584888717265,1.0911233413598729,75.61428571428574,0.012386849766444817,0.04163538325029004,0.0825323638943074,0.1137790103634504,94268.2,0.982049089724849,0.08856591881849396
2025-07-23,6086.0,6152.2,6072.8,6090.0,105221.0,-0.0023589541969726,-0.002358954196972629,0.0342368045649073,0.04513471769349575,0.057365094798249805,6034.8,0.009146947703320807,5963.120000000001,0.021277452072069547,5870.01,0.03747693785870898,5667.460000000001,0.0745554445906984,0.006403614659081621,0.0067132035381924846,0.008358078242514267,80.5630543771694,5870.01,6101.987293807187,5638.032706192814,0.9741627863433259,77.61428571428574,0.012744546094299793,0.04513471769349575,0.057365094798249805,0.114772103239978,95272.4,1.1044226869481613,0.13659047701348093
2025-07-24,6091.6,6204.2,6087.6,6196.8,95468.0,0.0175369458128078,0.017536945812807847,0.03875553171516688,0.0580883106239114,0.08123953098827474,6081.04,0.01903621748911366,5997.139999999999,0.03329253610887872,5893.29,0.051500944294273765,5679.38,0.09110501498403001,0.007634656465228338,0.007210404875542773,0.008598403196582931,83.8720000000001,5893.29,6157.784862351853,5628.795137648147,1.0737540557522172,78.41428571428573,0.012653996532772677,0.0580883106239114,0.08123953098827474,0.1304728546409808,94562.8,1.009572474588316,-0.09269062259434901
2025-07-25,6187.4,6199.2,6159.0,6182.8,76933.0,-0.002259230570617,-0.0022592305706170546,0.03329099538739211,0.044074436826640584,0.07568113017154388,6120.879999999999,0.01011619244291695,6023.24,0.02649072592159718,5915.04,0.04526765668533095,5691.523333333333,0.08631725425589054,0.0077472702385497265,0.007340572388904802,0.008567385737267558,84.63028737487893,5915.04,6199.916973631183,5630.163026368817,0.969957253102977,78.4857142857143,0.012694202349374763,0.044074436826640584,0.07568113017154388,0.13358512705804704,91048.4,0.8449681707751043,-0.19414882473708472
2025-07-28,6183.2,6216.6,6144.6,6188.0,88191.0,0.0008410428931875,0.000841042893187538,0.02613425311753792,0.0493115376788984,0.0718121037863304,6152.4,0.005786359794551776,6052.32,0.02241784968408811,5935.7699999999995,0.04249322328863836,5703.513333333333,0.08494530271984413,0.007285348474292676,0.007364933329813812,0.00856871058562676,81.62162162162166,5935.7699999999995,6237.113078479275,5634.426921520724,0.9185096954489157,75.75714285714288,0.012242589343429684,0.0493115376788984,0.0718121037863304,0.13155103682843872,91677.8,0.9619668011230635,0.14633512276916272
2025-07-29,6188.0,6226.8,6128.6,6224.0,88093.0,0.0058177117000646,0.005817711700064621,0.019592425135967595,0.0561324916853323,0.07883242043957561,6176.32,0.007719807263872447,6085.4,0.022775824103592246,5958.51,0.044556441123703605,5715.983333333334,0.08887651293594856,0.007022644463914785,0.007312470226311236,0.008581448740790044,88.12908182865921,5958.51,6275.178565903811,5641.841434096189,0.91919222269861,79.81428571428569,0.012823632023503485,0.0561324916853323,0.07883242043957561,0.13663756893969836,90781.2,0.9703881420382194,-0.001111224501366359
2025-07-30,6202.8,6235.8,6136.6,6179.2,105254.0,-0.0071979434447301,-0.007197943444730126,0.01464696223316908,0.049385231981523114,0.07281502829959363,6194.16,-0.0024151781678225515,6114.48,0.010584710392380181,5979.48,0.03340089773692689,5725.706666666667,0.07920303287163377,0.00789603725823336,0.007630246977774118,0.00826344374393121,80.10451661067556,5979.48,6296.289340638476,5662.670659361524,0.8152053528432877,82.18571428571424,0.013300381001701554,0.049385231981523114,0.07281502829959363,0.10425676400157258,90787.8,1.1593407924853338,0.19480548965298028
2025-07-31,6173.6,6189.6,6043.6,6084.4,119559.0,-0.0153417918177111,-0.015341791817711115,-0.018138394009811654,0.01991417460104583,0.05394075870431303,6171.679999999999,-0.014142016436367366,6126.36,-0.006849091467037494,5995.05,0.014903962435675933,5733.873333333334,0.06113261425377359,0.009546460107369481,0.008723502674775693,0.008548205422207593,64.37920056597093,5995.05,6299.499276736306,5690.600723263695,0.6467403715946232,83.27142857142852,0.013686054265240373,0.01991417460104583,0.05394075870431303,0.08758758758758756,95606.0,1.2505386691211848,0.13590932411119772
2025-08-01,6071.6,6120.6,6037.0,6061.8,89442.0,-0.0037144171980803,-0.0037144171980803,-0.019570421168402685,0.01306905541814296,0.04995323379637662,6147.4800000000005,-0.01393741825918915,6134.18,-0.011799458118281536,6009.469999999999,0.008707922662065215,5741.096666666666,0.05586098823163299,0.00970395632228333,0.00882324577630552,0.008551563676188931,64.60773872914453,6009.469999999999,6296.539616350415,5722.400383649584,0.5911451387041314,86.78571428571422,0.014316822443121551,0.01306905541814296,0.04995323379637662,0.077002345249094,98107.8,0.9116706316928929,-0.25190073520186684
2025-08-04,6067.8,6122.2,6041.2,6122.2,77587.0,0.0099640370846942,0.009964037084694288,-0.010633484162896,0.015222870788007548,0.0640272515554936,6134.32,-0.001975769115403203,6143.36,-0.003444369205125475,6027.89,0.015645607335236678,5750.330000000001,0.0646693320209446,0.009884897297554561,0.00886089755557855,0.008477084269383614,68.47370119393355,6027.89,6292.26515529421,5763.514844705791,0.6783639614226359,86.12857142857138,0.01406823877504351,0.015222870788007548,0.0640272515554936,0.09949355267411364,95987.0,0.8083073749570254,-0.13254399499116742
2025-08-05,6110.6,6153.0,6110.6,6149.4,65859.0,0.0044428473424584,0.004442847342458478,-0.01198586118251932,0.007371731865539521,0.0493140399972698,6119.4,0.004902441415825187,6147.86,0.00025049366771523474,6042.34,0.01771830118795026,5758.773333333333,0.06783157524287597,0.0092303213772875,0.008101201863931538,0.008343951572150336,70.32077234506387,6042.34,6299.667678876144,5785.012321123856,0.7080227056560231,82.8714285714285,0.013476343801253537,0.007371731865539521,0.0493140399972698,0.0897781243354363,91540.2,0.719454403639057,-0.15115934370448658
2025-08-06,6146.0,6222.8,6143.4,6213.0,72137.0,0.0103424724363352,0.010342472436335237,0.005469963749352713,0.020197044334975267,0.06624334992277325,6126.16,0.014175274560246587,6160.16,0.008577699280538198,6061.64,0.024970140094099813,5768.8966666666665,0.07698236924565016,0.00961724092641384,0.008046794906885814,0.008353091510538688,69.67865097041044,6061.64,6308.658860562667,5814.621139437334,0.8063733669065345,82.67142857142855,0.01330620128302407,0.020197044334975267,0.06624334992277325,0.10835592978450115,84916.8,0.8495021008799201,0.09532486068722568
2025-08-07,6216.0,6237.6,6145.8,6177.0,87946.0,-0.005794302269435,-0.005794302269435003,0.015219249227532705,-0.003195197521301374,0.05470750947648795,6144.68,0.005259834523522633,6158.18,0.0030560977431643988,6077.66,0.01634510650480614,5777.8133333333335,0.06908957483338551,0.008160582468653742,0.008280136417035277,0.008385399191951587,64.95515001546552,6077.66,6309.799127067762,5845.520872932238,0.7139665149404185,85.27142857142859,0.013804667082957517,-0.003195197521301374,0.05470750947648795,0.09482453030840121,78594.2,1.1189884240821841,0.21915244604017348
2025-08-08,6177.6,6198.4,6145.8,6173.6,69645.0,-0.0005504290108466,-0.0005504290108466758,0.01844336665676871,-0.0014879989648702852,0.04252085514539505,6167.039999999999,0.0010637193856373184,6157.26,0.002653777816756131,6090.25,0.01368580928533314,5788.083333333333,0.06660523777301086,0.008132607647669522,0.00806311907480473,0.008105154893519836,61.87002652519902,6090.25,6313.956908817373,5866.543091182627,0.6862928606913177,83.19999999999995,0.01347673966567318,-0.0014879989648702852,0.04252085514539505,0.11087918810954767,74634.8,0.9331437881524436,-0.2080936028926842
2025-08-11,6179.0,6283.4,6179.0,6244.4,93503.0,0.0114681871193467,0.011468187119346718,0.019960145045898603,0.009114414996767906,0.05887539849420054,6191.4800000000005,0.008547229418491176,6162.9,0.01322429375780887,6107.61,0.022396649425880266,5800.056666666666,0.07661017105005286,0.008927504375274172,0.00817968852177349,0.008140165918001778,61.66666666666671,6107.61,6321.928620651326,5893.291379348673,0.8191276604531313,85.15714285714272,0.013637361933435193,0.009114414996767906,0.05887539849420054,0.1300036192544336,77818.0,1.2015600503739494,0.34256586976810977
2025-08-12,6254.8,6288.4,6226.0,6285.0,79041.0,0.0065018256357696,0.00650182563576962,0.02205093179822426,0.0098007712082262,0.06648340460191404,6218.6,0.010677644485897142,6169.0,0.018803695898849115,6127.2,0.025754014884449727,5812.6466666666665,0.0812630390975082,0.008971517056220004,0.008172111857893436,0.00815788716556446,65.57010539763657,6127.2,6330.333059840075,5924.066940159924,0.8884153572152028,83.942857142857,0.013356063188998726,0.0098007712082262,0.06648340460191404,0.13661024305555558,80454.4,0.9824322846233395,-0.15466883415505384
2025-08-13,6280.2,6403.0,6280.2,6392.0,106869.0,0.0170246618933969,0.01702466189339691,0.02881055850635761,0.03443811496633864,0.08552408124448063,6254.4,0.022000511639805653,6190.280000000001,0.032586571205179604,6152.38,0.03894752924884348,5826.69,0.09702077852090984,0.00974519493776341,0.008663319327961713,0.008378949278625902,65.58109833971905,6152.38,6355.726938170086,5949.033061829914,1.0891900860576857,84.3857142857142,0.013201770069730006,0.03443811496633864,0.08552408124448063,0.1518362345478792,87400.8,1.2227462448856303,0.35207044445287883
2025-08-14,6385.8,6408.4,6296.8,6320.4,112146.0,-0.0112015018773466,-0.011201501877346698,0.0232151529868867,0.03878771941358239,0.059474319431406686,6283.08,0.0059397620275405405,6213.88,0.017142268598685506,6170.12,0.02435609031915087,5839.48,0.08235664819470223,0.00891110553317106,0.00903704170615436,0.008558503142280752,60.058479532163716,6170.12,6366.648927561342,5973.591072438658,0.8823355723372914,89.48571428571417,0.014158235916352473,0.03878771941358239,0.059474319431406686,0.13819556996218263,92240.8,1.2157960468686309,0.049378210706565895
2025-08-15,6336.0,6475.2,6311.0,6467.2,122047.0,0.0232263780773369,0.023226378077336962,0.047557340935596715,0.0668778250684614,0.08082091048866902,6341.8,0.01977356586458101,6254.42,0.034020740532295424,6194.3,0.04405663271071791,5855.323333333334,0.10449921068975976,0.010330121738688438,0.010112906517149425,0.008899218079067319,66.90891472868216,6194.3,6412.056774019933,5976.543225980067,1.1266165570009297,96.07142857142844,0.01485518131052518,0.0668778250684614,0.08082091048866902,0.17231628176775549,102721.2,1.1881383784457347,0.08828669769764419
2025-08-18,6457.6,6621.6,6457.6,6543.0,131737.0,0.011720682830282,0.011720682830282048,0.04781884568573447,0.06873346182744777,0.08500265322366674,6401.5199999999995,0.022101001012259758,6296.5,0.03914873342333047,6219.93,0.05194109901558375,5873.31,0.11402258692287637,0.0104094033692992,0.010228558464173034,0.008826144037894258,68.43078345273862,6219.93,6474.085402937049,5965.774597062951,1.1355757073557469,100.77142857142846,0.015401410449553486,0.06873346182744777,0.08500265322366674,0.19751821076906184,110368.0,1.1936159031603364,0.07939564266225307
2025-08-19,6544.4,6584.0,6514.2,6525.8,102352.0,-0.0026287635641143,-0.0026287635641143448,0.038313444709626054,0.06120922366409731,0.06903217351418656,6449.679999999999,0.01180213591992163,6334.14,0.030258251317463847,6241.0,0.04563371254606641,5890.62,0.10782905704323142,0.010813505808291202,0.01014721755245406,0.008854795586799937,70.68512771544525,6241.0,6523.15579123297,5958.84420876703,1.0046857247825316,98.67142857142848,0.015120204200470206,0.06120922366409731,0.06903217351418656,0.18927686251640186,115030.2,0.8897837263605558,-0.2230580626551386
2025-08-20,6531.8,6630.4,6448.6,6626.8,119244.0,0.0154770296362132,0.015477029636213224,0.036733416770963645,0.06660228553033964,0.08814449917898193,6496.639999999999,0.02003497192394854,6375.5199999999995,0.03941325570306442,6267.84,0.057270128146219346,5909.873333333334,0.12130998859535613,0.011158433166552139,0.010395909553371148,0.00896744038773322,82.13270142180102,6267.84,6588.953001261135,5946.726998738865,1.058930966031001,101.22857142857129,0.015275634005639416,0.06660228553033964,0.08814449917898193,0.21112654433803635,117505.2,1.0147976429979269,0.16503829920275126
2025-08-21,6589.6,6656.4,6545.0,6582.8,121463.0,-0.0066397054385223,-0.006639705438522325,0.0415163597240682,0.06569532135340794,0.06229021430415704,6549.120000000001,0.005142675657187512,6416.1,0.025981515250697473,6287.14,0.047026151795569904,5928.543333333333,0.1103570691620146,0.011264829303763105,0.010177048480969498,0.009036446740328628,80.10168708111857,6287.14,6635.517510906271,5938.7624890937295,0.9243385275227276,103.21428571428552,0.0156793895780345,0.06569532135340794,0.06229021430415704,0.20506718412477576,119368.6,1.017545652709339,0.018608902754017054
2025-08-22,6571.8,6741.2,6571.8,6740.2,128579.0,0.0239107978367867,0.023910797836786735,0.04221301335972294,0.09177789296358685,0.09015332858898883,6603.719999999999,0.020667139127643175,6472.76,0.04131776861802372,6315.01,0.0673300596515285,5948.08,0.13317238503853335,0.012195640969631633,0.011096016589719966,0.009194462453147633,82.10723192019951,6315.01,6713.780351534743,5916.239648465257,1.0331263951339105,109.52857142857121,0.01625004768828391,0.09177789296358685,0.09015332858898883,0.21052442528735638,120675.0,1.0654982390718872,0.0585857421601641
2025-08-25,6715.4,6886.8,6715.4,6837.8,148122.0,0.0144802824841994,0.014480282484199414,0.045055784808192056,0.09502914611491908,0.10500969618616685,6662.68,0.02628371766316251,6532.1,0.04679965095451699,6347.5,0.07724300905868464,5969.983333333334,0.14536333155592285,0.012303225448743798,0.01128437737011087,0.009187642844231216,83.32687838884587,6347.5,6804.354315141207,5890.645684858793,1.0366043219362564,118.74285714285699,0.017365652277465997,0.09502914611491908,0.10500969618616685,0.23792454196538482,123952.0,1.1949948367109848,0.15199216046166164
2025-08-26,6834.8,6906.6,6800.2,6840.6,119382.0,0.0004094884319518,0.00040948843195187656,0.04823929633148438,0.08840095465393794,0.09906812339331617,6725.640000000001,0.017092797116705416,6587.660000000001,0.03839603136773895,6378.33,0.0724750836033885,5991.830000000001,0.1416545529495996,0.012598276579070544,0.011330107557056865,0.009191368202608824,82.28395061728398,6378.33,6881.014570345201,5875.645429654799,0.9598012623329107,120.67142857142842,0.01764047431094179,0.08840095465393794,0.09906812339331617,0.23704293102824692,127358.0,0.9373733884011998,-0.1940292461619476
2025-08-27,6867.6,6965.4,6737.2,6756.8,176441.0,-0.0122503873929187,-0.012250387392918727,0.01961731152290702,0.05707133917396745,0.09347488348006228,6751.639999999999,0.0007642587578722271,6624.139999999999,0.020026750642347713,6407.21,0.05456197003063745,6011.54,0.12397156136364407,0.01376476227385247,0.011663017359165364,0.009396061461721934,78.42714257697588,6407.21,6927.774802174656,5886.645197825344,0.8357795211466378,130.41428571428554,0.019301190758093407,0.05707133917396745,0.09347488348006228,0.2121560044490689,138797.4,1.271212573146183,0.4779531252617648
2025-08-28,6820.6,6892.2,6679.2,6882.2,191437.0,0.0185590812218801,0.018559081221880103,0.04548216564379892,0.08888677931776479,0.13112221418710157,6811.5199999999995,0.010376538569952132,6680.32,0.03022010921632501,6447.1,0.06748770765150214,6032.81,0.14079508554056885,0.012906908381585083,0.011069441990010068,0.009597255362215272,81.02995270625325,6447.1,6985.475060030772,5908.724939969229,0.9040863259668186,141.87142857142842,0.020614255408361922,0.08888677931776479,0.13112221418710157,0.2276489475561898,152792.2,1.252923905801474,0.0849915835888484
2025-08-29,6837.2,6946.4,6833.2,6904.8,166467.0,0.003283833657842,0.003283833657842017,0.024420640337082133,0.06766452251360722,0.1390676036820746,6844.4400000000005,0.00881883689534857,6724.08,0.02687653924403044,6489.25,0.06403667604114505,6054.433333333333,0.14045355194265352,0.011901966361991465,0.010846668905647325,0.009587993019580271,80.1938551572787,6489.25,7032.588093833391,5945.911906166609,0.8824046249621365,142.11428571428561,0.02058195540990117,0.06766452251360722,0.1390676036820746,0.23137282876199317,160369.8,1.03801962713678,-0.13043455549345218
2025-09-01,6891.0,6971.2,6881.8,6917.2,126661.0,0.0017958521608156,0.0017958521608156808,0.011611921963204486,0.057190891028580104,0.1298552807814184,6860.32,0.008291158429927448,6761.5,0.023027434740811925,6529.0,0.059457803645274865,6075.493333333334,0.13854128718216563,0.011844170063151456,0.010866593857041138,0.009570306605898924,79.66960765909515,6529.0,7075.585881921372,5982.414118078628,0.8551134532009772,144.04285714285703,0.0208238676260419,0.057190891028580104,0.1298552807814184,0.2235036083203621,156077.6,0.8115258051123287,-0.23912246871752363
2025-09-02,6925.4,6935.2,6736.4,6802.0,172836.0,-0.0166541375122881,-0.01665413751228817,-0.0056427798731105705,0.04232431272794135,0.10612417471623248,6852.6,-0.007384058605492849,6789.12,0.0018971530920059987,6561.63,0.03663266596866932,6095.503333333333,0.11590456571538255,0.013628146112272787,0.012008011936093216,0.009782114656086268,69.09463487332339,6561.63,7090.428061545907,6032.831938454093,0.7272795774792494,149.47142857142848,0.02197462931070692,0.04232431272794135,0.10612417471623248,0.21433927232477612,166768.4,1.036383391577781,0.36455578275870226
2025-09-03,6785.0,6850.4,6658.2,6685.2,166146.0,-0.017171420170538,-0.017171420170538076,-0.010596732180914059,0.008812699945675018,0.07600193143408984,6838.279999999999,-0.022385746123294026,6794.960000000001,-0.016153148804408102,6585.24,0.015179401206334209,6112.8933333333325,0.09362287798249391,0.014517963202963486,0.012920120902428498,0.010117118555963561,66.30318198069361,6585.24,7090.123129363381,6080.356870636619,0.5989932067308744,155.22857142857134,0.023219734851398815,0.008812699945675018,0.07600193143408984,0.1849409762841645,164709.4,1.0087220280081162,-0.038707213774908045
2025-09-04,6708.6,6748.2,6446.6,6543.8,194079.0,-0.0211511996649313,-0.021151199664931397,-0.04917032344308503,-0.005924530594883626,0.05938157681722522,6770.6,-0.03349776976929664,6791.06,-0.03640963266412023,6603.58,-0.00905266537241911,6127.713333333334,0.06790243668927065,0.01601177189552281,0.01393366861740446,0.010582286400125877,53.43991377761812,6603.58,7071.304253447614,6135.855746552385,0.43609482557365914,165.04285714285703,0.02522125632550766,-0.005924530594883626,0.05938157681722522,0.1572525023874367,165237.8,1.1745435971672342,0.16812321692968846
2025-09-05,6503.6,6804.4,6503.6,6795.6,170326.0,0.0384791711238119,0.03847917112381194,-0.015815085158150777,0.008219340672383613,0.1007515874044318,6748.759999999999,0.006940534261108855,6796.6,-0.00014713238972430265,6634.68,0.024254372479155073,6147.61,0.10540518998440063,0.018882791336332163,0.015993939374795277,0.011441918711428318,59.795253606328544,6634.68,7063.087841099761,6206.272158900239,0.6878116884916301,174.81428571428555,0.02572462854115686,0.008219340672383613,0.1007515874044318,0.21311007176264773,166009.6,1.0260009059717028,-0.12238830579300186
2025-09-08,6775.6,6845.0,6737.6,6815.0,140430.0,0.0028547883924892,0.002854788392489205,-0.014774764355519499,-0.0033344058030361223,0.09137787457561974,6728.32,0.012882859317036033,6794.32,0.003043718871057033,6663.210000000001,0.022780311591560132,6167.366666666667,0.10500970160143974,0.018308270994002302,0.01592449207102062,0.011439928427497496,61.19541653762774,6663.210000000001,7056.763494792163,6269.656505207839,0.6928454479614774,177.4999999999998,0.02604548789435067,-0.0033344058030361223,0.09137787457561974,0.21056558192411523,168763.4,0.832111701944853,-0.17552223383394194
2025-09-09,6818.8,6836.4,6717.4,6755.4,138446.0,-0.0087454145267792,-0.008745414526779238,-0.006850926198177065,-0.01245504780282447,0.07484486873508356,6719.0,0.005417472838219917,6785.8,-0.0044799434112412495,6686.7300000000005,0.010269593657886489,6186.323333333334,0.09198948001963458,0.018503124121169126,0.016186495489440636,0.011524800290047113,55.143177091665315,6686.7300000000005,7039.192931832207,6334.267068167794,0.5974144992255386,173.01428571428556,0.02561125702612511,-0.01245504780282447,0.07484486873508356,0.20245639017443917,161885.4,0.8552099201039748,-0.014128035320088328
2025-09-10,6750.4,6831.6,6717.6,6744.0,134597.0,-0.0016875388578025,-0.0016875388578025952,0.008795548375515994,-0.001894387875917669,0.05506883604505641,6730.76,0.001967088412006879,6784.5199999999995,-0.005972419566896314,6704.33,0.005917071504535132,6205.376666666667,0.08679945831921021,0.018092806283037586,0.01591669162739231,0.011513623201467633,56.619579500657025,6704.33,7028.874033830082,6379.785966169918,0.5611165140394626,173.19999999999987,0.02568208778173189,-0.001894387875917669,0.05506883604505641,0.20411369804313662,155575.6,0.8651549471768066,-0.027801453274200805
2025-09-11,6769.4,7017.6,6707.4,7017.2,195795.0,0.0405100830367735,0.0405100830367735,0.07234328677526825,0.019615820522507432,0.11024618695019317,6825.44,0.02809489205091542,6798.0199999999995,0.03224174097751997,6739.17,0.04125582230452718,6230.053333333332,0.1263466979415908,0.021593486375458004,0.017629873235772815,0.012321184117307715,60.38698065096745,6739.17,7038.826231810922,6439.513768189078,0.9639149306519882,183.2571428571428,0.02611542251284598,0.019615820522507432,0.11024618695019317,0.2674204385362857,155918.8,1.2557497877100132,0.4546758100106243
2025-09-12,6986.4,7082.8,6986.4,7031.2,175859.0,0.0019950977597902,0.001995097759790232,0.03466949202425096,0.018306105897346825,0.08720930232558133,6872.5599999999995,0.02308310149347559,6810.659999999999,0.032381590036795416,6767.37,0.038985602974272116,6255.673333333333,0.12397173339187573,0.021589822266649693,0.01713144538211321,0.012228039187727155,57.73723795807329,6767.37,7065.409157441404,6469.330842558596,0.9426096259714967,177.89999999999995,0.025301513255205365,0.018306105897346825,0.08720930232558133,0.2797961412449945,157025.4,1.1199398313903357,-0.10182078194029465
2025-09-15,7042.6,7062.4,6978.6,6980.4,137356.0,-0.0072249402662418,-0.007224940266241875,0.024269992663242812,0.009136644885213707,0.06685006877579092,6905.639999999999,0.010825933584722058,6816.9800000000005,0.023972492217961605,6789.24,0.0281563179383848,6279.796666666666,0.11156465257102277,0.02178789330106984,0.017224661607588603,0.012309896150926659,55.386037910309724,6789.24,7082.103829683357,6496.376170316643,0.8263632798332953,176.28571428571416,0.0252543857494863,0.009136644885213707,0.06685006877579092,0.261594071932044,156410.6,0.8781757758105908,-0.21894244821135112
2025-09-16,6992.2,7066.4,6918.0,7033.0,161577.0,0.0075353847917025,0.007535384791702571,0.0410930514847383,0.03396059982358124,0.07772227159888434,6961.160000000001,0.01032011906061614,6840.08,0.028204348487152142,6814.6,0.032048836322014385,6303.03,0.11581255364483445,0.020920784004870456,0.01718794687668559,0.012157097192165052,60.90320543186483,6814.6,7099.134530325104,6530.065469674897,0.8837847022476679,170.58571428571415,0.024255042554488005,0.03396059982358124,0.07772227159888434,0.24720695158716088,161036.8,1.0033545127573325,0.17633740062319814
2025-09-17,7031.2,7117.0,6986.8,7108.8,163824.0,0.0107777619792408,0.010777761979240852,0.05409252669039155,0.06336384850116672,0.07273495503108585,7034.12,0.010616822004742676,6882.4400000000005,0.032889498491813995,6838.7,0.039495810607279136,6325.516666666666,0.1238291470261983,0.019676418201558882,0.01705277687492933,0.011972134367250852,59.309778142974544,6838.7,7137.549766869329,6539.850233130671,0.9518992984828071,164.6714285714284,0.023164448088485876,0.06336384850116672,0.07273495503108585,0.23425237863740533,166882.2,0.98167449853849,0.01390668226294589
2025-09-18,7097.8,7208.0,6921.2,7008.2,236268.0,-0.0141514742291245,-0.01415147422912455,-0.0012825628455794824,0.07096793911794363,0.06462295679649999,7032.32,-0.003429878048780477,6928.88,0.011447737585295048,6859.969999999999,0.021607966215595686,6346.8,0.104209995588328,0.01868976923416527,0.017371165059511116,0.012141266133985371,53.992277992277984,6859.969999999999,7142.2260621696805,6577.713937830318,0.7625807198976836,177.07142857142844,0.025266320677410525,0.07096793911794363,0.06462295679649999,0.22281546621998882,174976.8,1.3502818659387987,0.4422062701435687
2025-09-19,6985.6,7051.2,6940.4,6996.2,187556.0,-0.0017122799006877,-0.0017122799006877854,-0.004977813175560342,0.029519100594502135,0.037981068811014485,7025.32,-0.004145006917834371,6948.94,0.006801037280506073,6872.7699999999995,0.017959279882783896,6367.6066666666675,0.09871736214862503,0.015165582683588495,0.016701309509357748,0.01215926471284156,53.051135485864364,6872.7699999999995,7155.375271303237,6590.164728696762,0.7183787999261325,178.5999999999999,0.0255281438495183,0.029519100594502135,0.037981068811014485,0.21719614461185133,177316.2,1.0577488125732448,-0.20617265139587249
2025-09-22,6997.4,7018.2,6926.4,7012.8,114627.0,0.0023727166175924,0.0023727166175924186,0.004641567818463255,0.029024211298606106,0.02559302699698729,7031.8,-0.0027020108649279395,6968.719999999999,0.006325408396377075,6881.5199999999995,0.01907718062288577,6388.263333333333,0.09776313750372423,0.015166915183359247,0.016442420369237702,0.01215904027064795,58.812709030100336,6881.5199999999995,7170.334823937883,6592.705176062116,0.72727365273369,170.95714285714277,0.024377872298816845,0.029024211298606106,0.02559302699698729,0.21467419544808952,172770.4,0.6634643434291986,-0.3888385335579774
2025-09-23,6995.0,7031.4,6795.0,6947.2,181806.0,-0.0093543235227013,-0.00935432352270138,-0.012199630314232879,0.028392101133907666,0.01558342835423776,7014.639999999999,-0.009614178346999958,6987.9,-0.0058243535253795775,6886.85,0.008763077459215562,6407.896666666667,0.08416230182654827,0.01522029001911375,0.0166171232816386,0.012258297115443502,61.4430468204053,6886.85,7176.418735590591,6597.28126440941,0.6042066918531667,174.11428571428561,0.025062512337961425,0.028392101133907666,0.01558342835423776,0.20418775566803027,176816.2,1.028220264885231,0.5860661100787772
2025-09-24,6896.6,7160.0,6896.6,7155.8,177180.0,0.0300264854905574,0.03002648549055742,0.006611523745217118,0.061061684460260945,0.05905162206961867,7024.039999999999,0.018758435316427846,7029.08,0.018027963830259397,6906.8,0.03605142757861812,6431.163333333333,0.11267583003386128,0.017316511590016844,0.017520278893025463,0.01272054012433876,75.24752475247521,6906.8,7213.136175845316,6600.4638241546845,0.906416250566718,171.3857142857142,0.02395060151006375,0.061061684460260945,0.05905162206961867,0.2423695267196777,179487.4,0.9871445015081839,-0.025444704795221318
2025-09-25,7135.2,7210.6,7131.4,7166.6,129665.0,0.0015092652114367,0.0015092652114367944,0.02260209468907859,0.02129054323661861,0.041323995234082256,7055.719999999999,0.01571490932179853,7044.0199999999995,0.0174019948836035,6921.0199999999995,0.03548320912235492,6454.389999999999,0.11034505197237854,0.012391349894374288,0.01713479259170755,0.012722411840899076,69.10401647785784,6921.0199999999995,7248.239711155017,6593.800288844982,0.8752524551976933,155.55714285714288,0.02170584975541301,0.02129054323661861,0.041323995234082256,0.24139961891564177,158166.8,0.8197990981672514,-0.2681736087594536
2025-09-26,7184.8,7194.0,7078.8,7078.8,136035.0,-0.0122512767560628,-0.012251276756062857,0.01180640919356235,0.0067698259187620735,0.025199860966284238,7072.24,0.0009275703313236239,7048.780000000001,0.004258893028296962,6929.719999999999,0.02151313472983052,6476.1466666666665,0.0930573942117845,0.013206760297117802,0.01743093499291984,0.012880279976197844,62.6900134693092,6929.719999999999,7264.293775044189,6595.14622495581,0.7227909225406427,156.11428571428573,0.022053778283647754,0.0067698259187620735,0.025199860966284238,0.2261059341116154,147862.6,0.9200095223538609,0.04912659545752507
2025-09-29,7096.0,7256.8,7055.6,7226.6,160425.0,0.0208792450697858,0.02087924506978589,0.030487109285877168,0.03527018508967972,0.04472908113109364,7115.0,0.01568517217146881,7073.4,0.021658608307179028,6945.19,0.04051868991345109,6500.693333333334,0.11166603767393024,0.014268128474230994,0.01796848120000352,0.01304077644756229,70.89393401915572,6945.19,7304.987521421428,6585.392478578571,0.8910671742376834,161.9857142857143,0.022415204146585432,0.03527018508967972,0.04472908113109364,0.2559699676735374,157022.2,1.0216708210686132,0.17929209394641088
2025-09-30,7206.2,7314.4,7206.2,7284.8,128556.0,0.0080535798300722,0.008053579830072266,0.04859511745739287,0.03580264467510319,0.07097912378712157,7182.5199999999995,0.01424012742045977,7098.58,0.026233415697223927,6969.33,0.04526547028193528,6524.433333333333,0.11654141100376525,0.014285088842451525,0.017435165995869844,0.012910965241846052,73.0245231607629,6969.33,7352.690350474249,6585.969649525751,0.9114536096517775,161.57142857142858,0.022179253867151957,0.03580264467510319,0.07097912378712157,0.24305508156439837,146372.2,0.8782815316023124,-0.19865357643758763
2025-10-09,7281.0,7458.8,7281.0,7409.6,155474.0,0.0171315616077312,0.017131561607731216,0.035467732468766666,0.042313751969390134,0.10835876263986122,7233.280000000001,0.024376216598831935,7128.660000000001,0.039409931179211766,7005.55,0.05767569998072952,6550.8099999999995,0.13109676513286161,0.014772081220170142,0.01696761155289743,0.012965155861169714,69.12280701754383,7005.55,7412.063947452767,6599.036052547233,0.9969694183087617,152.11428571428567,0.020529351883271117,0.042313751969390134,0.10835876263986122,0.2715977346833707,142031.0,1.0946483514162402,0.20938734870406672
2025-10-10,7424.8,7424.8,7246.6,7259.6,170390.0,-0.0202440077736989,-0.020244007773698947,0.012976864901068863,0.035872263919408676,0.10938598367920793,7251.88,0.0010645515369807068,7153.8,0.014789342726942323,7041.339999999999,0.03099694092317673,6574.193333333334,0.10425715094069843,0.015711156626057113,0.016894253339106782,0.0133393307886372,59.82788296041308,7041.339999999999,7399.89394015398,6682.786059846018,0.8043614580086185,157.95714285714277,0.02175838102059931,0.035872263919408676,0.10938598367920793,0.23955878837550793,150176.0,1.1346020669081611,0.09593887080798069
2025-10-13,7267.0,7267.0,7078.2,7223.2,176728.0,-0.0050140503609015,-0.005014050360901523,0.020398937673051787,0.03244618507189623,0.0629230678674435,7280.76,-0.007905768079156661,7176.5,0.006507350379711507,7062.719999999999,0.02272212405418883,6595.883333333333,0.09510730177661308,0.015870051259501302,0.015108586324072807,0.013349145951723639,60.57859881491807,7062.719999999999,7410.40625663459,6715.033743365409,0.7307827774864578,165.45714285714283,0.02290634938214958,0.03244618507189623,0.0629230678674435,0.21976426086662837,158314.6,1.1163089190763202,0.037197018604378185
2025-10-14,7215.0,7309.8,6968.4,7005.4,221091.0,-0.0301528408461624,-0.030152840846162432,-0.030609138460687024,-0.001055213324207216,0.02793837123991194,7236.520000000001,-0.03193800334967656,7175.76,-0.023741039276676035,7072.24,-0.009451036729522744,6614.3533333333335,0.0591209218739448,0.01909007475839128,0.01684682619084297,0.014004490775199364,48.9488117001828,7072.24,7401.294469335117,6743.185530664882,0.39843626780840263,179.2428571428572,0.02558638438102852,-0.001055213324207216,0.02793837123991194,0.1879196907006715,170447.8,1.2971185313040123,0.25102417274002997
2025-10-15,7014.2,7156.6,6999.8,7132.2,182614.0,0.0181003226082736,0.018100322608273656,-0.02094772677355594,0.02662943344081059,0.05577760014210864,7206.0,-0.010241465445462117,7194.26,-0.00862632153967191,7091.08,0.0057988345921917706,6635.003333333333,0.07493540570941692,0.019554528956484,0.017054685609849317,0.0141308396480401,50.85789705235371,7091.08,7385.02726057567,6797.13273942433,0.569944519842556,181.1428571428572,0.025397893657336756,0.02662943344081059,0.05577760014210864,0.21024231317450615,181259.4,1.0074732675932945,-0.1740324119932517
2025-10-16,7126.6,7132.6,7011.2,7052.2,158548.0,-0.0112167353691707,-0.011216735369170783,-0.048234722522133566,-0.014477766287487093,0.045699881376037865,7134.5199999999995,-0.011538267465786012,7183.9,-0.01833266053257976,7106.49,-0.007639495728552381,6654.4,0.059779995191151736,0.01740631828996783,0.017319325000234503,0.01424531279414279,51.63787969029183,7106.49,7352.177639943469,6860.80236005653,0.38951418147756317,169.3285714285715,0.02401074436751248,-0.014477766287487093,0.045699881376037865,0.19764282317777337,181874.2,0.8717454152375652,-0.13178617192548214
2025-10-17,7037.6,7086.4,6733.2,6849.4,172400.0,-0.028756983636312,-0.028756983636312072,-0.05650449060554308,-0.04426087684536606,-0.02391267172091438,7052.479999999999,-0.028795544262443684,7152.18,-0.042333945734028045,7098.1,-0.035037545258590375,6669.13,0.027030512225732606,0.019379164388709774,0.016181085118957363,0.014763134701115153,45.21512385919166,7098.1,7366.990977711557,6829.2090222884435,0.03754491482643806,186.6428571428572,0.027249519248818466,-0.04426087684536606,-0.02391267172091438,0.1481493898350541,182276.2,0.9458173914093008,0.08736786335999192
2025-10-20,6842.2,6971.2,6842.2,6878.2,134833.0,0.0042047478611264,0.004204747861126457,-0.047762764425739235,-0.028338136407300762,-0.021760154738878157,6983.4800000000005,-0.015075578364941333,7132.12,-0.03560231740352093,7090.45,-0.02993463038312094,6684.039999999999,0.029048300129861593,0.019332030817057706,0.01621073806756719,0.014764755896144345,45.64739361014099,7090.45,7375.570897718371,6805.329102281628,0.12778947159171367,189.30000000000004,0.027521735337733715,-0.028338136407300762,-0.021760154738878157,0.1495086569957884,173897.2,0.7753603853311036,-0.21790603248259865
2025-10-21,6877.2,7063.0,6877.2,7020.4,145647.0,0.0206740135500567,0.020674013550056713,0.0021412053558682587,-0.0285334735560292,0.005730330640077996,6986.4800000000005,0.004855091548247259,7111.5,-0.012810236940167363,7092.45,-0.010158689874444016,6700.54,0.04773645109200153,0.019304304691732384,0.01683298622174065,0.014936512027429977,52.25536110426423,7092.45,7374.868931078495,6810.031068921505,0.3724412706243571,185.68571428571437,0.02644944935982485,-0.0285334735560292,0.005730330640077996,0.16416821438047235,158808.4,0.9171240312225298,0.08020291768335652
2025-10-22,7035.6,7035.6,6938.2,6976.0,109239.0,-0.0063244259586348,-0.006324425958634805,-0.021900675808306014,-0.042389633208873345,-0.008104649509455442,6955.24,0.002984799949390604,7080.62,-0.014775542254774288,7089.6,-0.016023470999774414,6715.066666666667,0.03885789170621301,0.01894464490442129,0.01680994120358404,0.014926328139306923,43.83655560126148,7089.6,7375.671761331872,6803.528238668128,0.3014484207194905,173.8285714285716,0.024918086500655332,-0.042389633208873345,-0.008104649509455442,0.14278225542231837,144133.4,0.7579020546243966,-0.2499742528167418
2025-10-23,6980.0,7008.8,6858.2,7001.8,145145.0,0.0036983944954127,0.00369839449541276,-0.007146705992456148,-0.05503670913409631,-0.015051766824217827,6945.160000000001,0.008155319675860584,7039.839999999999,-0.0054035318984521075,7084.25,-0.011638493841973352,6730.263333333333,0.04034562293005872,0.017702728002604355,0.016638672619970457,0.01491451554092674,44.408251900108574,7084.25,7372.801281586488,6795.698718413512,0.3571311145341647,178.92857142857156,0.02555465329323482,-0.05503670913409631,-0.015051766824217827,0.14972085385878486,141452.8,1.0261019930323048,0.32869213376175166
2025-10-24,6959.2,7121.6,6959.2,7121.0,137728.0,0.0170241937787425,0.017024193778742536,0.039653108301457074,-0.01909196098958621,0.016095431066464938,6999.4800000000005,0.01736128969580597,7025.9800000000005,0.013524092012786815,7089.890000000001,0.0043879383178015985,6745.666666666667,0.055640658200326154,0.018171333166481358,0.01676475473376644,0.014905861112106393,51.40199335548172,7089.890000000001,7376.586067933208,6803.193932066794,0.5542560632663553,182.30000000000018,0.025600337031315853,-0.01909196098958621,0.016095431066464938,0.14914149238316554,134518.4,1.0238599329162406,-0.05110062351441658
2025-10-27,7090.6,7244.4,7090.6,7214.4,136694.0,0.013116135374245,0.013116135374245053,0.04887906719781343,-0.001218296599844959,0.031188359395100118,7066.719999999999,0.020897955487128472,7025.1,0.026946235640773697,7100.8,0.01599819738621,6762.860000000001,0.06676761015310073,0.018708906676757016,0.016968296436953054,0.01495598745769775,49.57948435130288,7100.8,7389.086728613505,6812.513271386495,0.697026065935034,178.91428571428585,0.024799607134936497,-0.001218296599844959,0.031188359395100118,0.16684997088697662,134890.6,1.0133693526457737,-0.007507551115241595
2025-10-28,7220.0,7270.6,7163.6,7191.4,126404.0,-0.0031880683078288,-0.0031880683078288063,0.024357586462309788,0.02655094641276734,0.02546771617613497,7100.92,0.012742010894362998,7043.7,0.0209690929483084,7109.7300000000005,0.011487074755299975,6779.583333333333,0.0607436543543729,0.015550957528229112,0.0170017673502882,0.014973440426423243,46.70057934152888,7109.7300000000005,7397.603635289299,6821.856364710702,0.6418504336423948,178.8285714285716,0.024867003841890535,0.02655094641276734,0.02546771617613497,0.16215255332902379,131042.0,0.9646067672959815,-0.07527762740134902
2025-10-29,7196.2,7352.2,7196.2,7348.8,134767.0,0.0218872542203187,0.021887254220318786,0.053440366972477005,0.030369311012029998,0.05780746199907871,7175.4800000000005,0.02415448165140166,7065.360000000001,0.040116851795237496,7129.8099999999995,0.03071470347737182,6798.33,0.08097135620071394,0.016006200459390822,0.017392794783475763,0.015174024756239293,47.90055248618784,7129.8099999999995,7425.858601273046,6833.761398726953,0.869854812788029,177.61428571428587,0.024169154925196747,0.030369311012029998,0.05780746199907871,0.18071979434447294,136147.6,0.9898595347989975,0.0661608809847789
2025-10-30,7335.4,7335.4,7221.6,7255.4,168288.0,-0.0127095580230787,-0.012709558023078715,0.036219257905109936,0.02881370352514101,0.013918779172140017,7226.2,0.004040851346489127,7085.68,0.02395253525420271,7134.790000000001,0.016904491933189103,6816.266666666666,0.06442431829740625,0.016160898721174037,0.016494200355050476,0.015252580766673237,49.84907287623973,7134.790000000001,7435.985525932977,6833.594474067025,0.7002187775306424,173.97142857142873,0.023978199488853647,0.02881370352514101,0.013918779172140017,0.17416494044536512,140776.2,1.1954293410391812,0.24873299843433472
2025-10-31,7264.2,7309.2,7196.2,7199.2,145316.0,-0.0077459547371612,-0.00774595473716122,0.010981603707344467,0.051070166729932476,0.004548879524460592,7241.839999999999,-0.005888006363023668,7120.660000000001,0.011029876444037301,7136.42,0.008797127971728047,6834.846666666666,0.05330819418528776,0.012538686351578829,0.01660334623982894,0.01513054087288938,49.14965986394558,7136.42,7438.691287004415,6834.148712995585,0.6038471113518016,168.557142857143,0.023413315765243775,0.051070166729932476,0.004548879524460592,0.183222667806193,142293.8,1.0212391544817836,-0.1365040882297015
2025-11-03,7221.4,7221.4,7063.8,7195.4,140206.0,-0.0005278364262696,-0.0005278364262696345,-0.0026336216455976613,0.0461167165828269,0.016471718370345112,7238.039999999999,-0.005891097589955208,7152.38,0.006014781093845567,7142.25,0.007441632538765841,6853.74,0.04985015480598909,0.01266340041575746,0.016339592553515726,0.015112440404403486,57.93518209154694,7142.25,7444.339728740424,6840.160271259576,0.587970551368315,155.4285714285715,0.02160110229154342,0.0461167165828269,0.016471718370345112,0.18700715958956082,142996.2,0.9804875933766072,-0.035164744419059146
2025-11-04,7189.6,7189.6,6988.2,7049.8,143967.0,-0.0202351502348722,-0.020235150234872212,-0.019690185499346313,0.004187795567204278,-0.024465170342899856,7209.719999999999,-0.02218116653628699,7155.32,-0.014747069313461814,7133.410000000001,-0.01172090206507137,6869.2,0.026291271181505982,0.013472300607452517,0.016285807664516896,0.015376251439165179,46.61184210526317,7133.410000000001,7435.454136893131,6831.36586310687,0.3615930756676407,159.02857142857147,0.02255788411424033,0.004187795567204278,-0.024465170342899856,0.15151416157590414,146508.8,0.9826508714834877,0.02682481491519617
2025-11-05,7027.2,7109.6,6962.8,7060.0,147163.0,0.0014468495560158,0.0014468495560158168,-0.039298933159155225,0.012041284403669694,-0.03085877443443885,7151.959999999999,-0.01285801374728035,7163.719999999999,-0.014478511164590424,7122.17,-0.008729081164869701,6884.376666666667,0.02551041900186557,0.01325735942739788,0.016156618568710347,0.01537460011563514,50.3402547548421,7122.17,7417.14153546873,6827.1984645312705,0.39461695024028715,160.84285714285716,0.02278227438284096,0.012041284403669694,-0.03085877443443885,0.14807948742966803,148988.0,0.9877506913308455,0.02219953183715706
2025-11-06,7078.6,7212.2,7073.8,7198.4,133488.0,0.0196033994334277,0.019603399433427704,-0.007856217438046098,0.028078494101516638,-0.028503562945368266,7140.56,0.008100205025936225,7183.38,0.0020909376922839673,7111.610000000001,0.012203987563997432,6900.8,0.04312543473220498,0.01447805602159683,0.016314853342438925,0.015501447616292569,66.13052320207063,7111.610000000001,7376.88194308749,6846.338056912511,0.663586844107699,146.4857142857143,0.020349760264185696,0.028078494101516638,-0.028503562945368266,0.15860292934170284,142028.0,0.9398710113498747,-0.09292417251618956
2025-11-07,7192.2,7217.4,7124.6,7178.6,106961.0,-0.0027506112469436,-0.002750611246943646,-0.0028614290476718374,0.008088751579834241,-0.011157639539368547,7136.44,0.005907707484404057,7189.139999999999,-0.0014661002567760706,7107.56,0.009994991248754914,6917.493333333334,0.03774585013453802,0.01365674064787272,0.01570429464718817,0.015478560903085522,64.00074571215515,7107.56,7365.695944600275,6849.424055399726,0.6376019138094193,143.89999999999995,0.02004569136043239,0.008088751579834241,-0.011157639539368547,0.16214991096001308,134357.0,0.7960954769755204,-0.1987219825002996
2025-11-10,7179.2,7247.8,7125.2,7184.8,122736.0,0.0008636781545148,0.0008636781545148242,-0.0014731634099562907,-0.004102905300510051,-0.005316203344777892,7134.32,0.007075656825037413,7186.18,-0.0001920352676944015,7105.639999999999,0.011140446180780472,6934.346666666666,0.036117798167960125,0.01297030988350239,0.015669215741069123,0.01547472006439623,58.77455166524343,7105.639999999999,7360.7073669526335,6850.572633047365,0.6551746915839312,139.38571428571427,0.019400082714301617,-0.004102905300510051,-0.005316203344777892,0.16379422055202797,130863.0,0.9378968845280943,0.14748366226942533
2025-11-11,7178.0,7241.2,7105.4,7119.4,112484.0,-0.0091025498274135,-0.009102549827413542,0.009872620499872253,-0.010011958728481263,0.016273160704599388,7148.24,-0.004034559555918693,7178.9800000000005,-0.00829922913840142,7111.339999999999,0.0011334010186547783,6948.929999999999,0.024531834397526042,0.013246740369516017,0.014184426752204545,0.015503853831948505,57.48590519941531,7111.339999999999,7362.033122530613,6860.646877469386,0.5160754310262663,142.12857142857138,0.01996356033213071,-0.010011958728481263,0.016273160704599388,0.14012555249503555,124566.4,0.9030043414596552,-0.08352887498370487
2025-11-12,7128.6,7158.0,7029.0,7101.0,145629.0,-0.002584487456808,-0.00258448745680806,0.005807365439093548,-0.03371979098628353,-0.004374526793976541,7156.44,-0.007746868554756259,7154.2,-0.00743619132817086,7109.779999999999,-0.0012349186613367369,6962.53,0.01988788558182164,0.010549635505493673,0.013606858150608272,0.015506548452072439,55.218855218855225,7109.779999999999,7360.314818254535,6859.245181745463,0.482477485442605,140.5857142857142,0.019798016375963134,-0.03371979098628353,-0.004374526793976541,0.12983293556085918,124259.6,1.1719738354219713,0.29466413000960134
2025-11-13,7092.6,7218.2,7084.2,7207.2,132224.0,0.0149556400506971,0.014955640050697161,0.0012224938875304847,-0.006643327728312665,0.02197895692124452,7158.2,0.006845296303539916,7149.38,0.008087414573011875,7117.530000000001,0.012598471660814736,6976.116666666667,0.03312492384731702,0.011420995840267071,0.013742478083518497,0.015475187746041412,54.59782376786857,7117.530000000001,7370.1459981597645,6864.914001840237,0.6774828210667966,138.55714285714274,0.019224822796251352,-0.006643327728312665,0.02197895692124452,0.12753441802252818,124006.8,1.0662641080972979,-0.09204897376209409
2025-11-14,7189.4,7189.4,7074.8,7075.4,116612.0,-0.0182872682872683,-0.018287268287268343,-0.014376062184827232,-0.017196355150572273,0.032995590854673296,7137.5599999999995,-0.008708858489455795,7137.0,-0.008631077483536531,7128.83,-0.0074949185209916,6988.7,0.012405740695694556,0.012580641173004366,0.0127022229756257,0.015605061482408976,42.877638860422216,7128.83,7349.092017176053,6908.567982823947,0.37871263351480533,137.02857142857133,0.019366901013168347,-0.017196355150572273,0.032995590854673296,0.1194544649072844,125937.0,0.9259550410125698,-0.11807236205227489
2025-11-17,7115.2,7117.4,7043.0,7076.6,116917.0,0.0001696017186307,0.00016960171863078521,-0.015059570203763473,-0.016510548405925918,0.02884475589543789,7115.92,-0.005525638287108281,7125.12,-0.006809709871552938,7138.75,-0.00870600595342319,6998.856666666666,0.011108004783638714,0.01258955631860737,0.012692402538530956,0.015355430981934625,43.98322851153044,7138.75,7327.034437683047,6950.465562316953,0.33495715109333346,134.69999999999987,0.01903456462142835,-0.016510548405925918,0.02884475589543789,0.09422934190994559,124773.2,0.9370361584058116,0.002615511268136972
2025-11-18,7047.6,7072.0,6960.6,7010.2,134440.0,-0.0093830370516915,-0.009383037051691523,-0.015338371211057078,-0.005617180629237772,-0.0014529086661728696,7094.079999999999,-0.011823943344309473,7121.160000000001,-0.01558173106628713,7138.24,-0.017937194602591133,7006.6433333333325,0.0005076134887225248,0.011194396791076961,0.0120665274318879,0.015361781876804748,30.382387022016204,7138.24,7327.924262865648,6948.555737134351,0.16249176904388388,131.49999999999986,0.018758380645345334,-0.005617180629237772,-0.0014529086661728696,0.07140455448570981,129164.4,1.0408440715862886,0.14987555274254394
2025-11-19,6988.2,7041.6,6939.2,6979.4,132592.0,-0.0043935979002025,-0.0043935979002025505,-0.017124348683284052,-0.01141643059490094,0.00048738532110093047,7069.759999999999,-0.012781197664418542,7113.1,-0.018796305408331215,7138.410000000001,-0.0222752685822194,7014.203333333334,-0.004961836958438215,0.011233427929499063,0.012020933024124617,0.015371051892560062,32.75862068965516,7138.410000000001,7327.487159409759,6949.332840590242,0.07951028961831791,129.72857142857134,0.018587352985725326,-0.01141643059490094,0.00048738532110093047,0.06950871923748814,126557.0,1.047686022898773,-0.013745908955667963
2025-11-20,6985.2,7048.6,6911.6,6922.8,137568.0,-0.0081095796200245,-0.008109579620024565,-0.0394605394605394,-0.03828628584129801,-0.011282812990945135,7012.88,-0.012844936744960678,7085.539999999999,-0.022967903646016974,7134.459999999999,-0.029667276850665503,7019.136666666667,-0.013724859799946976,0.008691725011118225,0.012124056783241207,0.015302130747484705,32.74225774225775,7134.459999999999,7338.279656094458,6930.64034390554,-0.019233532368209155,131.44285714285706,0.01898694995418863,-0.03828628584129801,-0.011282812990945135,0.044667109313695885,127625.8,1.0779011767213211,0.03752865934596361
2025-11-21,6928.8,6928.8,6686.4,6691.2,193831.0,-0.0334546715201942,-0.03345467152019421,-0.054300816914944705,-0.0678962471791158,-0.06035669147591638,6936.039999999999,-0.03529968108603743,7036.8,-0.049113233287858216,7112.969999999999,-0.05929590592959055,7020.943333333334,-0.04696567365354043,0.012737164623587136,0.013464606889171473,0.015904119230493497,25.490958584483764,7112.969999999999,7397.441255415785,6828.4987445842135,-0.24132270303292416,137.5,0.020549378287900526,-0.0678962471791158,-0.06035669147591638,0.01646715683295863,143069.6,1.3548021382599797,0.408983193765992
2025-11-24,6704.4,6781.2,6669.4,6741.8,131920.0,0.0075621712099473,0.007562171209947399,-0.04731085549557701,-0.061657944549604715,-0.06550787314260365,6869.08,-0.01852941005200115,6992.5,-0.035852699320700676,7089.339999999999,-0.04902289916973923,7020.97,-0.03976231204520175,0.013353934444489063,0.013168274742471588,0.015632148641206243,33.50471293916024,7089.339999999999,7414.009901349115,6764.670098650883,-0.03522054024079494,130.6857142857143,0.01938439501108225,-0.061657944549604715,-0.06550787314260365,0.00023738168006892657,146070.2,0.9031274003869372,-0.3194071123814044
2025-11-25,6756.0,6902.6,6756.0,6811.4,134717.0,0.0103236524370344,0.01032365243703448,-0.028358677355852957,-0.04326207264657134,-0.0528408932892066,6829.32,-0.0026239801327219148,6961.7,-0.021589554275536216,7070.339999999999,-0.0366234155641737,7020.53,-0.029788349312658724,0.014276070570428087,0.0135162803593581,0.015576557854915376,37.48237663645517,7070.339999999999,7413.794429061623,6726.885570938375,0.12303587013353164,131.6857142857143,0.01933313478663921,-0.04326207264657134,-0.0528408932892066,-0.0038608909298313288,146125.6,0.9219260690802981,0.021202243784111507
2025-11-26,6821.8,6886.6,6802.8,6818.2,106970.0,0.0009983263352615,0.0009983263352615346,-0.023096541249964186,-0.039825376707505966,-0.07220226431526244,6797.079999999999,0.0031072166283170333,6933.42,-0.016618061505000448,7043.81,-0.032029540830885606,7020.156666666666,-0.028768113911987636,0.014369125016832518,0.01227240326187776,0.015576970822680638,27.931274669143278,7043.81,7378.55964030474,6709.060359695261,0.16301681490289852,126.80000000000005,0.0185972837405767,-0.039825376707505966,-0.07220226431526244,-0.0032745665584891226,141001.2,0.7586460257075825,-0.20596509720376788
2025-11-27,6827.6,6914.8,6788.4,6802.4,112976.0,-0.0023173271537942,-0.0023173271537942908,-0.01739180678338248,-0.05616605616605619,-0.06243625437605094,6773.0,0.004340764801417318,6892.94,-0.013135178893186383,7021.159999999999,-0.031157244671820572,7020.916666666667,-0.031123666187938492,0.012794279808834158,0.012088057175230899,0.015496448952262747,28.061581525542337,7021.159999999999,7356.929434676685,6685.390565323313,0.17424074765672976,129.20000000000013,0.018993296483594047,-0.05616605616605619,-0.06243625437605094,0.00674875680795628,136082.8,0.8302004367928938,0.05614658315415544
2025-11-28,6816.8,6884.0,6795.0,6876.0,106633.0,0.0108197106903447,0.010819710690344708,0.02761836441893828,-0.028182152245809333,-0.04489387709745529,6809.960000000001,0.0096975606317804,6873.0,0.0004364906154517012,7005.0,-0.018415417558886538,7020.8133333333335,-0.020626290211390508,0.012920061810904552,0.012424591926816842,0.01537301269288896,33.304498269896214,7005.0,7335.763251315797,6674.236748684203,0.30499647483988934,126.80000000000011,0.0184409540430483,-0.028182152245809333,-0.04489387709745529,-0.0009008747202928769,118643.2,0.898770431006581,-0.056144667894066025
2025-12-01,6872.6,6948.6,6872.6,6930.2,94804.0,0.0078824898196625,0.007882489819662553,0.027945059183007492,-0.020687900969392103,-0.03685688078494587,6847.639999999999,0.012056708588652487,6858.359999999999,0.010474807388355378,6991.740000000001,-0.008801814712789735,7021.236666666667,-0.012965902018210462,0.013339032641745706,0.012625583897729714,0.015400589816918999,39.645359019264475,6991.740000000001,7311.442785658555,6672.037214341446,0.40375435754612704,122.52857142857154,0.017680380281748224,-0.020687900969392103,-0.03685688078494587,0.003678600393928866,111220.0,0.8524006473655817,-0.11093188787711117
2025-12-02,6924.8,6924.8,6862.0,6877.8,84055.0,-0.0075611093474935,-0.007561109347493544,0.009748363038435626,-0.01888676499957198,-0.02439785525830518,6860.92,0.002460311445112273,6845.12,0.00477420410453,6983.139999999999,-0.015084904498549268,7020.58,-0.020337351045070284,0.013239163581832048,0.011951650145154792,0.015431268755472667,38.22287885183624,6983.139999999999,7305.509205790582,6660.770794209417,0.3366159079282062,118.18571428571438,0.017183650918275374,-0.01888676499957198,-0.02439785525830518,-0.005695946336667923,101087.6,0.8315065349261432,-0.11338129192861057
2025-12-03,6874.2,6912.4,6823.0,6848.4,102068.0,-0.0042746226991189,-0.004274622699118935,0.004429321521809193,-0.018769521735392702,-0.029971671388102084,6866.960000000001,-0.0027027971620631197,6832.0199999999995,0.002397533965064591,6972.5599999999995,-0.017806946085799136,7021.353333333333,-0.024632478259176915,0.013236652019879154,0.01195429322800419,0.015286608782610048,29.398254478640368,6972.5599999999995,7298.180938160258,6646.939061839741,0.3093488694223758,115.00000000000007,0.016792243443724094,-0.018769521735392702,-0.029971671388102084,0.006821523081446568,100107.2,1.0195870027330702,0.21430016060912505
2025-12-04,6839.6,6899.0,6807.6,6875.8,99796.0,0.0040009345248526,0.004000934524852617,0.010790309302599166,-0.006789160455307086,-0.04481551455879074,6881.639999999999,-0.0008486349184204656,6827.32,0.007100882923314122,6956.43,-0.011590715352558734,7024.530000000001,-0.021172946802134884,0.013150291080734632,0.010977081169743913,0.01512163913000249,36.97807933194163,6956.43,7266.537954717215,6646.322045282785,0.36999688532091024,112.07142857142864,0.016299402043606363,-0.006789160455307086,-0.04481551455879074,0.028510740142404067,97471.2,1.0238511478262298,-0.02225967002390561
2025-12-05,6868.2,6979.2,6814.6,6975.4,131971.0,0.0144855871316791,0.014485587131679134,0.014456079115764853,0.042473696795791493,-0.02830635499958223,6901.5199999999995,0.010704888198541873,6855.74,0.01745398746160154,6946.2699999999995,0.004193617581810027,7031.723333333332,-0.008009890415673238,0.0072639604477784695,0.011593530238068544,0.014952510274855134,44.148936170212735,6946.2699999999995,7238.531174474493,6654.008825525506,0.5498355624081405,118.51428571428576,0.016990321087577167,0.042473696795791493,-0.02830635499958223,0.06595556098902766,102538.8,1.287034761475656,0.32240771173193306
2025-12-08,6968.8,7059.2,6968.8,7031.0,107047.0,0.0079708690541044,0.00797086905410449,0.01454503477533109,0.042896555815954196,-0.02140630219351969,6921.68,0.01579385351533147,6884.660000000001,0.021255951637408232,6938.58,0.013319728244107543,7035.6466666666665,-0.0006604462797543675,0.007286145160679635,0.011773141652639815,0.014160177201542336,51.217798594847785,6938.58,7211.894437001839,6665.265562998161,0.6690726640967345,116.68571428571431,0.016595891663449623,0.042896555815954196,-0.02140630219351969,0.034640061216080875,104987.4,1.0196175922063029,-0.18885967371619528
2025-12-09,7036.4,7044.8,6967.6,6978.4,95795.0,-0.007481154885507,-0.0074811548855070464,0.014626770188141514,0.024517720292450917,-0.01980503975054082,6941.8,0.005272407732864526,6901.360000000001,0.011163017144446785,6931.530000000001,0.006761854886294882,7038.37,-0.008520438681115072,0.007790379821760693,0.011719981936173124,0.014195926548646199,49.942909340031974,6931.530000000001,7192.186831061255,6670.873168938746,0.5899074845059105,114.88571428571426,0.01646304515156974,0.024517720292450917,-0.01980503975054082,0.023976522377109344,107335.4,0.8924828155482721,-0.10511270750231205
2025-12-10,6978.6,7020.6,6922.2,7001.0,116534.0,0.0032385647139745,0.0032385647139745455,0.022282576952280975,0.026810595171746332,-0.014082523588227036,6972.32,0.004113408449411438,6919.640000000001,0.011757837112913228,6926.530000000001,0.010751415210790816,7042.463333333333,-0.005887617921569999,0.007776118359731027,0.011749112188465733,0.014147952627794324,54.64480874316938,6926.530000000001,7177.142060028099,6675.917939971902,0.6485762496658178,112.12857142857145,0.01601607933560512,0.026810595171746332,-0.014082523588227036,0.0363561003049413,110228.6,1.0572029400718144,0.21649355394331637
2025-12-11,7006.2,7028.2,6938.0,6947.8,112902.0,-0.0075989144407941,-0.007598914440794191,0.01047150876988856,0.021374808890979757,-0.035991785991785985,6986.719999999999,-0.005570568163601686,6934.18,0.001964183219933746,6913.5599999999995,0.004952585932573195,7045.86,-0.013917392624888891,0.008313759336975436,0.011244728745151913,0.014185349123762691,69.33976484775398,6913.5599999999995,7127.122646053617,6699.997353946382,0.5801638316267262,101.25714285714282,0.014573986421189847,0.021374808890979757,-0.035991785991785985,0.030219454329774686,112849.8,1.000462561741359,-0.031166869754749693
2025-12-12,6956.0,7059.6,6932.0,7047.2,152440.0,0.0143066870088373,0.014306687008837304,0.010293316512314687,0.02489819662594539,-0.003985640387822564,7001.08,0.00658755506293307,6951.3,0.013795980607943736,6912.15,0.01953805979326262,7046.360000000001,0.00011921048598129147,0.008778033884237486,0.01108575791302619,0.013312148323727464,71.44060657118781,6912.15,7121.545355098414,6702.754644901585,0.8224761120812056,102.38571428571426,0.014528566563417281,0.02489819662594539,-0.003985640387822564,0.004275209485264719,116943.6,1.3035343533121948,0.3501975164301785
2025-12-15,7050.4,7050.4,6979.2,6981.8,132419.0,-0.009280281530253,-0.009280281530253065,-0.006997582136253677,0.007445672563562322,-0.013396263742475267,6991.24,-0.0013502611839959489,6956.459999999999,0.0036426573285839314,6907.409999999999,0.010769593813021228,7045.536666666667,-0.009046389179721781,0.00927198528824903,0.011271659496929263,0.013365260554600895,62.03389830508477,6907.409999999999,7105.095788962797,6709.724211037201,0.6881521185470759,95.98571428571424,0.013747989671104048,0.007445672563562322,-0.013396263742475267,-0.007025827739219448,122018.0,1.0852415217426936,-0.1313369194437155
2025-12-16,6990.8,6990.8,6821.4,6876.6,163311.0,-0.0150677475722592,-0.01506774757225926,-0.014587871145248066,-0.00017447439588236247,-0.019057944138540894,6970.88,-0.013524834741094338,6956.339999999999,-0.011462924468901625,6900.7300000000005,-0.003496731505217565,7043.806666666666,-0.0237381113053452,0.010272288963231565,0.011572115338072005,0.013474728756290709,53.621031746031775,6900.7300000000005,7092.738476786429,6708.721523213572,0.43716423252802533,102.09999999999998,0.01484745368350638,-0.00017447439588236247,-0.019057944138540894,-0.01487020801100214,135521.2,1.2050586919242154,0.23328978469857042
2025-12-17,6869.0,7041.6,6849.4,7017.0,184831.0,0.0204170665735974,0.02041706657359743,0.002285387801742589,0.024618889083581674,0.0053872825744334385,6974.08,0.006154216756905528,6973.2,0.006281190844949158,6902.610000000001,0.01657199233333473,7043.539999999999,-0.003767991663282788,0.011952751559079045,0.012472438757781864,0.013700159058482559,61.525241675617636,6902.610000000001,7098.557639622512,6706.662360377489,0.7918892011671304,106.79999999999998,0.0152201795639162,0.024618889083581674,0.0053872825744334385,-0.002274989335987465,149180.6,1.2389747728592055,0.13177311999804053
2025-12-18,7014.2,7051.0,6973.4,6977.8,146506.0,-0.0055864329485534,-0.0055864329485534325,0.00431791358415623,0.014834637424008923,0.007944762234933789,6980.08,-0.0003266438207011335,6983.4,-0.0008019016524901668,6905.359999999999,0.01049040165900128,7041.3566666666675,-0.009026196182837953,0.012200838650046727,0.012394961705593222,0.013645844491466943,55.67700200758422,6905.359999999999,7104.0256371101195,6706.694362889878,0.6823163810655584,105.9857142857143,0.01518898711423576,0.014834637424008923,0.007944762234933789,-0.01842786405581809,155901.4,0.9397349863439328,-0.20735158063311887
2025-12-19,6984.6,7084.6,6984.6,7050.2,146482.0,0.0103757631345122,0.010375763134512273,0.0004257009876262874,0.010723399374946263,0.05365255858440943,6980.68,0.00995891517731784,6990.88,0.008485340901288385,6923.31,0.01832793851495884,7042.056666666666,0.001156385658167114,0.011778233598085422,0.009652714126352236,0.013588633941500795,56.558810668998696,6923.31,7104.617089303005,6742.002910696996,0.8499311595806881,108.18571428571431,0.015345056067305086,0.010723399374946263,0.05365255858440943,0.005992979652407193,154709.8,0.9468178486430725,-0.00016381581641711218
2025-12-22,7037.6,7155.2,7037.6,7110.6,103188.0,0.0085671328472951,0.008567132847295156,0.018447964708241393,0.01132129142369509,0.05470349164911448,7006.44,0.01486632298285584,6998.840000000001,0.01596836047116379,6941.75,0.024323837649007807,7043.963333333333,0.00946010981507106,0.011818157631741585,0.009682142863998912,0.01362897771489448,62.61378413524058,6941.75,7120.325786653441,6763.174213346559,0.9727684619631114,111.71428571428571,0.015710950653149622,0.01132129142369509,0.05470349164911448,0.016351733798347645,148863.6,0.6931714670342515,-0.29555849865512485
2025-12-23,7118.0,7165.2,7096.8,7120.6,96094.0,0.0014063510814839,0.001406351081483903,0.03548265131024042,0.020377163819786936,0.04539448571512472,7055.24,0.009264036375800089,7013.06,0.015334247817643032,6957.209999999999,0.023484988953905495,7045.759999999999,0.010621991098192618,0.011421205005231675,0.009517039892051573,0.013627131975769254,65.06530883329648,6957.209999999999,7141.709435457558,6772.71056454244,0.9427926827927507,110.21428571428571,0.015478230165194746,0.020377163819786936,0.04539448571512472,0.015371891398585413,135420.2,0.7095987157012026,-0.06874830406636434
2025-12-24,7117.2,7257.0,7117.2,7227.8,120446.0,0.0150549111029969,0.015054911102996948,0.030041328202935702,0.032395372089701446,0.06007450646798285,7097.4,0.018372925296587628,7035.740000000001,0.027297768251811405,6977.6900000000005,0.03584424071576686,7050.436666666666,0.025156361473592126,0.012143083542393717,0.009928699079816422,0.013696815531207168,67.90073230268513,6977.6900000000005,7186.544902037779,6768.835097962222,1.0987649740554297,113.6714285714286,0.01572697481549415,0.032395372089701446,0.06007450646798285,0.04039037309995397,122543.2,0.982886035292044,0.2534185276916352
2025-12-25,7237.2,7327.6,7209.2,7304.8,107990.0,0.0106533108276376,0.010653310827637652,0.04686290807991056,0.051383171651458115,0.07385628601670002,7162.8,0.01982464957837715,7071.44,0.03300035070650398,7002.8099999999995,0.043124117318619426,7052.92,0.03571286786182171,0.011693022133065086,0.009988734878897433,0.013214892640337038,67.14553404122427,7002.8099999999995,7241.601182945638,6764.018817054361,1.1323307173128523,110.3714285714287,0.015109438803448238,0.051383171651458115,0.07385628601670002,0.020822270046675362,114840.0,0.9403517938000696,-0.10341563854341362
2025-12-26,7314.0,7411.6,7314.0,7369.0,149544.0,0.0087887416493264,0.008788741649326415,0.045218575359564195,0.04566352593938028,0.07169866201279818,7226.56,0.019710623035026353,7103.62,0.037358417257679966,7027.459999999999,0.04860077467534518,7056.293333333334,0.04431599593365343,0.011334170278935816,0.009921749323373271,0.013258316871854775,67.4370614940157,7027.459999999999,7309.076659196126,6745.843340803873,1.106391683245809,111.5428571428573,0.015136769866041158,0.04566352593938028,0.07169866201279818,0.028242123182541157,115452.4,1.2952870620272945,0.38479488841559406
2025-12-29,7369.6,7394.0,7303.4,7321.2,112787.0,-0.0064866331931062,-0.006486633193106273,0.02961775377605247,0.04861210576069208,0.05641972814637386,7268.68,0.007225521002437896,7137.56,0.02572868038937659,7047.01,0.038908700285652964,7060.333333333333,0.03694820829989154,0.010984921621035558,0.01010735150250536,0.013184654043614597,67.77270841974288,7047.01,7353.395501237193,6740.624498762808,0.9474591631993249,112.5000000000002,0.015366333387969213,0.04861210576069208,0.05641972814637386,0.034243092049499824,117372.2,0.9609345313455827,-0.24579388006205527
2025-12-30,7322.8,7405.4,7294.0,7363.2,117475.0,0.0057367644648418,0.005736764464841837,0.03407016262674478,0.07076171363755335,0.07057489313443255,7317.2,0.006286557699666462,7186.219999999999,0.024627690218223197,7071.279999999999,0.0412824835107648,7062.61,0.042560753036058996,0.00848773186857801,0.009823541123771972,0.012933345461859338,68.40821305143324,7071.279999999999,7397.488132461705,6745.071867538292,0.9474443935487558,113.42857142857156,0.015404792947165846,0.07076171363755335,0.07057489313443255,0.01890238839841696,121648.4,0.9656929314318973,0.04156507398902365
2025-12-31,7370.0,7381.2,7319.6,7346.0,110981.0,-0.0023359408952629,-0.0023359408952629,0.01635352389385436,0.046886133675359876,0.07265930728345316,7340.839999999999,0.0007029168324061974,7219.12,0.017575549374438948,7096.159999999999,0.03520777434556166,7063.63,0.03997519688885176,0.007445084924649455,0.00975249670533185,0.012898569921532798,71.006541464444,7096.159999999999,7426.668726853404,6765.651273146594,0.8779627884240645,111.38571428571439,0.015162770798490932,0.046886133675359876,0.07265930728345316,0.008401054249945084,119755.4,0.9267306526469788,-0.0552798467759098
2026-01-05,7349.4,7577.2,7349.4,7575.2,140198.0,0.0312006534168254,0.03120065341682543,0.03701675610557431,0.08561437702427699,0.10171907268972324,7394.92,0.024378897946157663,7278.859999999999,0.04071241925246549,7131.13,0.06227203823236982,7066.39,0.07200423412803425,0.01036064146333876,0.011548584637663825,0.013331796136883227,74.49888641425393,7131.13,7508.191732206649,6754.068267793351,1.0888558319100738,118.78571428571435,0.01568086839762836,0.08561437702427699,0.10171907268972324,0.022349384582163623,126197.0,1.1109455850772998,0.2632612789576594
2026-01-06,7561.6,7761.0,7561.6,7760.8,167403.0,0.024501003273841,0.024501003273841082,0.053168679603745383,0.10079146690874019,0.11259569343693565,7473.279999999999,0.03847306671234074,7349.92,0.05590264928053634,7170.4,0.08233850273345977,7074.743333333333,0.09697265813647893,0.011568191640408456,0.012184893355255919,0.013405520161228458,82.51794957421941,7170.4,7633.052234973804,6707.747765026195,1.1380602484644102,127.94285714285719,0.01648578202541712,0.10079146690874019,0.11259569343693565,0.06903961650779644,129768.8,1.290009617103649,0.19404699068460318
2026-01-07,7738.4,7819.8,7738.4,7779.2,149529.0,0.0023708895990104,0.0023708895990104395,0.06255805059279895,0.09402863330801892,0.10641445029156582,7564.88,0.0283309186662577,7416.779999999999,0.04886487127837169,7207.81,0.07927373224321932,7084.009999999999,0.09813509580026003,0.011799753241980201,0.012187509239972751,0.01338136286527115,90.62106210621063,7207.81,7738.933654548536,6676.686345451465,1.037906752134483,121.65714285714292,0.015638772991714175,0.09402863330801892,0.10641445029156582,0.0769741942629305,137117.2,1.0905196430498871,-0.1067722800666655
2026-01-08,7785.6,7857.4,7752.8,7792.4,147847.0,0.0016968325791855,0.0016968325791855143,0.05828987396784013,0.09434598208016176,0.11664564943253475,7650.719999999999,0.0185185185185186,7483.960000000001,0.04121347521900143,7248.509999999999,0.07503473127580707,7097.126666666667,0.0979654677151034,0.01177907840662503,0.011855578319849631,0.012727240730900194,89.40841634478554,7248.509999999999,7828.151507721472,6668.868492278527,0.969160673239216,115.39999999999996,0.01480930137056619,0.09434598208016176,0.11664564943253475,0.1123419076712251,143191.6,1.0325116836462473,-0.011248654107230083
2026-01-09,7783.8,8011.4,7783.8,8011.0,188896.0,0.0280529746932909,0.028052974693290933,0.09052545603049289,0.1083593901325437,0.1442651049850021,7783.719999999999,0.029199405939576595,7562.280000000001,0.0593366021887578,7299.009999999999,0.09754610556774157,7111.7733333333335,0.1264419750910697,0.013144961837256261,0.012852225666731111,0.013004389916507956,94.41196698762036,7299.009999999999,7958.36376943117,6639.6562305688285,1.039915014525692,126.11428571428561,0.015742639584856524,0.1083593901325437,0.1442651049850021,0.1232158380303412,158774.6,1.1897117045169694,0.2776451331443992
2026-01-12,7981.2,8239.4,7981.2,8208.8,203354.0,0.024691049806516,0.02469104980651604,0.08364135600380185,0.1237542437849084,0.1814963009873627,7910.44,0.03771724455276826,7652.6799999999985,0.07266996659993641,7362.06,0.11501400423251096,7131.05,0.15113482586715832,0.013900731011898457,0.012970709480915995,0.01320945852225232,94.95576594753996,7362.06,8114.587453319767,6609.532546680234,1.0625974150608162,136.9285714285713,0.016680705027357388,0.1237542437849084,0.1814963009873627,0.16400555854910515,171405.8,1.1863892587065317,0.07653947145519235
2026-01-13,8203.0,8234.0,8052.2,8104.2,212314.0,-0.0127424227658122,-0.012742422765812278,0.044248015668487684,0.0997693038404126,0.1499886479736634,7979.12,0.015675914135894642,7726.2,0.04892443892210929,7414.909999999999,0.0929599954685898,7151.963333333334,0.13314339325937996,0.015940543099733,0.013716975146375808,0.012717338415373827,87.27490996398562,7414.909999999999,8220.89889348488,6608.921106515118,0.927605147894591,141.51428571428565,0.01746184518080571,0.0997693038404126,0.1499886479736634,0.18319852833824868,180388.0,1.1769851653103311,0.04406109542964476
2026-01-14,8093.8,8354.6,8035.2,8165.4,293457.0,0.0075516398904271,0.007551639890427175,0.04964520773344305,0.11530896574332083,0.169526483141883,8056.359999999999,0.01353464840200802,7810.62,0.0454227705355017,7474.089999999999,0.09249420330769365,7173.416666666667,0.13828603292247998,0.014946917950232395,0.013164253574767233,0.012730549894204822,87.74566473988442,7474.089999999999,8319.049230159364,6629.130769840634,0.9090789089726938,159.44285714285712,0.019526643782650836,0.11530896574332083,0.169526483141883,0.18714198482161026,209173.6,1.4029351696389984,0.3821839351149712
2026-01-15,8147.0,8205.0,8088.0,8175.8,195398.0,0.0012736669360962,0.0012736669360962072,0.04920178635593664,0.11035962624945683,0.18893057615682163,8133.039999999999,0.005257566666339031,7891.88,0.035976218594302,7539.05,0.08446024366465266,7192.673333333333,0.13668445946384344,0.015188617627087916,0.012127199331172654,0.012517148667651485,86.82411435674335,7539.05,8390.339804077461,6687.7601959225385,0.8739913229021011,157.8142857142857,0.019302610841053558,0.11035962624945683,0.18893057615682163,0.1645775169506012,218683.8,0.8935184041982077,-0.3341511703588601
2026-01-16,8147.8,8247.4,8133.2,8178.2,187707.0,0.0002935492551188,0.000293549255118819,0.020871301959805244,0.11328614211815946,0.1654838249964372,8166.4800000000005,0.0014351348438983447,7975.1,0.02546676530701797,7597.109999999999,0.07648829620737385,7212.71,0.13385953407249152,0.014960328915477217,0.011942473044484887,0.012466055159354013,86.01352465776021,7597.109999999999,8456.835209219984,6737.384790780015,0.8379510067683222,157.51428571428565,0.01926026334820445,0.11328614211815946,0.1654838249964372,0.17233371559633026,218446.0,0.8592833011362075,-0.039360689464579934
2026-01-19,8164.8,8287.0,8139.0,8233.2,166526.0,0.0067251962534544,0.0067251962534544685,0.0029724198421208214,0.08686239307213017,0.1799134397661155,8171.360000000001,0.0075678956746489945,8040.9,0.023915233369399047,7659.88,0.07484712554243678,7233.233333333334,0.13824615086844516,0.013162114692758554,0.011528826571376558,0.012476161896403203,85.90659797241155,7659.88,8512.50683538637,6807.25316461363,0.8362080433113505,160.45714285714277,0.019489037416453234,0.08686239307213017,0.1799134397661155,0.17586906224113807,211080.4,0.7889221358307071,-0.11284075713745356
2026-01-20,8253.4,8312.0,8083.4,8214.0,213569.0,-0.0023320215711996,-0.002332021571199605,0.013548530391648717,0.05839604164519119,0.16507333125301415,8193.32,0.0025240073620949044,8086.219999999999,0.015802191877045235,7718.07,0.06425570123100721,7251.45,0.13273896944748986,0.012226237897844099,0.011760253247584947,0.012351229262283415,87.9979570990807,7718.07,8554.193539348435,6881.946460651566,0.796565026973444,170.31428571428563,0.02073463424814775,0.05839604164519119,0.16507333125301415,0.15348967841595273,211331.4,1.0105881094811278,0.2824964269843748
2026-01-21,8181.8,8335.6,8172.4,8335.6,171870.0,0.0148039931823715,0.014803993182371578,0.020844049281113053,0.071524064171123,0.1722780074817878,8227.359999999999,0.013156103537465436,8141.860000000001,0.023795545489605496,7779.32,0.07150753536298815,7270.136666666666,0.14655341187992343,0.012473188752778907,0.011865742479938095,0.012377810094543739,88.75956632653062,7779.32,8607.511367664263,6951.128632335736,0.8358402548730188,174.0142857142857,0.020876036003921218,0.071524064171123,0.1722780074817878,0.15541139942337567,187014.0,0.9190221052969296,-0.19524837406177864
2026-01-22,8319.8,8398.8,8300.8,8366.4,138385.0,0.0036949949613704,0.00369499496137049,0.02331270334401525,0.07366151634926332,0.1749571665309102,8265.48,0.012209817215697027,8199.259999999998,0.02038476643014131,7841.610000000001,0.0669237567285288,7289.72,0.14769840268213308,0.012394525535689104,0.011809249285718026,0.012356211911452086,90.2365930599369,7841.610000000001,8648.316035025948,7034.903964974053,0.8252671835925459,176.61428571428573,0.021109950004098026,0.07366151634926332,0.1749571665309102,0.1633896042495202,175611.4,0.7880183177174147,-0.1948274858904986
2026-01-23,8341.8,8627.0,8341.8,8627.0,176293.0,0.0311484031363549,0.03114840313635492,0.054877601428187095,0.07689427037822982,0.19358587675364558,8355.24,0.03252569644917447,8260.859999999999,0.04432226184682975,7911.57,0.09042832206502638,7311.0233333333335,0.17999896959249195,0.012997144333928621,0.012809734947265896,0.012655446314004563,90.47252578112975,7911.57,8736.62070746873,7086.51929253127,0.9335672907880728,180.47142857142867,0.020919372733444845,0.07689427037822982,0.19358587675364558,0.17393315915523622,173328.6,1.0171027747296175,0.2739314232033818
2026-01-26,8586.0,8706.8,8401.0,8429.6,226677.0,-0.0228816506317375,-0.022881650631737527,0.023854637322061834,0.026897963161485405,0.15398094403679785,8394.52,0.0041789167218613255,8282.939999999999,0.01770627337636177,7967.81,0.05795695429484393,7330.593333333333,0.1499205612278771,0.014615654483542288,0.014640932483437126,0.01293124868546942,75.503355704698,7967.81,8771.785998332443,7163.8340016675575,0.7871914092944416,188.07142857142864,0.02231083664366383,0.026897963161485405,0.15398094403679785,0.1618380792237506,185358.8,1.222909298074869,0.28579694032094305
2026-01-27,8458.8,8568.2,8308.0,8514.0,211372.0,0.0100123374774603,0.010012337477460331,0.03652300949598253,0.050566372991782016,0.15538064866331935,8454.52,0.007035289998722494,8323.92,0.022835394862036118,8025.06,0.06092664727740349,7352.506666666666,0.15797242845070536,0.01367619101031115,0.01465008913768382,0.012893953383611961,76.67731629392972,8025.06,8812.39280972094,7237.727190279062,0.8105040168294897,200.8428571428572,0.023589717775764296,0.050566372991782016,0.15538064866331935,0.18263140348927664,184919.4,1.1430493501493084,-0.06751898075234808
2026-01-28,8527.8,8626.0,8483.2,8594.6,170659.0,0.0094667606295513,0.009466760629551318,0.031071548538797344,0.05256325470889367,0.17393323498879965,8506.320000000002,0.010378165881367973,8366.84,0.02722174680046474,8088.729999999999,0.06254010209266503,7375.826666666667,0.1652388794385986,0.013728749242581455,0.014286945235013457,0.012913710861326871,77.76547141077117,8088.729999999999,8841.60114463297,7335.858855367027,0.835960544912779,203.57142857142864,0.023685968930657463,0.05256325470889367,0.17393323498879965,0.1944575701142397,184677.2,0.9240934993599642,-0.19261302348466214
2026-01-29,8586.2,8670.2,8465.2,8489.4,204278.0,-0.0122402438740605,-0.01224024387406053,0.01470166379804927,0.03835710266885184,0.15294980443285522,8530.92,-0.00486700144884733,8398.2,0.010859469886404183,8145.040000000001,0.04227849095891467,7399.819999999999,0.1472441221543228,0.014784921483241687,0.01499450908887012,0.012709022409722517,67.96874999999997,8145.040000000001,8835.287462566039,7454.792537433963,0.7494467699452447,201.95714285714297,0.0237893305601271,0.03835710266885184,0.15294980443285522,0.20420437459218688,197855.8,1.0324589928624788,0.1969951775177401
2026-01-30,8512.2,8512.2,8090.8,8329.8,248185.0,-0.0187999151883525,-0.018799915188352556,-0.03444998261272758,0.01853708640043039,0.13392322352300567,8471.48,-0.016724350408665378,8413.36,-0.009931822720054884,8194.23,0.016544568556166928,7420.983333333334,0.12246580080357705,0.01643840352783811,0.01596863022083541,0.013020815696618991,54.679040989945854,8194.23,8776.489775990705,7611.970224009294,0.616417109330049,213.61428571428587,0.02564458759085283,0.01853708640043039,0.13392322352300567,0.1798583569405099,212234.2,1.1693921149371778,0.21493748714986438
2026-02-02,8348.4,8348.4,7778.2,7840.2,289004.0,-0.0587769214146797,-0.05877692141467972,-0.06992028091487146,-0.047733566535490546,0.034982574717499215,8353.6,-0.06145853284811342,8374.060000000001,-0.06375163301910913,8207.48,-0.04474942369643298,7431.679999999999,0.05497007406131593,0.025097976173391046,0.02061871208637239,0.015079875322427952,42.133492252681776,8207.48,8740.397189577585,7674.562810422413,0.15540612389410632,241.35714285714297,0.030784564533703603,-0.047733566535490546,0.034982574717499215,0.08915870193376318,224699.6,1.2861794146496033,0.16447005258174352
2026-02-03,7919.0,8249.8,7919.0,8234.0,221446.0,0.0502283105022831,0.05022831050228316,-0.03288700963119573,0.0024348672997320797,0.06097309555715902,8297.6,-0.007664866949479432,8376.060000000001,-0.016960241450037494,8231.140000000001,0.00034746098353322097,7449.2699999999995,0.10534320812643383,0.03053760948402914,0.022789549327407798,0.016324263883711745,51.70595842037204,8231.140000000001,8720.820421671448,7741.459578328556,0.5029202719502611,247.80000000000004,0.03009472917172699,0.0024348672997320797,0.06097309555715902,0.14702031036692387,226714.4,0.9767619524829477,-0.23376147042947504
2026-02-04,8225.0,8267.6,8077.0,8258.8,181396.0,0.0030119018702938,0.003011901870293876,-0.039071044609406025,-0.009213493929651317,0.06165158371040724,8230.439999999999,0.0034457453064478116,8368.38,-0.013094529646120234,8255.119999999999,0.0004457839498397398,7467.169999999999,0.10601472847142901,0.030156289427176818,0.022788755081651638,0.016323147933366706,52.04938271604937,8255.119999999999,8696.171936791203,7814.068063208796,0.5041718442807134,253.05714285714294,0.030640909436860434,-0.009213493929651317,0.06165158371040724,0.14948224028504598,228861.8,0.7926006000127588,-0.18085673256685608
2026-02-05,8214.4,8214.4,7974.4,8062.8,199071.0,-0.0237322613454737,-0.023732261345473793,-0.0502509011237543,-0.03628800917957542,0.03470047738822446,8145.12,-0.01010666509517355,8338.02,-0.033007836392812684,8268.64,-0.024894057547553028,7482.893333333334,0.07749765242321582,0.03096733858047533,0.023575420781773913,0.01660555457316636,47.39926079509601,8268.64,8664.200555747233,7873.079444252766,0.23981227777987466,265.2142857142858,0.03289357118051865,-0.03628800917957542,0.03470047738822446,0.13251116667134877,227820.4,0.8738067354811071,0.09743875278396441
2026-02-06,8083.4,8194.4,7888.0,8061.0,199101.0,-0.0002232475070694,-0.0002232475070694795,-0.032269682345314354,-0.06560797496232762,0.00624141805018108,8091.359999999999,-0.003752150441952762,8281.42,-0.02661620833142142,8271.14,-0.02540641314256553,7498.893333333334,0.07495861611580001,0.0285926963137463,0.02276291985291657,0.016596789831754742,46.02382931559987,8271.14,8660.426723717956,7881.853276282043,0.23009611271479058,276.52857142857147,0.03430449961897673,-0.06560797496232762,0.00624141805018108,0.13519222644697937,218003.6,0.9132922575590494,0.00015070000150707585
2026-02-09,8122.8,8267.6,8122.8,8253.2,136869.0,0.0238431956332962,0.023843195633296288,0.05267722762174443,-0.020926259846255957,0.005408829548777083,8173.960000000001,0.009694199629066036,8263.779999999999,-0.0012802857772107323,8273.36,-0.0024367367067309464,7516.326666666666,0.09803636350735179,0.02940513448955087,0.022716353136485658,0.016751039317691997,50.83817995210403,8273.36,8661.654984989922,7885.065015010079,0.47404035491145585,274.9571428571429,0.03331521626243674,-0.020926259846255957,0.005408829548777083,0.14513264513264534,187576.6,0.7296699055212643,-0.3125649795832266
2026-02-10,8244.8,8267.0,8191.0,8229.0,94650.0,-0.0029321959967043,-0.0029321959967043565,-0.0006072382803011811,-0.03347427766032418,0.015399422521655382,8172.960000000001,0.00685675691548715,8235.279999999999,-0.0007625727358387957,8279.6,-0.006111406348132786,7535.553333333332,0.0920233241000663,0.029114709696480164,0.02252005934487202,0.016545669789580948,47.621597501115566,8279.6,8660.387461093742,7898.812538906258,0.43355873660511207,268.7285714285714,0.03265628526292033,-0.03347427766032418,0.015399422521655382,0.16304378551035992,162217.4,0.5834762485405388,-0.3084628367270894
2026-02-11,8238.0,8317.6,8225.0,8274.0,101790.0,0.005468465184105,0.0054684651841050425,0.0018404610839348745,-0.03730249226258353,0.013300022044235416,8176.0,0.011986301369863117,8203.219999999998,0.0086283191234664,8285.03,-0.0013313168449602397,7555.509999999999,0.09509483807181796,0.028951241368671318,0.022492996366625592,0.016546317393808147,47.95140120610146,8285.03,8662.039200501873,7908.020799498129,0.4853717097814615,268.34285714285716,0.03243205911806347,-0.03730249226258353,0.013300022044235416,0.16920555068818355,146296.2,0.6957802048173499,0.07543581616481765
2026-02-12,8275.8,8396.2,8271.8,8386.8,113982.0,0.0136330674401738,0.013633067440173896,0.04018455127251075,-0.012085659763940937,0.025807872012524546,8240.8,0.01771672653140466,8192.96,0.023659336796469255,8295.579999999998,0.010996217262686958,7578.453333333334,0.106663804751717,0.02922972860819286,0.02267278893596694,0.016527193673823274,44.30103445003319,8295.579999999998,8671.526690509658,7919.633309490339,0.6213203923624605,256.85714285714295,0.030626358427188315,-0.012085659763940937,0.025807872012524546,0.1963710022538585,129278.4,0.8816786098837858,0.11977600943118194
2026-02-13,8384.4,8384.4,8175.4,8204.6,141906.0,-0.0217246148709876,-0.021724614870987646,0.017814166976801937,-0.015030372878100162,0.0032280942016580383,8269.52,-0.007850516112180683,8180.44,0.002953386370415423,8296.9,-0.011124636912581698,7598.873333333333,0.07971269425028815,0.02944338623108995,0.02326239971209135,0.016809901128719665,44.62288500143389,8296.9,8671.293555949811,7922.506444050188,0.3767339894969074,250.1142857142858,0.030484641020194256,-0.015030372878100162,0.0032280942016580383,0.1755451758030777,117839.4,1.204232200774953,0.2449860504290151
2026-02-24,8226.0,8386.0,8226.0,8304.0,123324.0,0.0121151549130975,0.012115154913097559,0.006155188290602354,0.059156654166985456,0.008599329543798273,8279.68,0.002937311586921121,8226.82,0.009381510717385355,8300.439999999999,0.0004288929261582197,7621.8933333333325,0.08949307433673526,0.021474941466921683,0.02337026631754137,0.016789406935485272,45.01708428246014,8300.439999999999,8673.634496490004,7927.245503509994,0.5047696308941907,244.4857142857143,0.029441921277181395,0.059156654166985456,0.008599329543798273,0.19951464725255663,115130.4,1.0711679973317214,-0.1309458373853114
2026-02-25,8313.8,8487.6,8313.8,8463.2,126978.0,0.0191714836223506,0.01917148362235066,0.028460323247053276,0.027835802769006657,0.03033844655466278,8326.52,0.01641502092110514,8249.74,0.02587475484075874,8312.9,0.018080332976458502,7651.426666666666,0.1060943754280248,0.01587979338645818,0.023716045697363023,0.016207911890819743,46.99423552017568,8312.9,8690.556496665404,7935.2435033345955,0.698990354101023,247.4000000000001,0.02923244162964364,0.027835802769006657,0.03033844655466278,0.26482544237207084,121596.0,1.0442613243856707,0.029629269241996603
2026-02-26,8452.0,8494.0,8409.6,8459.0,114851.0,-0.0004962661877304,-0.0004962661877304653,0.022359197486101046,0.024240809802877017,0.014803973319257091,8363.52,0.011416245791245672,8269.76,0.022883372673451197,8319.07,0.016820389779146128,7680.046666666666,0.10142559897639525,0.01591485323359034,0.02351924057623268,0.01621172640838009,49.27091327705296,8319.07,8702.27932358714,7935.860676412861,0.6825764554606154,238.78571428571436,0.028228598449664778,0.024240809802877017,0.014803973319257091,0.25470942478269887,124208.2,0.9246651992380536,-0.09550473310337226
2026-02-27,8457.4,8562.0,8406.6,8558.6,129654.0,0.011774441423336,0.011774441423336057,0.020484570992512108,0.06149228555836683,0.022972843755976413,8397.880000000001,0.0191381634412493,8319.34,0.028759492940545694,8328.68,0.02760581508714477,7709.166666666667,0.11018484488163449,0.013125387640449558,0.0236370708892836,0.016222519946279816,55.64994073488742,8328.68,8726.257409079577,7931.1025909204245,0.7891512379089685,219.78571428571428,0.025680101218156507,0.06149228555836683,0.022972843755976413,0.25651114308365397,127342.6,1.01815103508174,0.12888873409896306
2026-03-02,8547.0,8598.8,8433.8,8537.6,178806.0,-0.0024536723295865,-0.002453672329586598,0.040586987787338824,0.059124178141669814,-0.010362814419844657,8464.48,0.008638451505585731,8367.0,0.02038962591131832,8324.21,0.02563486505025714,7737.823333333334,0.10335938573595427,0.01326231627345719,0.02258220313907651,0.016239251779227155,72.40714561110399,8324.21,8709.485064555602,7938.9349354443975,0.7769320151125493,190.84285714285716,0.022353220711073034,0.059124178141669814,-0.010362814419844657,0.2521779941920155,134722.6,1.327216072136375,0.3791013003840993
2026-03-03,8545.0,8551.4,8144.0,8173.0,261332.0,-0.0427052098950525,-0.042705209895052554,-0.015775529865125204,-0.009717442931226783,-0.030440353041662704,8438.28,-0.031437686353143146,8358.98,-0.022249126089546767,8311.38,-0.016649461340956573,7760.666666666667,0.053131174297740724,0.018775403805948082,0.0240161177777044,0.017302928870765198,48.002619515389654,8311.38,8698.960997850305,7923.7990021496935,0.3214824762210797,190.6857142857143,0.02333117757074689,-0.009717442931226783,-0.030440353041662704,0.2014877102199224,162324.2,1.6099386289906248,0.4615393219466908
2026-03-04,8177.4,8282.8,8096.2,8116.4,203068.0,-0.0069252416493331,-0.006925241649333169,-0.040977408072596755,-0.013683315105116112,-0.046699553676297856,8368.920000000002,-0.030173546885380986,8347.72,-0.027710560488372837,8291.5,-0.021118012422360333,7781.339999999999,0.043059421642030804,0.018867669900263596,0.02389573800896264,0.017322332339701416,45.4323838850398,8291.5,8676.097791273602,7906.9022087263975,0.27235958711547287,190.39999999999995,0.023458676260411013,-0.013683315105116112,-0.046699553676297856,0.1803955788248981,177542.2,1.1437731423853033,-0.22295011709243417
2026-03-05,8122.2,8259.8,8059.0,8132.4,175544.0,0.0019713173328077,0.001971317332807754,-0.038609764747606135,-0.017113850616388704,-0.053777953598771355,8303.6,-0.020617563466448385,8333.560000000001,-0.02413854343161881,8268.390000000001,-0.016446974562158045,7801.376666666666,0.042431399928132274,0.01876215734803635,0.023762945029778035,0.017310414194984244,52.52393385552652,8268.390000000001,8631.232636036917,7905.547363963086,0.312604712768421,184.42857142857136,0.022678246449826786,-0.017113850616388704,-0.053777953598771355,0.17347262705261035,189680.8,0.9254705800481652,-0.13554080406563318
2026-03-06,8103.8,8244.2,8099.6,8194.6,136523.0,0.007648418670995,0.007648418670995083,-0.04253032037950133,-0.022916964754137292,-0.03472565787923754,8230.8,-0.004398114399572162,8314.34,-0.014401624181835215,8253.65,-0.007154410472942185,7823.323333333333,0.04745766611546598,0.01831363694208628,0.023749571624544816,0.01726716044263828,54.64146748193441,8253.65,8602.36625926186,7904.933740738139,0.4153323103932802,172.87142857142857,0.021095773871992355,-0.022916964754137292,-0.03472565787923754,0.19145657041495823,191054.6,0.7145758332958222,-0.22228615048079114
2026-03-09,8198.6,8198.6,7765.8,8130.2,203367.0,-0.0078588338662046,-0.007858833866204673,-0.047718328335832116,-0.009068083757892031,-0.023962159955821183,8149.32,-0.0023462080271727803,8306.9,-0.02127147311271349,8243.67,-0.013764500519792833,7844.6866666666665,0.03639576001760858,0.017156298896092666,0.02345416355121588,0.017299174912371804,45.310355345432335,8243.67,8594.627625872121,7892.712374127879,0.3383423073967546,189.0285714285714,0.02325017483316172,-0.009068083757892031,-0.023962159955821183,0.18716780561883062,195966.8,1.0377625189572928,0.489617134109271
2026-03-10,8128.6,8282.6,8128.6,8272.4,155247.0,0.0174903446409682,0.017490344640968214,0.012161996818793597,-0.00380539499036614,0.055126144741205474,8169.2,0.012632815942809517,8303.74,-0.0037742029495143603,8265.279999999999,0.0008614348213249468,7867.963333333333,0.051402967900629815,0.01768123242279172,0.019408126667579094,0.017399615561191767,51.51811949069538,8265.279999999999,8560.419928276502,7970.140071723496,0.5120620751681731,194.59999999999997,0.02352400754315555,-0.00380539499036614,0.055126144741205474,0.20311818261147785,174749.8,0.8883958665474868,-0.23661656020888344
2026-03-11,8261.0,8314.0,8220.2,8228.2,117568.0,-0.0053430685169961,-0.0053430685169961745,0.013774579862993575,-0.027767274789677665,-0.000704396405149299,8191.56,0.00447289649346394,8280.24,-0.006284841985256362,8264.99,-0.004451306051186932,7888.843333333333,0.04301729066322779,0.016339642946550204,0.015938265539956913,0.017370615241732234,48.397032059358835,8264.99,8560.270704272545,7969.7092957274535,0.43770334554939083,194.68571428571417,0.023660790244004054,-0.027767274789677665,-0.000704396405149299,0.17960260343492873,157649.8,0.7457541969606052,-0.24270356270974636
2026-03-12,8242.4,8253.2,8094.0,8159.2,141544.0,-0.0083857951921442,-0.008385795192144219,0.0032954601347696677,-0.03544154155337509,-0.012059863418414252,8196.92,-0.0046017284541023384,8250.26,-0.011037227917665704,8260.01,-0.012204585708734061,7907.6466666666665,0.03181140280251937,0.016412272003198388,0.01603165933175369,0.017418062977890735,41.782206816868886,8260.01,8559.065706129013,7960.954293870987,0.33145280639368424,197.1714285714284,0.02416553443614918,-0.03544154155337509,-0.012059863418414252,0.16046081638458243,150849.8,0.9383108230836237,0.20393304300489934
2026-03-13,8164.0,8211.4,8043.0,8060.8,143226.0,-0.0120600058829296,-0.012060005882929659,-0.016327825641275995,-0.058163718365153216,-0.00024805278563277966,8170.160000000001,-0.013385294780028811,8200.48,-0.017033149279066517,8259.91,-0.024105589528215177,7925.686666666666,0.017047523957966382,0.015664663074655173,0.015338221996881793,0.017473072384161285,44.47348193697157,8259.91,8559.244573591608,7960.575426408392,0.16741229118482676,194.09999999999985,0.024079495831679218,-0.058163718365153216,-0.00024805278563277966,0.1551071878940733,152190.4,0.9410974673829624,0.01188323065619179
2026-03-16,8078.2,8078.2,7881.4,8028.8,169779.0,-0.0039698292973402,-0.003969829297340244,-0.012472017908538469,-0.05959520239880067,-0.003994541620146341,8149.88,-0.014856660466166405,8149.6,-0.01482281338961422,8258.3,-0.027790223169417372,7942.816666666667,0.010825294973025867,0.01563531697719309,0.015365237770280411,0.017493076208720714,38.845654993514955,8258.3,8562.446931250957,7954.153068749041,0.12271524645002281,195.19999999999987,0.024312475089677148,-0.05959520239880067,-0.003994541620146341,0.14680759891444084,145472.8,1.1670841559384297,0.18539231703740944
2026-03-17,8014.0,8070.2,7825.4,7829.6,170339.0,-0.0248106815464328,-0.024810681546432845,-0.0535273922924423,-0.042016395448427724,-0.05132554645470855,8061.32,-0.028744672088442003,8115.26,-0.03520035094377749,8237.119999999999,-0.04947360242414811,7957.513333333333,-0.01607453584746321,0.011427110402161988,0.015228041829602034,0.01779888928628779,25.125628140703554,8237.119999999999,8596.7063916398,7877.533608360199,-0.0666510322340197,199.57142857142844,0.025489351764001793,-0.042016395448427724,-0.05132554645470855,0.12691787328362936,148491.2,1.1471319512536768,0.0032984055743054963
2026-03-18,7861.0,7929.0,7778.6,7904.8,170100.0,0.0096045775007662,0.009604577500766265,-0.03930385746578846,-0.02607067172638111,-0.03939725361526303,7996.639999999999,-0.011484823625922846,8094.1,-0.023387405641146053,8220.91,-0.03845194753378878,7971.806666666666,-0.008405455559634678,0.012164749552445302,0.015466329671435321,0.01775475283022672,29.39164063662058,8220.91,8610.052549446053,7831.767450553947,0.09383778457279399,204.28571428571416,0.025843248948197825,-0.02607067172638111,-0.03939725361526303,0.12169372232943587,158997.6,1.0698274690938732,-0.0014030844375040319
2026-03-19,7906.0,7906.0,7624.6,7683.8,208430.0,-0.027957696589414,-0.02795769658941405,-0.05826551622708109,-0.0551620677782696,-0.07133188300700988,7901.56,-0.027559114908954685,8049.240000000001,-0.04540055955593325,8191.4,-0.06196742925507237,7983.506666666667,-0.03754072980461387,0.01439940596053766,0.016406457463112964,0.0181171898146231,20.163710777626207,8191.4,8647.367090225072,7735.432909774927,-0.05661911888140859,213.28571428571416,0.02775784303153572,-0.0551620677782696,-0.07133188300700988,0.1005471368415023,172374.8,1.2091674653139555,0.22533803644914752
2026-03-20,7661.4,7770.4,7561.4,7566.6,200135.0,-0.0152528696738593,-0.015252869673859304,-0.06130905121079788,-0.07663583335367197,-0.09779653741593919,7802.719999999999,-0.03026124223347748,7986.44,-0.05256910463235176,8150.390000000001,-0.07162724728509928,7995.006666666667,-0.05358427885405137,0.013876172799917125,0.01608109328751265,0.018120119735461453,18.922033030341836,8150.390000000001,8674.766505555737,7626.013494444265,-0.05665156029568701,216.4285714285713,0.028603146912559312,-0.07663583335367197,-0.09779653741593919,0.10034028444289333,183756.6,1.0891309482217237,-0.0397975339442499
2026-03-23,7596.8,7596.8,7167.6,7227.2,217723.0,-0.0448550207490815,-0.04485502074908154,-0.09984057393383827,-0.11106737841627512,-0.11912829388391888,7642.4,-0.05432848319899508,7896.139999999999,-0.08471734290425448,8101.5199999999995,-0.10792048899465778,7998.51,-0.09643171040606313,0.018150937298990148,0.01805692769401716,0.01892244855617756,19.232270657124275,8101.5199999999995,8767.645708382672,7435.394291617326,-0.1562725240876938,217.98571428571418,0.030161848888326626,-0.11106737841627512,-0.11912829388391888,0.02995582157617216,193345.4,1.126083165154175,0.08788068054063514
2026-03-24,7209.0,7413.2,7171.8,7404.8,195375.0,0.0245738321895063,0.024573832189506373,-0.05425564524369064,-0.10487887432909426,-0.10828516377649322,7557.44,-0.020197315493076906,7809.38,-0.051806929615411224,8056.56,-0.08089805078097856,8005.626666666666,-0.07505054778139364,0.019498539863217007,0.01891525282456553,0.019152649665509464,28.540410132690013,8056.56,8783.728844217007,7329.391155782995,0.05185098675274178,221.8999999999999,0.02996704840103715,-0.10487887432909426,-0.10828516377649322,0.061194072630341934,198352.6,0.9849883490309681,-0.10264418550176146
2026-03-25,7365.4,7641.4,7365.4,7524.0,176384.0,0.0160976663785652,0.016097666378565245,-0.04817326181560577,-0.08558372426533145,-0.11097457226580965,7481.280000000001,0.005710252790966264,7738.960000000001,-0.027776342040791158,8009.6,-0.06062724730323621,8013.5233333333335,-0.061087153923555126,0.021269255699414878,0.018715312529391796,0.01921340285770808,32.727685668862165,8009.6,8747.425858786903,7271.774141213097,0.1709250602856345,227.27142857142852,0.030206197311460462,-0.08558372426533145,-0.11097457226580965,0.06720376726901378,199609.4,0.8836457601696113,-0.09720281509916828
2026-03-26,7541.0,7568.2,7400.2,7409.2,137371.0,-0.015257841573631,-0.015257841573631081,-0.03573752570342803,-0.09192077654672026,-0.12410450407849627,7426.360000000001,-0.002310687874005679,7663.959999999999,-0.03324130084186239,7957.109999999999,-0.0688579144940813,8018.5,-0.07598678056993202,0.021368703632159636,0.018790397005607848,0.01930595359493024,28.34932186569631,7957.109999999999,8709.545209730377,7204.674790269621,0.1359088510781328,228.94285714285706,0.0308998079607592,-0.09192077654672026,-0.12410450407849627,0.041993643293111615,185397.6,0.7409534967011439,-0.22118219339622647
2026-03-27,7420.6,7603.6,7346.8,7551.0,156429.0,0.0191383685148194,0.019138368514819426,-0.0020616921734993854,-0.06324434299325132,-0.11772953520435592,7423.24,0.01721081360699639,7612.979999999999,-0.008141358574434543,7906.729999999999,-0.04499078633012621,8025.673333333334,-0.05914436254985056,0.02313948713657502,0.019232900999711987,0.019449485419068956,34.68697123519459,7906.729999999999,8623.68647111493,7189.773528885068,0.2519165986138549,216.37142857142848,0.02865467203965415,-0.06324434299325132,-0.11772953520435592,0.06044434457770409,176656.4,0.8854986289769292,0.1387337938866282
2026-03-30,7535.2,7564.6,7366.2,7551.6,159513.0,7.945967421529865e-05,7.945967421529865e-05,0.044885986274075806,-0.05943603029095257,-0.1154891304347826,7488.120000000001,0.008477428246342233,7565.26,-0.00180562201431278,7857.43,-0.038922395745173644,8031.070000000001,-0.05970188281262645,0.02321948285285996,0.019266250616196984,0.01936412966860075,29.401005944215854,7857.43,8525.677798665241,7189.182201334759,0.2711702151425975,219.54285714285712,0.029072363094292217,-0.05943603029095257,-0.1154891304347826,0.04479924735050789,165014.4,0.96666109139566,0.019715014479412485
2026-03-31,7547.4,7608.2,7411.4,7418.0,166503.0,-0.0176916150219821,-0.017691615021982132,0.001782627484874677,-0.05256973536323695,-0.09237734002202369,7490.76,-0.009713300119080115,7524.1,-0.014101354314801862,7819.68,-0.05136783090868169,8032.956666666666,-0.07655421187798428,0.022676829519194648,0.01748331669117527,0.019468031619181324,27.971723762914635,7819.68,8498.09143734144,7141.268562658562,0.20395546279842686,226.90000000000003,0.030587759503909413,-0.05256973536323695,-0.09237734002202369,0.015496659730588114,159240.0,1.0456103993971364,0.04382087980290006
2026-04-01,7431.8,7600.6,7431.8,7556.6,151535.0,0.0186842814774872,0.01868428147748724,0.004332801701222744,-0.04404918530513102,-0.06897146518160757,7497.280000000001,0.007912202825558046,7489.280000000001,0.008988848060160537,7791.69,-0.03017188825530781,8036.083333333333,-0.05966629680710955,0.023500158569401828,0.018232617327054546,0.01958150988069701,34.21355967725037,7791.69,8464.727012824305,7118.652987175693,0.325351358453916,228.57142857142858,0.030247919510286183,-0.04404918530513102,-0.06897146518160757,0.02545799972859286,154270.2,0.982270069008791,-0.08989627814513856
2026-04-02,7551.4,7551.4,7334.2,7401.4,154051.0,-0.0205383373474844,-0.020538337347484448,-0.0010527452356530187,-0.036752648429162704,-0.08988736412375187,7495.720000000001,-0.012583180801844507,7461.039999999999,-0.007993523691067095,7755.139999999999,-0.04561361883860249,8037.42,-0.07913235839361388,0.022774206998015616,0.01857463863242019,0.019751103559857378,33.22478884705404,7755.139999999999,8429.665069254299,7080.6149307457,0.23778587622320238,232.4285714285715,0.03140332523962649,-0.036752648429162704,-0.08988736412375187,0.010954488335245482,157606.2,0.9774425117793588,0.01660342495133138
2026-04-03,7370.0,7437.6,7316.0,7342.8,128027.0,-0.007917421028454,-0.007917421028454052,-0.02757250695272151,-0.029577353104432658,-0.10394650135455052,7454.08,-0.014928737013823246,7438.660000000001,-0.012886729599148272,7712.55,-0.04794134235758596,8037.08,-0.08638460734495612,0.02246977156945363,0.01836224981993016,0.019766927922227895,32.78112449799198,7712.55,8377.74413074593,7047.355869254071,0.22207361512242044,227.05714285714294,0.030922419629724755,-0.029577353104432658,-0.10394650135455052,-0.0027705345501954914,151925.8,0.8426942625939768,-0.16893106828258175
2026-04-07,7349.8,7457.6,7344.8,7378.0,116821.0,0.0047938116249932,0.0047938116249932605,-0.02298850574712652,0.020865618773522332,-0.09251924921896137,7419.360000000001,-0.005574604817666251,7453.740000000001,-0.01016134182303119,7674.9400000000005,-0.03868955327338075,8037.613333333333,-0.08206582053379019,0.016942532090527197,0.018487402121247203,0.01977317828493464,37.647702407002186,7674.9400000000005,8325.607234540936,7024.272765459066,0.271818846687815,217.77142857142866,0.029516322658095506,0.020865618773522332,-0.09251924921896137,0.004356112169888293,143387.4,0.8147229114971051,-0.08752841197559891
2026-04-08,7380.6,7823.0,7380.6,7822.2,193487.0,0.0602060178910273,0.06020601789102731,0.05448908061472091,0.056368841832324934,-0.054421933175378356,7500.2,0.04293218847497404,7495.4800000000005,0.04358893626558924,7652.43,0.022185109827858485,8041.73,-0.027298852361369974,0.02431473802308145,0.023080228209343072,0.0208666385796731,48.12016385980882,7652.43,8244.587578956542,7060.272421043458,0.6433486676799415,238.81428571428583,0.030530322123480075,0.056368841832324934,-0.054421933175378356,0.03260639983102753,148784.2,1.300453946050723,0.656268992732471
2026-04-09,7797.4,7797.4,7689.8,7737.0,136362.0,-0.0108920763979443,-0.010892076397944317,0.023873170473493355,0.028309409888357173,-0.05969713910697361,7536.280000000001,0.026633829953239374,7516.780000000001,0.029297119245208725,7627.87,0.014306746182092711,8041.333333333333,-0.0378461283369258,0.024536611573467523,0.02314890888155481,0.020683274849540037,51.290510382301576,7627.87,8156.854620610078,7098.885379389922,0.6031504468637864,228.17142857142866,0.029490943333517986,0.028309409888357173,-0.05969713910697361,-0.003066694155241745,145749.6,0.9355909038515371,-0.29523947345299684
2026-04-10,7732.8,7929.4,7732.8,7814.6,154400.0,0.0100297272844771,0.010029727284477152,0.05582727592077186,0.0547157587863738,-0.042234532797333024,7618.92,0.02568343019745578,7557.3200000000015,0.034043814473913914,7610.639999999999,0.026799323052989044,8041.923333333334,-0.0282672843188011,0.02372872597089039,0.023281762782466044,0.020720754298655115,56.13375544123466,7610.639999999999,8086.54059289275,7134.739407107249,0.7142884491488388,227.28571428571436,0.029084753446844924,0.0547157587863738,-0.042234532797333024,0.004550596462361334,145819.4,1.0588440221259998,0.132280254029715
2026-04-13,7833.8,7847.6,7779.4,7794.0,126003.0,-0.0026360914186267,-0.0026360914186267514,0.06144794901127626,0.03218116805721105,-0.03309845176657411,7709.160000000001,0.011005090048721078,7581.620000000001,0.028012482820294338,7597.3,0.02589077698656106,8041.95,-0.03083207431033519,0.023343177947821606,0.023160357002051428,0.020723307742925988,66.64317594550151,7597.3,8033.359937936938,7161.240062063062,0.725542388657183,201.50000000000014,0.02585322042596871,0.03218116805721105,-0.03309845176657411,0.00020532826856944908,145414.6,0.8665085899215071,-0.1839183937823834
2026-04-14,7804.4,7926.6,7804.4,7922.0,146811.0,0.0164228894021041,0.016422889402104124,0.07373271889400912,0.049049208114836595,-0.013302112395376708,7817.960000000001,0.013307819431155776,7618.660000000001,0.03981540060850586,7591.960000000001,0.04347230491203846,8040.466666666666,-0.014733804837198439,0.02365400974074344,0.023489151737336598,0.020511822300359292,65.64239051536413,7591.960000000001,8007.92351256974,7175.996487430262,0.8967174884656091,193.7285714285716,0.02445450283117541,0.049049208114836595,-0.013302112395376708,-0.011109724129322207,151412.6,0.9696088700676165,0.16513892526368412
2026-04-15,7889.8,8005.4,7879.4,7884.6,143802.0,-0.0047210300429184,-0.0047210300429184615,0.007977295390043881,0.06290105149636016,0.007024624501890342,7830.44,0.00691659727933569,7665.32,0.028606763970715043,7594.710000000001,0.0381699893741827,8035.0633333333335,-0.01872584285790735,0.022600832445356205,0.022810471514313063,0.02026218377557243,61.47384497899962,7594.710000000001,8017.952112619502,7171.4678873805,0.8424635585124457,183.0142857142859,0.023211613235203547,0.06290105149636016,0.007024624501890342,-0.039494201344898006,141475.6,1.0164438249422514,-0.020495739420070658
2026-04-16,7894.6,8060.6,7894.6,8043.4,152723.0,0.0201405271034673,0.020140527103467365,0.039601912886131574,0.0644205065770318,0.0175336504402388,7891.719999999999,0.019220144657945415,7714.0,0.0427015815400571,7601.639999999999,0.05811377544845597,8034.05,0.0011637965907604908,0.022693686321206687,0.02314863669145635,0.020369020203535954,69.62981304939952,7601.639999999999,8050.050612579102,7153.229387420897,0.992584238204299,183.58571428571446,0.022824391959334916,0.0644205065770318,0.0175336504402388,-0.007502282766960411,144747.8,1.0550972104584664,0.06203668933672679
2026-04-17,8042.4,8093.2,7993.0,8073.6,128217.0,0.0037546311261407,0.0037546311261407173,0.033143091137102454,0.09082065555165242,0.05073010749889373,7943.520000000001,0.016375611819445135,7781.219999999999,0.037575084626832345,7621.13,0.05937046081092956,8032.52,0.005114210733368818,0.020690913736263666,0.02211492204866337,0.020351300267592787,67.37598084851709,7621.13,8116.0496940704925,7126.210305929508,0.9571145636564162,172.40000000000015,0.021353547364248927,0.09082065555165242,0.05073010749889373,-0.011242560070541474,139511.2,0.919044492485191,-0.16046044145282634
2026-04-20,8061.0,8182.8,8051.4,8113.2,128510.0,0.0049048751486324,0.00490487514863247,0.040954580446497246,0.10491910442882824,0.07223852192530322,8007.360000000001,0.013217839587579272,7858.259999999999,0.03244229638622298,7648.459999999999,0.06076255873731462,8031.476666666667,0.010175380783027377,0.019914414979349065,0.021708892978502443,0.02036050234276409,68.2006740990407,7648.459999999999,8188.968907955114,7107.951092044884,0.9299096584348925,167.61428571428587,0.02065945443404401,0.10491910442882824,0.07223852192530322,-0.0076567430710144935,140012.6,0.9178459652916952,0.002285188391554893
2026-04-21,8124.0,8124.0,8023.6,8089.8,117634.0,-0.0028841887294778,-0.0028841887294778212,0.02118151981822769,0.09647600975874226,0.11935466017268093,8040.920000000001,0.006078906393795602,7929.44,0.02022337012449804,7691.590000000001,0.05177213033976047,8030.003333333333,0.007446655273285474,0.020290485751146344,0.01856794010168896,0.020364059569585865,73.44687979896693,7691.590000000001,8228.212772139641,7154.96722786036,0.8710334528035805,160.72857142857154,0.019868052538823153,0.09647600975874226,0.11935466017268093,-0.010809224523733785,134177.2,0.876706325664867,-0.08463154618317636
2026-04-22,8090.8,8226.2,8058.2,8224.4,123791.0,0.01663823580311,0.01663823580311008,0.043096669456915926,0.05141775970954465,0.11068496110630943,8108.88,0.014246110436953119,7969.660000000001,0.031963722417267304,7732.57,0.06360498514724089,8029.8566666666675,0.024227497626565953,0.010485408409844722,0.018227638970025887,0.020459347195612623,73.37253254934902,7732.57,8301.202668776501,7163.937331223498,0.932467238523462,159.68571428571445,0.019416092880418567,0.05141775970954465,0.11068496110630943,-0.001068843220133231,130175.0,0.9509583253312848,0.05234030977438486
2026-04-23,8202.0,8247.2,8053.4,8141.0,159064.0,-0.0101405573658868,-0.010140557365886815,0.012134172116269326,0.05221662142949457,0.08200425305688475,8128.4,0.0015501205649328664,8010.06,0.016346943718274165,7763.42,0.048635781652931254,8028.64,0.013994898264213962,0.010360191749041969,0.018362231776627266,0.020500444314282898,77.25530660377365,7763.42,8351.039452940056,7175.800547059943,0.8212793569978336,157.64285714285734,0.019364065488620234,0.05221662142949457,0.08200425305688475,-0.008887265644022424,131443.2,1.2101348719446878,0.2849399390908871
2026-04-24,8130.2,8153.4,8005.8,8093.2,155713.0,-0.0058715145559513,-0.005871514555951363,0.002427665477605867,0.03565121695288309,0.09231765912649137,8132.32,-0.004810435398508672,8037.92,0.0068774011186973905,7797.620000000001,0.037906438118297414,8024.6,0.008548712708421613,0.01074144586631388,0.017956750358361053,0.02042199707702469,77.87518573551266,7797.620000000001,8378.009921926263,7217.230078073739,0.7546391562236259,159.50000000000014,0.01970790293085555,0.03565121695288309,0.09231765912649137,-0.02908009021546143,136942.4,1.1370693079718188,-0.021066991902630394
2026-04-27,8119.6,8178.2,8065.0,8144.6,113902.0,0.0063510107250532,0.0063510107250532855,0.0038702361583593525,0.04498332050295106,0.07861210435703891,8138.6,0.0007372275329908806,8072.979999999999,0.008871569110787014,7827.3,0.04053760556002706,8020.903333333334,0.015421787487776673,0.01053942517728734,0.017635698637292335,0.020433648904223833,78.13830568198506,7827.3,8415.250022938662,7239.349977061337,0.7698358598695919,159.38571428571439,0.01956949565180787,0.04498332050295106,0.07861210435703891,-0.026510805125262826,134020.8,0.8498830032353187,-0.2685132262559966
2026-04-28,8143.4,8143.4,8015.0,8053.4,128319.0,-0.0111976033199912,-0.0111976033199912,-0.00449949318895404,0.01658672052511978,0.06644949414693557,8131.32,-0.009582699979831077,8086.12,-0.00404644007261834,7852.390000000001,0.025598575720258143,8011.343333333333,0.005249639781592874,0.010674204178649048,0.017943076066148478,0.02005892606189684,61.45461751882679,7852.390000000001,8433.591187740933,7271.18881225907,0.672926349979861,136.85714285714297,0.01699370984393461,0.01658672052511978,0.06644949414693557,-0.06648893010316448,136157.8,0.9424285645038332,0.1265737212691611
2026-04-29,8044.2,8237.6,8029.6,8227.0,141779.0,0.0215561129460848,0.021556112946084838,0.0003161324838285573,0.04342642619790471,0.10905904556484236,8131.839999999999,0.011702148591216766,8120.360000000001,0.013132422700471436,7892.840000000001,0.04233710552855485,8007.966666666666,0.027351928704332007,0.012062656317427293,0.01766219550546919,0.020055730052255076,72.32142857142856,7892.840000000001,8459.165055999225,7326.514944000777,0.7950249123362616,142.257142857143,0.017291496639983348,0.04342642619790471,0.10905904556484236,-0.02403435512954355,139755.4,1.0144795836153737,0.10489483240985353
2026-04-30,8225.2,8242.0,8163.0,8224.6,110904.0,-0.0002917223775373,-0.0002917223775373845,0.010269008721287332,0.022527786756844304,0.08839954476881129,8148.5599999999995,0.009331710142651106,8138.479999999999,0.01058182854783718,7926.24,0.03764205979127566,8003.143333333334,0.027671210853402073,0.010744563951924734,0.017415254073913398,0.020010802945008524,70.0508607198748,7926.24,8487.84212325275,7364.637876747248,0.7656328988501018,133.85714285714306,0.016275216163356643,0.022527786756844304,0.08839954476881129,-0.033991073525957205,130123.4,0.8522986641910679,-0.21776849886090321
2026-05-06,8219.8,8520.2,8219.8,8455.8,146632.0,0.0281107895824719,0.02811078958247193,0.04480304453121131,0.047339476813317294,0.14245953468262762,8221.08,0.028550993300150207,8176.7,0.03413357466948752,7978.960000000001,0.05976217451898469,8000.83,0.05686535021991457,0.01351809439335392,0.017146272246774317,0.0203088193821032,76.83698296836984,7978.960000000001,8530.994378792044,7426.925621207958,0.9318933913531036,150.44285714285738,0.01779167638104702,0.047339476813317294,0.14245953468262762,-0.016149675377562733,128307.2,1.14281973264166,0.32215249224554565
2026-05-07,8467.8,8591.4,8467.8,8579.0,113766.0,0.0145698810284067,0.014569881028406728,0.05333595265574731,0.057412611546615366,0.16835539576183467,8307.960000000001,0.03262413396309061,8223.28,0.04325767820139892,8040.7699999999995,0.06693761915836416,8002.323333333334,0.07206365484690491,0.013873804679196581,0.01686413434818529,0.020331399836988447,76.7464582315584,8040.7699999999995,8569.216227309642,7512.323772690358,1.0092571128193761,150.6571428571431,0.0175611543136896,0.057412611546615366,0.16835539576183467,0.010554338351355774,128280.0,0.8868568755846585,-0.22413934202629715
2026-05-08,8578.2,8601.6,8501.8,8574.2,112987.0,-0.0005595057699031,-0.0005595057699031569,0.06466833883825474,0.05987787089915697,0.16213065871509902,8412.119999999999,0.019267437934789466,8271.72,0.03656796893511882,8100.579999999999,0.05846741838238767,8006.3966666666665,0.07091871124713212,0.013733046078257313,0.016958952182238477,0.020175545993440465,78.8390766142523,8100.579999999999,8581.850684750172,7619.309315249825,0.9920515782566905,148.78571428571462,0.017352722619686338,0.05987787089915697,0.16213065871509902,0.02934044034670724,125213.6,0.9023540573867375,-0.00684738849920008
2026-05-11,8571.8,8740.0,8571.8,8687.8,155860.0,0.0132490494740031,0.013249049474003183,0.05601069648717627,0.05634453577160636,0.11065940528240126,8504.28,0.021579722210463226,8318.06,0.04445026845201894,8143.860000000001,0.06679142323173526,8020.5233333333335,0.08319615054212992,0.013478505859852451,0.01175581474300541,0.01866390519898081,78.00764951321284,8143.860000000001,8673.02433185275,7614.695668147252,1.013961322842297,148.2285714285718,0.017061692422543316,0.05634453577160636,0.11065940528240126,0.10810948700288248,128029.8,1.2173728303879252,0.3794507332701993
2026-05-12,8702.0,8702.0,8605.6,8641.2,135762.0,-0.0053638435507261,-0.005363843550726166,0.05065291929090776,0.06144208328215206,0.11686700271423045,8587.6,0.006241557594671487,8368.079999999998,0.032638311297215505,8189.07,0.05521139763123295,8027.31,0.07647518284456445,0.012933179360787235,0.011414431494673067,0.017571101042776475,74.32293452176904,8189.07,8726.315187972777,7651.824812027223,0.9207855278388369,147.95714285714323,0.017122291216167106,0.06144208328215206,0.11686700271423045,0.049453485547729104,133001.4,1.0207561724914174,-0.1289490568458873
2026-05-13,8647.0,8805.2,8600.8,8792.4,151477.0,0.0174975697819745,0.017497569781974587,0.039806996381182236,0.08639351554391328,0.12512476646277482,8654.92,0.015884606674585022,8438.0,0.042000474045982505,8237.960000000001,0.06730307017756809,8036.203333333334,0.09409874729401646,0.012646787004027637,0.011685778297307152,0.017698874829130157,76.56445556946193,8237.960000000001,8808.643528853927,7667.276471146075,0.9857683566875074,153.171428571429,0.017420889469476935,0.08639351554391328,0.12512476646277482,0.06460987068339241,133970.4,1.1306751342087507,0.11575404015851265
2026-05-14,8781.2,8829.2,8546.6,8547.2,212062.0,-0.0278877212137753,-0.027887721213775363,-0.003706725725608928,0.049431525182329406,0.0966384398255069,8648.560000000001,-0.01171987012866893,8478.26,0.008131385449372974,8275.619999999999,0.032816876560306296,8044.276666666667,0.06251939784931992,0.017108498071364775,0.013832296601641772,0.017805889340476385,65.24463404879357,8275.619999999999,8821.830276069682,7729.4097239303155,0.7486038911188065,166.18571428571477,0.01944329304166449,0.049431525182329406,0.0966384398255069,0.060078384680259944,153629.6,1.380345974994402,0.39996171035866834
2026-05-15,8599.8,8599.8,8313.4,8384.6,232334.0,-0.0190237738674654,-0.019023773867465454,-0.022112850178442334,0.041125487371793445,0.058394344862408465,8610.640000000001,-0.026251242648630213,8511.380000000001,-0.014895351870084617,8298.75,0.01034493146558213,8049.67,0.041607916846280624,0.018081496528491493,0.014507473900078742,0.01799450498769078,55.241460541813936,8298.75,8820.54276184679,7776.957238153211,0.5822644604115915,174.64285714285754,0.02082900283172215,0.041125487371793445,0.058394344862408465,0.040143902741595294,177499.0,1.3089313179229178,0.0955946845733795
2026-05-18,8358.6,8470.4,8326.4,8402.2,151021.0,0.002099086420342,0.0020990864203420667,-0.032873684937498426,0.021295733560228625,0.06564695735991677,8553.52,-0.01769096231726819,8528.9,-0.014855374081065409,8324.630000000001,0.009318131856911327,8052.153333333333,0.04347242932118389,0.01702034447529592,0.014397620310410636,0.017740029921881544,58.93052516411383,8324.630000000001,8810.007270953027,7839.252729046975,0.5799069143139861,171.0857142857146,0.020362014030339028,0.021295733560228625,0.06564695735991677,0.018053603450782774,176531.2,0.8554918337381721,-0.3499832138214811
2026-05-19,8366.4,8463.2,8248.2,8456.0,171235.0,0.0064030849063339,0.0064030849063339,-0.021432208489561733,0.028135106874498383,0.051296715319392394,8516.48,-0.007101525512887896,8552.04,-0.011230069082932337,8345.26,0.013269808250431891,8055.936666666666,0.04966068501862608,0.017041351677170306,0.013869028134445476,0.017750772665146047,62.3535821302098,8345.26,8815.13423356504,7875.38576643496,0.6178400432385819,175.90000000000035,0.020801797540208177,0.028135106874498383,0.051296715319392394,0.027585368817596212,183625.8,0.9325214648486215,0.1338489349163361
2026-05-20,8440.0,8498.4,8365.6,8483.6,153619.0,0.0032639545884578,0.0032639545884578514,-0.035121241071834675,0.003287684193098439,0.05078279825604448,8454.720000000001,0.0034158434578555052,8554.820000000002,-0.008325131329472879,8365.76,0.014085988601155286,8059.429999999999,0.052630272860487715,0.014594333828486633,0.013867304003263758,0.017742822210718528,61.73335179288388,8365.76,8821.286838541368,7910.233161458632,0.6293447389152014,177.30000000000032,0.020899146588712378,0.003287684193098439,0.05078279825604448,0.02533236644911785,184054.2,0.8346400136481535,-0.10287616433556224
2026-05-21,8469.4,8636.2,8228.6,8240.8,216930.0,-0.0286199255033241,-0.02861992550332415,-0.035847997004867294,-0.03942184403776672,0.0157274564906571,8393.44,-0.018185630683009713,8521.0,-0.03288346438211487,8372.140000000001,-0.0156877453076516,8056.996666666667,0.02281288437089235,0.01624098436292419,0.015500394438942144,0.01805145671989503,55.870191705300094,8372.140000000001,8816.202984626849,7928.077015373153,0.3521155730753282,197.15714285714316,0.023924514956939032,-0.03942184403776672,0.0157274564906571,-0.017408308293985764,185027.8,1.1724184149625083,0.4121300099597056
2026-05-22,8318.4,8437.6,8268.6,8379.6,172502.0,0.0168430249490341,0.016843024949034113,-0.0005963313694153927,-0.022695994961629107,0.03582288808128764,8392.439999999999,-0.001529948382115176,8501.54,-0.0143432836874261,8386.630000000001,-0.000838238958914439,8059.913333333333,0.039663784639537125,0.01752000047315482,0.015870503143795518,0.01795597822726478,54.886640194697094,8386.630000000001,8810.34844226527,7962.911557734733,0.4917043969547123,196.35714285714326,0.02343275846784372,-0.022695994961629107,0.03582288808128764,0.021329498086439358,173061.4,0.9967676212026484,-0.20480339279952053
2026-05-25,8401.8,8504.6,8353.6,8485.2,157170.0,0.0126020335099528,0.012602033509952815,0.00987836519006935,-0.023320058012385014,0.03171051991634655,8409.04,0.009056919695946242,8481.28,0.00046219438575301197,8399.67,0.010182542885613488,8062.933333333333,0.052371345416060366,0.017457881198831564,0.015697698136144033,0.01796142078331931,57.827706355881325,8399.67,8818.389577559368,7980.950422440632,0.6021327931434897,201.5000000000004,0.023747230471880494,-0.023320058012385014,0.03171051991634655,0.021820809248555006,174291.2,0.9017666984908015,-0.08888012892604147
2026-05-26,8485.6,8485.6,8325.6,8462.4,181029.0,-0.002687031537265,-0.0026870315372650166,0.0007568590350046644,-0.020691570615192445,0.03947917946198243,8410.320000000002,0.006192392203863584,8463.4,-0.00011815582390051205,8415.74,0.005544372806194131,8062.92,0.049545326010923985,0.017424788076034783,0.015489406095148053,0.017797599240806962,50.226617222908956,8415.74,8816.964149978829,8014.515850021171,0.5581470482303494,191.47142857142885,0.022626137806228595,-0.020691570615192445,0.03947917946198243,-9.452689290112559e-05,176250.0,1.0271148936170214,0.15180377934720357
2026-05-27,8419.0,8553.0,8270.4,8315.0,197393.0,-0.0174182265078464,-0.017418226507846413,-0.01987363854967239,-0.05429689277102945,0.027405723323283837,8376.6,-0.0073538189718979075,8415.66,-0.011961034547498306,8426.829999999998,-0.013270707964916584,8060.52,0.031571164143256114,0.01657202532660707,0.01600683578545662,0.01794157526042326,41.08349094839232,8426.829999999998,8801.927354941525,8051.732645058472,0.3509320333418084,201.97142857142885,0.024290009449360054,-0.05429689277102945,0.027405723323283837,-0.01702328880482329,185004.8,1.0669615058636317,0.09039435670527918
2026-05-28,8315.8,8412.4,8214.2,8351.0,182879.0,0.0043295249549006,0.0043295249549006876,0.013372488107950664,-0.022954885810557935,0.02534194435576942,8398.64,-0.005672346951411167,8396.039999999999,-0.005364433709224681,8437.15,-0.010210793929229633,8057.06,0.036482290066103484,0.01475579289957571,0.015980785828223872,0.017883514399397456,42.617094469436324,8437.15,8790.266050701575,8084.033949298425,0.3780146076214374,209.00000000000014,0.025026942881092102,-0.022954885810557935,0.02534194435576942,-0.02425630360105624,178194.6,1.026288114230173,-0.07352844325786634
2026-05-29,8367.0,8407.0,8108.2,8163.0,197280.0,-0.0225122739791642,-0.02251227397916422,-0.025848489188028068,-0.02642940629248869,0.01360915886457903,8355.320000000002,-0.023017670178999916,8373.88,-0.025183069258217117,8442.63,-0.033121195646380275,8050.816666666667,0.013934404170177439,0.01523077172451926,0.016636084201199504,0.01811140160670618,33.455233291298896,8442.63,8773.36301110034,8111.896988899658,0.07725719747527382,218.3285714285715,0.0267461192488756,-0.02642940629248869,0.01360915886457903,-0.043876499250374845,183150.2,1.0771487009023195,0.07874605613547758
2026-06-01,8142.4,8266.2,8094.6,8117.2,163955.0,-0.0056106823471763,-0.005610682347176321,-0.04336963182953857,-0.033919687700840306,-0.013346298772335063,8281.72,-0.01986543858039147,8345.380000000001,-0.02734207429739588,8437.14,-0.03792043275327894,8049.886666666667,0.00836202248810114,0.015163164459153758,0.015947678342800576,0.01726251114487846,33.472117083017906,8437.14,8786.087629308351,8088.192370691647,0.04156444530924155,223.70000000000013,0.027558764105849325,-0.033919687700840306,-0.013346298772335063,-0.006827358375137704,184507.2,0.8886103089743923,-0.16892234387672345
2026-06-02,8118.6,8231.6,7996.2,8152.8,172900.0,0.0043857487803675,0.004385748780367571,-0.03658536585365846,-0.03585619678334906,-0.008729907837463191,8219.8,-0.008151049903890484,8315.060000000001,-0.019513990277881477,8433.55,-0.033289658566084124,8050.493333333334,0.012708123891372214,0.015031980369926392,0.015985922351685826,0.017247002080950907,28.238976592270063,8433.55,8793.023108576139,8074.07689142386,0.10949791055019381,225.9142857142858,0.027710024251089906,-0.03585619678334906,-0.008729907837463191,0.004484746932137407,182881.4,0.9454214589345883,0.054557653014546625
2026-06-03,8165.0,8310.2,8130.6,8200.6,178286.0,0.0058630163870081,0.005863016387008146,-0.01375826819001802,-0.03335847989061247,-0.030180467844556302,8196.92,0.0004489491174735072,8286.759999999998,-0.010397308477619438,8420.789999999999,-0.026148378002538775,8051.63,0.018501843726053124,0.01518443541780721,0.014619334194418404,0.017261010670675547,36.37792799874237,8420.789999999999,8794.762596237691,8046.817403762307,0.20560677143834274,218.55714285714294,0.026651360005017062,-0.03335847989061247,-0.030180467844556302,0.008386208253406302,179060.0,0.9956774265609293,0.031150954308849066
2026-06-04,8189.2,8234.6,8142.6,8184.8,140145.0,-0.0019266882911006,-0.0019266882911006533,-0.01990180816668663,-0.006795456751771511,-0.04594941135330455,8163.68,0.0025870685769162627,8281.16,-0.011636050988025781,8401.08,-0.025744309065024895,8051.466666666666,0.01656012983141797,0.012309448942329505,0.014126226646854853,0.017236026112277168,41.12315621112496,8401.08,8781.441277568578,8020.718722431422,0.21569135351717658,204.67142857142866,0.025006283424326637,-0.006795456751771511,-0.04594941135330455,-0.0011959095013789334,170513.2,0.821901178325197,-0.21393154818662152
2026-06-05,8184.8,8236.8,8043.0,8070.8,186896.0,-0.0139282572573551,-0.013928257257355137,-0.011294867083180171,-0.03685140102152851,-0.05871101677124402,8145.24,-0.00913908000255359,8250.28,-0.021754413183552646,8375.91,-0.036427086728486824,8050.476666666667,0.002524488198007324,0.011262471226281111,0.01435626524994447,0.01730136747201592,36.43804223277134,8375.91,8774.23507168989,7977.584928310108,0.11700879296202465,208.22857142857148,0.025800239310671987,-0.03685140102152851,-0.05871101677124402,-0.007306093331037378,168436.4,1.1095938882569327,0.3335902101394983
2026-06-08,8084.4,8084.4,7722.0,7818.8,212220.0,-0.031223670515934,-0.031223670515934,-0.03676144483319366,-0.0785367463347948,-0.10002532286654842,8085.56,-0.03299214896680014,8183.640000000001,-0.044581628712895616,8332.460000000001,-0.0616456604652168,8042.916666666667,-0.027865098689322965,0.012658628526286141,0.015142350674176021,0.01760813735394875,27.56338028169023,8332.460000000001,8774.69992726016,7890.220072739842,-0.08074810565196579,218.7571428571429,0.02797835254222424,-0.0785367463347948,-0.10002532286654842,-0.054832938445916524,178089.4,1.1916486888046116,0.13549781696772545
2026-06-09,7801.2,8000.8,7795.2,7983.8,164083.0,0.0211029825548676,0.021102982554867644,-0.02072907467373175,-0.056556059746643905,-0.07607739665787161,8051.76,-0.008440390672349918,8135.779999999999,-0.018680446128090833,8299.59,-0.03804886747417646,8038.843333333334,-0.006847170799447633,0.01566238865355954,0.016239083425811016,0.017821868845709195,33.95402594067038,8299.59,8742.931711621035,7856.248288378965,0.1438525952753856,223.95714285714297,0.028051447037393592,-0.056556059746643905,-0.07607739665787161,-0.029702729637101744,176326.0,0.9305661104998696,-0.22682593535010842
2026-06-10,7975.8,7975.8,7787.2,7892.0,166031.0,-0.0114982840251509,-0.011498284025150962,-0.037631392824915344,-0.05087191822008419,-0.10240662390246114,7990.040000000001,-0.0122702764942354,8093.479999999999,-0.02489411229780003,8254.57,-0.04392354780442831,8034.39,-0.017722565123176826,0.015277142235731633,0.01551364125843305,0.017850172718338962,37.59954493742896,8254.57,8669.134654851978,7840.005345148022,0.06270994673984355,208.88571428571439,0.026468032727536034,-0.05087191822008419,-0.10240662390246114,-0.0327483086577115,173875.0,0.9548871315600288,0.01187204036981293
2026-06-11,7873.8,7918.0,7786.6,7859.2,167755.0,-0.0041561074505829,-0.004156107450582924,-0.03978105757013006,-0.05889115076038798,-0.08049419692998883,7924.92,-0.008292828192587476,8044.3,-0.023010081672737215,8220.170000000002,-0.043912717133587464,8031.03,-0.021395761191279283,0.01492671926296934,0.014571805527190052,0.017791723011796975,29.99077207013228,8220.170000000002,8646.505973765084,7793.834026234918,0.07666016684894972,204.21428571428572,0.025984105979525364,-0.05889115076038798,-0.08049419692998883,-0.02500992457324336,179397.0,0.935104823380547,0.01038360306207875
2026-06-12,7833.4,8094.2,7833.4,7978.8,186033.0,0.0152178338762214,0.015217833876221443,-0.011399117807404435,-0.022565233370084536,-0.04839825394175035,7906.5199999999995,0.009141822192317406,8025.879999999999,-0.005866023414254795,8199.880000000001,-0.026961370166392773,8030.196666666667,-0.006400424398074089,0.015043294979222995,0.014734962960680697,0.017896171038720966,30.7364576993305,8199.880000000001,8631.85460744075,7767.9053925592525,0.2441053291189979,212.05714285714288,0.026577573426723677,-0.022565233370084536,-0.04839825394175035,-0.006227580709445957,179224.4,1.0379892469998504,0.10895651396381623
2026-06-15,7974.4,8249.6,7974.4,8249.2,201870.0,0.0338898079911766,0.03388980799117669,0.055046810252212586,0.01626176514068911,-0.018209516555187877,7992.6,0.03210469684458128,8039.08,0.026137319195729036,8192.23,0.006954150457201713,8037.1900000000005,0.026378622379214622,0.018766798581200065,0.01681127008682458,0.01811703874935218,43.175416133162656,8192.23,8614.426866526941,7770.033133473059,0.5674685253690358,220.28571428571436,0.026703888169242393,0.01626176514068911,-0.018209516555187877,0.05359149892714821,177154.4,1.139514457445031,0.08513005757043102
2026-06-16,8216.8,8360.8,8216.8,8316.0,174867.0,0.0080977549338117,0.008097754933811707,0.041609258748966704,0.020017662643508904,-0.01655629139072845,8059.039999999999,0.03188469098056346,8055.4,0.03235096953596339,8185.2300000000005,0.01597633786710939,8044.043333333334,0.03380845370881058,0.01886070405387888,0.01685361907956635,0.018105994202997196,50.033751856352104,8185.2300000000005,8593.423148811622,7777.03685118838,0.6601815223757573,210.38571428571433,0.02529890744176459,0.020017662643508904,-0.01655629139072845,0.05201902641433054,179311.2,0.9752151566661759,-0.1337643037598455
2026-06-17,8320.6,8456.4,8291.2,8453.4,175100.0,0.0165223665223663,0.016522366522366383,0.07113532691332991,0.03082701265761023,-0.0035598095148287046,8171.32,0.03452073838743308,8080.68,0.04612483107857246,8183.719999999999,0.03295322909385945,8056.869999999999,0.04921638303708531,0.01938809204769108,0.017273242880483746,0.017808139249880613,53.23477381854939,8183.719999999999,8587.465024280773,7779.974975719226,0.8339731560536318,208.02857142857147,0.024608864058079764,0.03082701265761023,-0.0035598095148287046,0.10015877560581998,181125.0,0.9667356797791581,0.0013324412267610164
2026-06-18,8423.4,8553.4,8423.4,8524.6,200274.0,0.008422646509097,0.008422646509097076,0.0846651058631922,0.04151598084253738,0.034438404038443116,8304.4,0.026516063773421417,8114.660000000001,0.050518444395698525,8197.91,0.03985040089486236,8072.836666666667,0.05596091584494678,0.019359645728320423,0.015984959863698574,0.017686947417087442,62.332878581173254,8197.91,8629.116785904896,7766.703214095104,0.8788089736510459,195.9714285714286,0.02298892951826814,0.04151598084253738,0.034438404038443116,0.12660904501361236,187628.8,1.0673947709520075,0.1437692747001713
2026-06-22,8522.0,8673.8,8436.0,8651.2,210048.0,0.0148511367102268,0.014851136710226864,0.08427332430942003,0.07191356495019097,0.032412048307795205,8438.880000000001,0.025159736837115698,8172.7,0.058548582475803634,8211.49,0.05354813803584979,8096.570000000001,0.06850184707845419,0.01847694448060578,0.015892341637572232,0.016646995855091853,67.26144297905353,8211.49,8682.09630053705,7740.88369946295,0.9671739408271933,200.69999999999996,0.023199093767338627,0.07191356495019097,0.032412048307795205,0.1970334292672129,192431.8,1.0915451604152744,0.04880313969861283
2026-06-23,8623.8,8662.4,8372.4,8449.2,206245.0,-0.0233493619382282,-0.02334936193822823,0.02424477525093338,0.08062618304599178,-0.004242681374628798,8478.880000000001,-0.0035004623252128386,8235.74,0.025918739542530655,8209.69,0.029174061383560268,8113.9766666666665,0.041314308273830536,0.016748068176336468,0.016613118606534392,0.016750393332679758,58.65047863646977,8209.69,8676.145381292517,7743.234618707484,0.7567340946269436,204.5999999999999,0.02421531032523788,0.08062618304599178,-0.004242681374628798,0.1410436473638721,193306.8,1.0669309098283144,-0.018105385435709942
2026-06-24,8423.8,8626.8,8409.6,8587.4,180187.0,0.0163565781375749,0.016356578137574962,0.032635882635882574,0.07560309626994655,0.014771223293628344,8533.16,0.006356379113950705,8296.1,0.03511288436735316,8215.94,0.04521211206508302,8131.7,0.05603994244745869,0.016396198350520856,0.016997217875600337,0.016754030953604615,60.72299844754932,8215.94,8699.681820656988,7732.198179343013,0.8839444763071196,207.28571428571408,0.024138355530860807,0.07560309626994655,0.014771223293628344,0.14133439659755442,194370.8,0.9270271048943566,-0.12634488108802633
2026-06-25,8594.0,8704.2,8554.0,8693.4,189590.0,0.012343666301791,0.012343666301791067,0.028390943289090753,0.10154586923466802,0.04550811785929043,8581.16,0.013079816714756554,8376.240000000002,0.037864244577519024,8234.859999999999,0.05568279242148644,8153.1033333333335,0.06626883587476495,0.0150121393123064,0.01661016336506776,0.01664112166401005,63.42802830288308,8234.859999999999,8762.521184752717,7707.1988152472795,0.9345023030402453,211.442857142857,0.024322228028487936,0.10154586923466802,0.04550811785929043,0.17332505533660858,197268.8,0.9610744324495308,0.05218467481005851
2026-06-26,8681.6,8681.6,8399.8,8445.6,230308.0,-0.0285043826351023,-0.028504382635102354,-0.009267296999272645,0.07461319218241047,0.011327984672494296,8565.36,-0.013981899184622781,8434.88,0.001270913160590359,8239.59,0.02500245764655773,8168.013333333333,0.033984600090434025,0.018980703366147902,0.01797191922279842,0.01698162353246401,59.242454132965086,8239.59,8773.296096530283,7705.883903469718,0.6929994816803738,218.5714285714285,0.025879917184265,0.07461319218241047,0.011327984672494296,0.11847437425506557,203275.6,1.1329839882405954,0.2147687114299277
2026-06-29,8459.4,8583.8,8346.2,8535.2,214084.0,0.0106090745476934,0.010609074547693442,-0.013408544479378559,0.06973479721261344,0.04559598186941094,8542.16,-0.0008147822096518098,8490.52,0.0052623396446860315,8258.2,0.0335424184446973,8184.406666666667,0.04286118073311784,0.018824686527237604,0.017229408498503747,0.017015720591115707,69.20437486596613,8258.2,8806.420670130015,7709.979329869986,0.7526354943295984,209.6571428571427,0.024563823092269975,0.06973479721261344,0.04559598186941094,0.13025054293129945,204082.8,1.04900559968797,-0.07044479566493567
2026-06-30,8512.6,8796.4,8510.2,8774.6,185559.0,0.0280485518792763,0.02804855187927635,0.03851252189556398,0.06369102458420195,0.08098851820824926,8607.240000000002,0.01944409590066032,8543.06,0.0271027009057645,8291.07,0.05831937252972175,8207.016666666666,0.0691583015346624,0.017966012470948246,0.018033635202312097,0.017134356360049705,70.38564652505673,8291.07,8880.944609690741,7701.195390309258,0.9098582919626808,215.41428571428546,0.02454975562581604,0.06369102458420195,0.08098851820824926,0.18287948234025353,199945.6,0.9280474289006609,-0.13324209188916503
2026-07-01,8753.6,8865.2,8652.4,8708.0,210988.0,-0.0075900895767329,-0.007590089576732906,0.014043831660339512,0.047138047138047146,0.06809930330683933,8631.36,0.008879249619990315,8582.259999999998,0.014651152493632358,8318.829999999998,0.04678181907792345,8226.206666666667,0.05856810469953344,0.018473221176293096,0.01821997875598702,0.017060922634911584,71.31216046803176,8318.829999999998,8933.059845887397,7704.600154112598,0.8167950911256637,216.57142857142838,0.024870398320099723,0.047138047138047146,0.06809930330683933,0.1523701135431279,206105.8,1.0236878341123832,0.13703997111430866
2026-07-02,8712.8,8712.8,8450.0,8479.6,220984.0,-0.0262287551676618,-0.026228755167661877,-0.024593369682747723,0.0030993446423925874,0.03402190083652412,8588.6,-0.012691241878769577,8584.880000000001,-0.012263421270885644,8332.78,0.017619569939443913,8244.176666666668,0.02855631833864125,0.02030726488681118,0.019373575959964345,0.017206407155746593,64.70142180094788,8332.78,8948.375313411863,7717.184686588138,0.6192504205289248,225.95714285714263,0.026647146428739873,0.0030993446423925874,0.03402190083652412,0.14567514254060043,212384.6,1.0404897530235242,0.04737710201528045
2026-07-03,8507.2,8640.0,8434.0,8529.2,196737.0,0.0058493325156847,0.0058493325156847575,0.009898645448517707,0.0005396147619829428,0.04207799824064118,8605.320000000002,-0.008845690805222906,8585.34,-0.006539053782377846,8350.0,0.021461077844311394,8263.95,0.03209724163384342,0.020211737054854795,0.019371760856549528,0.017158025569565794,63.490196078431396,8350.0,8967.431133172307,7732.568866827692,0.64511739882575,222.04285714285692,0.026033257180375288,0.0005396147619829428,0.04207799824064118,0.16157324181511146,205670.4,0.9565644837565348,-0.10972287586431595
2026-07-06,8557.6,8572.8,8365.2,8458.6,196746.0,-0.0082774468883365,-0.008277446888336537,-0.008974599306401765,-0.022262807471795876,0.048049759627298405,8590.000000000002,-0.015296856810244619,8566.08,-0.012547162762897357,8369.390000000001,0.010659080291395062,8281.960000000001,0.021328284608957304,0.019669862360965365,0.019163597989596347,0.01721315283137732,55.689598956635145,8369.390000000001,8974.129630445612,7764.65036955439,0.5737590158712303,217.21428571428532,0.02567969707921941,-0.022262807471795876,0.048049759627298405,0.14646245595012197,202202.8,0.9730132322598897,4.574635172849284e-05
2026-07-07,8456.0,8464.8,8269.2,8311.2,192518.0,-0.017426051592462,-0.017426051592462022,-0.052811524172041935,-0.016332907257491813,0.06297641581828417,8497.32,-0.021903376594031854,8552.28,-0.028188974168291914,8394.009999999998,-0.009865368280475906,8290.11,0.0025439951942736183,0.01903701256203255,0.018103796976962506,0.01564235874519983,49.87505206164101,8394.009999999998,8941.777995068138,7846.242004931859,0.424411428975787,220.8999999999995,0.026578592742323548,-0.016332907257491813,0.06297641581828417,0.0625143821431311,203594.6,0.9455948242242181,-0.02148963638396717
2026-07-08,8306.8,8362.4,8189.6,8242.8,209159.0,-0.0082298585041873,-0.008229858504187337,-0.053422140560404285,-0.040128560449030015,0.03244069240211411,8404.28,-0.01921401952338586,8517.82,-0.03228760410527587,8406.960000000001,-0.019526677895458255,8298.54,-0.006716844167769409,0.018038669609242313,0.017763254403509267,0.015611419931432786,44.313640781941885,8406.960000000001,8925.353187089657,7888.566812910345,0.3416645857928585,221.44285714285667,0.026865004263461043,-0.040128560449030015,0.03244069240211411,0.06537417603722373,203228.8,1.029179919381505,0.08643867066975552
2026-07-09,8262.0,8496.0,8158.8,8489.0,240976.0,0.0298684912893678,0.02986849128936786,0.0011085428557950916,-0.023512089631214428,0.07564622402432852,8406.16,0.009854677998039518,8497.380000000001,-0.0009861863303748386,8436.810000000001,0.006185987357780753,8309.78,0.02156735798059617,0.020482262363920926,0.018531504260767023,0.01600719077515987,49.12176830471678,8436.810000000001,8895.687559176422,7977.932440823581,0.5568670214486711,236.24285714285665,0.027829291688403424,-0.023512089631214428,0.07564622402432852,0.08630000255931192,207227.2,1.16285892971579,0.1521187230767025
2026-07-10,8444.8,8603.0,8320.4,8320.4,214117.0,-0.0198609965838143,-0.01986099658381435,-0.024480607794400533,-0.014824287202803932,0.05868281758957661,8364.4,-0.005260389268805898,8484.86,-0.019382759409112382,8459.869999999999,-0.016486068934865372,8318.553333333333,0.00022199372807607531,0.019402238145409353,0.019207485229547617,0.01623557989914868,42.005027068832156,8459.869999999999,8835.294986410034,8084.445013589965,0.31425050935785015,239.44285714285675,0.02877780601207355,-0.014824287202803932,0.05868281758957661,0.06753913266615341,210703.2,1.0162019371324214,-0.11145923245468425
2026-07-13,8407.8,8407.8,7980.8,8005.8,247004.0,-0.0378106821787413,-0.037810682178741395,-0.053531317239259524,-0.06202549442309502,0.0033839675139117897,8273.84,-0.032396082109395374,8431.92,-0.05053653260467361,8461.22,-0.05382438939065515,8319.95,-0.03775864037644461,0.021965821524055452,0.02101189356056211,0.01687202593894318,39.83680205372695,8461.22,8829.487177610474,8092.952822389525,-0.11832825145458462,249.22857142857097,0.031131001452518296,-0.06202549442309502,0.0033839675139117897,0.01057813683413289,220754.8,1.118906587761625,0.15359359602460332
2026-07-14,8016.6,8144.6,7859.4,8101.4,274699.0,0.0119413425266681,0.01194134252666812,-0.02524304552892498,-0.07672144599184016,-0.017916888910439965,8231.880000000001,-0.01585057119394373,8364.6,-0.03146593979389345,8453.829999999998,-0.041688796675589446,8323.563333333334,-0.02669089240225242,0.019646260455371607,0.019701889324968556,0.0169247636670992,38.63848887226483,8453.829999999998,8845.2173036694,8062.442696330595,0.04976822613325124,254.08571428571395,0.03136318590437628,-0.07672144599184016,-0.017916888910439965,0.02749663901783217,237191.0,1.1581341619201404,0.11212369030461056
2026-07-15,8096.8,8173.2,7966.4,8023.6,219212.0,-0.0096032784457006,-0.009603278445700636,-0.026592905323433613,-0.07859439595773998,-0.03516113516113517,8188.039999999999,-0.020082950254273202,8296.16,-0.032853754025958914,8439.21,-0.049247500654681975,8323.233333333334,-0.03599963155344277,0.019654451409043698,0.01968258232873663,0.016777480657588807,34.1324741779589,8439.21,8871.93696095432,8006.483039045678,0.019778015352421116,258.12857142857104,0.03217116648743345,-0.07859439595773998,-0.03516113516113517,-0.0024616455727676234,239201.6,0.9164319971103873,-0.20199199851473792
2026-07-16,8001.8,8027.8,7800.8,7844.0,230553.0,-0.0223839672964754,-0.022383967296475404,-0.0759806808811403,-0.07495636586631449,-0.07208933683488294,8059.039999999999,-0.026683078877881128,8232.6,-0.04720258484561379,8408.74,-0.06716107288369,8319.406666666668,-0.057144299553413824,0.019292022298845263,0.019719455291290284,0.017018540024618396,35.27222875048962,8408.74,8916.564073971665,7900.915926028333,-0.05603901916582706,253.37142857142817,0.03230130399941716,-0.07495636586631449,-0.07208933683488294,-0.02843836702338487,237117.0,0.9723174635306621,0.05173530646132507
2026-07-17,7842.4,7842.4,7344.0,7367.2,313578.0,-0.0607853136155023,-0.06078531361550232,-0.11456179991346571,-0.13623786521596404,-0.13577176641719269,7868.4,-0.06369782929185097,8116.4,-0.09230693410871815,8350.869999999999,-0.1177925174263279,8306.973333333333,-0.11313065488754026,0.024842405326660922,0.023262247241397735,0.018704973585008503,25.963121501481723,8350.869999999999,9035.952925752646,7665.7870742473515,-0.21792038819192378,272.1142857142854,0.036935916727424994,-0.13623786521596404,-0.13577176641719269,-0.091948922743184,257009.2,1.2201041830409183,0.36011242534254606
2026-07-20,7434.2,7528.6,7060.0,7266.0,329115.0,-0.0137365620588554,-0.013736562058855428,-0.09240800419695727,-0.1409925992481026,-0.16011651562788987,7720.44,-0.05886193014905883,7997.139999999999,-0.09142518450345993,8281.61,-0.12263436698902752,8293.243333333334,-0.12386509017581793,0.024756242697311977,0.022720309403355652,0.018771597404268255,17.081260364842464,8281.61,9104.974634705743,7458.2453652942595,-0.1167437591990851,285.14285714285694,0.03924344304195664,-0.1409925992481026,-0.16011651562788987,-0.10183193651264555,273431.4,1.203647423083084,0.049547481009509564
2026-07-21,7178.8,7662.8,7165.4,7652.4,292167.0,0.0531791907514449,0.05317919075144495,-0.05542251956451971,-0.07926653190874977,-0.09430478625195293,7630.639999999999,0.0028516611974880313,7931.26,-0.0351596089398154,8241.77,-0.07151012464555562,8283.71,-0.0762110213901741,0.03271423016873193,0.02624741545617455,0.01993075771284545,29.787071078431367,8241.77,9107.034009847139,7376.505990152863,0.15942764676868829,305.47142857142836,0.039918382281562435,-0.07926653190874977,-0.09430478625195293,-0.06954914644229371,276925.0,1.0550401733321297,-0.11226470990383297
2026-07-22,7637.8,7725.0,7544.4,7569.4,245037.0,-0.0108462704511003,-0.010846270451100315,-0.05660800638117558,-0.0816955403503663,-0.1185457763700305,7539.8,0.0039258335764873475,7863.92,-0.037452059532650406,8190.87,-0.07587350305889362,8274.183333333332,-0.08517859768637781,0.03272902343088841,0.02580472366852036,0.01993644795008647,31.543515289155636,8190.87,9089.646209133934,7292.093790866065,0.15426877476048684,299.59999999999985,0.039580415885010684,-0.0816955403503663,-0.1185457763700305,-0.07021250460631379,282090.0,0.8686483037328512,-0.1613118524679379
2026-07-23,7583.4,7643.6,7496.2,7561.2,195584.0,-0.0010833091130075,-0.00108330911300758,-0.036053034166241726,-0.1092943809636,-0.13023673131341018,7483.24,0.010417947306247122,7771.139999999999,-0.027015341378484936,8134.26,-0.07045017002161236,8265.316666666668,-0.0851893151905857,0.03010810492450939,0.025475692866861698,0.01992626487130662,30.03629764065333,8134.26,9042.340423982892,7226.179576017107,0.18446627365529694,295.4142857142856,0.03906976216927017,-0.1092943809636,-0.13023673131341018,-0.0657341966094993,275096.2,0.7109658366782238,-0.20181850087945907
2026-07-24,7553.8,7553.8,7368.2,7372.4,215305.0,-0.0249695815479025,-0.02496958154790252,0.0007058312520360488,-0.11393682996009813,-0.12707208487259647,7484.280000000001,-0.014948665736717603,7676.340000000001,-0.03959439003483445,8080.6,-0.08764200678167466,8252.446666666667,-0.10664069726392256,0.030315915659536806,0.02532788176037871,0.020141209169935444,28.639974828915257,8080.6,9036.777468663031,7124.42253133697,0.12967125705741783,294.37142857142857,0.03992884658610881,-0.11393682996009813,-0.12707208487259647,-0.09481128600545152,255441.6,0.8428736744523992,0.10083135634816753
2026-07-27,7394.6,7621.8,7351.6,7604.2,229620.0,0.0314415929683684,0.03144159296836846,0.04654555463804022,-0.050163631367258765,-0.10907770175274167,7551.92,0.006922742825665518,7636.18,-0.004187957853272195,8034.05,-0.05350352561908378,8244.960000000001,-0.07771535580524358,0.03155039549715694,0.02646973618815539,0.020540041585247342,36.543585839360475,8034.05,8987.687431930415,7080.412568069584,0.27462608659882964,299.7000000000001,0.039412429972909724,-0.050163631367258765,-0.10907770175274167,-0.055777683959569835,235542.6,0.9748555038451643,0.06648707647291041
2026-07-28,7563.0,7563.0,7241.6,7307.6,238769.0,-0.039004760527077,-0.03900476052707702,-0.045057759657100904,-0.09798306465549156,-0.16718710824425043,7482.959999999999,-0.023434576691576448,7556.8,-0.032976921448232055,7960.7,-0.08204052407451601,8229.636666666667,-0.11203856306333493,0.03266113290529953,0.026252399891427882,0.020910093140683737,33.62286354721212,7960.7,8900.070059919715,7021.329940080284,0.15237342136717794,313.2571428571429,0.042867308399083544,-0.09798306465549156,-0.16718710824425043,-0.11175398079494347,224863.0,1.0618420994116418,0.039844090236042184
2026-07-29,7280.2,7470.4,7214.8,7413.0,284484.0,0.0144233400842956,0.014423340084295688,-0.020662139667608992,-0.07610050351463182,-0.1487138263665595,7451.68,-0.005190775771369727,7495.74,-0.01103826973721067,7895.95,-0.06116426775752126,8216.109999999999,-0.09774820444224808,0.03354723341540889,0.026761358960672697,0.021013613282209135,30.179781903919817,7895.95,8796.142174804263,6995.757825195737,0.2317517228446182,307.4285714285715,0.041471546125532374,-0.07610050351463182,-0.1487138263665595,-0.09867957104296865,232752.4,1.2222602215917,0.19146120308750292
2026-07-30,7398.4,7446.0,7063.8,7204.0,291985.0,-0.0281937137461216,-0.028193713746121674,-0.04724117864889166,-0.08159102498725135,-0.15043162413321387,7380.24,-0.0238799822228003,7431.74,-0.030644236746710685,7832.17,-0.08020382601501241,8195.246666666666,-0.12095385373797973,0.03388462135932514,0.026836552555969877,0.020925333086430666,29.737186002613598,7832.17,8738.978513646034,6925.361486353966,0.15363690870396837,314.54285714285714,0.043662251130324424,-0.08159102498725135,-0.15043162413321387,-0.14804039830648774,252032.6,1.1585207627902105,0.02636703645899252
2026-07-31,7231.8,7567.0,7231.8,7355.2,272803.0,0.020988339811216,0.02098833981121606,-0.0023330258803103687,-0.0016288413508523947,-0.1376447966984009,7376.8,-0.002928098904674159,7430.540000000001,-0.010139236179335653,7773.469999999999,-0.05380737302646044,8174.85,-0.1002648366636697,0.029272484476702772,0.02744762590060348,0.02102996380340579,37.44693987805818,7773.469999999999,8641.458447897829,6905.48155210217,0.25905785323928987,309.97142857142865,0.042143167904534026,-0.0016288413508523947,-0.1376447966984009,-0.14265065858491666,263532.2,1.0351790027935865,-0.06569515557306027
2026-08-03,7397.6,7399.4,7297.6,7313.4,161387.0,-0.0056830541657603,-0.005683054165760315,-0.03824202414455169,0.006523534269198938,-0.135388835031802,7318.639999999999,-0.0007159800181454345,7435.280000000001,-0.016392119731873045,7716.209999999999,-0.052203089340492226,8153.836666666667,-0.10307254131081856,0.02895491216178993,0.02744749339303419,0.021032998975469848,34.47351828499369,7716.209999999999,8544.061484010757,6888.358515989241,0.25671360879340716,296.87142857142857,0.04059280616012095,0.006523534269198938,-0.135388835031802,-0.1470457885283759,249885.6,0.6458435380029901,-0.40841193095383843
2026-08-04,7319.8,7555.2,7319.8,7487.2,179748.0,0.0237645964941066,0.02376459649410667,0.0245771525535059,-0.021587998536406805,-0.0991433246703245,7354.56,0.018035069399120918,7418.759999999999,0.009225261364433024,7675.01,-0.02447032642302749,8133.826666666666,-0.07949845665098998,0.02416609351410837,0.02815155679660139,0.02120892594750482,39.81622114216281,7675.01,8459.040015268529,6890.979984731472,0.38022779973820525,299.37142857142857,0.0399844305710317,-0.021587998536406805,-0.0991433246703245,-0.1381937889914593,238081.4,0.7549854797560834,0.11377000625824873
2026-08-05,7505.6,7730.4,7474.6,7698.4,197142.0,0.0282081418955015,0.02820814189550158,0.0384999325509241,0.01704230189975431,-0.06604551851312657,7411.639999999999,0.038690492252726916,7431.660000000001,0.035892384743112515,7647.789999999999,0.006617598025050464,8118.113333333333,-0.051700846748464535,0.025671454514534404,0.029083554400151923,0.021565334643154164,47.268497673720546,7647.789999999999,8385.236889862777,6910.343110137222,0.5343143355106003,301.4285714285714,0.0391547037603361,0.01704230189975431,-0.06604551851312657,-0.10910521686802765,220613.0,0.8936100773753133,0.09676880966686685
2026-08-06,7687.0,7717.8,7597.6,7680.2,184396.0,-0.002364127610932,-0.0023641276109320764,0.06610216546363135,0.015738242606993635,-0.09527623983979272,7506.88,0.023088153800247202,7443.56,0.031791239675639016,7607.35,0.009576265059449085,8099.576666666667,-0.05177760319160718,0.025691674369091654,0.028040250264555172,0.02141768223473836,57.09235928577903,7607.35,8230.396989864174,6984.303010135827,0.5584626851466541,274.2999999999999,0.03571521574958984,0.015738242606993635,-0.09527623983979272,-0.12649560984486596,199095.2,0.9261699930485516,-0.06465390429233753
2026-08-07,7665.6,7830.6,7619.0,7826.0,185716.0,0.0189838806281086,0.01898388062810863,0.06400913639329997,0.06152677554120789,-0.059420220181721994,7601.039999999999,0.02959595002789106,7488.92,0.04501049550535985,7582.63,0.032095724042977114,8087.556666666667,-0.03234062862825904,0.02431431822586507,0.02827327615967303,0.021312922395178263,62.43781094527364,7582.63,8119.881645830171,7045.378354169829,0.7264953508182747,255.94285714285706,0.03270417290350844,0.06152677554120789,-0.059420220181721994,-0.08437850992137785,181677.8,1.0222272616687345,0.007158506692119149
2026-08-10,7803.2,7862.0,7741.8,7826.0,163535.0,0.0,0.0,0.07009051877375772,0.029168091317955946,-0.022458717429863384,7703.5599999999995,0.015893950329458173,7511.1,0.0419246182316837,7573.640000000001,0.033320833839474595,8078.246666666667,-0.031225422678353487,0.022673203320586276,0.027037470223456584,0.021185057148783774,54.654654654654664,7573.640000000001,8086.542274060762,7060.737725939241,0.7460117772553521,228.99999999999986,0.029261436238180408,0.029168091317955946,-0.022458717429863384,-0.06662214059108373,182107.4,0.8980140290839362,-0.11943505136875665
2026-08-11,7816.4,7901.8,7774.2,7812.8,157983.0,-0.0016866854076156,-0.001686685407615629,0.04348755208889843,0.06913350484427161,-0.03562347248623687,7768.68,0.005679214486888462,7561.620000000001,0.03321774963566004,7559.210000000001,0.03354715638274364,8068.423333333334,-0.03168194364285137,0.017437474349863164,0.026871043078737878,0.021181529420904822,56.77994428969362,7559.210000000001,8023.532691330144,7094.887308669858,0.7730751745876785,225.21428571428558,0.02882632164067755,0.06913350484427161,-0.03562347248623687,-0.07014829449429916,177754.4,0.8887712484191671,-0.03394991897758892
2026-08-12,7815.0,7907.0,7800.2,7852.4,136299.0,0.0050686053655539,0.00506860536555398,0.020004156707887244,0.059274247942803227,-0.02133705568572719,7799.4800000000005,0.006785067722463456,7605.56,0.03245520382457023,7550.65,0.03996344685556874,8058.363333333334,-0.025558953451672917,0.017235446267812125,0.026837498316433773,0.021174334285989672,57.971966710468685,7550.65,7984.219213802999,7117.080786197001,0.8479836556581555,222.31428571428555,0.02831163538717915,0.059274247942803227,-0.02133705568572719,-0.07138126773888365,165585.8,0.8231321767929376,-0.1372552743016654
2026-08-13,7853.8,7958.2,7798.0,7803.8,163500.0,-0.0061891905659415,-0.0061891905659415825,0.01609333090284104,0.08325930038867302,-0.005124936257011714,7824.2,-0.0026072953145368505,7665.540000000001,0.018036563634133973,7548.640000000001,0.033802115347929984,8047.033333333334,-0.030226460269001887,0.013368762827364045,0.0263904876480227,0.021177146147350695,62.79207685921009,7548.640000000001,7976.822363509883,7120.4576364901195,0.7979571576797444,219.9714285714284,0.0281877327162957,0.08325930038867302,-0.005124936257011714,-0.08013107642981754,161406.6,1.0129697298623477,0.19956859551427386
2026-08-14,7845.0,7850.0,7737.6,7797.2,158781.0,-0.0008457418180887,-0.0008457418180887188,-0.0036800408893432612,0.06009353926473793,0.058366815072211864,7818.44,-0.002716654473270852,7709.74,0.011344092018667373,7570.139999999999,0.02999416127046528,8039.64,-0.030155579105532127,0.012802577354901356,0.022183256704922882,0.020868253652763746,56.6050650239562,7570.139999999999,8003.117998225343,7137.162001774655,0.7622073187675309,208.69999999999982,0.026766018570768973,0.06009353926473793,0.058366815072211864,-0.053829725269391226,156019.6,1.0176990583234413,-0.02886238532110097
2026-08-17,7808.0,8013.8,7805.0,8007.6,168148.0,0.0269840455548147,0.026984045554814706,0.02320470227446969,0.09492165066863567,0.10206440957886054,7854.76,0.01945826479739665,7779.160000000001,0.029365638449395437,7607.219999999999,0.052631578947368585,8033.4400000000005,-0.003216554800932081,0.01365094398074611,0.0224266413821797,0.021053052627787283,75.4582484725051,7607.219999999999,8057.215048393653,7157.224951606346,0.9448715618418877,198.27142857142846,0.02476040618555228,0.09492165066863567,0.10206440957886054,-0.04439352713733358,156942.2,1.0714008087053704,0.058993204476606165
2026-08-18,7996.0,8018.4,7860.0,7948.8,178667.0,-0.0073430241270793,-0.007343024127079323,0.017407331558468186,0.06165188588524417,0.03873294652657999,7881.960000000001,0.008480124233058772,7825.32,0.015779546395546795,7622.039999999999,0.042870412645433564,8024.5,-0.009433609570689727,0.013504873278042118,0.019489896056255222,0.02099945696869192,70.17015509712394,7622.039999999999,8097.12378164152,7146.9562183584785,0.8438972373156713,191.32857142857134,0.024070120197837577,0.06165188588524417,0.03873294652657999,-0.06321595248196865,161079.0,1.109188658980997,0.06255798463258566
2026-08-19,7942.4,7942.4,7606.4,7638.8,214554.0,-0.0389995974235104,-0.038999597423510446,-0.027201874586113783,-0.00774186844019531,0.009168494200332944,7839.24,-0.02556880513927362,7819.359999999999,-0.023091403900063256,7625.51,0.0017428342497747273,8010.773333333333,-0.046434135364375906,0.017424362290930633,0.02139629669315319,0.021568268871435873,65.21130702490905,7625.51,8099.98831917621,7151.03168082379,0.5140048548720562,188.48571428571424,0.02467478063121357,-0.00774186844019531,0.009168494200332944,-0.09732463603705799,176730.0,1.2140213885588185,0.20085969988861962
