date,open,high,low,close,volume,return,ret_1d,ret_5d,ret_10d,ret_20d,ma_5,ma_ratio_5,ma_10,ma_ratio_10,ma_20,ma_ratio_20,ma_60,ma_ratio_60,volatility_10,volatility_20,volatility_60,rsi,bb_mid,bb_upper,bb_lower,bb_position,atr,atr_ratio,momentum_10,momentum_20,momentum_60,volume_ma_5,volume_ratio,volume_change,pred_prob,pred_signal
2019-12-16,5048.8,5127.2,5041.2,5118.6,98161.0,0.0135038808807224,0.0135038808807224,0.0281203551199131,0.0563833739216577,0.0639810426540283,5029.08,0.017800472452218,4973.4,0.0291953190975993,4906.679999999999,0.0431901000269023,4919.993333333334,0.0403672633702756,0.0072615453876752,0.0081170792302046,0.0097761880831841,86.69467787114863,4906.679999999999,5085.616761543228,4727.743238456771,1.092164511563501,62.28571428571422,0.0121685058972598,0.0563833739216577,0.0639810426540283,-0.0119677257460525,90069.0,1.0898422320665269,-0.0286090329731227,0.83919144,1
2019-12-17,5122.4,5234.4,5115.8,5204.6,115982.0,0.016801469151721,0.016801469151721,0.0382620491541654,0.0677416707697358,0.0624234506409733,5067.4400000000005,0.0270669213646337,5006.42,0.0395851726383325,4921.97,0.0574221297569874,4922.286666666667,0.0573541023616395,0.0080955670900754,0.0079762128254004,0.0095909576769043,88.3004926108376,4921.97,5144.9195019529125,4699.020498047088,1.1338430844750051,65.11428571428561,0.0125109106779167,0.0677416707697358,0.0624234506409733,0.0271561081507796,95678.2,1.2122092597895864,0.181548680229419,0.7801143,1
2019-12-18,5214.8,5255.0,5188.2,5215.4,111010.0,0.0020750874226644,0.0020750874226644,0.0454636571382751,0.0731275720164608,0.0742770042020266,5112.8,0.0200672821154748,5041.960000000001,0.0343993208990152,4940.0,0.0557489878542509,4924.81,0.059005322032728,0.0075751905603592,0.0074642303814435,0.0095920289444188,89.4160583941606,4940.0,5195.957858373516,4684.042141626484,1.0379791848354043,66.95714285714277,0.0128383523521,0.0731275720164608,0.0742770042020266,0.0298973143759873,100753.4,1.10179904598753,-0.0428687210084323,0.7459179,1
2019-12-19,5212.8,5232.8,5189.2,5222.0,94988.0,0.0012654829926757,0.0012654829926757,0.0496482412060301,0.0637604400081484,0.0721471687266455,5162.2,0.0115842082832902,5073.26,0.0293184264161505,4957.57,0.0533386316279951,4926.716666666666,0.059935115678799,0.0077026194218937,0.007482517250465,0.0095339426140177,89.45880452342492,4957.57,5240.31111722284,4674.828882777159,0.9676185809076926,64.98571428571424,0.0124446025058817,0.0637604400081484,0.0721471687266455,0.0223979951444905,104238.6,0.9112555233857706,-0.1443293396991262,0.24894074,0
2019-12-20,5235.8,5243.2,5175.0,5183.6,108966.0,-0.0073535044044427,-0.0073535044044427,0.0263741485822905,0.0436918616357266,0.0779404425220429,5188.84,-0.0010098596218036,5094.96,0.0173975850644558,4976.31,0.0416553631104172,4928.12,0.0518412700989425,0.0085090660270434,0.0069506426580384,0.0095833306468644,82.55679630342712,4976.31,5267.102151490406,4685.517848509593,0.8564229621356194,66.14285714285708,0.0127600233704099,0.0436918616357266,0.0779404425220429,0.0165117464799782,105821.4,1.0297161065720166,0.1471554301595992,0.31707156,0
2019-12-23,5161.4,5184.6,5029.4,5031.2,110785.0,-0.0294004166988194,-0.0294004166988194,-0.0170749814402376,0.0105652191379101,0.0421309913418119,5171.360000000001,-0.0271031218093501,5100.219999999999,-0.0135327495676655,4986.48,0.0089682501484014,4927.1466666666665,0.0211183754762729,0.0136777284345906,0.010165416049698,0.0103204334017722,62.19663970130679,4986.48,5269.527130908949,4703.43286909105,0.5789974444474862,71.91428571428567,0.0142936646752833,0.0105652191379101,0.0421309913418119,-0.011474379126061,108346.2,1.0225093265845964,0.0166932804728079,0.8640961,1
2019-12-24,5048.4,5118.2,5043.8,5099.4,79412.0,0.0135554142152964,0.0135554142152964,-0.0202128885985475,0.0172757740185125,0.0614462345447732,5150.32,-0.0098867643175569,5108.88,-0.0018555926152112,5001.24,0.0196271324711472,4927.543333333334,0.0348767438541042,0.0141445613357055,0.0103318836680583,0.0104642069574466,67.1834625322997,5001.24,5274.89643000706,4727.583569992939,0.6793489741817272,74.8714285714285,0.0146823996100381,0.0172757740185125,0.0614462345447732,0.0046891007959648,101032.2,0.7860068374241084,-0.2831881572415038,0.8306086,1
2019-12-25,5105.6,5147.4,5083.4,5132.6,93426.0,0.0065105698709653,0.0065105698709653,-0.0158760593626565,0.0288658140560478,0.0623421782506108,5133.76,-0.0002259552452782,5123.28,0.0018191471088835,5016.3,0.0231844187947292,4929.81,0.0411354595816066,0.0140075931800815,0.0103449681380021,0.0102895831575617,66.42185663924795,5016.3,5283.68145430314,4748.918545696861,0.7174795561328403,74.69999999999995,0.0145540271986907,0.0288658140560478,0.0623421782506108,0.0272185085858382,97515.4,0.958064059625454,0.176472069712386,0.6734927,1
2019-12-26,5137.8,5168.2,5099.8,5167.0,91280.0,0.0067022561664653,0.0067022561664653,-0.0105323630792799,0.0385929648241205,0.0705258359922098,5122.76,0.0086359696725983,5142.48,0.0047681274404567,5033.32,0.0265590107523463,4934.1866666666665,0.0471837303817719,0.0139008250980567,0.0103286062325155,0.0100130264234283,65.23722627737223,5033.32,5293.085802214222,4773.554197785777,0.7573086966423659,74.61428571428561,0.0144405430064419,0.0385929648241205,0.0705258359922098,0.0535437566267025,96773.8,0.94323050247071,-0.0229700511634877,0.49596974,0
2019-12-27,5177.8,5205.0,5125.0,5125.6,101243.0,-0.0080123862976581,-0.0080123862976581,-0.0111891349641175,0.014889909710122,0.0609372412651101,5111.16,0.0028251903677443,5150.0,-0.0047378640776698,5048.04,0.0153643790461248,4937.453333333333,0.0381060141665474,0.0137427958655195,0.0106333924115057,0.0100629136747601,60.69868995633188,5048.04,5292.494851282989,4803.585148717011,0.6586387007517688,77.22857142857136,0.0150672255791656,0.014889909710122,0.0609372412651101,0.0397598182408309,95229.2,1.0631507982845598,0.1091476774758983,0.8813558,1
2019-12-30,5099.4,5225.6,5074.6,5216.2,107890.0,0.0176759793975338,0.0176759793975338,0.036770551757036,0.0190677138279997,0.0765261897882527,5148.16,0.0132163724515166,5159.76,0.0109384932632525,5066.58,0.0295307682894576,4943.746666666667,0.0551106987682754,0.0142012044673896,0.0111269240110955,0.0099777621059989,63.68038740920096,5066.58,5302.41737126293,4830.74262873707,0.8172101164433176,83.09999999999998,0.0159311376097542,0.0190677138279997,0.0765261897882527,0.0780391022196502,94650.2,1.1398813737319098,0.065653921752615,0.8351698,1
2019-12-31,5221.0,5244.8,5188.4,5235.8,82370.0,0.0037575246347916,0.0037575246347916,0.0267482448915559,0.0059946969988087,0.0741424585590022,5175.4400000000005,0.0116627764982299,5162.88,0.0141238998388495,5084.65,0.0297267265200162,4949.919999999999,0.0577544687590911,0.0132563993861015,0.0111145464609056,0.0099675879666655,66.72983216025986,5084.65,5313.773395851044,4855.526604148956,0.829844098719332,83.54285714285717,0.0159560825743644,0.0059946969988087,0.0741424585590022,0.0761294035433881,95241.8,0.8648513572822017,-0.2365372138288998,0.77626383,1
2020-01-02,5276.6,5356.6,5253.4,5335.0,97640.0,0.0189464838229114,0.0189464838229114,0.0394342048864122,0.0229320857460597,0.0977366255144032,5215.92,0.0228301047562078,5174.839999999999,0.0309497491709889,5108.4,0.0443583118001722,4957.076666666666,0.0762391543940885,0.0144719032032307,0.0115025988413162,0.0101875812695612,71.83406113537119,5108.4,5337.948536319258,4878.851463680741,0.9935775318663824,89.51428571428576,0.0167786852322934,0.0229320857460597,0.0977366255144032,0.0875326157860403,96084.6,1.0161878178188803,0.1853830278013839,0.88297427,1
2020-01-03,5350.6,5372.2,5330.2,5349.4,78878.0,0.0026991565135894,0.0026991565135894,0.0353009483259143,0.024396782841823,0.0897127724587492,5252.4,0.0184677480770696,5187.58,0.0311937358074476,5130.42,0.0426826653568324,4963.4766666666665,0.0777526236649981,0.0144669038625418,0.0114403125565266,0.0100912302568957,69.58344249410533,5130.42,5363.889282099827,4896.950717900173,0.968969617824001,86.28571428571435,0.0161299798642304,0.024396782841823,0.0897127724587492,0.0773351593023723,93604.2,0.8426758628352147,-0.1921548545678001,0.7969829,1
2020-01-06,5339.8,5467.6,5338.6,5408.8,114538.0,0.0111040490522302,0.0111040490522302,0.0552520680505697,0.0434447102399875,0.0890347521443239,5309.04,0.0187905911426549,5210.1,0.0381374637722884,5152.530000000001,0.0497367312757033,4970.323333333333,0.0882189421613752,0.0142446576807263,0.0114198274689456,0.0101482755457956,69.22873045322025,5152.530000000001,5403.756021950875,4901.303978049126,1.010038725307905,89.35714285714292,0.0165206964312126,0.0434447102399875,0.0890347521443239,0.0821928771508604,96263.2,1.1898420164715071,0.4520905702477242,0.7917151,1
2020-01-07,5442.2,5481.6,5411.4,5476.6,96886.0,0.0125351279396539,0.0125351279396539,0.0499213987193742,0.0885275878518048,0.1000281203551198,5361.12,0.0215402751663831,5254.64,0.042240762449949,5177.43,0.0577834948999793,4977.543333333334,0.1002616417871467,0.0080132886431308,0.0115536696769383,0.0102023897527964,68.46822379141773,5177.43,5453.554861916523,4901.305138083478,1.0417295601770993,86.0857142857144,0.0157188245052978,0.0885275878518048,0.1000281203551198,0.0858944362929772,94062.4,1.03001837078365,-0.1541147915975483,0.23626623,0
2020-01-08,5451.6,5479.6,5379.0,5408.0,116448.0,-0.0125260197933024,-0.0125260197933024,0.032888956797433,0.0605169235596345,0.0788381742738588,5395.56,0.0023055994187815,5285.5,0.0231766152681864,5197.1900000000005,0.0405623038603553,4984.530000000001,0.0849568565140543,0.0101592911159643,0.0121719742001318,0.0102392845171657,62.12540921682198,5197.1900000000005,5480.186670242635,4914.193329757366,0.8724602127283972,88.50000000000013,0.0163646449704142,0.0605169235596345,0.0788381742738588,0.0840282232200126,100878.0,1.1543448521977042,0.2019073963214499,0.80548674,1
2020-01-09,5467.6,5474.2,5420.8,5465.8,103744.0,0.0106878698224852,0.0106878698224852,0.0245173383317713,0.0649183649612281,0.0956581004690695,5421.719999999999,0.0081302612455089,5318.820000000001,0.0276339488833987,5221.05,0.0468775437890844,4993.113333333333,0.0946677223429071,0.0102706624396479,0.0120824246217061,0.0102388465889352,64.41920984149516,5221.05,5510.393849352102,4931.7061506478985,0.922939697090579,90.1142857142858,0.0164869343397646,0.0649183649612281,0.0956581004690695,0.1040235921467238,102098.8,1.0161138034923034,-0.1090959054685353,0.26676893,0
2020-01-10,5482.2,5483.8,5413.6,5436.6,97294.0,-0.0053423103662775,-0.0053423103662775,0.0163008935581561,0.0521772788852332,0.09278391959799,5439.16,-0.0004706609108758,5345.780000000001,0.0169891016839449,5244.13,0.0367019886997461,5001.443333333333,0.0870062175385373,0.010911900561931,0.0121802236700805,0.0102628211649399,65.12795981822529,5244.13,5524.331740105038,4963.928259894962,0.8434489734572131,90.25714285714297,0.016601762656282,0.0521772788852332,0.09278391959799,0.1012396694214876,105782.0,0.9197595053978938,-0.062172270203578,0.7045809,1
2020-01-13,5441.8,5542.8,5399.8,5542.8,117018.0,0.0195342677408674,0.0195342677408674,0.0247744416506434,0.0813953488372092,0.0974972279423413,5465.96,0.014057914803621,5387.5,0.0288259860788864,5268.75,0.0520142348754448,5013.003333333332,0.1056844832206378,0.0106940416779576,0.0124185231480903,0.010196351503566,82.37974683544306,5268.75,5563.434984347687,4974.065015652313,0.9649880627725842,89.38571428571433,0.0161264549119063,0.0813953488372092,0.0974972279423413,0.1430339024993814,106278.0,1.1010557217862589,0.2027257590396118,0.30334744,0
2020-01-14,5561.0,5564.4,5508.4,5511.2,95851.0,-0.0057010897019557,-0.0057010897019557,0.0063177884088667,0.0565545799624247,0.0767006603368107,5472.88,0.0070017979564689,5417.0,0.0173896990954403,5288.38,0.0421338859915512,5023.916666666667,0.0969927181647782,0.0108749003083182,0.0124473420403537,0.0102479432522156,77.32943987257764,5288.38,5593.085770763925,4983.674229236075,0.8656314080323614,87.1714285714286,0.0158171411981834,0.0565545799624247,0.0767006603368107,0.1348323861296434,106071.0,0.9036494423546492,-0.1808867011912697,0.35033643,0
2020-01-15,5503.0,5520.0,5455.6,5498.0,106405.0,-0.0023951226593119,-0.0023951226593119,0.0166420118343195,0.0500783070399939,0.0563732083157206,5490.88,0.0012966956116322,5443.219999999999,0.0100638960027337,5303.05,0.0367618634559356,5033.723333333332,0.092233250801097,0.0111591399328622,0.0121260377280547,0.0101986107628898,74.9113716934824,5303.05,5618.822706396957,4987.277293603043,0.8086872235166025,87.20000000000002,0.0158603128410331,0.0500783070399939,0.0563732083157206,0.1198468306990385,104062.4,1.0225114931041377,0.1101083974084777,0.61567366,1
2020-01-16,5509.4,5525.0,5487.2,5514.4,100092.0,0.0029829028737722,0.0029829028737722,0.0088916535548317,0.0336269915651359,0.0573302143651492,5500.6,0.0025088172199394,5461.16,0.0097488445678206,5318.0,0.0369311771342608,5044.360000000001,0.0931812955459163,0.0100186346766691,0.0121248176780737,0.0101344759998863,74.28012300810734,5318.0,5644.432119162695,4991.567880837305,0.8008282403456033,85.01428571428576,0.0154167789268616,0.0336269915651359,0.0573302143651492,0.1308806037488208,103332.0,0.9686447567065382,-0.0593299187068276,0.2806917,0
2020-01-17,5529.6,5536.6,5463.4,5476.8,117677.0,-0.0068185115334395,-0.0068185115334395,0.0073943273369385,0.0238157550379483,0.0487935656836462,5508.64,-0.005780011037207,5473.9,0.0005297868064817,5330.74,0.0273995730423919,5054.323333333334,0.0835871864153261,0.0105273392986407,0.0123140861402132,0.0101981126317259,74.67678471051153,5330.74,5661.2596699298265,5000.220330070173,0.7209550796644125,84.52857142857154,0.0154339343099203,0.0238157550379483,0.0487935656836462,0.1225251076040172,107408.6,1.0956012833236817,0.1756883667026336,0.72394216,1
2020-01-20,5489.2,5570.4,5469.6,5570.2,91751.0,0.0170537540169442,0.0170537540169442,0.0049433499314426,0.029840260316521,0.0745813720194459,5514.12,0.0101702538210992,5490.04,0.0146009865137595,5350.07,0.0411452560433789,5065.033333333334,0.0997360991372218,0.0112189483144478,0.0124986855755303,0.0103324231120086,74.77603583426654,5350.07,5689.457492248509,5010.68250775149,0.82430482122602,80.94285714285719,0.0145314094902978,0.029840260316521,0.0745813720194459,0.1304083123630164,102355.2,0.8963980335146627,-0.220314929850353,0.3067466,0
2020-01-21,5551.0,5554.0,5463.0,5484.6,105623.0,-0.0153674912929516,-0.0153674912929516,-0.0048265350558861,0.0014607603257494,0.0901176657656226,5508.8,-0.0043929712460063,5490.84,-0.0011364381406123,5372.74,0.0208199168394525,5073.136666666667,0.0811062978131214,0.0120251325616845,0.0108260002690203,0.0104464007404558,65.94054331112252,5372.74,5681.6481103363485,5063.831889663651,0.6810570785567979,84.57142857142857,0.0154197988133006,0.0014607603257494,0.0901176657656226,0.0972711267605634,104309.6,1.0125913626358456,0.1511918126232956,0.87869847,1
2020-01-22,5428.0,5572.0,5383.4,5548.4,125458.0,0.0116325711993581,0.0116325711993581,0.0091669698072025,0.0259615384615383,0.0880495744597402,5518.88,0.005348911373322,5504.88,0.0079057127494148,5395.19,0.0283975170475923,5083.406666666667,0.0914727787533555,0.0116012434272707,0.0107484801174776,0.0103403071272819,64.32214765100673,5395.19,5685.136157615139,5105.24384238486,0.7642042254675494,89.41428571428573,0.016115327970998,0.0259615384615383,0.0880495744597402,0.124934106483922,108120.2,1.160356714101528,0.1877905380456908,0.29306388,0
2020-01-23,5483.4,5510.4,5265.4,5304.6,152178.0,-0.0439405954869871,-0.0439405954869871,-0.0380458436094587,-0.0294924805152035,0.0335112808323267,5476.92,-0.031462939024123,5488.76,-0.0335522048695879,5403.79,-0.0183556355816935,5090.6466666666665,0.042028714099191,0.018307258798277,0.0151975615251298,0.0117828365194342,47.70114942528739,5403.79,5670.189193139276,5137.390806860724,0.313832018725105,106.62857142857143,0.0201011520997947,-0.0294924805152035,0.0335112808323267,0.0891955155845756,118537.4,1.2837973500346729,0.2129796425895518,0.28167266,0
2020-02-04,4876.2,4954.4,4827.8,4914.8,135128.0,0.0305724470538897,-0.0734833917731779,-0.102614665498101,-0.0959791045874259,-0.0488097542094058,5364.52,-0.0838322906802471,5436.58,-0.0959757788904053,5391.18,-0.088362844497865,5091.783333333334,-0.0347586143689016,0.0289383080378113,0.0225995742126471,0.0152349687459097,31.069895769466555,5391.18,5721.080141829224,5061.279858170777,-0.2220063582855373,131.4714285714286,0.0267501075468846,-0.0959791045874259,-0.0488097542094058,0.0140717203812981,122027.6,1.1073560407645482,-0.1120398480726517,0.8682107,1
2020-02-05,4968.2,5086.8,4951.0,5018.0,139506.0,0.0209978025555463,0.0209978025555463,-0.0991346809809342,-0.0946813884679224,-0.020992664273451,5254.08,-0.0449326999208233,5384.1,-0.067996508237217,5385.8,-0.0682906903338408,5093.756666666666,-0.0148724549726559,0.0291055244194191,0.023134826744548,0.0154078706962072,32.890613341292294,5385.8,5736.772687496357,5034.827312503643,-0.023972396005626,138.55714285714288,0.027612025280419,-0.0946813884679224,-0.020992664273451,0.0241652379786103,131578.6,1.0602483990557734,0.0323989106624829,0.856085,1
2020-02-06,5011.8,5216.0,4999.8,5196.6,150949.0,0.0355918692706258,0.0355918692706258,-0.0525106662290777,-0.0570837567136013,-0.0037575246347915,5196.4800000000005,2.309255496024676e-05,5352.64,-0.0291519698690739,5384.82,-0.0349538146121874,5098.6033333333335,0.0192202962772158,0.032442841323514,0.02420970042097,0.0160596110240127,42.71135015859881,5384.82,5737.889831172539,5031.750168827461,0.2334521624590186,146.8142857142857,0.0282519889378219,-0.0570837567136013,-0.0037575246347915,0.0592767744302662,140643.8,1.0732716266198723,0.0820251458718621,0.8305848,1
2020-02-07,5170.2,5241.2,5139.2,5240.0,137111.0,0.0083516145171842,0.0083516145171842,-0.0555835916660658,-0.0469261549654419,0.000802169677986,5134.8,0.0204876528783983,5326.84,-0.0163023481088224,5385.03,-0.026932069087823,5103.496666666667,0.026747021160002,0.0327292334151379,0.024267979951722,0.0160601880889243,42.136787853461456,5385.03,5737.731436882445,5032.328563117554,0.2944011778319778,149.37142857142857,0.0285059978189749,-0.0469261549654419,0.000802169677986,0.0593562995309719,142974.4,0.9589898611219912,-0.0916733466270064,0.7976631,1
2020-02-10,5215.4,5356.4,5195.0,5259.2,119990.0,0.0036641221374045,0.0036641221374045,-0.0085586095087283,-0.0462788335993036,-0.0142080599812558,5125.719999999999,0.0260412195750061,5301.32,-0.0079451910090316,5381.24,-0.0226787877886881,5109.4800000000005,0.0293023947642421,0.0327467802814708,0.0238884913198129,0.0160046839337812,43.77893112638515,5381.24,5737.812823594719,5024.667176405281,0.3288708618204864,155.88571428571427,0.0296405754270068,-0.0462788335993036,-0.0142080599812558,0.0732623158238439,136536.8,0.8788106942597161,-0.1248696311747415,0.40969563,0
2020-02-11,5282.8,5287.8,5223.0,5254.8,111478.0,-0.000836629145117,-0.000836629145117,0.0691788068690486,-0.0405346187554777,-0.0176842262683664,5193.72,0.0117603567385227,5279.120000000001,-0.0046068284107958,5376.51,-0.0226373614110269,5114.836666666667,0.0273641843239047,0.0327489146433394,0.023877141318449,0.0159907720792211,39.12386706948638,5376.51,5737.345486059776,5015.674513940225,0.3313497359571812,150.29999999999998,0.0286024206439826,-0.0405346187554777,-0.0176842262683664,0.0651477682734018,131806.8,0.8457682001232107,-0.070939244937078,0.80910945,1
2020-02-12,5253.8,5368.0,5253.2,5368.0,121514.0,0.0215422090279362,0.0215422090279362,0.069748903945795,-0.0363003123765752,-0.0075432628309421,5263.72,0.01981108417621,5258.9,0.020745783338721,5374.469999999999,-0.0012038396344196,5122.42,0.0479421835772935,0.0330929048282394,0.024257795100667,0.0161884672896704,44.90608992601023,5374.469999999999,5734.998040226371,5013.941959773628,0.4910270502178736,154.5,0.0287816691505216,-0.0363003123765752,-0.0075432628309421,0.0926114390392836,128208.4,0.9477850125264804,0.0900267317318215,0.33292526,0
2020-02-13,5368.0,5384.2,5307.0,5326.0,127027.0,-0.0078241430700447,-0.0078241430700447,0.0249008967401762,-0.0289173321664296,-0.0274988131322353,5289.6,0.0068814277071989,5243.04,0.0158228813817937,5366.94,-0.007628182912423,5131.216666666666,0.0379604577212033,0.032869571126334,0.0241268517424946,0.0159038998508765,44.00446179587282,5366.94,5724.767364432678,5009.112635567321,0.4427936428717401,155.41428571428574,0.0291803014859717,-0.0289173321664296,-0.0274988131322353,0.1099995831770248,123424.0,1.0291920534093857,0.0453692578632913,0.85111094,1
2020-02-14,5334.6,5393.8,5304.6,5347.8,128129.0,0.0040931280510703,0.0040931280510703,0.0205725190839694,-0.036154567082402,-0.0111316568047337,5311.16,0.0068986812673692,5222.9800000000005,0.0238982343413147,5363.929999999999,-0.0030071235083229,5140.343333333333,0.0403585233930547,0.0325964933911425,0.0239988219467849,0.0159052966659702,44.2144742325323,5363.929999999999,5721.315600982283,5006.544399017716,0.4774333381707804,159.08571428571426,0.0297478803032488,-0.036154567082402,-0.0111316568047337,0.1140785800591643,121627.6,1.05345332802752,0.0086753209947492,0.77362347,1
2020-02-17,5394.6,5559.0,5391.4,5556.0,135620.0,0.0389318972287668,0.0389318972287668,0.0564344386979007,0.0473928288655127,0.0165026162684327,5370.52,0.0345366929086943,5248.12,0.0586648171154622,5368.4400000000005,0.0349375237499161,5152.966666666666,0.0782138444520632,0.0316029405805301,0.025464375149288,0.0166031054967402,52.459016393442624,5368.4400000000005,5733.433960440292,5003.446039559709,0.7569357582982279,168.94285714285706,0.030407281703178,0.0473928288655127,0.0165026162684327,0.1578377026632766,124753.6,1.0871028972310215,0.0584645162297372,0.7551759,1
2020-02-18,5562.8,5595.8,5506.8,5568.4,145492.0,0.0022318214542835,0.0022318214542835,0.0596787698865797,0.1329860828517943,0.0242430931096639,5433.24,0.0248765009460285,5313.48,0.0479760909987427,5375.030000000001,0.0359756131593682,5165.633333333333,0.0779704327962367,0.0158039343151148,0.0254192817745415,0.0166030187973677,49.94115339348763,5375.030000000001,5749.833095532905,5000.226904467097,0.7579621170485009,168.09999999999997,0.0301882048703397,0.1329860828517943,0.0242430931096639,0.1580567340487479,131556.4,1.1059287119440788,0.0727916236543282,0.44800574,0
2020-02-19,5565.4,5594.0,5528.8,5541.8,125260.0,-0.0047769556784712,-0.0047769556784712,0.0323770491803279,0.1043842168194499,-0.0001804142310745,5468.0,0.0134967081199708,5365.86,0.0327887794314425,5374.98,0.0310363945540264,5178.34,0.0701885160109223,0.0163866966356461,0.0250912621383226,0.0165927717520599,51.94504896626768,5374.98,5749.689114408826,5000.270885591173,0.7225993358384014,165.09999999999997,0.0297917644086758,0.1043842168194499,-0.0001804142310745,0.1595179311210612,132305.6,0.9467475299609388,-0.1390591922579935,0.78712046,1
2020-02-20,5562.8,5662.0,5511.4,5633.4,157626.0,0.0165289256198346,0.0165289256198346,0.0577168606834397,0.0840549590116612,0.0221730294672666,5529.48,0.0187938106295708,5409.54,0.041382446566621,5381.09,0.0468882698486736,5192.05,0.0850049595053976,0.0140307285810718,0.025303078331021,0.0166826490342583,52.83673741823522,5381.09,5768.907438873926,4993.272561126074,0.8252948097597305,162.38571428571427,0.028825525310774,0.0840549590116612,0.0221730294672666,0.1709902718882512,138425.4,1.1387072025798737,0.2583905476608654,0.6555011,1
2020-02-21,5644.6,5754.2,5640.0,5730.8,159652.0,0.0172897362161394,0.0172897362161394,0.0716182355361083,0.0936641221374046,0.0423426700618407,5606.08,0.0222472743878074,5458.62,0.0498624194393455,5392.7300000000005,0.0626899548095305,5205.916666666667,0.1008243825134862,0.0143237621940172,0.0255292002530803,0.0166673389630586,65.76416629678948,5392.7300000000005,5808.303309005631,4977.15669099437,0.906751339263008,150.79999999999998,0.0263139526767641,0.0936641221374046,0.0423426700618407,0.1698375112272392,144730.0,1.1031023284737096,0.0128532094958953,0.6583777,1
2020-02-24,5725.2,5800.6,5656.4,5757.4,146713.0,0.0046415858169888,0.0046415858169888,0.0362491000719942,0.0947292363857621,0.0440664442187725,5646.36,0.0196657669719961,5508.4400000000005,0.0451960990770525,5404.88,0.0652225396308521,5220.96,0.1027473874536482,0.014285949161035,0.025533913862244,0.0165973628392733,92.61582035201302,5404.88,5848.681461537873,4961.078538462128,0.8971595753407818,127.04285714285716,0.0220660119399133,0.0947292363857621,0.0440664442187725,0.1859190903847736,146948.6,0.9983967183083065,-0.0810450229248616,0.6661422,1
2020-02-25,5729.6,5820.8,5571.2,5807.4,203357.0,0.0086844756313613,0.0086844756313613,0.0429207671862652,0.1051609956611097,0.0603637160385626,5694.160000000001,0.0198870421624961,5563.7,0.0438017865808724,5421.41,0.0711973453400498,5236.573333333334,0.1090076716835179,0.0138548088229233,0.0254721729903564,0.0166136592517756,92.19585204190729,5421.41,5899.772073395406,4943.047926604594,0.903449626827906,132.58571428571435,0.0228304773712357,0.1051609956611097,0.0603637160385626,0.192337699667392,158521.6,1.2828346420929386,0.3860871224772173,0.39620164,0
2020-02-26,5742.4,5766.4,5635.8,5666.0,204206.0,-0.0243482453421496,-0.0243482453421496,0.0224114908513479,0.0555141579731743,0.0171986643208503,5719.0,-0.009267354432593,5593.5,0.0129614731384641,5426.2,0.0441929895691275,5250.860000000001,0.0790613347146942,0.0169178103983707,0.0259688474228459,0.0168674177296493,76.13003785348481,5426.2,5912.684861018299,4939.715138981701,0.746461934599626,129.40000000000003,0.0228379809389339,0.0555141579731743,0.0171986643208503,0.178256529695558,174310.8,1.171505150570131,0.0041749239022998,0.24760252,0
2020-02-27,5699.4,5714.8,5620.0,5659.6,162802.0,-0.0011295446523119,-0.0011295446523119,0.0046508325345262,0.0626361246714233,0.031907522882252,5724.24,-0.0112923287632942,5626.86,0.0058185204536811,5434.95,0.0413343269027315,5264.723333333332,0.0750042579002254,0.0164561423616073,0.0256849455527827,0.0168747010943871,74.36135624709718,5434.95,5932.037193452748,4937.862806547251,0.725966392776678,128.88571428571433,0.0227729370071585,0.0626361246714233,0.031907522882252,0.1722937984174986,175346.0,0.9284614419490608,-0.2027560404689382,0.2396984,0
2020-02-28,5516.2,5555.0,5313.0,5327.8,218845.0,-0.0586260513110467,-0.0586260513110467,-0.0703217700844559,-0.0037398556415721,-0.0397592098623025,5643.64,-0.0559638814665712,5624.860000000001,-0.0528119810981962,5423.92,-0.0177215003171138,5273.45,0.0103063459405134,0.0263390116378076,0.0288875952904328,0.0186247513687312,52.9221332424604,5423.92,5920.196975297585,4927.643024702416,0.4031589165079006,142.1142857142858,0.0266741029532425,-0.0037398556415721,-0.0397592098623025,0.1089879688605803,187184.6,1.1691399826695144,0.3442402427488606,0.8560191,1
2020-03-02,5445.2,5598.4,5416.2,5542.0,181765.0,0.0402042118698149,0.0402042118698149,-0.0374127210199047,-0.0025197984161267,0.0447536100742751,5600.56,-0.010456097247418,5623.460000000001,-0.0144857436524845,5435.79,0.0195390182475776,5285.293333333333,0.0485699942229633,0.0265505003121508,0.0285248942740598,0.0192658445265348,60.37872217403875,5435.79,5931.406396228494,4940.173603771506,0.6071494010370009,156.81428571428577,0.028295612723617,-0.0025197984161267,0.0447536100742751,0.1470795214637579,194195.0,0.935992172815984,-0.1694349882336814,0.8636879,1
2020-03-03,5657.2,5725.0,5538.8,5560.6,179794.0,0.0033561891014075,0.0033561891014075,-0.0424975031855906,-0.0014007614395515,0.131399039635387,5551.200000000001,0.0016933275688137,5622.68,-0.0110409982428307,5468.08,0.0169200158007929,5297.526666666668,0.0496596524919175,0.0265630502705011,0.0222172078876521,0.0192607530132756,57.4709076803724,5468.08,5900.956117443113,5035.203882556887,0.6068666025588246,161.91428571428574,0.029118132164566,-0.0014007614395515,0.131399039635387,0.1520739236729789,189482.4,0.9488691297978072,-0.0108436717739939,0.70069194,1
2020-03-04,5582.4,5615.0,5478.4,5596.0,157430.0,0.0063662194727187,0.0063662194727187,-0.0123543946346629,0.0097802158143562,0.115185332801913,5537.2,0.0106190854583543,5628.1,-0.0057035233915531,5496.98,0.0180135274277877,5310.2733333333335,0.0538063954021199,0.0265656156357763,0.0219515188813831,0.0192658329406016,60.5271366188397,5496.98,5877.326255542571,5116.633744457428,0.6301708621513132,166.1571428571429,0.0296921270295108,0.0097802158143562,0.115185332801913,0.1583043550256666,180127.2,0.8739934890455189,-0.1243867982246348,0.64654845,1
2020-03-05,5678.0,5697.0,5589.4,5662.4,166969.0,0.0118656182987848,0.0118656182987848,0.0004947346102197,0.0051478680725671,0.0896355309240655,5537.76,0.0225072953685243,5631.0,0.0055762741964127,5520.27,0.025746929045137,5323.889999999999,0.0635832070159225,0.0263082043998875,0.0208651155369329,0.0193026273096659,61.85380557648832,5520.27,5879.6371929495135,5160.902807050487,0.697750382879228,167.47142857142867,0.0295760505388931,0.0051478680725671,0.0896355309240655,0.1686135303586906,180960.6,0.922681511887118,0.0605920091469225,0.34526506,0
2020-03-06,5622.8,5652.6,5589.0,5609.8,140347.0,-0.0092893472732409,-0.0092893472732409,0.0529299147865911,-0.0211139805960773,0.0705725190839694,5594.160000000001,0.0027957727344229,5618.9,-0.0016195340725051,5538.76,0.0128259754890986,5336.146666666667,0.0512829482448007,0.0257982565606585,0.0210660985511854,0.0193603712238196,52.29639747310912,5538.76,5874.699984615034,5202.820015384967,0.605733171479137,157.62857142857152,0.0280987863076351,-0.0211139805960773,0.0705725190839694,0.150869850648285,165261.0,0.8492445283521218,-0.1594427708137439,0.33923236,0
2020-03-09,5511.0,5529.0,5352.6,5380.0,175064.0,-0.0409640272380477,-0.0409640272380477,-0.0292313244316131,-0.0655504220655156,0.0229692728932158,5561.76,-0.0326803026380139,5581.16,-0.0360426864666126,5544.8,-0.0297215409031885,5344.813333333334,0.0065833293835018,0.0284249164777236,0.0233065778159433,0.0201487560756607,43.21716589861752,5544.8,5863.476790560744,5226.123209439256,0.2414308087670615,169.6428571428572,0.0315321295804567,-0.0655504220655156,0.0229692728932158,0.1069958847736625,163920.8,1.067979170428646,0.2473654584707902,0.7116986,1
2020-03-10,5486.8,5572.4,5327.0,5563.6,213847.0,0.0341263940520446,0.0341263940520446,0.0005395101248066,-0.0419809208940316,0.0587653193270913,5562.36,0.0002229269590605,5556.780000000001,0.0012273294965789,5560.24,0.0006042904622822,5355.723333333333,0.0388139292731701,0.0309503059128247,0.0244150886816457,0.0205493943276792,50.70513649890026,5560.24,5848.198815768745,5272.281184231255,0.5058341676239893,182.51428571428576,0.0328050696876636,-0.0419809208940316,0.0587653193270913,0.1333469138317378,170731.4,1.2525346831338582,0.2215361239318192,0.17833781,0
2020-03-11,5553.2,5579.8,5443.4,5443.4,158059.0,-0.0216047163706953,-0.0216047163706953,-0.0272694781987133,-0.039286974938228,0.0140461997019374,5531.839999999999,-0.0159874472146699,5534.52,-0.0164639390588524,5564.01,-0.0216768122271527,5363.67,0.0148648220341667,0.0307599277943098,0.0246094339331056,0.0207398219842863,43.96595528455285,5564.01,5843.212789158123,5284.807210841877,0.2840100373573011,181.50000000000009,0.0333431311312782,-0.039286974938228,0.0140461997019374,0.0960012886079006,170857.2,0.9250941722093068,-0.260878104439155,0.32876042,0
2020-03-12,5392.2,5408.8,5295.8,5395.4,169518.0,-0.0088180181504207,-0.0088180181504207,-0.0471531506075162,-0.0466817442928829,0.0130304168231316,5478.4400000000005,-0.0151575996086478,5508.1,-0.0204607759481492,5567.4800000000005,-0.0309080589422864,5370.616666666667,0.0046146159503719,0.0307882384402633,0.0246291600682323,0.0207843133664378,39.00327868852456,5567.4800000000005,5835.738395463838,5299.221604536163,0.1792644649527884,183.4142857142857,0.0339945668002902,-0.0466817442928829,0.0130304168231316,0.0837183143855699,171367.0,0.9892102913629812,0.0724982443264856,0.45068806,0
2020-03-13,5159.8,5410.4,5102.6,5368.8,223362.0,-0.0049301256626014,-0.0049301256626014,-0.0429605333523477,0.0076954840647172,0.0039268484236507,5430.24,-0.0113144170423405,5512.2,-0.0260150212256449,5568.530000000001,-0.0358676347258613,5376.55,-0.0014414447926643,0.0242581289326417,0.0246509603451696,0.0207890159441638,37.25901639344264,5568.530000000001,5833.30978218252,5303.750217817482,0.1228375173631611,195.0999999999999,0.0363395917150946,0.0076954840647172,0.0039268484236507,0.0710181934248324,187970.0,1.1882853646858542,0.3176299861961562,0.22600345,0
2020-03-16,5345.6,5349.2,5045.6,5059.6,190416.0,-0.0575920131127998,-0.0575920131127998,-0.0595539033457248,-0.0870443883074701,-0.089344852411807,5366.16,-0.0571283748527809,5463.96,-0.0740049341503231,5543.71,-0.0873259964897152,5377.733333333334,-0.0591575136984603,0.0263351587025067,0.0261323009103815,0.0221280817756396,29.043829167133737,5543.71,5893.0090508824205,5194.41094911758,-0.1929735405478651,200.35714285714272,0.039599403679568,-0.0870443883074701,-0.089344852411807,0.014232449985968,191040.4,0.996731581382786,-0.1475004700889139,0.88141644,1
2020-03-17,5143.8,5160.2,4962.4,5072.2,212147.0,0.0024903154399555,0.0024903154399555,-0.0883241066935078,-0.0878322483185268,-0.0891099777314847,5267.88,-0.0371458727229929,5415.12,-0.0633263898122294,5518.9,-0.0809400423997535,5379.3533333333335,-0.0570985607935526,0.0262923266344259,0.0261357855906291,0.0221255160383544,32.0647577624743,5518.9,5926.446714145161,5111.353285854838,-0.0480353349639475,202.2285714285713,0.0398699916069104,-0.0878322483185268,-0.0891099777314847,0.0195376884422109,190700.4,1.1124622706612046,0.1141238131249475,0.39230558,0
2020-03-18,5109.2,5208.6,4954.4,4963.0,218015.0,-0.0215291195142146,-0.0215291195142146,-0.0882536649887937,-0.1131165117941386,-0.1044425998772962,5171.8,-0.0403727909045207,5351.82,-0.0726519202813248,5489.960000000001,-0.0959861274034785,5377.896666666667,-0.0771485010558652,0.0259782563618318,0.0264179062970657,0.022222217788584,30.189967011716504,5489.960000000001,5966.945703857258,5012.974296142744,-0.0523855282649089,213.61428571428567,0.0430413632307647,-0.1131165117941386,-0.1044425998772962,-0.0173055599556469,202691.6,1.0755995808410412,0.027660065897703,0.8834522,1
2020-03-19,5008.4,5069.0,4880.6,5030.4,238473.0,0.0135804956679426,0.0135804956679426,-0.0676502205582533,-0.1116134501271546,-0.107040153370966,5098.8,-0.0134149211579196,5288.62,-0.048825591553184,5459.81,-0.0786492570254275,5376.426666666666,-0.0643599714308388,0.0261556034244178,0.0262984378657499,0.022223011634376,40.04552148882043,5459.81,5973.442651446121,4946.177348553878,0.0819872443944078,202.31428571428563,0.0402183296982915,-0.1116134501271546,-0.107040153370966,-0.0172312741765328,216482.6,1.1015804503456628,0.0938375799830286,0.8549617,1
2020-03-20,5080.6,5107.6,4986.4,5082.0,191920.0,0.0102576335877864,0.0102576335877864,-0.0534197586052749,-0.0940853506363863,-0.1132128149647518,5041.4400000000005,0.008045320384652,5235.84,-0.0293821048771544,5427.37,-0.0636348728758127,5374.383333333333,-0.054403140825459,0.0270503701350678,0.0260259599188031,0.0221548984604302,32.72235576923076,5427.37,5950.79910282502,4903.94089717498,0.1700890358063873,191.64285714285717,0.037710125372463,-0.0940853506363863,-0.1132128149647518,-0.0235560850017293,210194.2,0.9130603984315456,-0.1952128752521249,0.29173216,0
2020-03-23,4940.2,4990.0,4852.8,4885.0,166665.0,-0.0387642660369933,-0.0387642660369933,-0.0345086568108151,-0.0920074349442379,-0.1515267308159933,5006.52,-0.0242723488570902,5186.34,-0.0581026311425784,5383.75,-0.0926398885535175,5368.876666666666,-0.0901262399397017,0.0267735849969214,0.026916024877113,0.0227058253032128,27.623211446740825,5383.75,5935.986972398812,4831.513027601188,0.0484275547202815,194.7142857142857,0.0398596286006726,-0.0920074349442379,-0.1515267308159933,-0.0633508455727268,205444.0,0.8112429664531454,-0.1315912880366819,0.8040069,1
2020-03-24,4960.6,5007.4,4854.4,4953.2,185248.0,0.0139611054247696,0.0139611054247696,-0.023461219983439,-0.1097131353799698,-0.1470881978165787,4982.72,-0.0059244749855501,5125.3,-0.0335785222328449,5341.04,-0.0726150712220841,5364.3966666666665,-0.0766529196511071,0.0237272946442182,0.0271116031352565,0.0227847227878925,29.162344398340224,5341.04,5887.415241790935,4794.6647582090645,0.1450790863722894,195.88571428571427,0.0395473056379137,-0.1097131353799698,-0.1470881978165787,-0.0514745308310992,200064.2,0.9259427723700692,0.1114991149911499,0.70017725,1
2020-03-25,5052.2,5095.0,5014.8,5063.2,152591.0,0.0222078656222239,0.0222078656222239,0.0201894015716299,-0.0698460520997905,-0.1063889869396399,5002.759999999999,0.0120813311052299,5087.280000000001,-0.0047333742196223,5310.9,-0.0466399292022067,5362.39,-0.0557941514884222,0.0255843850045979,0.0275895866061663,0.0229556377358757,31.109709962168974,5310.9,5848.227836809638,4773.572163190362,0.2695075677907286,198.3285714285714,0.0391705979279055,-0.0698460520997905,-0.1063889869396399,-0.0232271008565476,186979.4,0.8160845526298619,-0.1762880031093453,0.18779111,0
2020-03-26,5033.0,5067.6,4995.6,5004.2,133473.0,-0.0116527097487755,-0.0116527097487755,-0.0052083333333332,-0.0725062089928457,-0.1158032369778784,4997.52,0.0013366629848405,5048.16,-0.0087081233558365,5278.13,-0.0518990627362342,5361.9400000000005,-0.0667183892397156,0.0256235038322986,0.0276073768114739,0.0226848004982696,30.9846772167797,5278.13,5805.770519971495,4750.489480028506,0.2404198600831498,198.22857142857143,0.0396124398362518,-0.0725062089928457,-0.1158032369778784,-0.005366512959135,165979.4,0.8041540094734648,-0.1252891717073746,0.2998575,0
2020-03-27,5054.0,5084.8,4976.0,4976.0,158456.0,-0.0056352663762438,-0.0056352663762438,-0.020857929948839,-0.0731634629712413,-0.0660310071699388,4976.32,-6.430454633132854e-05,5008.879999999999,-0.0065643417290889,5260.54,-0.0540895041193489,5359.883333333333,-0.07162158380313,0.0256175417172033,0.0246520958195171,0.0226280615738949,35.47598504457865,5260.54,5804.414739448825,4716.665260551175,0.238414032348368,187.62857142857143,0.0377067064768029,-0.0731634629712413,-0.0660310071699388,-0.0241989253637682,159286.6,0.9947854998474448,0.1871764326867606,0.19567472,0
2020-03-30,4905.8,4947.4,4830.0,4898.6,152257.0,-0.0155546623794211,-0.0155546623794211,0.0027840327533266,-0.0318206972883231,-0.1160952724648141,4979.04,-0.0161557247983545,4992.78,-0.0188632385164175,5228.37,-0.063073194896306,5355.983333333334,-0.0853967058647804,0.0190488862621118,0.0225588992932427,0.0226971432552984,24.11645648450876,5228.37,5778.227662347363,4678.512337652637,0.2001314862175429,180.52857142857147,0.0368530950533971,-0.0318206972883231,-0.1160952724648141,-0.0455909285742118,156405.0,0.9734791087241456,-0.0391212702579896,0.266379,0
2020-03-31,4952.6,4961.6,4873.6,4884.0,133185.0,-0.0029804433919896,-0.0029804433919896,-0.0139707663732535,-0.0371042151334726,-0.1216775168147322,4965.2,-0.0163538226053331,4973.96,-0.0180861928925846,5194.54,-0.0597820018711955,5351.266666666666,-0.0873188902315962,0.0189499509663369,0.0224662745547107,0.0226793392419979,26.27650551314672,5194.54,5741.581021842923,4647.498978157077,0.216163882048714,177.07142857142858,0.0362554112554112,-0.0371042151334726,-0.1216775168147322,-0.0547706599574221,145992.4,0.9122735156076618,-0.12526189272086,0.39538532,0
2020-04-01,4889.8,4980.0,4862.6,4877.0,150892.0,-0.0014332514332514,-0.0014332514332514,-0.036775161952915,-0.0173282288938142,-0.1284846318799142,4927.960000000001,-0.0103409930275409,4965.36,-0.0177952857396038,5158.59,-0.0545866215380559,5347.123333333334,-0.0879207947949584,0.0178736380105395,0.0223033496884944,0.0226591884063801,27.22319859402458,5158.59,5688.787460336593,4628.392539663408,0.2344479924316928,174.91428571428574,0.0358651395764375,-0.0173282288938142,-0.1284846318799142,-0.048501638832527,145652.6,1.0359718947687857,0.1329504073281526,0.6880303,1
2020-04-02,4885.4,5056.8,4884.4,5054.0,161194.0,0.0362928029526348,0.0362928029526348,0.0099516406218775,0.004691475826972,-0.107445606103419,4937.92,0.0235078737606118,4967.719999999999,0.0173681286384901,5128.17,-0.0144632490732561,5344.42,-0.0543407890846902,0.0211583866146823,0.0239747228672748,0.0230375962792039,37.7832971126979,5128.17,5603.647914036864,4652.692085963136,0.4220047894861319,165.77142857142866,0.0328000452258465,0.004691475826972,-0.107445606103419,-0.031095433457306,151196.8,1.0661204469935872,0.0682739972960793,0.18938626,0
2020-04-03,5035.0,5035.6,4950.8,4983.2,130612.0,-0.0140087059754649,-0.0140087059754649,0.0014469453376204,-0.0194411648957103,-0.111697386716104,4939.360000000001,0.0088756438081045,4957.84,0.0051151307827601,5096.839999999999,-0.0222961678216305,5340.210000000001,-0.0668531761859554,0.0213274635177897,0.0240382460213177,0.0230991608293425,46.36190476190473,5096.839999999999,5518.189683005016,4675.490316994983,0.3651476379553292,150.05714285714294,0.0301126069307157,-0.0194411648957103,-0.111697386716104,-0.0482447763474541,145628.0,0.8968879611063807,-0.1897217018003151,0.80015427,1
2020-04-07,5088.2,5157.2,5087.6,5134.0,129912.0,0.030261679242254,0.030261679242254,0.0480545461968724,0.0509723643807573,-0.0457249070631969,4986.44,0.0295922541933724,4982.74,0.0303567916447577,5084.539999999999,0.0097275269739249,5336.860000000001,-0.0380111151501071,0.0190697905056275,0.0238025000964152,0.0233063535538143,52.60057229422657,5084.539999999999,5484.926489072227,4684.153510927771,0.5617653209460305,148.35714285714292,0.0288969892592798,0.0509723643807573,-0.0457249070631969,-0.0376757263355201,141159.0,0.9203238900813976,-0.0053593850488469,0.6890654,1
2020-04-08,5118.0,5165.0,5108.6,5145.6,112051.0,0.0022594468250878,0.0022594468250878,0.0535626535626536,0.0388435758701446,-0.0751312100079085,5038.76,0.021203629464392,5001.9800000000005,0.0287126297985997,5063.64,0.0161859847856482,5333.463333333333,-0.035223516426787,0.0188262278679564,0.0222694624986336,0.0233054416473826,58.37153860260408,5063.64,5396.715938235692,4730.5640617643085,0.6230350058220107,134.22857142857143,0.0260860874200426,0.0388435758701446,-0.0751312100079085,-0.0380977305866077,136932.2,0.8182954776159296,-0.1374853747151918,0.79484504,1
2020-04-09,5179.8,5208.4,5161.4,5187.0,117004.0,0.0080457089552237,0.0080457089552237,0.0635636661882304,0.0244509401169221,-0.0471029136201638,5100.76,0.0169072844046769,5014.36,0.034429119568599,5050.82,0.0269619586522584,5329.766666666666,-0.0267866635812699,0.0178074187102776,0.0219972244319261,0.0232832413960528,57.35487507044901,5050.82,5339.072810092674,4762.567189907325,0.736216257451606,125.25714285714282,0.0241482827948993,0.0244509401169221,-0.0471029136201638,-0.0410072474486022,130154.6,0.8989616963211442,0.0442030860947246,0.4431975,0
2020-04-10,5184.0,5184.8,5077.6,5110.0,136113.0,-0.0148448043184885,-0.0148448043184885,0.0110803324099721,0.0211422405179648,-0.0528969121844533,5111.96,-0.0003834145807087,5024.9400000000005,0.0169275653042622,5036.55,0.0145833953797738,5323.656666666666,-0.0401334421140354,0.0181164172015478,0.0221338427314276,0.0232931979437424,51.28440366972477,5036.55,5277.325164832273,4795.774835167727,0.6525281896311151,124.4142857142856,0.0243472183393905,0.0211422405179648,-0.0528969121844533,-0.0669393419274733,125138.4,1.0876996988933854,0.1633192027622987,0.29990906,0
2020-04-13,5061.8,5087.8,5035.4,5051.8,113651.0,-0.0113894324853228,-0.0113894324853228,0.0137662546155081,0.015233118971061,-0.0590448517359558,5125.679999999999,-0.0144136973045525,5032.52,0.003831082638519,5020.7,0.0061943553687733,5317.719999999999,-0.0500063937176081,0.0184820471401027,0.0222184632719322,0.0232840294607966,58.76787216148025,5020.7,5204.340541332956,4837.059458667044,0.5846762914502998,113.3714285714285,0.022441788782499,0.015233118971061,-0.0590448517359558,-0.0658653846153846,121746.2,0.9335075755957888,-0.165024648637529,0.5180368,0
2020-04-14,5092.8,5172.8,5085.6,5167.2,131356.0,0.0228433429668633,0.0228433429668633,0.0064666926373198,0.0548319928142733,0.0212665032808916,5132.320000000001,0.00679614677183,5059.38,0.0213109116136758,5026.08,0.0280775475121763,5312.743333333333,-0.02739513735214,0.018495801682389,0.0187948597063942,0.0234386163685181,60.717147435897445,5026.08,5220.506786112159,4831.653213887841,0.8629129576790723,111.0857142857142,0.0214982416561608,0.0548319928142733,0.0212665032808916,-0.0546306121702221,122035.0,1.076379727127463,0.1557839350291683,0.09446752,0
2020-04-15,5177.4,5192.4,5142.0,5144.6,120043.0,-0.0043737420653351,-0.0043737420653351,-0.0001943407960198,0.0533579033579034,0.0142738850991681,5132.12,0.0024317436069305,5085.4400000000005,0.011633211678832,5029.7,0.0228443048293138,5307.876666666667,-0.030761202062595,0.01857191358243,0.0188330812951821,0.0234356715075014,54.46761800219542,5029.7,5230.339126162811,4829.060873837188,0.7863349791175908,104.55714285714274,0.0203236680902582,0.0533579033579034,0.0142738850991681,-0.053710039362837,123633.4,0.9709593038774312,-0.0861247297420749,0.7393779,1
2020-04-16,5133.8,5209.8,5123.4,5188.6,160837.0,0.0085526571550751,0.0085526571550751,0.0003084634663583,0.0638917367233955,0.045456377191215,5132.4400000000005,0.010942163961001,5116.6,0.0140718445842942,5040.98,0.0292839884308211,5301.973333333333,-0.0213832334124652,0.0184336973587525,0.0181378331909828,0.0233179862419256,60.29017857142862,5040.98,5250.97841202409,4830.981587975909,0.8514788482854483,105.5857142857142,0.0203495575464892,0.0638917367233955,0.045456377191215,-0.0639027206466045,132400.0,1.2147809667673717,0.3398282282182219,0.14661767,0
2020-04-17,5255.0,5267.8,5165.6,5179.8,159022.0,-0.001696025902941,-0.001696025902941,0.0136594911937377,0.0248911753066878,0.0296994274809161,5146.4,0.0064899735737604,5129.18,0.0098690238985568,5048.45,0.0260178866780893,5296.45,-0.0220241860113848,0.0152137309745039,0.0179622001171892,0.023309532942456,61.6244581336984,5048.45,5267.30581410698,4829.59418589302,0.8000834145895586,105.1142857142856,0.020293116667494,0.0248911753066878,0.0296994274809161,-0.0601320946436346,136981.8,1.160898747132831,-0.0112847168251086,0.6491776,1
2020-04-20,5196.0,5224.0,5180.8,5216.4,100267.0,0.0070659098806902,0.0070659098806902,0.0325824458608812,0.0467972387221062,0.0264462809917354,5179.320000000001,0.0071592409814413,5152.5,0.0124017467248906,5055.17,0.0318940807134082,5291.756666666667,-0.0142403877225396,0.0140802244450313,0.0178954501628239,0.0233302893252233,69.0117252931323,5055.17,5286.274124174654,4824.065875825346,0.8488254495150243,97.84285714285704,0.0187567780735482,0.0467972387221062,0.0264462809917354,-0.051218624954529,134305.0,0.7465619299355943,-0.3694771792582159,0.25895852,0
2020-04-21,5199.8,5199.8,5094.6,5171.0,127185.0,-0.008703320297523,-0.008703320297523,0.0007354079578882,0.0072068562524347,0.058546571136131,5180.08,-0.0017528686815647,5156.2,0.0028703308638144,5069.469999999999,0.0200277346547075,5286.033333333334,-0.0217617495160202,0.0113360379861971,0.0154322674706902,0.0233486080108574,66.55896607431343,5069.469999999999,5291.452579686375,4847.487420313624,0.728689116378965,100.25714285714268,0.0193883471005884,0.0072068562524347,0.058546571136131,-0.0622733207601914,133470.8,0.9529050548884102,0.2684632032473295,0.55166984,1
2020-04-22,5139.0,5228.0,5121.8,5227.8,124168.0,0.0109843357184298,0.0109843357184298,0.0161722971659603,0.0159748134328356,0.0554389081805701,5196.72,0.0059806955156329,5164.42,0.0122724333032557,5083.2,0.0284466477809255,5281.883333333333,-0.0102394032431613,0.0117895876966226,0.0153346369131998,0.0233839086511764,69.14011348756006,5083.2,5308.841392246068,4857.558607753932,0.820419933950572,99.4571428571427,0.0190246648412607,0.0159748134328356,0.0554389081805701,-0.045464504820333,134295.8,0.924585876847973,-0.0237213507882219,0.34618053,0
2020-04-23,5230.0,5236.0,5169.6,5191.6,112486.0,-0.0069245189180917,-0.0069245189180917,0.0005781906487298,0.0008868324657798,0.0253594564702166,5197.32,-0.0011005672154108,5164.88,0.0051734018989793,5089.620000000001,0.0200368593333095,5275.573333333333,-0.0159173852826105,0.0118373696976424,0.0147684588095209,0.0232834668199945,58.87055183084068,5089.620000000001,5320.119645849726,4859.120354150276,0.7212150904268322,91.35714285714266,0.0175971074152751,0.0008868324657798,0.0253594564702166,-0.0679688341531721,124625.6,0.9025914418867392,-0.094082211197732,0.34545523,0
2020-04-24,5172.0,5185.4,5103.4,5130.8,115295.0,-0.0117112258263348,-0.0117112258263348,-0.0094598247036564,0.0040704500978474,0.0252987490507974,5187.52,-0.0109339337486892,5166.96,-0.0069983123538792,5095.95,0.0068387641166025,5269.676666666667,-0.0263539255729162,0.011430774526944,0.0147711770590004,0.0232497259554227,59.63949843260193,5095.95,5323.50716459365,4868.39283540635,0.576574165577762,90.28571428571416,0.0175968102997026,0.0040704500978474,0.0252987490507974,-0.0645078948328046,115880.2,0.9949499569382864,0.0249719965151218,0.39771104,0
2020-04-27,5140.6,5170.2,5107.8,5121.4,107457.0,-0.0018320729710767,-0.0018320729710767,-0.0182117935741124,0.0137772675086107,0.0292202572347266,5168.52,-0.0091167297408155,5173.92,-0.0101509107214646,5103.219999999999,0.0035624566450203,5262.56,-0.0268234471435955,0.0107060833169828,0.0147007965955577,0.0231921982710202,48.99070810637613,5103.219999999999,5323.826051355675,4882.613948644324,0.5412046720574525,82.31428571428556,0.0160726140731607,0.0137772675086107,0.0292202572347266,-0.0769591233508759,117318.2,0.9159448406129654,-0.0679821327898,0.31973544,0
2020-04-28,5122.2,5126.2,4984.0,5081.0,149067.0,-0.007888467997032,-0.007888467997032,-0.0174047573003287,-0.0166821489394642,0.0372351284040337,5150.52,-0.0134976662550576,5165.3,-0.0163204460534722,5112.34,-0.0061302652014537,5258.833333333333,-0.0338161189110385,0.0079222494837852,0.0143267211513688,0.0225198283835153,45.05359877488511,5112.34,5311.352979211767,4913.327020788233,0.4212614169082618,88.442857142857,0.0174065847555317,-0.0166821489394642,0.0372351284040337,-0.0421520944086265,121694.6,1.2249269893651813,0.3872246573047824,0.51928985,0
2020-04-29,5086.2,5130.6,5080.2,5103.2,107314.0,0.0043692186577444,0.0043692186577444,-0.0238341176020506,-0.008047272868639,0.0448812448812447,5125.6,-0.0043702200717965,5161.160000000001,-0.0112300335583475,5123.3,-0.0039232525911034,5261.973333333333,-0.0301737244329124,0.008069647558842,0.0142884553842075,0.0203827849388324,43.3890817292521,5123.3,5291.053729270668,4955.546270729333,0.4400907506277569,87.55714285714281,0.0171573018610171,-0.008047272868639,0.0448812448812447,0.0383331976886138,118323.8,0.9069519403535043,-0.2800955275144733,0.69729984,1
2020-04-30,5155.4,5262.8,5150.2,5249.0,131028.0,0.0285703088258348,0.0285703088258348,0.0110563217505199,0.0116409050610954,0.0762763994258766,5137.08,0.0217866959439994,5167.2,0.0158306239355938,5141.9,0.0208288764853459,5265.823333333334,-0.003194815372335,0.0121118784214443,0.0154078105793832,0.0205326532405585,59.89183034443497,5141.9,5273.200250530907,5010.599749469092,0.9078438524181996,91.14285714285714,0.0173638516179952,0.0116409050610954,0.0762763994258766,0.0460342766042247,122032.2,1.0737166092228116,0.2209776916338968,0.8248365,1
2020-05-06,5231.0,5341.4,5221.6,5324.2,120325.0,0.0143265383882644,0.0143265383882644,0.0376939268730021,0.0278775242287345,0.0534626038781163,5175.76,0.0286798460515942,5181.64,0.0275125249920873,5155.41,0.0327403640059664,5267.95,0.0106777778832372,0.0127269393591145,0.0136521312656159,0.020103767853298,68.9271817676487,5155.41,5303.197413465939,5007.622586534061,1.0710567498324268,94.3714285714285,0.0177249969143586,0.0278775242287345,0.0534626038781163,0.0245545164145786,123038.2,0.9779483119876592,-0.0816848307232042,0.29799476,0
2020-05-07,5335.4,5341.8,5284.0,5309.4,107079.0,-0.0027797603395816,-0.0027797603395816,0.0367087124614362,0.0178283873936047,0.0654599454165998,5213.36,0.0184219006552395,5190.9400000000005,0.0228205296150598,5171.72,0.0266217041912553,5269.106666666666,0.0076470900823164,0.0127432874384295,0.0131507057065485,0.0200824164393932,61.48626817447496,5171.72,5311.254287052188,5032.185712947812,0.9933554429833608,89.85714285714279,0.0169241614602672,0.0178283873936047,0.0654599454165998,0.0132442748091601,122962.6,0.8708257632808675,-0.1100851859547059,0.7345999,1
2020-05-08,5345.4,5409.0,5334.0,5382.8,126200.0,0.0138245376125363,0.0138245376125363,0.0593977563471757,0.0409591955134402,0.0484612388001559,5273.719999999999,0.0206836919669608,5212.12,0.0327467518015702,5184.160000000001,0.0383167186197954,5271.166666666667,0.0211781073133714,0.0126631124542809,0.0118205538567172,0.0201529556934687,67.78142729172886,5184.160000000001,5351.188852219276,5017.131147780726,1.0946278063960633,93.37142857142857,0.017346256329685,0.0409591955134402,0.0484612388001559,0.0235016732582902,118389.2,1.065975612640342,0.1785690938465991,0.27206025,0
2020-05-11,5413.0,5435.4,5344.2,5363.4,118148.0,-0.0036040722300662,-0.0036040722300662,0.0509876156137325,0.0259382531848959,0.0423274253731342,5325.76,0.0070675359009793,5225.679999999999,0.026354464873471,5195.05,0.0324058478744189,5272.9766666666665,0.0171484417719782,0.0126213573355884,0.0118975984015623,0.0201594387300211,63.5461872287662,5195.05,5379.033288714816,5011.066711285184,0.9575143785503016,93.71428571428564,0.0174729249569835,0.0259382531848959,0.0423274253731342,0.0206668189084264,120556.0,0.9800258800889212,-0.0638034865293185,0.69284105,1
2020-05-12,5367.2,5389.2,5317.6,5374.4,124299.0,0.0020509378379385,0.0020509378379385,0.0238902648123451,0.0352107250173354,0.0361287834972043,5350.839999999999,0.0044030469982283,5243.96,0.0248743316119877,5204.42,0.0326606999435095,5273.083333333333,0.0192139323924964,0.0121773374311879,0.0118162662797027,0.0199714750910857,65.02934816187823,5204.42,5405.01515237886,5003.82484762114,0.923689201818202,91.52857142857134,0.0170304725045719,0.0352107250173354,0.0361287834972043,0.001192250372578,119210.2,1.0426876223678847,0.0520618207671734,0.44873774,0
2020-05-13,5361.0,5402.2,5346.4,5391.8,113034.0,0.0032375707055671,0.0032375707055671,0.0126967431726832,0.0508692601543618,0.055146771037182,5364.36,0.0051152420792042,5270.06,0.023100306258373,5218.51,0.033206796576034,5274.179999999999,0.0223010970425736,0.0109542191792008,0.0111449959752847,0.0199470232514568,63.96052212671125,5218.51,5430.4474475740735,5006.572552425927,0.9088234570708278,92.3571428571428,0.0171291855886981,0.0508692601543618,0.055146771037182,0.0123544874202028,117752.0,0.9599327399959235,-0.0906282431877971,0.27295935,0
2020-05-14,5373.4,5376.8,5333.4,5354.0,129152.0,-0.0070106457954671,-0.0070106457954671,0.0084001958790072,0.0454172687155856,0.0598202620848014,5373.280000000001,-0.0035881249441682,5293.32,0.0114635049458562,5233.62,0.0230012878275458,5274.283333333334,0.0151142177294227,0.0114267495173086,0.0108928503277992,0.0199636990913036,64.74379632613594,5233.62,5438.485610378588,5028.754389621412,0.7938023609173351,87.82857142857145,0.0164042905171033,0.0454172687155856,0.0598202620848014,0.0011593552488873,122166.6,1.05717929450439,0.1425942636728772,0.38094822,0
2020-05-15,5376.4,5401.0,5334.0,5334.0,138830.0,-0.0037355248412401,-0.0037355248412401,-0.009065913650888,0.0497933477661878,0.0322805387830933,5363.52,-0.0055038482190798,5318.62,0.0028917275533879,5241.96,0.0175583178810978,5270.583333333333,0.0120321912501779,0.0109933343596361,0.0099177148300456,0.0193105031298163,59.09558067831445,5241.96,5449.009715870627,5034.910284129373,0.722265458353757,85.02857142857147,0.0159408645347903,0.0497933477661878,0.0322805387830933,-0.0399568034557235,124692.6,1.1133780192248777,0.0749349603567888,0.2967778,0
2020-05-18,5348.0,5374.4,5301.8,5320.8,118999.0,-0.002474690663667,-0.002474690663667,-0.0079427228996531,0.0426399122119456,0.034249504334642,5355.0,-0.0063865546218486,5340.38,-0.0036664057613877,5250.77,0.0133370915122925,5266.456666666666,0.010318765874842,0.011241994696442,0.0098661042247205,0.0193088010426976,61.519258202567705,5250.77,5455.356865864384,5046.183134135615,0.6711497942551738,85.4714285714286,0.0160636424168223,0.0426399122119456,0.034249504334642,-0.044465196465771,124862.8,0.9530380545686946,-0.1428437657566807,0.5646726,1
2020-05-19,5364.0,5391.0,5344.6,5379.8,103696.0,0.011088558111562,0.011088558111562,0.0010047633224175,0.0249190321966088,0.0368500173457193,5356.08,0.0044286119699481,5353.460000000001,0.0049201824614359,5260.33,0.0227115028905031,5263.756666666666,0.0220457252646557,0.0079010396074736,0.0099740905359344,0.0193588200646164,72.27191413237918,5260.33,5470.478189318122,5050.181810681878,0.7842517948587864,84.18571428571424,0.0156484840116201,0.0249190321966088,0.0368500173457193,-0.0292323793713233,120742.2,0.8588215222184125,-0.1285977193085656,0.224301,0
2020-05-20,5377.2,5380.8,5316.2,5334.8,92505.0,-0.008364623220194,-0.008364623220194,-0.0105716087391966,0.001990909432403,0.0299239352870768,5344.68,-0.0018485671733387,5354.52,-0.0036828697997204,5268.08,0.0126649557333982,5258.780000000001,0.0144558243546981,0.0073648910429373,0.0102078735531735,0.0192583496681341,67.94483686511941,5268.08,5477.153239245059,5059.006760754941,0.6595613102875313,84.34285714285716,0.0158099379813408,0.001990909432403,0.0299239352870768,-0.0530052898782261,116636.4,0.793105754292828,-0.1079212312914673,0.24742272,0
2020-05-21,5343.0,5347.0,5265.0,5270.6,102156.0,-0.0120341905975855,-0.0120341905975855,-0.0155771385879714,-0.0073077937243378,0.0103903074917568,5328.0,-0.0107732732732731,5350.639999999999,-0.0149589581807034,5270.79,-3.604772719068006e-05,5251.11,0.0037115962148956,0.0083055304046448,0.0105498845549789,0.0191653389671873,65.32988357050452,5270.79,5478.44296860007,5063.13703139993,0.4995425059384402,80.04285714285717,0.0151866689073079,-0.0073077937243378,0.0103903074917568,-0.0803029245480561,111237.2,0.9183618429805857,0.104329495702935,0.30310756,0
2020-05-22,5262.2,5280.0,5176.4,5194.6,125778.0,-0.0144196106705118,-0.0144196106705118,-0.0261342332208472,-0.0349632161700229,0.0045639141365307,5300.12,-0.0199089831928332,5331.820000000001,-0.0257360526049267,5271.97,-0.0146757284278931,5241.73,-0.0089913063053608,0.0075880298138347,0.0108863870298548,0.0192245557021139,56.79857185361502,5271.97,5477.492626235501,5066.447373764499,0.3117725492877255,83.84285714285716,0.016140387545308,-0.0349632161700229,0.0045639141365307,-0.0977524577066035,108626.8,1.1578910545095684,0.231234582403383,0.29437777,0
2020-05-25,5201.8,5221.6,5161.6,5181.0,98197.0,-0.0026181034150849,-0.0026181034150849,-0.026274244474515,-0.0340082783309094,-0.0089521404797429,5272.160000000001,-0.0172908257716003,5313.58,-0.0249511628694778,5269.63,-0.0168190176539908,5231.289999999999,-0.0096133076162856,0.007593315599949,0.0106039185099897,0.019178094143303,43.70370370370373,5269.63,5478.31152617906,5060.94847382094,0.2876429178403869,76.72857142857141,0.0148096065293517,-0.0340082783309094,-0.0089521404797429,-0.1078623824775286,104466.4,0.939986445402541,-0.2192831814784779,0.56334364,1
2020-05-26,5212.4,5276.4,5205.6,5267.0,100912.0,0.0165991121405133,0.0165991121405133,-0.0209673222052865,-0.0199836260791901,0.0145234609754216,5249.6,0.0033145382505332,5302.84,-0.0067586425387151,5273.4,-0.001213638259946,5224.639999999999,0.0081077356526,0.0098252986271023,0.0111331322141808,0.0190874865474201,44.80755265068994,5273.4,5478.845282765331,5067.954717234668,0.484424076537912,74.9857142857143,0.0142368927825544,-0.0199836260791901,0.0145234609754216,-0.0704200494175785,103909.6,0.971151847375026,0.0276485025000763,0.25016123,0
2020-05-27,5262.8,5265.2,5200.6,5224.0,100413.0,-0.008164040250617,-0.008164040250617,-0.0207692884456774,-0.0311213323936347,0.0181648086068448,5227.44,-0.0006580658984128,5286.06,-0.0117403132011366,5278.06,-0.0102423996695755,5217.38,0.0012688360824781,0.0098149704158709,0.0109504247301439,0.0191096653616025,42.62521588946465,5278.06,5473.889231730098,5082.230768269901,0.3619715771685514,75.59999999999998,0.0144716692189892,-0.0311213323936347,0.0181648086068448,-0.0769665700756238,105491.2,0.9518613874901414,-0.0049449024892975,0.35066155,0
2020-05-28,5217.0,5248.6,5144.0,5206.0,122301.0,-0.0034456355283307,-0.0034456355283307,-0.0122566690699351,-0.0276428838251774,0.0165189206076463,5214.52,-0.0016338991891869,5271.26,-0.0123803417019839,5282.29,-0.0144425997058094,5215.35,-0.0017927847603709,0.009721988551309,0.0109779647332512,0.0175619505873369,33.116883116883145,5282.29,5467.222760469143,5097.357239530857,0.29373584267475,75.95714285714283,0.0145903078865045,-0.0276428838251774,0.0165189206076463,-0.0228612185142085,109520.2,1.11669810683326,0.2179797436586896,0.625879,1
2020-05-29,5183.4,5262.6,5182.8,5238.4,106121.0,0.006223588167499,0.006223588167499,0.0084318330574055,-0.0179227596550431,0.0309781539067111,5223.280000000001,0.0028947328115664,5261.7,-0.0044282266187734,5290.16,-0.0097842031242911,5210.29,0.0053950931713973,0.0101128417832863,0.0108375839970093,0.0167656713016865,38.35259038389863,5290.16,5450.829997199228,5129.490002800771,0.3389245008331624,75.14285714285714,0.0143446199493847,-0.0179227596550431,0.0309781539067111,-0.0547816672681342,105588.8,1.0050403073053202,-0.132296547043769,0.5363749,0
2020-06-01,5333.8,5444.4,5328.0,5440.0,129569.0,0.0384850335980453,0.0384850335980453,0.0499903493534066,0.0224026462186137,0.065997805298636,5275.08,0.0312639808306225,5273.62,0.0315494859318645,5307.0,0.0250612398718672,5208.28,0.0444906955847228,0.0162340078668391,0.0136256027749891,0.0175100967447557,54.51045104510453,5307.0,5455.286209743184,5158.7137902568165,0.9484570757804868,84.74285714285718,0.0155777310924369,0.0224026462186137,0.065997805298636,-0.0216883070172284,111863.2,1.158280828726516,0.2209553245823163,0.15696488,0
2020-06-02,5455.4,5463.0,5407.0,5435.6,93918.0,-0.0008088235294116,-0.0008088235294116,0.0320106322384659,0.0103721327930406,0.0355496285006669,5308.8,0.0238848704038576,5279.2,0.0296257008637672,5316.33,0.0224346494668314,5205.606666666666,0.0441818500821553,0.0159547672804421,0.0122729961968119,0.0174888844480025,53.06636796415571,5316.33,5472.521368452121,5160.138631547879,0.8818072700879153,84.75714285714288,0.0155929691031611,0.0103721327930406,0.0355496285006669,-0.0286633309506789,110464.4,0.8502105655758779,-0.2751506919093301,0.29121727,0
2020-06-03,5456.4,5474.4,5419.6,5423.2,100012.0,-0.0022812568989625,-0.0022812568989625,0.0381316998468606,0.0165704431281397,0.0185943428120656,5348.64,0.0139399922223217,5288.04,0.0255595646023858,5321.280000000001,0.0191532864273256,5201.62,0.0425982674628289,0.0156652256981392,0.0119394933756593,0.0174168453973083,55.02322880371659,5321.280000000001,5484.632374686714,5157.927625313288,0.8119636313688962,84.49999999999993,0.01558120666765,0.0165704431281397,0.0185943428120656,-0.042243571630404,110384.2,0.906035465220566,0.0648863902553291,0.6908931,1
2020-06-04,5440.6,5448.4,5393.2,5424.0,89357.0,0.0001475143826523,0.0001475143826523,0.0418747598924318,0.029104845748112,0.0215843598146683,5392.24,0.005889945551385,5303.38,0.022743985910872,5327.01,0.0182072119256393,5198.523333333333,0.0433732143166298,0.0149303212568578,0.0119087717411074,0.0173793338668024,56.72043010752687,5327.01,5496.53105784424,5157.48894215576,0.786070654682666,83.65714285714277,0.0154235145385587,0.029104845748112,0.0215843598146683,-0.0331206103604406,103795.4,0.8608955695531787,-0.1065372155341358,0.57691175,1
2020-06-05,5437.2,5443.2,5390.4,5442.2,96341.0,0.0033554572271385,0.0033554572271385,0.0389050091631033,0.0476648827628689,0.0110351489930891,5433.0,0.001693355420578,5328.139999999999,0.0214070951589111,5329.98,0.0210544880093359,5199.56,0.0466654870796761,0.0136313443887637,0.0115461988657091,0.0165485532874475,58.997924696116186,5329.98,5505.588651027755,5154.371348972244,0.8195172884229477,82.24285714285712,0.0151120607737417,0.0476648827628689,0.0110351489930891,0.0115613382899628,101839.4,0.9460091084590052,0.0781583983347695,0.21325493,0
2020-06-08,5481.8,5487.0,5405.6,5419.2,93294.0,-0.0042262320385138,-0.0042262320385138,-0.0038235294117647,0.0459756803705848,0.0104038483051795,5428.84,-0.0017757016231829,5351.96,0.0125636215517306,5332.77,0.01620733689996,5197.153333333334,0.0427246710699318,0.0137369931756388,0.0115589848630688,0.0159507794230698,53.08487316003755,5332.77,5512.342604873491,5153.197395126508,0.7406547481473861,83.0428571428571,0.0153238221772322,0.0459756803705848,0.0104038483051795,-0.0259544180027321,94584.4,0.9863571582628848,-0.0316272407386263,0.58662194,1
2020-06-09,5421.8,5461.8,5407.4,5450.2,106276.0,0.0057204015352818,0.0057204015352818,0.0026859960261975,0.0347826086956521,0.0141038999702292,5431.759999999999,0.0033948480787076,5370.28,0.0148819055989632,5336.56,0.0212946167568619,5197.266666666666,0.0486666068061416,0.0130959534932355,0.0116125560431052,0.0157209833700216,59.237912263848834,5336.56,5522.904044006887,5150.215955993114,0.8049198610173984,82.31428571428569,0.0151029844252111,0.0347826086956521,0.0141038999702292,0.0012492192379762,97056.0,1.0949967029343883,0.1391514995605292,0.15102181,0
2020-06-10,5446.0,5448.4,5407.8,5441.2,92417.0,-0.0016513155480533,-0.0016513155480533,0.0033190736096768,0.0415773353751913,0.0091620609073035,5435.36,0.0010744458508729,5392.0,0.0091246290801185,5339.030000000001,0.019136434895477,5198.03,0.0467811844102477,0.0126041122730486,0.0116091951609214,0.0156789155702582,64.98068141903752,5339.030000000001,5529.716042323083,5148.343957676919,0.7679010974145952,79.48571428571424,0.0146081221579273,0.0415773353751913,0.0091620609073035,0.0084887126070356,95537.0,0.9673424955776296,-0.1304057360081297,0.29385504,0
2020-06-11,5435.4,5510.0,5398.6,5436.6,149030.0,-0.000845401749614,-0.000845401749614,0.0023230088495576,0.0442950441797926,0.015427717594322,5437.88,-0.0002353858488969,5415.06,0.0039777952598865,5343.16,0.0174877787676208,5199.160000000001,0.0456689157479284,0.0124559102996133,0.0114798617325336,0.0156648492733973,74.29718875502007,5343.16,5538.726765016312,5147.593234983688,0.7388953971606746,80.04285714285705,0.0147229623556739,0.0442950441797926,0.015427717594322,0.0126285203397407,107471.6,1.3866919260530224,0.6125821006957595,0.5780277,1
2020-06-12,5382.0,5481.8,5381.4,5456.0,146939.0,0.0035684067247911,0.0035684067247911,0.0025357392231082,0.0415394013439218,0.0228721409823771,5440.64,0.0028231972709091,5436.82,0.0035277974992735,5349.26,0.0199541618840737,5205.766666666666,0.0480684881509607,0.0124412912962312,0.0114431802899113,0.0136983222539968,77.29257641921402,5349.26,5551.132793714515,5147.387206285485,0.7643744063673822,82.92857142857136,0.0151995182237117,0.0415394013439218,0.0228721409823771,0.0783461143173371,117591.2,1.2495747981141447,-0.0140307320673689,0.33113357,0
2020-06-15,5455.0,5492.4,5419.6,5420.6,141380.0,-0.0064882697947213,-0.0064882697947213,0.0002583407144967,-0.0035661764705882,0.0187565779582017,5440.92,-0.0037346625203089,5434.879999999999,-0.0026274729156851,5354.25,0.0123920250268478,5211.573333333333,0.0401081695099114,0.0037232640847087,0.011545615000254,0.0137346449608986,66.9461606354811,5354.25,5558.085015844207,5150.414984155793,0.6627541757857547,81.31428571428562,0.0150009751160915,-0.0035661764705882,0.0187565779582017,0.0686881432120185,127208.4,1.1114045927784644,-0.0378320255344054,0.79851663,1
2020-06-16,5484.6,5534.2,5470.4,5534.0,131050.0,0.0209201933365308,0.0209201933365308,0.0153755825474295,0.01810287732725,0.028662775567865,5457.68,0.0139839638820891,5444.719999999999,0.0163975374307587,5361.96,0.0320852822475363,5221.089999999999,0.059931929922679,0.0076724703963435,0.0121894736324205,0.0136369514278208,79.60275019098557,5361.96,5580.964815135716,5142.955184864284,0.8927767521764026,84.68571428571418,0.0153028034488099,0.01810287732725,0.028662775567865,0.1150513802135804,132163.2,0.9915770804581002,-0.0730654972414768,0.726646,1
2020-06-17,5528.0,5545.8,5496.4,5541.0,113860.0,0.0012649078424287,0.0012649078424287,0.018341542306844,0.0217214928455524,0.0386518707355476,5477.64,0.0115670252152386,5456.5,0.0154861174745715,5372.27,0.0314075800359998,5229.6,0.0595456631482329,0.0075426025608592,0.0119681723029671,0.0135506886225743,82.67655091689436,5372.27,5604.882848448135,5139.657151551864,0.8626841791536327,80.74285714285705,0.0145718926444427,0.0217214928455524,0.0386518707355476,0.1015028625954199,136451.8,0.8344338440387009,-0.1311713086608165,0.84891707,1
2020-06-18,5538.6,5558.2,5514.0,5558.0,132237.0,0.0030680382602419,0.0030680382602419,0.0223301328035903,0.0247050147492624,0.0545288961408567,5501.92,0.010192805420653,5469.9,0.016106327355162,5386.64,0.0318120386734586,5237.533333333334,0.0611865636495549,0.0075117863369834,0.0115059222445449,0.0135054659166964,82.13998390989552,5386.64,5628.146416172796,5145.133583827204,0.854773183080554,78.19999999999989,0.014069809283915,0.0247050147492624,0.0545288961408567,0.09366391184573,133093.2,0.9935669140121358,0.1613999648691375,0.85458976,1
2020-06-19,5554.8,5643.8,5549.8,5613.6,143002.0,0.0100035984166966,0.0100035984166966,0.0288856304985338,0.0314946161478815,0.0806606860971008,5533.4400000000005,0.0144864677307425,5487.04,0.0230652592290196,5407.59,0.0380964533183914,5249.676666666667,0.0693229995752118,0.0078839644989344,0.0108695346853765,0.0124634202541081,74.71526195899784,5407.59,5651.634360937225,5163.545639062775,0.922074903121797,70.19999999999989,0.0125053441641727,0.0314946161478815,0.0806606860971008,0.1491504605936542,132305.8,1.0808445283577894,0.0814068679718988,0.90786636,1
2020-06-22,5638.6,5671.8,5613.8,5618.0,103485.0,0.0007838107453326,0.0007838107453326,0.0364166328450723,0.0366843814585178,0.0843466512256321,5572.92,0.0080891166569769,5506.92,0.0201709848699453,5429.4400000000005,0.0347291801732774,5260.756666666667,0.0679072148683299,0.0075148598818609,0.0107877948004752,0.012371926130542,75.96810933940777,5429.4400000000005,5666.207586686307,5192.672413313694,0.8981963972328332,70.35714285714273,0.012523521334486,0.0366843814585178,0.0843466512256321,0.1342162642332229,124726.8,0.8296933778466216,-0.276338792464441,0.7300287,1
2020-06-23,5606.8,5645.2,5576.0,5637.6,99718.0,0.0034887860448558,0.0034887860448558,0.0187206360679437,0.0343840593005762,0.0703626352762483,5593.64,0.0078589254939538,5525.660000000001,0.0202582134984778,5447.969999999999,0.0348074603935044,5270.33,0.0696863384266262,0.0074790821382889,0.0103796508985652,0.012091041951165,79.91071428571448,5447.969999999999,5689.1758923954985,5206.7641076045,0.8930874119962823,71.3857142857142,0.0126624298080236,0.0343840593005762,0.0703626352762483,0.1134460420287566,118460.4,0.8417834145419061,-0.0364014108324878,0.74218637,1
2020-06-24,5658.4,5663.6,5602.6,5644.0,85017.0,0.0011352348517099,0.0011352348517099,0.0185887024002886,0.0372711901786371,0.0803981623277181,5614.24,0.0053008065205619,5545.9400000000005,0.0176814029722642,5468.969999999999,0.0320041982311112,5280.993333333333,0.068738330793828,0.0073197151863485,0.0100342671946912,0.0119607525028359,80.21978021978038,5468.969999999999,5701.032397235136,5236.907602764863,0.8771184002349416,71.79999999999993,0.0127214741318213,0.0372711901786371,0.0803981623277181,0.1278526038127974,112691.8,0.7544204636007233,-0.1474257405884594,0.35382172,0
2020-06-29,5632.4,5633.6,5566.6,5608.8,92194.0,-0.0062367115520907,-0.0062367115520907,0.0091399784094998,0.0316742081447962,0.0773722627737225,5624.4,-0.0027736291871132,5563.16,0.0082039704053091,5489.11,0.0218049920661091,5291.539999999999,0.0599560808384707,0.0078688304581624,0.0101607230785478,0.0119675754969763,71.8635170603676,5489.11,5693.32266417761,5284.897335822389,0.7930523444322294,73.55714285714274,0.0131145954316685,0.0316742081447962,0.0773722627737225,0.1271704180064308,104683.2,0.8806952787075673,0.0844184104355598,0.7320432,1
2020-06-30,5637.8,5735.8,5636.2,5702.8,122406.0,0.0167593781200969,0.0167593781200969,0.0158899814735642,0.0452346041055717,0.0886530238240685,5642.24,0.0107333257713249,5587.84,0.0205732447600504,5512.33,0.0345534465461974,5304.943333333333,0.0749973452433989,0.0089745645451245,0.0105593065994009,0.0118879667853772,81.37168141592937,5512.33,5701.573870511849,5323.086129488151,1.0032395487495438,76.81428571428562,0.0134695738434252,0.0452346041055717,0.0886530238240685,0.1641693545094515,100564.0,1.217195020086711,0.3277002841833525,0.7674899,1
2020-07-01,5725.4,5731.2,5660.6,5725.4,118266.0,0.0039629655607771,0.0039629655607771,0.0191171235315057,0.056229937645279,0.0524632352941176,5663.719999999999,0.0108903688741675,5618.320000000001,0.0190590781585953,5526.6,0.0359714833713311,5318.966666666666,0.0764120850541145,0.0081249821517982,0.0068477826566714,0.0118664459049001,81.01893597835902,5526.6,5734.955687783098,5318.244312216903,0.9770688098684248,77.9714285714284,0.0136185119941713,0.056229937645279,0.0524632352941176,0.1722768222768222,103520.2,1.142443696978947,-0.0338218714768884,0.8504037,1
2020-07-02,5731.2,5884.8,5711.0,5869.0,139196.0,0.0250812170328711,0.0250812170328711,0.0410458351071376,0.0605348753162269,0.0797336080653468,5710.0,0.02784588441331,5651.820000000001,0.0384265599399837,5548.27,0.0578072083730605,5335.5,0.0999906288070471,0.009054914579204,0.0084359850336703,0.0121981795336048,86.99411968177115,5548.27,5801.988626580059,5294.55137341994,1.132058442699311,87.35714285714273,0.0148845021054937,0.0605348753162269,0.0797336080653468,0.2034037318023374,111415.8,1.2493380651577244,0.1769739401011278,0.84422,1
2020-07-03,5902.6,5962.4,5889.8,5955.0,140344.0,0.0146532629067983,0.0146532629067983,0.055102763997165,0.0747157552788304,0.0980601858681222,5772.2,0.0316690343369945,5693.22,0.0459810089896401,5574.86,0.0681882594361114,5350.516666666666,0.1129766284252922,0.0092754195495278,0.0086329587336153,0.0115020832566262,89.29654335961195,5574.86,5879.704618919534,5270.015381080465,1.1234979665170672,86.07142857142844,0.0144536403982247,0.0747157552788304,0.0980601858681222,0.1782746339533043,122481.2,1.1458411576633802,0.0082473634299835,0.88078994,1
2020-07-06,6022.0,6358.8,6021.6,6262.8,176354.0,0.0516876574307305,0.0516876574307305,0.1166024818142918,0.1268082043900684,0.1546460176991151,5903.0,0.0609520582754532,5763.7,0.0865936811423218,5616.8,0.1150121065375302,5371.843333333333,0.1658567853492873,0.0166439505960804,0.013510092126754,0.0129148493051292,92.5527426160338,5616.8,6041.496072131817,5192.103927868184,1.2605438834851004,107.742857142857,0.017203624120658,0.1268082043900684,0.1546460176991151,0.2567827901749879,139313.2,1.2658814814389447,0.2565838226073078,0.8257275,1
2020-07-07,6351.2,6470.0,6326.4,6355.2,168376.0,0.0147537842498561,0.0147537842498561,0.1143999438872132,0.132107738349722,0.1677630370070928,6033.48,0.0533224606694644,5837.860000000001,0.0886180895054007,5662.45,0.1223410361239392,5392.196666666667,0.1785920271206724,0.0166442443046664,0.0135751833307444,0.0125276511183376,96.49751243781095,5662.45,6191.563067212213,5133.336932787786,1.1546332371358312,117.34285714285704,0.0184640699179973,0.132107738349722,0.1677630370070928,0.2378652123100895,148507.2,1.1337901462016655,-0.045238554271522,0.8252897,1
2020-07-08,6403.0,6487.0,6314.4,6454.6,142959.0,0.0156407351460221,0.0156407351460221,0.1273622803646907,0.1489142043431826,0.1910614112784177,6179.320000000001,0.0445485911071119,5921.52,0.0900241829800456,5714.22,0.1295679900318853,5414.013333333333,0.1922024573267891,0.0161266603521436,0.0133687572688641,0.0126214369872013,96.44803229061556,5714.22,6337.37689196219,5091.063108037811,1.0940558545928134,121.5571428571428,0.0188326376316336,0.1489142043431826,0.1910614112784177,0.2543921019900497,153445.8,0.9316579534923732,-0.1509538176462204,0.7575467,1
2020-07-09,6465.6,6653.6,6463.8,6650.2,156276.0,0.0303039692622315,0.0303039692622315,0.1331061509626852,0.179615439193983,0.2201754064071044,6335.56,0.0496625396965697,6022.78,0.1041744842082892,5774.219999999999,0.1517053385565496,5438.4,0.222822889085025,0.0163947251796957,0.0141706612052333,0.0130657814528612,97.01593760596812,5774.219999999999,6511.054400019842,5037.385599980156,1.094421215931565,132.24285714285705,0.0198855458697267,0.179615439193983,0.2201754064071044,0.2820898399845768,156861.8,0.9962655024996526,0.093152582208885,0.23750414,0
2020-07-10,6612.8,6701.8,6561.6,6623.8,167483.0,-0.0039698054193858,-0.0039698054193858,0.1123089840470192,0.1736002834868888,0.2173417628464309,6469.320000000001,0.0238788620751484,6120.76,0.0821858723426502,5833.35,0.1355053271276367,5463.63,0.2123441741113509,0.0170039635645176,0.0142808458136711,0.0128706212210558,94.81917577796472,5833.35,6643.788497293104,5022.9115027068965,0.987668097357254,139.0999999999999,0.0210000301941483,0.1736002834868888,0.2173417628464309,0.296242661448141,162289.6,1.0320008182902662,0.0717128669789346,0.729087,1
2020-07-13,6700.2,6821.6,6648.2,6817.0,158876.0,0.0291675473293275,0.0291675473293275,0.0884907709011944,0.2154114962202253,0.2539086929330831,6580.160000000001,0.0359930457618049,6241.58,0.0921914002544228,5902.370000000001,0.1549597873396617,5493.05,0.2410227469256605,0.0154096343182641,0.0146557608409525,0.0130897106925036,95.35655058043122,5902.370000000001,6800.875390781336,5003.8646092186655,1.0089730175155889,146.51428571428565,0.0214924872692218,0.2154114962202253,0.2539086929330831,0.3494200087097667,158794.0,1.0005163923070142,-0.0513902903578273,0.13859147,0
2020-07-14,6782.4,6802.4,6551.8,6692.6,208039.0,-0.0182484964060436,-0.0182484964060436,0.0530903826787514,0.1735638633653644,0.2266495601173022,6647.640000000001,0.0067633024652355,6340.56,0.0555219097366794,5964.200000000001,0.1221287012507963,5518.473333333333,0.2127629501395918,0.0195882166487809,0.0160235264721576,0.0132194345427252,87.14226462048947,5964.200000000001,6902.674686308621,5025.7253136913805,0.8880765302605419,161.29999999999993,0.0241012461524668,0.1735638633653644,0.2266495601173022,0.2952082365691284,166726.6,1.247785296407412,0.3094425841536796,0.11555341,0
2020-07-15,6749.8,6751.6,6491.2,6546.6,216713.0,-0.0218151391088664,-0.0218151391088664,0.0142534006754873,0.1434310266531597,0.2077260819835442,6666.039999999999,-0.0179176842623204,6422.679999999999,0.0192941264394304,6020.5,0.087384768706918,5541.839999999999,0.1813044043133691,0.0228219283473373,0.0171966328328845,0.0136019800809592,78.89383343928802,6020.5,6956.761884191292,5084.238115808708,0.7809577154016186,174.95714285714283,0.026724886636902,0.1434310266531597,0.2077260819835442,0.2725187575321697,181477.4,1.1941597135511088,0.0416941054321544,0.071849085,0
2020-07-16,6577.0,6640.8,6136.6,6210.6,258994.0,-0.0513243515718082,-0.0513243515718082,-0.0661032750894708,0.0582041233600272,0.1222623780267437,6578.120000000001,-0.0558700662195278,6456.84,-0.0381363019681453,6054.33,0.0258112788698336,5558.873333333334,0.1172407838039122,0.0301962275446526,0.021696896438779,0.0153544710074778,64.89015032061391,6054.33,6965.12506990781,5143.53493009219,0.5857876843886616,206.61428571428567,0.0332680072318754,0.0582041233600272,0.1222623780267437,0.1969702810006552,202021.0,1.2820152360398176,0.1951013552486469,0.8874969,1
2020-07-17,6245.8,6342.8,6183.2,6238.0,206248.0,0.0044118120632465,0.0044118120632465,-0.0582445122135329,0.0475230898404701,0.125789568669915,6500.96,-0.0404494105485958,6485.14,-0.0381086607228217,6089.18,0.0244400723906994,5576.51,0.1186207861189165,0.0300466367237997,0.0216720856188848,0.0153422661157164,66.6033354443741,6089.18,6970.123024861756,5208.236975138245,0.5844663024736212,212.4857142857143,0.0340631154674117,0.0475230898404701,0.125789568669915,0.204293602069578,209774.0,0.9831914345915128,-0.2036572275805617,0.9018938,1
2020-07-20,6301.2,6380.4,6220.2,6370.0,165086.0,0.0211606284065406,0.0211606284065406,-0.0655713657033886,0.0171169444976686,0.1460957178841309,6411.56,-0.006482041811977,6495.860000000001,-0.0193754175736546,6129.780000000001,0.0391890084146575,5595.736666666667,0.1383666493717539,0.0260707421026707,0.0219122700776607,0.0155091742467837,67.25993377483445,6129.780000000001,6982.025133008566,5277.534866991436,0.6409336297128406,214.8571428571429,0.0337295357703521,0.0171169444976686,0.1460957178841309,0.2211486849168009,211016.0,0.7823387799977253,-0.1995752686086652,0.89689606,1
2020-07-21,6400.4,6451.8,6348.6,6406.6,146842.0,0.00574568288854,0.00574568288854,-0.0427337656516152,0.0080878650553877,0.1412640729656549,6354.360000000001,0.0082211269112861,6501.0,-0.0145208429472388,6169.429999999999,0.0384427734815049,5616.33,0.1407093244164785,0.0257348752657507,0.0219029501659608,0.0154291871978321,67.49537702897064,6169.429999999999,6993.894542277972,5344.965457722027,0.643832747097108,217.1857142857143,0.0339003081643483,0.0080878650553877,0.1412640729656549,0.2389479791142912,198776.6,0.7387288040946469,-0.1105120967253431,0.7641369,1
2020-07-22,6389.8,6592.0,6366.0,6455.8,181725.0,0.0076795804326788,0.0076795804326788,-0.0138697950080958,0.000185913921854,0.1491278034887861,6336.2,0.0188756668034468,6501.12,-0.0069711065170308,6211.32,0.0393603936039361,5636.796666666666,0.145295880225116,0.0253556693515484,0.0218565410723157,0.0154086060382985,65.83891168214211,6211.32,7002.270228256421,5420.369771743578,0.6545482833597094,220.9142857142857,0.0342195058264329,0.000185913921854,0.1491278034887861,0.2348980450667583,191779.0,0.9475750733917686,0.2375546505768104,0.7226134,1
2020-07-23,6449.2,6504.0,6278.6,6468.4,180383.0,0.001951733325072,0.001951733325072,0.0415096770038321,-0.0273375236834982,0.1473676741875973,6387.76,0.0126241436747778,6482.9400000000005,-0.0022428095894765,6252.860000000001,0.0344706262414318,5658.076666666667,0.1432153328899159,0.0231154750558022,0.0218729804881518,0.0153479584906058,64.42945474985947,6252.860000000001,7003.163069713159,5502.5569302868425,0.6436352913246112,230.3428571428572,0.0356104843767944,-0.0273375236834982,0.1473676741875973,0.2459357423530317,176056.8,1.0245727515211,-0.0073847847021598,0.45910868,0
2020-07-24,6442.6,6443.8,6087.0,6121.6,203980.0,-0.0536144950837919,-0.0536144950837919,-0.0186598268675857,-0.0758175065672271,0.0846208362863218,6364.4800000000005,-0.0381617979787822,6432.719999999999,-0.0483652327475778,6276.74,-0.0247166522749069,5674.589999999999,0.078773973097616,0.0282264798327208,0.0257453667915951,0.0169363176206767,46.11661166116612,6276.74,6973.974900838521,5579.505099161479,0.3887462461980731,228.7428571428571,0.0373665148233888,-0.0758175065672271,0.0846208362863218,0.1931082872066734,175603.2,1.1615961440338216,0.1308160968605689,0.89886,1
2020-07-27,6175.0,6203.6,6074.6,6123.4,151940.0,0.0002940407736538,0.0002940407736538,-0.038712715855573,-0.1017456359102244,0.0917486806447009,6315.160000000001,-0.0303650263809628,6363.36,-0.0377096376756933,6302.47,-0.0284126699532089,5691.29,0.0759247903375157,0.0253949662477314,0.025644742654796,0.0169280701820099,43.290494384624274,6302.47,6930.462132367692,5674.4778676323085,0.3574265577779926,223.15714285714284,0.0364433391346544,-0.1017456359102244,0.0917486806447009,0.195649627055102,172974.0,0.8783979095124123,-0.2551230512795371,0.93264735,1
2020-07-28,6207.8,6230.0,6113.0,6165.2,143145.0,0.0068262729855963,0.0068262729855963,-0.0376798926107452,-0.0788034545617548,0.0810829767833345,6266.879999999999,-0.0162249795751633,6310.620000000001,-0.0230436945973614,6325.59,-0.0253557375675629,5709.360000000001,0.0798408227892442,0.025766475620741,0.0254949351223148,0.016872321940931,41.33429153191995,6325.59,6891.614979549148,5759.565020450852,0.3583189737246626,219.18571428571423,0.0355520849746503,-0.0788034545617548,0.0810829767833345,0.2133831922849831,172234.6,0.8311047838239238,-0.0578846913255232,0.8967927,1
2020-07-29,6168.0,6415.6,6156.6,6415.2,168264.0,0.0405501849088432,0.0405501849088432,-0.0062889184918988,-0.0200714874896893,0.1204806651063681,6258.76,0.0249953664943214,6297.4800000000005,0.0186931915623391,6360.08,0.0086665576533628,5731.2266666666665,0.1193415254907617,0.0293183840539919,0.0267571099346066,0.0175419347087261,43.18524533116808,6360.08,6851.230321506273,5868.929678493727,0.5561131669739687,223.47142857142853,0.0348346783531968,-0.0200714874896893,0.1204806651063681,0.2570935883367298,169542.4,0.9924597032954589,0.1754794089908833,0.24931127,0
2020-07-30,6444.0,6450.2,6336.4,6365.4,141795.0,-0.0077628133183689,-0.0077628133183689,-0.0159235668789808,0.0249251280069557,0.0845799965922644,6238.160000000001,0.0203970401528654,6312.96,0.008306721411192,6384.9,-0.0030540807217027,5749.833333333333,0.1070581755992927,0.0238388003257086,0.0265343620262293,0.0173039089622985,42.60700389105055,6384.9,6818.340123953189,5951.459876046811,0.4775055435314221,221.58571428571423,0.0348109646346991,0.0249251280069557,0.0845799965922644,0.2126881310725852,161824.8,0.876225399320747,-0.1573063756953359,0.8682659,1
2020-07-31,6391.8,6516.0,6276.0,6432.2,194204.0,0.0104942344550225,0.0104942344550225,0.0507383690538421,0.031131773004168,0.0801343408900083,6300.28,0.0209387519284858,6332.379999999999,0.0157634254419349,6408.76,0.0036574938053539,5768.3,0.1150945685903992,0.0239639095777648,0.026466024484567,0.0172698076626964,38.13224771773992,6408.76,6792.212847029017,6025.307152970983,0.5305643838370377,224.6,0.0349180684680202,0.031131773004168,0.0801343408900083,0.2081063821794824,159869.6,1.2147650335023044,0.3696110582178498,0.7148591,1
2020-08-03,6539.4,6591.2,6475.0,6578.6,157767.0,0.0227604863032866,0.0227604863032866,0.0743377861972107,0.0327472527472527,0.0504247301526474,6391.320000000001,0.0293022411645793,6353.24,0.03547166485132,6424.55,0.0239783331128251,5789.453333333334,0.1363076306571258,0.0241011045830937,0.0244475152887443,0.0174313485464723,46.53115871470303,6424.55,6808.7035411236175,6040.396458876383,0.7005057659359545,217.0142857142857,0.0329879131903878,0.0327472527472527,0.0504247301526474,0.2390477266734472,161035.0,0.9797062750333778,-0.1876222940825112,0.31335348,0
2020-08-04,6588.2,6602.4,6499.0,6542.4,138194.0,-0.0055026905420607,-0.0055026905420607,0.0611821189904626,0.0211968907064588,0.0294561933534742,6466.76,0.0116967383975901,6366.82,0.0275773463047486,6433.910000000001,0.016862219086061,5808.78,0.1262950223626993,0.0242463124359861,0.0243434312171355,0.0174201908187588,49.86304943263334,6433.910000000001,6820.066019191485,6047.753980808517,0.6404743090981079,205.79999999999995,0.0314563462949376,0.0211968907064588,0.0294561933534742,0.2154269153600356,160044.8,0.8634707281961052,-0.1240627000576799,0.62759686,1
2020-08-05,6546.0,6628.0,6477.0,6585.2,154306.0,0.0065419417950598,0.0065419417950598,0.0264995635366005,0.0200439914495491,0.0202336318284632,6500.76,0.0129892504876352,6379.759999999999,0.032201838313667,6440.4400000000005,0.0224767251926885,5829.143333333334,0.1297028780100904,0.0242212755269763,0.0241542115025416,0.0174002194662253,65.10240283825188,6440.4400000000005,6832.441881842856,6048.438118157145,0.6846419707470057,180.5714285714285,0.0274207964179415,0.0200439914495491,0.0202336318284632,0.2278032591266734,157253.2,0.9812582510244624,0.1165897216955873,0.6405031,1
2020-08-06,6634.4,6635.8,6434.4,6594.0,183686.0,0.0013363299520137,0.0013363299520137,0.0359129041379961,0.0194174757281553,-0.008450873657935,6546.4800000000005,0.0072588627781646,6392.32,0.0315503604325191,6437.63,0.0242899949204908,5849.47,0.1272816169670072,0.024222910272202,0.0231708695099405,0.0174015251537471,64.57105435494432,6437.63,6824.067031569621,6051.19296843038,0.7023227424204922,183.5571428571428,0.0278369946704796,0.0194174757281553,-0.008450873657935,0.2269276570407861,165631.4,1.109004693554483,0.1904008917346051,0.3205915,0
2020-08-07,6510.0,6552.6,6360.4,6512.4,182733.0,-0.0123748862602366,-0.0123748862602366,0.0124685177699697,0.0638395190799789,-0.0168181406443431,6562.52,-0.0076373100577217,6431.4,0.0125944584382871,6432.06,0.0124905551254186,5868.1466666666665,0.1097882125191145,0.0156648026658921,0.0233192405739871,0.0175227868306555,56.079234972677575,6432.06,6810.323424779921,6053.796575220078,0.6061958343537218,188.8,0.0289908482279958,0.0638395190799789,-0.0168181406443431,0.2078341184762044,163337.2,1.1187469847652585,-0.0051882016049127,0.69131446,1
2020-08-10,6475.0,6602.4,6441.0,6556.0,163291.0,0.0066949204594313,0.0066949204594313,-0.0034353813881373,0.0706470261619363,-0.0382866363503007,6558.0,-0.0003049710277523,6474.66,0.0125628218315712,6419.01,0.0213412971782251,5888.179999999999,0.1134170490711901,0.0155215007681979,0.0223305720672784,0.01747532409957,56.3401799354948,6419.01,6757.247399656272,6080.772600343728,0.7025056959094612,192.95714285714283,0.0294321450361718,0.0706470261619363,-0.0382866363503007,0.2245050429585355,164442.0,0.9930005716301188,-0.1063956701854618,0.28279513,0
2020-08-11,6576.2,6602.0,6383.0,6413.4,155159.0,-0.0217510677242221,-0.0217510677242221,-0.0197175348495964,0.0402582235774995,-0.0417177180766817,6532.2,-0.0181868283273629,6499.48,-0.0132441364539932,6405.05,0.001303658831703,5906.17,0.0858813749011626,0.0179835977573374,0.0224803369087514,0.0177548407284885,48.33280905945264,6405.05,6717.831716385702,6092.2682836142985,0.5133479669088182,192.45714285714283,0.0300085980692211,0.0402582235774995,-0.0417177180766817,0.2023622047244093,167835.0,0.9244734411773468,-0.04980066262072,0.2976847,0
2020-08-12,6405.2,6408.8,6210.6,6339.2,176419.0,-0.0115695263043003,-0.0115695263043003,-0.0373564963858349,-0.0118468636987155,-0.0316805670118841,6483.0,-0.0221810890020053,6491.879999999999,-0.0235186109416686,6394.68,-0.0086759618933238,5923.143333333334,0.0702425457653956,0.0131479634085328,0.0221160502738912,0.0178429867802713,45.154515451545166,6394.68,6701.395363334129,6087.964636665872,0.4095578398862892,190.8428571428571,0.0301051957885627,-0.0118468636987155,-0.0316805670118841,0.1913997895053374,172257.6,1.024158005220089,0.1370207335700797,0.8272589,1
2020-08-13,6378.0,6397.6,6316.8,6356.4,145507.0,0.00271327612317,0.00271327612317,-0.0360327570518653,-0.0014138938637006,0.0234759926577141,6435.48,-0.0122881276921068,6490.98,-0.0207333869461929,6401.969999999999,-0.00711812145324,5939.42,0.0702055082819534,0.0129755001519204,0.0187346954464021,0.0178120055887704,61.69788760462329,6401.969999999999,6696.970453879983,6106.969546120015,0.422762830699679,169.37142857142857,0.0266458102969335,-0.0014138938637006,0.0234759926577141,0.1815309119298114,164621.8,0.8838865812425816,-0.1752192224193539,0.8244032,1
2020-08-14,6345.0,6513.8,6338.4,6510.6,170902.0,0.0242590145365302,0.0242590145365302,-0.0002763957987838,0.0121886757252573,0.0436999038153254,6435.120000000001,0.0117293849998134,6498.82,0.0018126367555957,6415.6,0.0148076563376768,5959.016666666666,0.0925628109783214,0.0148193004482941,0.0194196895674581,0.0179583948176551,66.74740484429063,6415.6,6703.813663432869,6127.386336567131,0.6648082864435875,172.6857142857143,0.0265237788046745,0.0121886757252573,0.0436999038153254,0.2204018894803929,162255.6,1.053288761682185,0.1745276859532532,0.7489865,1
2020-08-17,6510.0,6610.2,6462.0,6588.2,161449.0,0.011919024360274,0.011919024360274,0.0049115314215986,0.001459277049828,0.0342543171114599,6441.56,0.0227646719117728,6499.780000000001,0.0136035373504947,6426.51,0.0251598457016326,5980.9766666666665,0.1015257820211079,0.0134047927025826,0.0190543467890714,0.0178736165808468,67.74626615203888,6426.51,6723.83124678434,6129.188753215661,0.7719112773620256,174.91428571428574,0.0265496320260899,0.001459277049828,0.0342543171114599,0.2499905134140323,161887.2,0.9972931769775496,-0.0553124012592012,0.60455656,1
2020-08-18,6603.8,6653.6,6590.4,6613.6,130281.0,0.0038553777966667,0.0038553777966667,0.0312158917266973,0.0108828564441185,0.0323104298691974,6481.6,0.0203653418908911,6506.9,0.0163979775315434,6436.860000000001,0.0274574870356043,6004.626666666667,0.1014173515089476,0.013286507319956,0.0190387377716857,0.0177114076856138,60.25641025641025,6436.860000000001,6745.460729268715,6128.259270731286,0.7863570679479879,161.08571428571435,0.0243567367675266,0.0108828564441185,0.0323104298691974,0.2731682901474608,156911.6,0.8302827834271016,-0.1930516757613859,0.3413051,0
2020-08-19,6607.0,6613.8,6470.6,6479.2,153547.0,-0.0203217612193057,-0.0203217612193057,0.0220848056537101,-0.0160967016947093,0.0036246476037051,6509.6,-0.0046700258080374,6496.3,-0.0026322675984792,6438.030000000001,0.0063948133202236,6026.263333333334,0.0751604504505001,0.0147167611352573,0.0196021465189318,0.0179722571557398,55.409773721239766,6438.030000000001,6747.110136772469,6128.949863227533,0.5666008505591978,163.1857142857143,0.0251860899934736,-0.0160967016947093,0.0036246476037051,0.2505693881490058,152337.2,1.0079415927298123,0.1785832162786591,0.22911395,0
2020-08-20,6428.2,6505.8,6394.2,6424.8,167621.0,-0.0083960982837386,-0.0083960982837386,0.0107608080045309,-0.0256596906278434,-0.0067404613196462,6523.280000000001,-0.0150966998197226,6479.38,-0.0084236454722519,6435.85,-0.0017169449256897,6045.56,0.0627303343280025,0.0148279807651634,0.0196944069507615,0.0179624241840075,49.64402539926883,6435.85,6744.643124412009,6127.056875587992,0.4821077622420493,154.01428571428576,0.0239718412579824,-0.0256596906278434,-0.0067404613196462,0.2198215302828934,156760.0,1.069284256187803,0.0916592313754094,0.7040803,1
2020-08-21,6475.6,6522.4,6385.2,6430.0,170984.0,0.0008093637156019,0.0008093637156019,-0.0123798113845114,-0.0126527854554387,0.0503789858860428,6507.16,-0.0118577075098813,6471.14,-0.0063574578822278,6451.27,-0.0032970252368912,6065.660000000001,0.0600660109534658,0.0144329970477323,0.0151556077360732,0.0179011160039014,41.72790024493432,6451.27,6722.506273773336,6180.033726226663,0.4607906425934494,152.45714285714288,0.0237102866029771,-0.0126527854554387,0.0503789858860428,0.2308575803981623,156776.4,1.090623333613988,0.0200631185829938,0.63913494,1
2020-08-24,6448.4,6496.6,6376.8,6444.8,137515.0,0.0023017107309486,0.0023017107309486,-0.0217661880331501,-0.0169615619280047,0.0524871803246562,6478.48,-0.0051987503241499,6460.02,-0.0023560298574927,6467.339999999999,-0.0034852041179216,6086.306666666667,0.0589016217826683,0.0142321683592557,0.0151463940762307,0.0178779977569801,44.43430656934311,6467.339999999999,6690.631892043907,6244.048107956091,0.4495279479391781,153.62857142857152,0.0238376010781671,-0.0169615619280047,0.0524871803246562,0.237956204379562,151989.6,0.9047658524004274,-0.1957434613765031,0.40896973,0
2020-08-25,6464.8,6542.4,6398.4,6424.4,135237.0,-0.0031653426017875,-0.0031653426017875,-0.0286077174307488,0.0017151588860822,0.0420424317134886,6440.64,-0.002521488547722,6461.12,-0.0056832251993462,6480.3,-0.0086261438513649,6106.073333333334,0.0521327945619169,0.0124074575787727,0.0151668268968496,0.0178968063591575,40.58988764044946,6480.3,6654.430961000227,6306.169038999773,0.3394886248863934,153.12857142857152,0.0238354665694183,0.0017151588860822,0.0420424317134886,0.2264050091631033,152980.8,0.8840128957359356,-0.0165654655855724,0.30143073,0
2020-08-26,6424.0,6450.4,6294.4,6338.4,132179.0,-0.0133864641055974,-0.0133864641055974,-0.0217310779108532,-0.0001261988894497,-0.0119715675271231,6412.48,-0.0115524726782773,6461.04,-0.0189814642843877,6476.46,-0.021317201063544,6121.046666666666,0.0355091776243061,0.0126112487238359,0.0125532174936815,0.0174280843967614,36.28166595105196,6476.46,6659.780397119131,6293.1396028808695,0.1234461571936202,149.88571428571433,0.0236472476154414,-0.0001261988894497,-0.0119715675271231,0.1651470588235293,148707.2,0.8888540702803899,-0.0226121549575929,0.7281203,1
2020-08-27,6353.0,6410.4,6312.2,6407.2,125477.0,0.0108544743152847,0.0108544743152847,-0.0027393848835761,0.007991945126172,0.0065667515002985,6408.96,-0.0002746155382464,6466.12,-0.009112110508311,6478.55,-0.0110132668575531,6137.240000000001,0.0439871994577365,0.0130565633323493,0.0126780833802529,0.0174533050434552,44.27514148889859,6478.55,6657.438680468931,6299.661319531069,0.3005743018144954,140.21428571428572,0.0218838627972102,0.007991945126172,0.0065667515002985,0.1787475163735372,140278.4,0.8944855373314781,-0.0507039696169587,0.63864684,1
2020-08-28,6389.6,6562.8,6351.4,6562.0,157461.0,0.0241603196404045,0.0241603196404045,0.0205287713841368,0.007894817681934,0.0201797207798264,6435.36,0.0196787747693991,6471.26,0.0140219988070329,6485.039999999999,0.0118673130774831,6156.22,0.0659138237424912,0.0130369441149031,0.0135863020451685,0.0176530717944014,50.29126213592233,6485.039999999999,6666.25152978282,6303.828470217178,0.7123485191373752,143.78571428571436,0.0219118735577132,0.007894817681934,0.0201797207798264,0.2099867237055612,137573.8,1.1445565943515408,0.254899304254963,0.22418903,0
2020-08-31,6599.4,6620.2,6483.0,6483.2,136183.0,-0.0120085339835416,-0.0120085339835416,0.0059582919563057,-0.0159375853799216,-0.0145015656826681,6443.04,0.0062330825200527,6460.76,0.0034732755898685,6480.27,0.0004521416545915,6173.873333333334,0.0501025288284717,0.0129779642574926,0.0128727939785694,0.0177597152122246,53.61208859449389,6480.27,6656.053085228775,6304.486914771224,0.5083341352104129,137.9428571428572,0.0212769708080665,-0.0159375853799216,-0.0145015656826681,0.1952802359882006,137307.4,0.9918110750039691,-0.1351318739243368,0.6847187,1
2020-09-01,6498.2,6555.2,6475.8,6549.8,113579.0,0.0102727048371176,0.0102727048371176,0.0195193325446734,-0.0096467884359502,0.001131083394473,6468.12,0.0126280897695156,6454.38,0.0147837592456594,6480.639999999999,0.0106717855026665,6192.333333333333,0.0577272971954567,0.0134248005811868,0.0130420972087477,0.0177836193547444,60.98476945545586,6480.639999999999,6657.00391085635,6304.276089143649,0.6960718597818238,129.12857142857152,0.0197148876955894,-0.0096467884359502,0.001131083394473,0.2035206350373011,132975.8,0.854132857256734,-0.1659825382022719,0.24443963,0
2020-09-02,6567.8,6569.0,6443.2,6509.8,143435.0,-0.0061070567040214,-0.0061070567040214,0.0270415246749968,0.0047228052846031,-0.0114499179979347,6502.4,0.0011380413385828,6457.4400000000005,0.0081084764240937,6476.87,0.0050842459397826,6210.509999999999,0.0481908893150484,0.0117916546316114,0.0130218456983325,0.0177986692564741,57.81536580395354,6476.87,6646.933976815908,6306.806023184092,0.5968165058131228,132.3428571428572,0.020329788494709,0.0047228052846031,-0.0114499179979347,0.201247416592855,135227.0,1.0606979375420589,0.2628654945016244,0.15216568,0
2020-09-03,6502.8,6535.8,6436.8,6485.2,137457.0,-0.0037789179391072,-0.0037789179391072,0.0121738044699712,0.0094010708504543,-0.0164998483469821,6518.0,-0.0050322184719239,6463.4800000000005,0.0033604188455753,6471.429999999999,0.0021278140998204,6227.759999999999,0.0413374953434302,0.0114896832297385,0.0130342075103171,0.0178182613854963,48.50903968067619,6471.429999999999,6632.437631070933,6310.422368929066,0.542761948326331,126.88571428571431,0.0195654280956199,0.0094010708504543,-0.0164998483469821,0.1899012880261275,137623.0,0.9987938062678476,-0.0416774148569037,0.19444273,0
2020-09-04,6406.6,6475.2,6371.2,6463.8,134465.0,-0.0032998211311909,-0.0032998211311909,-0.0149649497104541,0.0052566096423016,-0.007462686567164,6498.36,-0.005318264916071,6466.86,-0.0004731817296182,6469.0,-0.0008038336682639,6244.803333333333,0.0350686250594494,0.0115702671140586,0.0127634019920274,0.0178269158961145,42.18200100553046,6469.0,6628.867050026348,6309.132949973652,0.4837364860390468,124.4428571428572,0.019252275309084,0.0052566096423016,-0.007462686567164,0.1879364845989855,133023.8,1.010834151482667,-0.0217668070742123,0.26111627,0
2020-09-07,6473.2,6513.2,6287.2,6306.6,148894.0,-0.0243200594077787,-0.0243200594077787,-0.0272396347482724,-0.0214436444885799,-0.0380414887126295,6463.04,-0.0242053275238895,6453.039999999999,-0.0226931802685244,6456.530000000001,-0.0232214517705331,6259.303333333333,0.0075562189828368,0.0139492965659621,0.0137176308050962,0.0181677743825742,33.44835022643953,6456.530000000001,6626.417109265696,6286.642890734305,0.0587363848615588,135.91428571428574,0.0215511187825905,-0.0214436444885799,-0.0380414887126295,0.1600264871426995,135566.0,1.0983137364825988,0.107306734094374,0.71930665,1
2020-09-08,6332.4,6401.8,6285.8,6374.8,140113.0,0.0108140678019852,0.0108140678019852,-0.026718373080094,-0.0077205653446235,-0.0060186484547977,6428.04,-0.0082824624613412,6448.08,-0.0113646232677013,6454.6,-0.012363275803303,6274.616666666667,0.0159664468214526,0.0145171275706013,0.0131518738882075,0.018198106328984,43.93869019972134,6454.6,6627.402192968304,6281.797807031697,0.2691001525234186,133.9714285714286,0.0210157853691768,-0.0077205653446235,-0.0060186484547977,0.1684017595307918,140872.8,0.9946064818758484,-0.0589748411621691,0.40580973,0
2020-09-09,6320.4,6330.4,6150.0,6207.0,169671.0,-0.0263223944280605,-0.0263223944280605,-0.0465144858520999,-0.0207307837940173,-0.0208543664815749,6367.4800000000005,-0.025203063064195,6434.9400000000005,-0.0354222416992233,6447.99,-0.0373744376154429,6287.723333333333,-0.0128382451093851,0.0162483131234442,0.0141943527065834,0.018545783207964,38.826185101580144,6447.99,6647.437973957391,6248.542026042609,-0.1041425120003571,142.05714285714288,0.022886602683606,-0.0207307837940173,-0.0208543664815749,0.1450761908275835,146120.0,1.1611757459622227,0.21095829794523,0.23149581,0
2020-09-10,6252.4,6263.4,6076.6,6103.6,167172.0,-0.016658611245368,-0.016658611245368,-0.0588416702646024,-0.0473841927831188,-0.0397709395255174,6291.160000000001,-0.0298132617832006,6404.58,-0.0469944945648269,6435.35,-0.0515511976815558,6297.216666666666,-0.0307463879544664,0.0161639740015462,0.0145862330719534,0.0185453075264685,34.78747203579421,6435.35,6684.969900522298,6185.730099477702,-0.1645103201023942,145.59999999999997,0.023854774231601,-0.0473841927831188,-0.0397709395255174,0.1029273581496206,152063.0,1.0993601336288248,-0.0147285039871279,0.8832342,1
2020-09-11,6113.2,6178.2,6081.0,6156.0,152235.0,0.0085850973196146,0.0085850973196146,-0.0476190476190476,-0.061871380676623,-0.0544650262648603,6229.6,-0.0118145627327598,6363.9800000000005,-0.0326808066650116,6417.62,-0.040765891405225,6307.466666666666,-0.0240138671627276,0.0136219187431362,0.0134847903952874,0.0185657695693824,36.9956772334294,6417.62,6693.705323195805,6141.5346768041945,0.0261971969903419,143.98571428571424,0.0233894922491413,-0.061871380676623,-0.0544650262648603,0.1109907958852192,155617.0,0.97826715590199,-0.0893510875026918,0.799497,1
2020-09-14,6198.6,6222.8,6121.4,6189.8,148269.0,0.0054905782975958,0.0054905782975958,-0.0185202803412298,-0.0452554294175715,-0.0604717525272456,6206.24,-0.0026489468663796,6334.64,-0.0228647563239584,6397.7,-0.0324960532691435,6317.996666666667,-0.0202907145144637,0.013925200512829,0.0131911679061417,0.0185709292456677,39.56219967965833,6397.7,6679.39712738839,6116.00287261161,0.1309866523534736,140.94285714285712,0.0227701795119159,-0.0452554294175715,-0.0604717525272456,0.1136739834472833,155492.0,0.9535474493864636,-0.0260518277662823,0.7512872,1
2020-09-15,6185.6,6215.0,6155.4,6204.8,138872.0,0.0024233416265468,0.0024233416265468,-0.0266675032942209,-0.0526733640721853,-0.0618120237087214,6172.24,0.005275232330564,6300.140000000001,-0.0151329970445103,6377.26,-0.0270429620244431,6327.85,-0.0194457833229295,0.013200295443791,0.0131556596089252,0.0185410841736241,43.65501519756842,6377.26,6652.24125026977,6102.278749730231,0.1864149831473807,134.05714285714288,0.0216053930597509,-0.0526733640721853,-0.0618120237087214,0.1053156619638022,155243.8,0.8945413601058465,-0.0633780493562377,0.3318468,0
2020-09-16,6194.6,6203.2,6129.6,6172.0,131527.0,-0.0052862300154719,-0.0052862300154719,-0.0056387949089737,-0.0518909951150573,-0.0474132608964069,6165.24,0.001096469886006,6266.360000000001,-0.0150581836983513,6361.9,-0.0298495732406984,6337.083333333333,-0.0260503649155104,0.0131973911548142,0.012534843419176,0.0185634905682545,38.4343036978757,6361.9,6647.037484843864,6076.762515156135,0.1670027441253734,132.41428571428574,0.0214540320340709,-0.0518909951150573,-0.0474132608964069,0.0986116055535777,147615.0,0.8910137858618704,-0.0528904314764675,0.7248502,1
2020-09-17,6148.2,6245.2,6096.6,6187.0,182035.0,0.0024303305249513,0.0024303305249513,0.0136640671079362,-0.0459816196879047,-0.0370128253019549,6181.92,0.0008217511711572,6236.540000000001,-0.0079435071369703,6350.01,-0.0256708257152351,6346.240000000001,-0.0250920229931425,0.0134177556595053,0.0124937431019932,0.0185623021167661,28.62029646522234,6350.01,6643.804499608023,6056.215500391978,0.2225781962945417,127.92857142857136,0.0206769955436514,-0.0459816196879047,-0.0370128253019549,0.0974528168014756,150587.6,1.2088312716319272,0.3840124080987173,0.7006034,1
2020-09-18,6203.6,6321.2,6163.8,6316.4,172073.0,0.020914821399709,0.020914821399709,0.0260558804418453,-0.0228039233887188,-0.0176671850699845,6214.0,0.0164789185709686,6221.8,0.0152046031695007,6344.33,-0.0044023561195587,6357.446666666667,-0.0064564704698008,0.0156762459690198,0.0134850921244128,0.0187266342515486,41.0090556274256,6344.33,6635.997879616403,6052.662120383597,0.4521201991170002,129.37142857142848,0.0204818296136135,-0.0228039233887188,-0.0176671850699845,0.1191353649893691,154555.2,1.1133433232916137,-0.05472573955558,0.29750535,0
2020-09-21,6334.0,6340.6,6228.4,6248.8,119241.0,-0.0107022987777847,-0.0107022987777847,0.009531810397751,-0.0091650017442045,-0.0304121151936445,6225.8,0.0036943043464294,6216.02,0.0052734708060784,6334.530000000001,-0.0135337586213973,6368.113333333333,-0.0187360568331592,0.0140473670569153,0.0136400616719379,0.0187689557124585,33.79280637518842,6334.530000000001,6625.1533525588775,6043.906647441124,0.3525066907989911,131.71428571428572,0.0210783327541745,-0.0091650017442045,-0.0304121151936445,0.1141064042219368,148749.6,0.8016223236902822,-0.3070324804007601,0.37606183,0
2020-09-22,6218.0,6294.2,6137.4,6168.8,130648.0,-0.0128024580719497,-0.0128024580719497,-0.0058019597730789,-0.0323147392859384,-0.0397858165743103,6218.6,-0.0080082333644229,6195.42,-0.0042967224175277,6321.75,-0.0241942500098865,6375.880000000001,-0.0324786539269874,0.013855944321781,0.0138719327408434,0.0187623191259434,32.39727441668384,6321.75,6618.155635999997,6025.344364000003,0.2419920854676301,133.92857142857142,0.0217106360116345,-0.0323147392859384,-0.0397858165743103,0.0817142456337238,147104.8,0.8881287354321545,0.0956634043659478,0.83772796,1
2020-09-23,6192.2,6223.8,6158.2,6199.0,104295.0,0.00489560368305,0.00489560368305,0.0043745949449125,-0.0012888674077654,-0.0219929319702132,6224.0,-0.004016709511568,6194.62,0.0007070651629963,6314.780000000001,-0.0183347638397538,6383.7733333333335,-0.0289442189885605,0.0113571877864779,0.0136787172769578,0.018764794220732,35.31102443030177,6314.780000000001,6616.053141325514,6013.506858674487,0.3078487855063968,131.54285714285717,0.0212200124444034,-0.0012888674077654,-0.0219929319702132,0.0827191113284662,141658.4,0.7362429619422498,-0.2017099381544302,0.35604784,0
2020-09-24,6160.2,6171.6,6015.0,6070.2,143852.0,-0.0207775447652847,-0.0207775447652847,-0.0188782931954097,-0.0054721803525789,-0.0525970782869271,6200.64,-0.0210365381638025,6191.280000000001,-0.0195565375818894,6297.93,-0.0361595000261991,6387.126666666666,-0.0496195994234235,0.0120774682853847,0.0140566982461661,0.018721878146799,31.8047337278106,6297.93,6614.7349780309605,5981.12502196904,0.1405832992028534,136.54285714285717,0.0224939634843756,-0.0054721803525789,-0.0525970782869271,0.0342818197307888,134021.8,1.0733477687958228,0.3792799271297762,0.79795843,1
2020-09-25,6100.8,6117.4,6043.8,6093.8,119049.0,0.0038878455405093,0.0038878455405093,-0.0352415933126463,-0.0101039636127354,-0.0713501981103321,6156.120000000001,-0.0101232594556311,6185.06,-0.0147549094107414,6274.52,-0.0288022031964197,6389.4400000000005,-0.0462700956578354,0.0117731134937907,0.0126896084628887,0.0186376240273604,38.77637130801685,6274.52,6578.081717300556,5970.958282699445,0.2023340070561832,125.65714285714284,0.020620490146894,-0.0101039636127354,-0.0713501981103321,0.0233081444164569,123417.0,0.9646077930917134,-0.1724202652726413,0.48875478,0
2020-09-28,6104.8,6109.2,6032.4,6051.4,118415.0,-0.006957891627556,-0.006957891627556,-0.0315900652925362,-0.0223593654076061,-0.066602912142152,6116.639999999999,-0.0106659865547097,6171.219999999999,-0.0194159339644348,6252.93,-0.0322296907209901,6385.916666666667,-0.0523835001500698,0.0116738469635822,0.0125634603361779,0.0174078280794152,32.46584255042288,6252.93,6555.41924539376,5950.44075460624,0.1668807187877662,122.85714285714286,0.0203022677160893,-0.0223593654076061,-0.066602912142152,-0.0337548700261864,123251.8,0.960756759739006,-0.0053255382237565,0.7454828,1
2020-09-29,6087.4,6165.4,6061.6,6104.4,140398.0,0.0087583038635687,0.0087583038635687,-0.0104396316949813,-0.0161810211449201,-0.0680020763992794,6103.76,0.0001048534018375,6161.179999999999,-0.0092157671095471,6230.660000000001,-0.0202643058680783,6381.736666666667,-0.0434578675292671,0.0121159763876892,0.0124812347086925,0.0173362996755051,43.64627198414662,6230.660000000001,6505.436114797301,5955.8838852027,0.2702493171701954,114.94285714285714,0.0188295093936926,-0.0161810211449201,-0.0680020763992794,-0.0394637462235649,125201.8,1.1213736543723811,0.1856437106785458,0.32004002,0
2020-09-30,6120.0,6135.0,5982.2,6042.0,132935.0,-0.0102221348535481,-0.0102221348535481,-0.0253266655912244,-0.0210628645495787,-0.0718608866631848,6072.36,-0.0049997035748867,6148.18,-0.0172701514919862,6207.27,-0.0266252313819117,6374.860000000001,-0.0522144800042668,0.0123820857030479,0.0125611665040532,0.0172489257304058,45.98121085594987,6207.27,6460.8198298371935,5953.7201701628055,0.1740877323677944,112.51428571428576,0.0186220267650257,-0.0210628645495787,-0.0718608866631848,-0.0639234034641961,130929.8,1.0153150772398645,-0.0531560278636448,0.73413867,1
2020-10-09,6173.8,6243.4,6172.0,6204.8,116696.0,0.0269447202912942,0.0269447202912942,0.0221738987183288,0.0028770001616291,-0.0432369086535495,6099.28,0.0173004026704792,6149.960000000001,0.0089171311683327,6193.25,0.0018649335970613,6367.4366666666665,-0.025541937074626,0.0154227073570539,0.0143021498215183,0.0171509238928424,52.78284671532848,6193.25,6410.50343434981,5975.99656565019,0.5265818582674348,119.9571428571429,0.019332958815295,0.0028770001616291,-0.0432369086535495,-0.0669754293103965,125498.6,0.9298589785065332,-0.1221574453680369,0.5944393,1
2020-10-12,6280.8,6415.4,6277.4,6415.0,133020.0,0.0338769984528106,0.0338769984528106,0.0527093111030883,0.0156101576847571,-0.0075497385438906,6163.52,0.0408013602616688,6159.820000000001,0.0414265351909632,6190.81,0.0362133549567829,6363.956666666667,0.0080206915299547,0.0177136076690544,0.0164012812205557,0.0177264968088852,60.69122673756171,6190.81,6396.032445679003,5985.587554320996,1.0462121827323527,127.75714285714282,0.0199153769068032,0.0156101576847571,-0.0075497385438906,-0.0315226909025031,128292.8,1.036846962573114,0.1398848289572907,0.13360661,0
2020-10-13,6389.6,6418.2,6340.4,6407.6,118363.0,-0.0011535463756819,-0.0011535463756819,0.0588624120038339,0.0254128792728203,0.0160149684457553,6234.76,0.0277219973182609,6175.7,0.0375503991450363,6195.86,0.0341744326049977,6357.133333333333,0.0079385886720431,0.0172218972544293,0.0153994487693651,0.0172969170756078,59.69778117827086,6195.86,6417.401360282305,5974.318639717694,0.9778791638053156,129.0571428571428,0.0201412608241998,0.0254128792728203,0.0160149684457553,-0.0600557429954524,128282.4,0.9226752851521332,-0.1101864381296046,0.23042127,0
2020-10-14,6390.0,6403.2,6353.0,6377.6,98878.0,-0.0046819401960171,-0.0046819401960171,0.0447546032370094,0.0338477499675788,0.0004392294660224,6289.4,0.0140235952555094,6196.58,0.0292128883997302,6196.0,0.0293092317624275,6351.883333333333,0.0040486679803628,0.0165925340799778,0.0152639844438613,0.0171541551171061,59.85807441503646,6196.0,6418.020501661084,5973.979498338916,0.9089712405866324,127.58571428571427,0.0200052863594007,0.0338477499675788,0.0004392294660224,-0.0470669097211845,119978.4,0.8241316770351997,-0.1646207007257335,0.31729907,0
2020-10-15,6372.2,6377.2,6315.8,6329.4,122493.0,-0.0075577019568491,-0.0075577019568491,0.0475670307845084,0.0210356509114373,0.019719671338811,6346.88,-0.0027541091055763,6209.620000000001,0.0192894251178008,6202.12,0.0205220150529172,6348.263333333333,-0.0029714163296103,0.0169363393408923,0.0140833630611617,0.0169536836952473,56.6171003717472,6202.12,6432.025111776569,5972.214888223431,0.7768098521526032,121.38571428571431,0.0191780760081073,0.0210356509114373,0.019719671338811,-0.0331775272660619,117890.0,1.0390448723386208,0.2388296688848885,0.20377196,0
2020-10-16,6326.6,6345.4,6236.6,6287.4,135333.0,-0.006635700066357,-0.006635700066357,0.013312274368231,0.0357813581101116,0.0301133757126941,6363.4,-0.0119433007511707,6231.34,0.0089964598304697,6211.31,0.0122502338476102,6349.543333333333,-0.0097870555520266,0.0153163962319845,0.0135889372705868,0.0156076367619195,48.53327938498887,6211.31,6439.319731094151,5983.300268905848,0.6668569135950174,117.91428571428573,0.0187540614108034,0.0357813581101116,0.0301133757126941,0.0123659549801951,121617.4,1.112776625713097,0.1048223163772623,0.2724948,0
2020-10-19,6334.0,6364.2,6158.0,6199.8,143892.0,-0.0139326271590799,-0.0139326271590799,-0.0335463756819952,0.0173947290688896,0.0071150097465886,6320.360000000001,-0.0190748628242695,6241.9400000000005,-0.0067511062265898,6213.5,-0.0022048764786352,6348.906666666666,-0.0234854085112815,0.0162883875143797,0.0139063797552687,0.0157055903446735,47.57089034304977,6213.5,6440.1100011727685,5986.889998827232,0.4697718548848272,124.62857142857138,0.0201020309410902,0.0173947290688896,0.0071150097465886,-0.00612375761462,123791.8,1.162371013265822,0.0632439981379264,0.70250046,1
2020-10-20,6191.6,6270.4,6174.0,6266.8,95492.0,0.0108068002193619,0.0108068002193619,-0.0219739059866408,0.0355950689096737,0.0124398203496074,6292.2,-0.0040367439051524,6263.4800000000005,0.0005300567735506,6217.35,0.0079535493417612,6347.186666666666,-0.0126649287138236,0.016190221923595,0.01405786886499,0.0155252087412014,54.92165528324628,6217.35,6444.879149086779,5989.820850913222,0.608667395361154,120.31428571428562,0.0191986796633506,0.0355950689096737,0.0124398203496074,-0.0162009419152275,119217.6,0.8009891157010374,-0.3363633836488477,0.15847616,0
2020-10-21,6261.8,6262.0,6145.6,6204.2,119906.0,-0.009989149167039,-0.009989149167039,-0.0271889111891621,0.01634886311513,-9.669932955136408e-05,6257.52,-0.0085209475958526,6273.46,-0.0110401596567125,6217.32,-0.0021102339914946,6343.8133333333335,-0.0220077934197308,0.0166091726416707,0.0142509800845882,0.0155567370525656,50.25291828793774,6217.32,6444.856274493693,5989.783725506307,0.4711694321505568,124.28571428571416,0.0200325125375897,0.01634886311513,-9.669932955136408e-05,-0.0315924203165486,123423.2,0.9715029265162466,0.2556653960541197,0.47717234,0
2020-10-22,6168.4,6193.8,6106.4,6174.8,111590.0,-0.0047387253795815,-0.0047387253795815,-0.0244256959585426,0.0219794769943728,0.0004536616979908,6226.6,-0.008319146885941,6286.74,-0.0178057307921115,6217.46,-0.0068613227909789,6339.13,-0.0259231156325867,0.0162569467909889,0.0142406296035267,0.015529795918524,55.63213439586476,6217.46,6444.882281924468,5990.037718075532,0.4062097178011603,118.1285714285713,0.0191307526443886,0.0219794769943728,0.0004536616979908,-0.0435267511385111,121242.6,0.9203860689229691,-0.0693543275565859,0.42154995,0
2020-10-23,6186.2,6231.0,6073.8,6090.4,119257.0,-0.0136684588974542,-0.0136684588974542,-0.0313325062824061,-0.0184373388344508,-0.0156133828996283,6187.2,-0.0156452029997414,6275.3,-0.0294647267859704,6212.629999999999,-0.0196744373960785,6332.83,-0.0382814634215666,0.0143789461981463,0.014554583451625,0.0156165929767038,49.82817869415805,6212.629999999999,6446.779795508741,5978.480204491258,0.2389918711343988,124.09999999999992,0.0203763299619072,-0.0184373388344508,-0.0156133828996283,-0.0584379444684929,118027.4,1.0104179199067336,0.0687068733757505,0.87088615,1
2020-10-26,6038.4,6121.4,5993.0,6097.0,122026.0,0.0010836726651779,0.0010836726651779,-0.0165811800380657,-0.0495713172252533,-0.0347349756190233,6166.639999999999,-0.0112930218076617,6243.5,-0.0234644029790982,6201.66,-0.0168761267144602,6332.42,-0.0371769402534891,0.0073850582273965,0.0136530789081169,0.0139989003473371,52.39093959731545,6201.66,6435.897561822107,5967.422438177893,0.2765943276008726,127.78571428571416,0.0209587853511094,-0.0495713172252533,-0.0347349756190233,-0.0040185572399373,113654.2,1.0736602782827207,0.0232187628399171,0.41730902,0
2020-10-27,6095.6,6109.2,6050.0,6090.6,95537.0,-0.0010496965720845,-0.0010496965720845,-0.0281164230548286,-0.049472501404582,-0.0253168608372806,6131.4,-0.0066542714551325,6211.8,-0.0195112527769728,6193.75,-0.0166538849646821,6331.873333333333,-0.0381045735806463,0.007391211641736,0.0134868920498344,0.0139995435444762,49.23925027563401,6193.75,6431.936194305716,5955.563805694284,0.2834677188141202,123.87142857142842,0.0203381322975451,-0.049472501404582,-0.0253168608372806,-0.0053565012901327,113663.2,0.8405271011197996,-0.217076688574566,0.7145182,1
2020-10-28,6092.6,6138.0,6031.6,6130.4,117349.0,0.0065346599678191,0.0065346599678191,-0.0118951677895619,-0.0387606623181134,-0.0062248735572559,6116.64,0.0022496010881789,6187.08,-0.0091610258797365,6191.83,-0.0099211380157401,6331.293333333333,-0.0317302204710149,0.0082519465630124,0.013302895602775,0.0139971861573205,54.99773857982812,6191.83,6431.477610593352,5952.182389406647,0.3718326465932553,120.55714285714268,0.0196654611211572,-0.0387606623181134,-0.0062248735572559,-0.005644585739311,113151.8,1.037093532758648,0.2283094507886995,0.5724755,1
2020-10-29,6082.8,6180.2,6074.6,6146.4,128659.0,0.0026099438862063,0.0026099438862063,-0.0045993392498543,-0.0289126931462697,-0.0084852395547669,6110.96,0.005799416131017,6168.78,-0.00362794588233,6189.2,-0.0069152717637174,6326.813333333334,-0.0285156719233065,0.0083786293052766,0.0132663230569098,0.0129523027475172,46.04121475054227,6189.2,6429.669400613726,5948.730599386274,0.4110073882773317,113.71428571428552,0.0185009575872519,-0.0289126931462697,-0.0084852395547669,-0.0419004863449308,116565.6,1.1037475893402513,0.0963791766440276,0.3684922,0
2020-10-30,6147.8,6157.2,5983.6,5989.0,140577.0,-0.0256084862683846,-0.0256084862683846,-0.0166491527650071,-0.0474599993638069,-0.0133768244868373,6090.68,-0.016694359250527,6138.94,-0.0244244120320445,6185.14,-0.031711489149801,6320.54,-0.0524543788980055,0.0110434229527667,0.0136950191657129,0.0133185709194081,18.896028037383147,6185.14,6436.561494705497,5933.718505294503,0.1099378849255724,111.07142857142836,0.0185459055888175,-0.0474599993638069,-0.0133768244868373,-0.059132183366324,120829.6,1.163431808100002,0.092632462556059,0.77495337,1
2020-11-02,6008.4,6062.2,5997.2,6029.0,115071.0,0.0066789113374519,0.0066789113374519,-0.0111530260783991,-0.0275492757830898,-0.010633758902491,6077.08,-0.0079116944321944,6121.86,-0.0151685925519368,6181.9,-0.0247334961743153,6313.820000000001,-0.0451105669784696,0.0110719570365825,0.0137570729851961,0.0132721374559689,23.6130471145804,6181.9,6439.862624791694,5923.937375208306,0.2036392381968762,110.74285714285692,0.0183683624386891,-0.0275492757830898,-0.010633758902491,-0.0626846180156089,119438.6,0.9634322572434708,-0.1814379308137177,0.6812316,1
2020-11-03,6053.6,6146.2,6042.8,6120.8,124714.0,0.0152264057057556,0.0152264057057556,0.0049584605785963,-0.0232973766515606,0.0114684205307864,6083.12,0.0061941898236432,6107.26,0.002217033497837,6185.37,-0.0104391491535671,6306.1900000000005,-0.0293980993278033,0.0117405478376018,0.014094524273247,0.0130778244688851,33.52156057494865,6185.37,6437.747971346547,5932.9920286534525,0.3720767909031632,115.21428571428544,0.0188234031032357,-0.0232973766515606,0.0114684205307864,-0.0695892743136837,125274.0,0.9955297986812908,0.0838004362524007,0.2372001,0
2020-11-04,6118.2,6149.4,6050.6,6109.6,129808.0,-0.0018298261665141,-0.0018298261665141,-0.0033929270520682,-0.015247735405048,0.0008518445711291,6078.960000000001,0.005040335846921,6097.8,0.0019351241431335,6185.63,-0.0122913914993298,6298.9766666666665,-0.0300646718805646,0.0114254867227749,0.0139728214498667,0.0130655404076256,35.192670439234746,6185.63,6437.667232838301,5933.592767161699,0.3491691105639575,117.85714285714252,0.0192904842963766,-0.015247735405048,0.0008518445711291,-0.0661530936659329,127765.8,1.0159839331025986,0.0408454543996663,0.561844,1
2020-11-05,6177.4,6245.4,6133.0,6234.0,146352.0,0.0203613984548907,0.0203613984548907,0.0142522452167122,0.0095873550560341,0.0317775571002978,6096.4800000000005,0.022557278954413,6103.719999999999,0.021344360488358,6195.2300000000005,0.0062580404601604,6293.123333333333,-0.0093949109530666,0.0132418055375028,0.0144452548345633,0.0133210629284027,46.76206645646376,6195.2300000000005,6438.71350079182,5951.746499208181,0.5796152508772007,119.78571428571396,0.0192149044410834,0.0095873550560341,0.0317775571002978,-0.0533317135394521,131304.4,1.1146008816155435,0.1274497719709109,0.14395905,0
2020-11-06,6221.4,6221.8,6119.4,6189.8,133141.0,-0.0070901507860121,-0.0070901507860121,0.033528134914009,0.0163207671088927,-0.0024174832387828,6136.64,0.008662720967826,6113.66,0.0124540782444559,6194.4800000000005,-0.0007555113584998,6286.386666666666,-0.0153644170790214,0.0125769753536066,0.0132669674554226,0.0133422828861218,49.3599590373784,6194.4800000000005,6437.931787942864,5951.028212057137,0.4903882406460316,113.24285714285686,0.0182950753082259,0.0163207671088927,-0.0024174832387828,-0.0612981498331816,129817.2,1.0256036950419514,-0.0902686673226194,0.6209438,1
2020-11-09,6252.6,6351.8,6250.4,6283.0,141316.0,0.0150570293062779,0.0150570293062779,0.0421297064189749,0.0305068066262095,-0.020576773187841,6187.4400000000005,0.0154441901658843,6132.26,0.0245814756712858,6187.88,0.0153719852356541,6282.5633333333335,6.950453875242957e-05,0.0132596300892278,0.0112487766509563,0.0134145296768664,51.00322021302947,6187.88,6412.596051004135,5963.163948995865,0.7116448726625443,117.92857142857116,0.0187694686341829,0.0305068066262095,-0.020576773187841,-0.0352251090227871,135066.2,1.0462721243360662,0.0614010710449823,0.24798293,0
2020-11-10,6278.4,6283.4,6190.6,6231.8,128445.0,-0.0081489734203406,-0.0081489734203406,0.0181348843288458,0.0231832660164843,-0.027436169548661,6209.64,0.0035686448811846,6146.38,0.0138976112768816,6179.09,0.0085303823054851,6277.160000000001,-0.0072261978346896,0.0136889397495189,0.0113626761271818,0.0134162957125995,51.733668341708565,6179.09,6380.123643688522,5978.056356311478,0.6310974596910456,115.89999999999972,0.0185981578356172,0.0231832660164843,-0.027436169548661,-0.0494508846857839,135812.4,0.945753112381491,-0.0910795663619122,0.36288354,0
2020-11-11,6230.0,6251.2,6154.0,6156.2,108024.0,-0.0121313264225425,-0.0121313264225425,0.0076273405787612,0.0042085345165079,-0.0347152533868541,6218.96,-0.0100917195158033,6148.96,0.0011774348832973,6168.02,-0.0019163361986503,6272.873333333333,-0.018599663524743,0.0143175308480418,0.0115980412339561,0.0132171537339031,48.895749228211805,6168.02,6346.100899415939,5989.93910058406,0.4668128360796517,115.85714285714252,0.0188195872221731,0.0042085345165079,-0.0347152533868541,-0.0401035332273053,131455.6,0.8217527438922343,-0.1589863365642881,0.77008957,1
2020-11-12,6186.2,6209.2,6146.8,6173.0,103458.0,0.0027289561742633,0.0027289561742633,-0.0097850497273018,0.004327736561239,-0.0247100831042436,6206.76,-0.0054392307741881,6151.620000000001,0.0034755072647529,6160.2,0.0020778546151098,6270.103333333333,-0.0154867197829274,0.01431951736755,0.011552651766716,0.0131446529290867,55.331784146656375,6160.2,6321.375994033169,5999.02400596683,0.53970814660329,109.08571428571396,0.0176714262572029,0.004327736561239,-0.0247100831042436,-0.0262178192831902,122876.8,0.8419652855543113,-0.042268384803377,0.70380604,1
2020-11-13,6137.4,6180.8,6090.6,6175.2,140678.0,0.0003563907338408,0.0003563907338408,-0.0023587191831723,0.0310903322758389,-0.0178452142379997,6203.839999999999,-0.0046164955898281,6170.24,0.0008038585209002,6154.59,0.003348720223443,6267.083333333333,-0.0146612592247855,0.0110308684043456,0.0114846751285739,0.0131388397904187,55.07660347961568,6154.59,6304.544237229587,6004.635762770413,0.5687209657451852,106.35714285714252,0.0172232709640404,0.0310903322758389,-0.0178452142379997,-0.0285067019067396,124384.2,1.130995737400731,0.3597595159388351,0.7091228,1
2020-11-16,6188.4,6236.6,6162.4,6235.6,115935.0,0.0097810597227621,0.0097810597227621,-0.0075441667992995,0.0342677060872449,0.0057743798187037,6194.36,0.006657669234594,6190.9,0.0072202749196401,6156.38,0.01286795162092,6262.5,-0.0042954091816366,0.0111845954827346,0.0112838869722949,0.0128071034698981,58.79640863867995,6156.38,6309.429281364745,6003.330718635255,0.7588055275189568,107.42857142857116,0.0172282653519422,0.0342677060872449,0.0057743798187037,-0.0422388105550948,119308.0,0.9717286351292452,-0.1758839335219437,0.51516783,0
2020-11-17,6210.8,6214.0,6162.4,6203.0,109334.0,-0.00522804541664,-0.00522804541664,-0.004621457684778,0.0134296170435237,-0.010180634454586,6188.6,0.0023268590634391,6199.12,0.0006258952883635,6153.1900000000005,0.0080949881281091,6256.080000000001,-0.0084845462334242,0.0106451321189451,0.0110693096302351,0.0127131082701839,54.44308445532438,6153.1900000000005,6299.039033701046,6007.340966298955,0.6707587590264662,105.05714285714268,0.0169365053775822,0.0134296170435237,-0.010180634454586,-0.0584681703651983,115485.8,0.9467311132624098,-0.0569370768102815,0.81685233,1
2020-11-18,6205.8,6261.2,6180.6,6204.2,134790.0,0.0001934547799451,0.0001934547799451,0.0077970176407524,0.0154838287285581,0.0,6198.2,0.000968022974412,6208.58,-0.000705475326081,6153.1900000000005,0.0082900089222011,6249.256666666666,-0.0072099241669808,0.0105963421960701,0.0108394083177036,0.0126985551455928,53.60259286960859,6153.1900000000005,6299.039033701046,6007.340966298955,0.6748726018458143,103.2714285714284,0.0166454061073834,0.0154838287285581,0.0,-0.0619027458570219,120839.0,1.1154511374638982,0.2328278486106791,0.7642557,1
2020-11-19,6186.8,6250.8,6159.8,6245.0,130655.0,0.0065761903226846,0.0065761903226846,0.0116636967438845,0.0017645171639397,0.0113687892725269,6212.6,0.0052152078034961,6209.68,0.0056878937400961,6156.7,0.0143420988516576,6245.353333333333,-5.6575395253721794e-05,0.0085892697781162,0.0108712243283244,0.0124772096252821,68.66977829638272,6156.7,6308.01521647472,6005.38478352528,0.7917750179300455,97.37142857142842,0.015591902093103,0.0017645171639397,0.0113687892725269,-0.036146437831831,126278.4,1.0346583422026254,-0.0306773499517768,0.68936104,1
2020-11-20,6251.6,6310.4,6247.0,6294.0,113426.0,0.0078462770216172,0.0078462770216172,0.0192382432957636,0.0168341464990791,0.0334296597924603,6236.360000000001,0.0092425709869217,6220.1,0.0118808379286505,6166.88,0.0206133409438808,6243.173333333333,0.008141158983252,0.008476811584467,0.0104386186952062,0.012480005982018,69.07572703714368,6166.88,6326.577313690456,6007.182686309544,0.8980029377525992,96.81428571428556,0.0153819964592128,0.0168341464990791,0.0334296597924603,-0.020358610384759,120828.0,0.9387393650478366,-0.1318663656193792,0.6565086,1
2020-11-23,6294.6,6417.0,6258.2,6356.6,122094.0,0.0099459802986971,0.0099459802986971,0.0194047084482646,0.0117141492917396,0.042578317205183,6260.56,0.0153404807237693,6227.46,0.0207371865897172,6179.860000000001,0.0285993533834099,6241.95,0.0183676575429154,0.0077007387115997,0.0105980782101727,0.0125489042923417,67.71866546438233,6179.860000000001,6356.900707777824,6002.819292222177,0.9991507383200218,99.78571428571416,0.0156979697142677,0.0117141492917396,0.042578317205183,-0.0114152410575426,122059.8,1.0002801905295602,0.0764198684604939,0.22782056,0
2020-11-24,6363.0,6381.0,6332.2,6342.0,81505.0,-0.0022968253468835,-0.0022968253468835,0.0224085120103176,0.0176834943355048,0.0412767215052702,6288.36,0.0085300459897335,6238.4800000000005,0.0165937856657389,6192.43,0.0241536844179102,6240.236666666667,0.0163076079913635,0.0071118507270095,0.0106214795476083,0.0125479428030696,67.37440191387554,6192.43,6378.267020842819,6006.592979157182,0.9024225079633252,96.21428571428564,0.0151709690498715,0.0176834943355048,0.0412767215052702,-0.0159508440913604,116494.0,0.6996497673699933,-0.3324405785706095,0.13788177,0
2020-11-25,6357.2,6363.6,6234.4,6248.4,110476.0,-0.0147587511825922,-0.0147587511825922,0.0071242061829084,0.0149767713849451,0.0192483361607724,6297.2,-0.0077494759575684,6247.7,0.000112041231173,6198.33,0.008077982295231,6237.303333333332,0.0017790808100297,0.0077064625393507,0.0112025633135836,0.0126830604266073,51.128526645767984,6198.33,6383.365906614868,6013.294093385132,0.6352980643487078,95.74285714285718,0.0153227797744794,0.0149767713849451,0.0192483361607724,-0.0273955544486644,111631.2,0.9896516386099944,0.3554505858536285,0.23116922,0
2020-11-26,6249.0,6254.2,6192.6,6240.0,100242.0,-0.0013443441521028,-0.0013443441521028,-0.0008006405124099,0.0108537178033372,0.0152284263959392,6296.2,-0.0089260188685238,6254.4,-0.0023023791250958,6203.01,0.0059632339783426,6235.663333333333,0.0006954619636831,0.0077427007738817,0.0112077977888411,0.0125685781130756,54.16805048156756,6203.01,6387.248677006774,6018.771322993226,0.6003860877665761,91.95714285714284,0.0147367216117216,0.0108537178033372,0.0152284263959392,-0.0155244225672093,105548.6,0.9497236344205418,-0.0926355045439734,0.7268621,1
2020-11-27,6241.2,6271.0,6160.4,6268.8,108111.0,0.0046153846153846,0.0046153846153846,-0.004003813155386,0.0151574038087836,0.0467189848054767,6291.16,-0.0035541935032648,6263.76,0.0008046285298286,6217.0,0.0083319929226315,6233.356666666668,0.0056860749719118,0.0078136277081697,0.0093392261461256,0.0125013406762896,48.67980661956119,6217.0,6373.169354767069,6060.830645232931,0.6658455978039394,88.28571428571429,0.0140833515642091,0.0151574038087836,0.0467189848054767,-0.0216006992133849,104485.6,1.034697604263171,0.0785000299275753,0.30876026,0
2020-11-30,6270.8,6324.2,6193.8,6216.4,134198.0,-0.0083588565594692,-0.0083588565594692,-0.0220558160022654,-0.0030790942331132,0.0310830983579366,6263.12,-0.0074595409316762,6261.839999999999,-0.0072566529965631,6226.37,-0.0016012540212033,6227.596666666666,-0.0017979113397945,0.0077916555324387,0.0095728294790029,0.0121226599600551,48.57142857142853,6226.37,6355.127251813936,6097.612748186064,0.4612837340827697,90.9714285714286,0.0146341015010984,-0.0030790942331132,0.0310830983579366,-0.052666869856751,106906.4,1.2552849969693116,0.2412982952706015,0.46042055,0
2020-12-01,6221.2,6358.4,6214.8,6329.0,124927.0,0.0181133775175343,0.0181133775175343,-0.0020498265531377,0.0203127518942447,0.0340151614168082,6260.52,0.0109383885044693,6274.44,0.0086955967385138,6236.780000000001,0.0147864763547855,6225.026666666667,0.0167024719572821,0.0094621148623147,0.009808380227713,0.0122746078742302,64.99999999999994,6236.780000000001,6363.24453382561,6110.315466174391,0.8646081522237993,94.28571428571428,0.014897411010541,0.0203127518942447,0.0340151614168082,-0.0237845508390918,115590.8,1.0807694037933815,-0.069084487101149,0.3652819,0
2020-12-02,6326.8,6345.0,6281.2,6315.6,105987.0,-0.0021172381102859,-0.0021172381102859,0.0107547532168237,0.0179555784790947,0.0337174283095456,6273.96,0.0066369565633188,6285.58,0.0047760111238741,6247.08,0.0109683244011602,6221.123333333334,0.0151864320323713,0.009540466320524,0.0098140629441026,0.0121972372553449,62.45197345441843,6247.08,6363.0510599105655,6131.108940089434,0.7954185296436955,94.38571428571431,0.0149448531074979,0.0179555784790947,0.0337174283095456,-0.0357568170020458,114693.0,0.9240930135230572,-0.151608539387002,0.5217946,0
2020-12-03,6315.6,6348.8,6260.6,6335.0,108626.0,0.0030717588194311,0.0030717588194311,0.015224358974359,0.0144115292233786,0.0162014757779915,6292.96,0.0066804810454856,6294.58,0.0064213974562241,6252.13,0.0132546828041002,6218.210000000001,0.0187819324210662,0.0094099048474327,0.0087925289751917,0.0121837032633038,63.54696507290604,6252.13,6374.331646986663,6129.928353013337,0.8390707164897877,94.24285714285718,0.014876536249859,0.0144115292233786,0.0162014757779915,-0.0268518234047129,116369.8,0.9334552435425686,0.0248992801003897,0.47073114,0
2020-12-04,6314.6,6354.2,6273.6,6353.0,98248.0,0.0028413575374901,0.0028413575374901,0.013431597753956,0.0093740069907848,0.0263659568968301,6309.8,0.0068464927572982,6300.4800000000005,0.0083358728223881,6260.29,0.0148092181033148,6216.006666666667,0.0220388009021867,0.0091630438507016,0.0085993814870769,0.0121823835088182,60.72341980270363,6260.29,6386.690298133973,6133.889701866027,0.8667317299431365,94.69999999999996,0.0149063434597827,0.0093740069907848,0.0263659568968301,-0.0203848763338061,114397.2,0.858832209179945,-0.0955388212766741,0.29889396,0
2020-12-07,6352.4,6360.6,6269.4,6290.4,102300.0,-0.0098536124665512,-0.0098536124665512,0.0119039958818609,-0.0104143724632665,0.0011777813146585,6324.6,-0.0054074565980458,6293.86,-0.0005497421296311,6260.66,0.0047502978919156,6213.116666666667,0.0124387384753223,0.0091474296916441,0.0083066510822887,0.0122392556685069,57.568410114305465,6260.66,6387.383111338479,6133.936888661521,0.6173424471900945,95.98571428571424,0.0152590795952108,-0.0104143724632665,0.0011777813146585,-0.0268263250719391,108017.6,0.9470678852335176,0.0412425698233043,0.2927102,0
2020-12-08,6300.4,6326.4,6279.0,6289.6,94755.0,-0.0001271779219126,-0.0001271779219126,-0.0062253120556169,-0.0082623777988015,0.0092750088257005,6316.719999999999,-0.0042933674438631,6288.62,0.0001558370516903,6263.55,0.0041589833241533,6212.833333333333,0.0123561445395286,0.0091392111992331,0.0080783393719078,0.0118288100356561,57.40034662045064,6263.55,6390.138126157813,6136.961873842188,0.6028927467001315,93.61428571428569,0.0148839808118617,-0.0082623777988015,0.0092750088257005,-0.0026955887482954,101983.2,0.9291236203610008,-0.0737536656891495,0.35155222,0
2020-12-09,6299.6,6307.8,6187.2,6197.8,114133.0,-0.0145955227677435,-0.0145955227677435,-0.0186522262334537,-0.0080980731067152,0.0067574152886522,6293.16,-0.0151529597213482,6283.56,-0.0136483140130753,6265.63,-0.0108257270218636,6209.883333333333,-0.0019458229220623,0.0091115982741452,0.0082968497052312,0.0118906395421613,46.24203821656053,6265.63,6386.005851748372,6145.254148251628,0.2182574452649002,95.7285714285714,0.01544557285304,-0.0080980731067152,0.0067574152886522,-0.0277655769592771,103612.4,1.1015380398485124,0.2045063585035089,0.6397707,1
2020-12-10,6173.8,6223.4,6151.6,6202.2,106059.0,0.0007099293297621,0.0007099293297621,-0.0209629044988161,-0.0060576923076923,0.0047302770127977,6266.6,-0.0102767050713306,6279.780000000001,-0.0123539359659097,6267.09,-0.0103540877823679,6209.803333333333,-0.0012244080730414,0.0091205011355809,0.0082788938467277,0.0113935189290527,42.132327733973256,6267.09,6383.374187276094,6150.8058127239065,0.2209852795981111,96.18571428571424,0.015508321931849,-0.0060576923076923,0.0047302770127977,-0.0007733204446592,103099.0,1.0287102687707932,-0.0707420290362997,0.17315653,0
2020-12-11,6221.6,6230.6,6045.8,6088.0,132192.0,-0.0184128212569733,-0.0184128212569733,-0.0417125767354006,-0.0288412455334354,-0.0141210001295504,6213.6,-0.0202137247328441,6261.7,-0.0277400705878595,6262.7300000000005,-0.0278999733343127,6209.543333333334,-0.0195736347761483,0.0104727017393479,0.0092725768095307,0.0114392821805052,28.85039370078738,6262.7300000000005,6398.4377525611535,6127.022247438847,-0.1437730958710819,98.0428571428571,0.016104280082598,-0.0288412455334354,-0.0141210001295504,-0.0025558686676715,109887.8,1.2029724864816658,0.2464005883517663,0.7129191,1
2020-12-14,6088.2,6134.2,6059.2,6131.4,103983.0,0.0071287779237845,0.0071287779237845,-0.0252766119801602,-0.0136735087832186,-0.0167105009942909,6181.8,-0.00815296515578,6253.2,-0.0194780272500479,6257.52,-0.0201549495646837,6209.133333333333,-0.012519192157789,0.0107136874756143,0.0091331608311924,0.0114223362894109,34.136788189213576,6257.52,6405.095117000907,6109.944882999092,0.0726921903804938,99.91428571428568,0.0162955092987385,-0.0136735087832186,-0.0167105009942909,-0.0039961013645224,110224.4,0.943375513951539,-0.2133941539578794,0.41061452,0
2020-12-15,6110.0,6141.8,6091.2,6128.8,95330.0,-0.0004240467103759,-0.0004240467103759,-0.0255660137369626,-0.0316321693790487,-0.0119619538932773,6149.64,-0.0033888162559109,6233.18,-0.0167458664758598,6253.81,-0.0199894144529493,6208.116666666667,-0.0127762848099396,0.0083111585798791,0.0090736231454554,0.0113996234314836,39.56005586592181,6253.81,6410.599230295895,6097.020769704104,0.1013437920318943,94.29999999999993,0.0153863725362224,-0.0316321693790487,-0.0119619538932773,-0.009854922614624,110339.4,0.8639706215549477,-0.0832155256147639,0.4115744,0
2020-12-16,6126.2,6136.2,6079.6,6104.6,111312.0,-0.0039485706826785,-0.0039485706826785,-0.0150375939849624,-0.0334093356134017,-0.0160536410818477,6131.0,-0.0043059859729244,6212.08,-0.0173017733190814,6248.83,-0.023081120785811,6206.446666666667,-0.0164098190376242,0.0083053658179282,0.0091026880195625,0.0114053834275828,38.498131158681616,6248.83,6418.085373544304,6079.574626455696,0.0739278553473935,93.94285714285706,0.0153888636672111,-0.0334093356134017,-0.0160536410818477,-0.0161487880350695,109775.2,1.013999519017046,0.1676492185041436,0.48350245,0
2020-12-17,6096.6,6197.8,6056.6,6192.0,150624.0,0.0143170723716541,0.0143170723716541,-0.0016445777304826,-0.0225730071033938,-0.0084867894315452,6128.96,0.0102855949459614,6197.780000000001,-0.0009325919926168,6246.18,-0.0086741016109046,6206.78,-0.0023812669371235,0.0098843304718684,0.0095833411137272,0.0115374491289988,44.06674907292951,6246.18,6417.336802223303,6075.023197776698,0.3417240819639948,96.1285714285713,0.0155246400885935,-0.0225730071033938,-0.0084867894315452,0.0032404406999351,118688.2,1.2690730839291522,0.3531694695989651,0.2092676,0
2020-12-18,6191.8,6210.6,6112.8,6150.4,120249.0,-0.0067183462532299,-0.0067183462532299,0.0102496714848883,-0.0318904454588384,-0.0228153797267238,6141.4400000000005,0.0014589412255103,6177.52,-0.0043901112420519,6239.0,-0.0142009937489983,6206.169999999999,-0.0089862185534717,0.0098005904112546,0.0094779383832607,0.0115668037780119,44.81458202388433,6239.0,6413.721191435902,6064.278808564098,0.2464531941664788,93.79999999999993,0.0152510405827263,-0.0318904454588384,-0.0228153797267238,-0.0059156295458219,116299.6,1.0339588442264631,-0.2016610898661568,0.49360698,0
2020-12-21,6147.4,6284.4,6141.6,6258.2,105124.0,0.017527315296566,0.017527315296566,0.0206804318752651,-0.0051189113569883,-0.0154799735707769,6166.8,0.0148213011610558,6174.3,0.0135885849408028,6234.08,0.0038690552575519,6205.2,0.0085412234899762,0.0114233154625724,0.0100761454898895,0.0114706892507197,44.39518682710573,6234.08,6400.1873539990665,6067.972646000933,0.5726036488430711,93.74285714285703,0.0149792044266493,-0.0051189113569883,-0.0154799735707769,-0.0092141093027673,116527.8,0.902136657518635,-0.1257806717727382,0.2977481,0
2020-12-22,6246.8,6258.6,6119.6,6150.2,109587.0,-0.0172573583458502,-0.0172573583458502,0.0034917112648478,-0.0221635716102773,-0.030242825607064,6171.08,-0.0033835244398063,6160.36,-0.0016492542643611,6224.49,-0.0119351143627831,6203.556666666667,-0.0086009799754658,0.0125932933639209,0.0107324069465979,0.0116039224477581,38.61195263012937,6224.49,6386.458234702279,6062.521765297721,0.2706649080402842,99.1142857142856,0.0161156199333819,-0.0221635716102773,-0.030242825607064,-0.0157790295736781,119379.2,0.9179739854178952,0.0424546250142687,0.6209771,1
2020-12-23,6149.2,6221.2,6122.4,6183.4,107181.0,0.0053981984325712,0.0053981984325712,0.0129082986600268,-0.0023234050792217,-0.0104026630817489,6186.84,-0.0005560189046428,6158.92,0.0039747228410174,6221.24,-0.0060823887199337,6203.8,-0.0032883071665754,0.0119727597303032,0.010359737559173,0.0115063517809773,39.7567567567567,6221.24,6383.795621573677,6058.684378426323,0.3836090698258335,99.8714285714285,0.0161515393750086,-0.0023234050792217,-0.0104026630817489,0.0023667488004148,118553.0,0.9040766576974012,-0.0219551589148347,0.2789443,0
2020-12-24,6167.2,6186.8,6093.0,6110.4,104013.0,-0.0118058026328556,-0.0118058026328556,-0.0131782945736435,-0.0148011995743446,-0.0207692307692308,6170.52,-0.0097431010676571,6149.74,-0.0063970184105344,6214.76,-0.0167922816005767,6202.323333333333,-0.0148207902737522,0.012512777874942,0.0106657015359822,0.0115901894233163,34.742138364779805,6214.76,6384.347318294317,6045.172681705683,0.1923118985262654,100.81428571428567,0.0164988029775932,-0.0148011995743446,-0.0207692307692308,-0.0142926278432006,109230.8,0.9522314219066416,-0.0295574775379964,0.7622342,1
2020-12-25,6097.0,6186.0,6090.0,6176.8,98224.0,0.0108667190363971,0.0108667190363971,0.0042924037460978,0.0145860709592642,-0.0146758550280755,6175.8,0.0001619223420448,6158.62,0.0029519600170169,6210.16,-0.0053718422713745,6204.1,-0.0044003159201173,0.0114774124141513,0.0109271612648614,0.0113543258781219,42.88933400100152,6210.16,6378.562255266639,6041.757744733361,0.4009514452547586,101.15714285714276,0.0163769496919347,0.0145860709592642,-0.0146758550280755,0.0175612006194194,104825.8,0.9370212295064764,-0.0556565044754021,0.39178646,0
2020-12-28,6175.6,6191.2,6106.8,6131.8,101590.0,-0.0072853257350083,-0.0072853257350083,-0.0201975008788468,6.52379554426652e-05,-0.0136091628595327,6150.52,-0.0030436450901712,6158.66,-0.004361338343081,6205.93,-0.0119450267727801,6204.733333333334,-0.011754467019802,0.0115976202902279,0.0108900410659701,0.0113869523799117,40.64056939501777,6205.93,6377.884866783322,6033.975133216679,0.2844492529152706,103.79999999999993,0.0169281450797481,6.52379554426652e-05,-0.0136091628595327,0.0062358462699794,104119.0,0.97571048511799,0.0342686105228864,0.6078888,1
2020-12-29,6143.2,6188.4,6101.0,6117.2,95385.0,-0.0023810300401188,-0.0023810300401188,-0.0053656791649051,-0.0018927033024409,-0.0334650023700426,6143.92,-0.0043490149611323,6157.5,-0.0065448639870077,6195.34,-0.0126127056787844,6205.83,-0.0142817318553682,0.0116233092273782,0.0099580080105435,0.0113536945410663,44.73752938103941,6195.34,6361.367320516352,6029.312679483648,0.2646772839645259,101.4285714285713,0.0165808820095094,-0.0018927033024409,-0.0334650023700426,0.0108735168721287,101278.6,0.9418080423702538,-0.0610788463431439,0.5746849,1
2020-12-30,6117.2,6195.2,6093.4,6161.4,99396.0,0.0072255280193551,0.0072255280193551,-0.0035579131222305,0.0093044589326081,-0.0244157324719742,6139.52,0.0035637965182946,6163.18,-0.0002888119444832,6187.629999999999,-0.0042391028552126,6206.78,-0.0073113595133064,0.0117516871289808,0.0101523403420782,0.0113359214698054,47.46772591857,6187.629999999999,6344.194876076974,6031.065123923025,0.4162328082222488,103.57142857142853,0.0168097232076197,0.0093044589326081,-0.0244157324719742,0.0093375270296836,99721.6,0.9967349099894104,0.0420506368925932,0.7371169,1
2020-12-31,6179.0,6271.6,6179.0,6257.4,108147.0,0.0155808744765799,0.0155808744765799,0.0240573448546739,0.0105620155038759,-0.0122494080505131,6168.92,0.0143428671469234,6169.719999999999,0.0142113418437141,6183.75,0.0119102486355366,6210.37,0.0075728177226155,0.0119165882852599,0.0107935400882181,0.0114222615525566,60.75692151384301,6183.75,6328.324519120396,6039.175480879604,0.7547129343680086,98.24285714285712,0.0157002680255149,0.0105620155038759,-0.0122494080505131,0.0356504468718965,100548.4,1.0755715655346083,0.0880417723047204,0.7486651,1
2021-01-04,6288.0,6378.0,6246.2,6328.6,108774.0,0.0113785278230575,0.0113785278230575,0.0245758321460951,0.0289737252861603,-0.0038407051786556,6199.28,0.0208604870242996,6187.539999999999,0.0227974283802612,6182.53,0.0236262500950259,6212.433333333333,0.0186990604862293,0.0119688108426479,0.0110996361064739,0.0109831930597288,62.09519136408246,6182.53,6321.389794491646,6043.670205508353,1.0259621783783783,102.29999999999998,0.016164712574661,0.0289737252861603,-0.0038407051786556,0.0199522949974213,102658.4,1.059572329200533,0.0057976642902715,0.7948655,1
2021-01-05,6331.2,6384.8,6307.6,6360.2,103529.0,0.0049932054482824,0.0049932054482824,0.0372484425454189,0.0162986162155251,0.011096273686888,6244.96,0.018453280725577,6197.74,0.0262127807878356,6186.02,0.028157037966253,6211.52,0.0239361702127658,0.0108760974794422,0.0109102258659107,0.0100869268363387,63.70528310826815,6186.02,6339.0778095118885,6032.962190488111,1.0690006950820454,104.19999999999996,0.0163831326058928,0.0162986162155251,0.011096273686888,-0.0085424785658613,103046.2,1.0046852770893056,-0.0482192435692353,0.8671845,1
2021-01-06,6382.2,6422.4,6313.2,6365.0,103839.0,0.0007546932486399,0.0007546932486399,0.0405087294840778,0.034925693473383,0.0119880437547696,6294.52,0.0111970412358688,6219.219999999999,0.0234402384864984,6189.789999999999,0.0283062914896952,6210.81,0.0248260693854747,0.008658369077306,0.0109088780676999,0.0100865343140583,65.78564500484961,6189.789999999999,6356.679536741011,6022.900463258987,1.0249280554715086,107.95714285714284,0.0169610593648299,0.034925693473383,0.0119880437547696,-0.0066483550783444,104737.0,0.991426143578678,0.0029943300910855,0.80167377,1
2021-01-07,6365.0,6407.6,6319.0,6398.8,120888.0,0.0053102906520032,0.0053102906520032,0.038530204174376,0.0348352039331112,0.0324308625641356,6342.0,0.008956165247556,6240.76,0.0253238387632275,6199.839999999999,0.0320911507393741,6211.163333333333,0.0302095849999115,0.0086562411222484,0.0103375796905062,0.0100914362795026,63.4076763485477,6199.839999999999,6391.177963878047,6008.502036121951,1.0199177308242158,104.20000000000002,0.01628430330687,0.0348352039331112,0.0324308625641356,0.0033241344706471,109035.4,1.1087041456260995,0.1641868662063386,0.53686064,0
2021-01-08,6425.6,6474.8,6346.2,6436.2,136448.0,0.0058448459086077,0.0058448459086077,0.0285741681848692,0.053318931657502,0.0377285479346038,6377.76,0.0091630917438096,6273.34,0.0259606525391578,6211.539999999999,0.0361681644165539,6212.943333333334,0.0359341224744256,0.0067964843653344,0.0103767498408933,0.0100672414325216,68.63102998696218,6211.539999999999,6430.158248383474,5992.9217516165245,1.0138180404911314,106.40000000000002,0.0165314937385413,0.053318931657502,0.0377285479346038,0.0168736373115936,114695.6,1.1896533084093897,0.1287141817219244,0.2989138,0
2021-01-11,6425.6,6429.0,6280.6,6327.2,133911.0,-0.0169354588110997,-0.0169354588110997,-0.0002212179628986,0.0243491775676725,0.0392904073587385,6377.4800000000005,-0.0078839917961327,6288.379999999999,0.0061732910542939,6223.5,0.0166626496344499,6213.606666666668,0.0182813846172,0.0094157300673663,0.0102287077361388,0.0102737067778674,54.49101796407185,6223.5,6439.821145278676,6007.178854721324,0.7396899292170629,107.31428571428576,0.0169607860845691,0.0243491775676725,0.0392904073587385,0.0063301205585775,119723.0,1.1185068867302022,-0.01859316369606,0.7064436,1
2021-01-12,6327.4,6395.4,6312.6,6380.8,115920.0,0.0084713617397902,0.0084713617397902,0.0032388918587467,0.0406079780814769,0.040675865218384,6381.6,-0.0001253604111821,6313.280000000001,0.0106949161133356,6235.969999999999,0.0232249353348397,6216.623333333334,0.0264092993677702,0.0089106696794968,0.0102686147446296,0.0101594350249268,66.15298402913982,6235.969999999999,6458.598480704945,6013.341519295053,0.8252728481580641,103.29999999999998,0.0161891925777331,0.0406079780814769,0.040675865218384,0.0291944901448433,122201.2,0.9485995227542774,-0.1343504267759929,0.23437805,0
2021-01-13,6390.8,6403.4,6307.6,6348.6,117299.0,-0.0050463891675024,-0.0050463891675024,-0.0025765907305577,0.0378277643366247,0.0358634642996997,6378.32,-0.0046595341720075,6336.42,0.0019222210648914,6246.96,0.0162703138806716,6217.986666666667,0.0210057274701993,0.0091599305931809,0.0103785550665721,0.0100935832786098,61.58810325476996,6246.96,6469.013027332003,6024.906972667997,0.72886425197895,103.0857142857142,0.0162375506860905,0.0378277643366247,0.0358634642996997,0.0130529137677921,124893.2,0.9391944477361458,0.0118961352657005,0.31306526,0
2021-01-14,6344.8,6379.6,6277.4,6319.6,132827.0,-0.0045679362379107,-0.0045679362379107,-0.0123773207476401,0.0256759827311976,0.0352193427906823,6362.4800000000005,-0.0067395103796004,6352.24,-0.0051383448988072,6257.71,0.0098901994499585,6219.910000000001,0.0160275630997874,0.0094193765689722,0.0103975630996348,0.0100242507092833,65.63995215311007,6257.71,6471.404222269851,6044.015777730149,0.6448097176952362,103.68571428571424,0.0164070058683641,0.0256759827311976,0.0352193427906823,0.0186003030205346,127281.0,1.0435728820483812,0.1323796451802659,0.41436145,0
2021-01-15,6316.0,6326.4,6224.2,6270.4,130480.0,-0.0077853028672701,-0.0077853028672701,-0.025760541934682,0.0020775401924122,0.0126614987080102,6329.32,-0.0093090568971074,6353.54,-0.0130856184111535,6261.629999999999,0.0014005937751033,6221.503333333333,0.0078593008870846,0.0087067415466913,0.010167349780848,0.0100581567655721,57.18232044198889,6261.629999999999,6473.113831408704,6050.146168591295,0.5207344456112389,104.12857142857138,0.0166063682426274,0.0020775401924122,0.0126614987080102,0.015482282826974,126087.4,1.0348377395362265,-0.0176696003071664,0.7437004,1
2021-01-18,6294.2,6378.0,6260.4,6345.8,99756.0,0.0120247512120439,0.0120247512120439,0.0029396889619421,0.0027178206870397,0.0317702913631634,6333.040000000001,0.0020148301605547,6355.26,-0.0014885307603466,6271.4,0.0118633797876073,6225.759999999999,0.0192811801290124,0.0088004774391526,0.010312451676459,0.0099998907313405,65.68914956011726,6271.4,6479.270972125902,6063.529027874098,0.6789571656857852,106.5,0.0167827539474928,0.0027178206870397,0.0317702913631634,0.041934848285827,119256.4,0.8364834088568832,-0.2354690374003678,0.34537825,0
2021-01-19,6351.6,6371.0,6301.4,6319.0,92708.0,-0.004223265782092,-0.004223265782092,-0.0096853059177532,-0.006477783717493,0.0097152535872935,6320.68,-0.0002657941867014,6351.14,-0.0050605088220383,6274.4400000000005,0.0071018290078477,6229.46,0.0143736375223535,0.0087374871398991,0.0096731891458774,0.0100201958229444,64.53471622010946,6274.4400000000005,6483.27426216157,6065.605737838431,0.6066874744085926,105.22857142857148,0.0166527253408089,-0.006477783717493,0.0097152535872935,0.0364113498441855,114614.0,0.8088715165686565,-0.07065239183608,0.5862492,1
2021-01-20,6326.8,6391.4,6304.8,6381.0,97722.0,0.0098116790631428,0.0098116790631428,0.0051034873830451,0.0025137470542027,0.0375272348866704,6327.160000000001,0.0085093470056074,6352.74,0.004448474201683,6285.9800000000005,0.0151161791796983,6234.3,0.0235311101486934,0.0093436501124923,0.0089179570882673,0.0100869360501175,65.42134831460672,6285.9800000000005,6491.386827129756,6080.573172870245,0.7312970832755606,104.14285714285714,0.0163207737255692,0.0025137470542027,0.0375272348866704,0.0476800315239878,110698.6,0.8827753919200423,0.0540837899641886,0.5605445,1
2021-01-21,6412.4,6501.4,6405.6,6466.8,101272.0,0.0134461683121767,0.0134461683121767,0.0232926134565478,0.0106269925611051,0.0458323899472783,6356.6,0.0173363118648333,6359.54,0.0168659997421196,6300.15,0.0264517511487822,6239.906666666667,0.0363616549820189,0.0101488309520348,0.0092600016382466,0.0101921410319072,64.91878027928185,6300.15,6514.660100363193,6085.639899636806,0.8884432474690945,104.8714285714285,0.0162168968533785,0.0106269925611051,0.0458323899472783,0.0548740702074905,104387.6,0.9701535431411392,0.0363275413929309,0.24456589,0
2021-01-22,6456.2,6474.4,6397.4,6464.4,106206.0,-0.0003711263685285,-0.0003711263685285,0.0309390150548609,0.0043814673254405,0.0579340141398272,6395.4,0.0107890045970542,6362.36,0.0160380739222552,6317.85,0.0231961822455422,6245.206666666666,0.0350978510452284,0.0100156879033882,0.0086790633659552,0.0101911377650285,60.72669826224319,6317.85,6524.719636040962,6110.980363959039,0.8542085798685836,100.95714285714276,0.0156174034492207,0.0043814673254405,0.0579340141398272,0.0517376024990239,99532.8,1.067045235339506,0.0487202780630382,0.3060877,0
2021-01-25,6455.0,6508.6,6406.2,6452.8,114570.0,-0.001794443413155,-0.001794443413155,0.0168615462195467,0.0198508028827917,0.0446833311747183,6416.8,0.0056102730332876,6374.92,0.0122166238948882,6331.65,0.0191340329929798,6252.936666666666,0.0319631149310646,0.0080394980246329,0.0085243531211942,0.0095874016511554,57.55301794453508,6331.65,6535.70575605426,6127.594243945739,0.7968551398466449,102.75714285714282,0.0159244270482802,0.0198508028827917,0.0446833311747183,0.0774419769577559,102495.6,1.117804081345931,0.0787526128467317,0.2914519,0
2021-01-26,6424.0,6431.6,6346.8,6377.4,101262.0,-0.0116848499876023,-0.0116848499876023,0.0092419686659281,-0.0005328485456369,0.040053491633778,6428.48,-0.0079458907860022,6374.58,0.0004423820863492,6343.929999999999,0.0052759094126195,6258.743333333333,0.0189585449262179,0.0087326461159702,0.0088337745826448,0.0097048221475269,50.90696313633701,6343.929999999999,6525.688163213275,6162.171836786723,0.5920728934763893,102.5285714285714,0.0160768607000613,-0.0005328485456369,0.040053491633778,0.0577873610880741,104206.4,0.9717445377635155,-0.1161560617962818,0.2740601,0
2021-01-27,6389.2,6403.0,6338.0,6368.4,84266.0,-0.0014112334180073,-0.0014112334180073,-0.0019746121297602,0.003118797845194,0.0410645393317203,6425.960000000001,-0.0089574164794056,6376.56,-0.0012796868530994,6356.49,0.0018736755662323,6262.87,0.0168501022694067,0.0085743462983527,0.0088110782637089,0.0095270144641485,47.69277474195504,6356.49,6503.715825823458,6209.264174176542,0.5404480665446613,100.84285714285708,0.0158348811542706,0.003118797845194,0.0410645393317203,0.0404522284668669,101515.2,0.8300825886172711,-0.1678418360293101,0.36454612,0
2021-01-28,6323.2,6352.2,6258.6,6288.8,103136.0,-0.0124992148734375,-0.0124992148734375,-0.0275252056658625,-0.0048737261852016,0.0206771188366281,6390.36,-0.0158926883618449,6373.4800000000005,-0.0132863051268694,6362.86,-0.011639420009241,6265.856666666668,0.003661643499665,0.0094057447362182,0.0092921880846264,0.0096735887281353,39.48644793152644,6362.86,6483.0954252024285,6242.624574797571,0.1920208837149625,99.49999999999989,0.0158217783996946,-0.0048737261852016,0.0206771188366281,0.0293308890925756,101888.0,1.012248743718593,0.2239337336529561,0.42056695,0
2021-01-29,6305.4,6318.2,6108.6,6208.6,120462.0,-0.0127528304286985,-0.0127528304286985,-0.039570571128024,-0.0098558305690226,-0.0077987662607471,6339.2,-0.0206019687026752,6367.3,-0.0249242221977917,6360.42,-0.0238694928951231,6265.433333333333,-0.0090709341732149,0.0099516091282826,0.0091208965225614,0.0094652409750273,41.17822076762874,6360.42,6491.186092498374,6229.653907501626,-0.0805021664996516,103.35714285714272,0.0166474153363306,-0.0098558305690226,-0.0077987662607471,-0.0040744305421879,104739.2,1.1501138064831506,0.1679917778467266,0.90718186,1
2021-02-01,6215.4,6258.8,6198.8,6244.4,81780.0,0.005766195277518,0.005766195277518,-0.0322960575254154,-0.0159790727725425,-0.0133046803400437,6297.52,-0.0084350665023691,6357.16,-0.0177374802584802,6356.21,-0.0175906711703988,6266.343333333334,-0.0035017764214432,0.0092148069064925,0.0088224545438202,0.009448071376258,39.57823960880192,6356.21,6496.373481992051,6216.046518007949,0.101144326571662,101.72857142857136,0.016291168315382,-0.0159790727725425,-0.0133046803400437,0.0088209635206306,98181.2,0.832949688942486,-0.3211137122079992,0.68154204,1
2021-02-02,6266.4,6296.8,6213.8,6287.6,86095.0,0.0069181987060407,0.0069181987060407,-0.0140809734374508,-0.0049691406868175,-0.0114147353856796,6279.56,0.0012803444827345,6354.02,-0.0104532248875514,6352.58,-0.0102289148660857,6266.42,0.0033799202734576,0.0095268000045217,0.0088972419417475,0.0092880804779881,45.41629095281035,6352.58,6496.030289940928,6209.129710059072,0.2735103915552979,100.81428571428567,0.0160338262157716,-0.0049691406868175,-0.0114147353856796,0.0007321343307338,95147.8,0.9048553933984812,0.0527635118610907,0.23004255,0
2021-02-03,6284.4,6300.8,6242.4,6255.2,84782.0,-0.0051529995546791,-0.0051529995546791,-0.017775265372778,-0.0197147782479235,-0.0172505891594658,6256.92,-0.0002748956355523,6341.44,-0.0135994348286824,6347.09,-0.0144775007129251,6266.81,-0.0018526172007767,0.0088884905938932,0.0089500392198461,0.0092512102081451,45.18540669856456,6347.09,6496.806390130175,6197.3736098698255,0.1931197715891217,97.68571428571424,0.0156167211736977,-0.0197147782479235,-0.0172505891594658,0.003754934368882,95251.0,0.8900903927517821,-0.0152505952726639,0.3173538,0
2021-02-04,6237.6,6248.0,6130.0,6204.4,121136.0,-0.0081212431257193,-0.0081212431257193,-0.0134206843912989,-0.0405764829591143,-0.0303806963805713,6240.039999999999,-0.0057115018493469,6315.2,-0.0175449708639473,6337.370000000001,-0.020981889963818,6267.613333333334,-0.0100857104565056,0.0071911862244751,0.0089688267165911,0.0091754899379093,45.07756563245825,6337.370000000001,6497.80899119187,6176.931008808132,0.0856057214889163,99.3285714285714,0.0160093758346611,-0.0405764829591143,-0.0303806963805713,0.0078295052142556,98851.0,1.2254403091521584,0.4287938477507018,0.2961128,0
2021-02-05,6218.6,6232.2,6098.2,6115.4,109465.0,-0.0143446586293598,-0.0143446586293598,-0.0150114357504108,-0.0539879957923395,-0.0498430751064292,6221.4,-0.0170379657311858,6280.3,-0.0262567074821267,6321.33,-0.0325770051555606,6266.653333333334,-0.0241362215664289,0.0077219141361477,0.0092306340852291,0.0093577702925847,33.15789473684208,6321.33,6502.917074661552,6139.742925338448,-0.06702824356805,100.49999999999991,0.0164339209209536,-0.0539879957923395,-0.0498430751064292,-0.0093309573951078,96651.6,1.1325730769071594,-0.0963462554484215,0.9263084,1
2021-02-08,6138.4,6224.8,6101.0,6198.0,107594.0,0.0135068842594108,0.0135068842594108,-0.0074306578694509,-0.0394867344408629,-0.0204197749399418,6212.12,-0.0022729760532635,6254.82,-0.0090841942693794,6314.87,-0.0185071109935754,6267.033333333334,-0.0110153129338177,0.0097809619027517,0.0092371034856706,0.0095215248219115,41.82211408488782,6314.87,6504.588385203282,6125.151614796718,0.1919908424405617,104.3714285714285,0.0168395334900659,-0.0394867344408629,-0.0204197749399418,0.0036921881072677,101814.4,1.0567660370242324,-0.0170922212579363,0.66718847,1
2021-02-09,6207.0,6323.4,6200.8,6304.6,106012.0,0.0171990964827364,0.0171990964827364,0.002703734334245,-0.0114153103145481,-0.011942076228686,6215.52,0.0143318660385616,6247.54,0.0091331948254833,6311.06,-0.0010235998390127,6268.183333333333,0.0058097641262353,0.0113853026257633,0.0098906752550983,0.0096958460032168,45.13003569607347,6311.06,6498.247183546689,6123.872816453312,0.4827445451189536,107.14285714285708,0.0169943941158609,-0.0114153103145481,-0.011942076228686,0.0110654949002502,105797.8,1.0020246167689688,-0.0147034221239102,0.4877929,0
2021-02-10,6311.0,6366.2,6261.6,6347.0,109479.0,0.0067252482314499,0.0067252482314499,0.0146757897429339,-0.0033603416870798,-0.0002520240682986,6233.88,0.0181460021687938,6245.4,0.0162679732282959,6310.9800000000005,0.0057075129377686,6270.583333333333,0.0121865323534493,0.0116474479244294,0.0099592960334447,0.00970460415903,41.91632928475033,6310.9800000000005,6498.100986473668,6123.859013526333,0.5962478893436906,106.01428571428563,0.0167030543113731,-0.0033603416870798,-0.0002520240682986,0.0232145735934226,110737.2,0.9886379644780616,0.032703844847753,0.6292425,1
2021-02-18,6490.0,6532.0,6379.4,6418.2,137732.0,0.0112178982196313,0.0112178982196313,0.0344594158983946,0.0205762625620149,0.0156022533071713,6276.639999999999,0.0225534680975809,6258.34,0.0255435147339389,6315.91,0.0161956076004883,6274.15,0.0229592853215176,0.0112910868268483,0.010198017645875,0.0098039278153942,47.14744381328724,6315.91,6509.084847441744,6122.735152558256,0.7647601417954992,113.72857142857136,0.0177196988919901,0.0205762625620149,0.0156022533071713,0.0344927629670224,114056.4,1.2075780052675695,0.2580677572867855,0.6564972,1
2021-02-19,6427.8,6530.8,6388.8,6526.0,125001.0,0.0167959864136362,0.0167959864136362,0.067141969454165,0.0511226363431369,0.0407629497320745,6358.76,0.0263007252986431,6290.08,0.0375066771805763,6328.6900000000005,0.0311770682400305,6278.833333333333,0.039365062511613,0.0108303882058688,0.0105799621666933,0.0099961852684039,54.03973509933773,6328.6900000000005,6541.962031872152,6115.417968127849,0.9625782346329396,116.55714285714274,0.0178604264261634,0.0511226363431369,0.0407629497320745,0.044995996797438,117163.6,1.0668927892280538,-0.0924331310080446,0.2562185,0
2021-02-22,6588.0,6634.0,6460.8,6472.6,125043.0,-0.008182653999387,-0.008182653999387,0.0443046143917393,0.0365447440907054,0.0199817201928835,6413.68,0.0091866136134013,6312.9,0.0252974068969888,6335.03,0.0217157614091805,6281.81,0.0303718195870299,0.0115990350358575,0.0105423572267629,0.0100183804221174,55.38461538461542,6335.03,6557.772231006184,6112.287768993816,0.8088098726913204,121.35714285714272,0.0187493654570254,0.0365447440907054,0.0199817201928835,0.0283762313314268,120653.4,1.0363819005514971,0.0003359973120216,0.19069836,0
2021-02-23,6492.4,6519.2,6443.6,6463.8,92263.0,-0.0013595772950592,-0.0013595772950592,0.025251403736954,0.0280234111584705,0.0229150181990822,6445.52,0.0028360783924337,6330.52,0.0210535627405017,6342.27,0.0191619089064327,6283.596666666666,0.0286783736915006,0.0116356891136076,0.0104863736294157,0.0099440531033497,55.39714867617111,6342.27,6572.118179640686,6112.421820359313,0.764370159881153,122.11428571428554,0.0188920272462461,0.0280234111584705,0.0229150181990822,0.0168643614510901,117903.6,0.7825291170074535,-0.2621498204617611,0.13344887,0
2021-02-24,6463.0,6492.0,6335.8,6392.8,118265.0,-0.0109842507503326,-0.0109842507503326,0.0072160075626279,0.0219976979153344,0.0018492399310452,6454.679999999999,-0.0095868424151157,6344.280000000001,0.007647833954365,6342.86,0.0078734198768379,6284.443333333333,0.0172420468956944,0.0122119684509803,0.0106162491837565,0.0100456381729712,55.94149908592322,6342.86,6573.186856079585,6112.533143920415,0.6084111528504186,125.4285714285713,0.0196202871087115,0.0219976979153344,0.0018492399310452,0.0080100914538001,119660.8,0.9883353612879072,0.2818247834993443,0.24877699,0
2021-02-25,6434.0,6434.0,6314.8,6368.6,103993.0,-0.0037855086972844,-0.0037855086972844,-0.0077280234333613,0.0264650892914706,-0.0151852539122904,6444.76,-0.0118173523917104,6360.7,0.0012420016664833,6337.95,0.0048359485322542,6286.446666666668,0.0130683258268846,0.0118753496939814,0.0101698731239022,0.0098673157706404,59.76562499999999,6337.95,6561.231248181304,6114.668751818696,0.568635409936245,118.97142857142846,0.0186809390716057,0.0264650892914706,-0.0151852539122904,0.0192369246527113,112913.0,0.9210011247597708,-0.1206781380797361,0.2860037,0
2021-02-26,6261.6,6313.4,6194.0,6216.6,111674.0,-0.0238670979493138,-0.0238670979493138,-0.0474103585657369,0.0165483860417963,-0.0383330239465378,6382.88,-0.0260509362544807,6370.820000000001,-0.024207244907249,6325.56,-0.0172253523798682,6286.056666666667,-0.0110493223891819,0.013642397665161,0.0114095135402196,0.0103500681379372,48.51400470387004,6325.56,6546.78859242239,6104.331407577609,0.2537388842759476,127.15714285714276,0.0204544514456684,0.0165483860417963,-0.0383330239465378,-0.0037499999999999,110247.6,1.012938150127531,0.073860740626773,0.773353,1
2021-03-01,6268.8,6325.8,6257.0,6325.2,90247.0,0.0174693562397452,0.0174693562397452,-0.0227729196922412,0.0205227492739592,-0.0197743615174808,6353.4,-0.0044385683256209,6383.54,-0.0091391296991951,6319.18,0.0009526552495735,6286.996666666667,0.0060765633193167,0.0140733170105548,0.0122035480703372,0.0105779498010951,51.87849720223819,6319.18,6532.164285063806,6106.195714936194,0.5141324980812458,129.02857142857133,0.0203991291071541,0.0205227492739592,-0.0197743615174808,0.0089969372128635,103288.4,0.8737379996204802,-0.191870981607178,0.1995311,0
2021-03-02,6330.4,6336.4,6210.6,6266.6,103146.0,-0.0092645291848477,-0.0092645291848477,-0.0305083696896562,-0.0060273451130919,-0.0173738514128013,6313.960000000001,-0.0075008394098158,6379.74,-0.0177342650327442,6313.64,-0.0074505356656382,6287.833333333333,-0.0033768918811459,0.0133951529253038,0.0121028422921447,0.0105910145394187,50.555014605647536,6313.64,6526.01117853799,6101.26882146201,0.3892505086522718,133.84285714285696,0.0213581299497106,-0.0060273451130919,-0.0173738514128013,0.0080754134225597,105465.0,0.9780116626368938,0.1429299588906003,0.725448,1
2021-03-03,6267.2,6358.0,6266.8,6339.0,93989.0,0.0115533143969615,0.0115533143969615,-0.0084157176823926,-0.0012604380022057,-0.0046165441869229,6303.2,0.0056796547785251,6378.9400000000005,-0.0062612283545543,6312.17,0.004250519235065,6288.0,0.0081106870229008,0.0137672933438479,0.0124119814759099,0.0104355616538276,56.41808125119209,6312.17,6523.348877532107,6100.991122467894,0.5635243456010908,131.42857142857125,0.0207333288260879,-0.0012604380022057,-0.0046165441869229,0.0015800284405118,100609.8,0.9341932893217162,-0.0887770732747755,0.2769745,0
2021-03-04,6308.8,6321.6,6222.0,6256.8,107933.0,-0.0129673450070988,-0.0129673450070988,-0.0175548786232453,-0.0251472375432363,-0.0050884111436203,6280.84,-0.0038275135173002,6362.8,-0.016659332369397,6310.570000000001,-0.0085206249197775,6287.02,-0.004806728784066,0.0136938530799829,0.0124368955869381,0.0105674563685423,56.78633134958729,6310.570000000001,6522.975739837041,6098.16426016296,0.3734262076880473,130.21428571428552,0.0208116426470856,-0.0251472375432363,-0.0050884111436203,-0.0093102793083792,101397.8,1.064451102489403,0.1483577865494898,0.7274478,1
2021-03-05,6198.8,6304.4,6187.2,6282.2,114746.0,0.004059583173507,0.004059583173507,0.0105523919827557,-0.0373582592706098,0.011854524369423,6293.960000000001,-0.0018684580137149,6338.42,-0.0088697183209696,6314.25,-0.0050758205645959,6286.139999999999,-0.0006267757320072,0.0122165846474408,0.0121062565563,0.010573251011823,54.275848060125945,6314.25,6521.70986041676,6106.7901395832405,0.4227561419938875,129.74285714285693,0.0206524556911363,-0.0373582592706098,0.011854524369423,-0.0083346487766378,102012.2,1.1248262462725047,0.063122492657482,0.29142258,0
2021-03-08,6306.0,6356.6,6115.6,6129.2,122690.0,-0.0243545254847028,-0.0243545254847028,-0.030987162461266,-0.0530544139912864,-0.0184485298827749,6254.76,-0.0200743114044344,6304.08,-0.0277407647111077,6308.49,-0.0284204302455897,6282.41,-0.0243871380568921,0.0138343517265367,0.0132563854434232,0.0110192224380476,41.493695441319055,6308.49,6530.034339389931,6086.945660610068,0.0953631663672552,137.9999999999998,0.022515173268942,-0.0530544139912864,-0.0184485298827749,-0.0352274515976703,108500.8,1.1307750726261925,0.0692311714569571,0.49620497,0
2021-03-09,6116.8,6117.0,5945.0,6015.0,151956.0,-0.0186321216471969,-0.0186321216471969,-0.0401493632910988,-0.0694328413626659,-0.0433551752656021,6204.44,-0.0305329731611555,6259.2,-0.0390145705521471,6294.86,-0.044458494708381,6277.820000000001,-0.0418648511744523,0.0143494436088214,0.0136926366091157,0.0112017775034966,34.94740660137828,6294.86,6552.428978190793,6037.291021809207,-0.0432719459575107,143.6857142857141,0.0238878992993705,-0.0694328413626659,-0.0433551752656021,-0.0437809996184661,118262.8,1.284901084702882,0.2385361480153232,0.2015227,0
2021-03-10,6065.4,6071.8,5918.0,5922.0,118793.0,-0.0154613466334164,-0.0154613466334164,-0.0657832465688594,-0.0736453510198974,-0.0532676812891673,6121.039999999999,-0.0325173499928115,6212.120000000001,-0.0467022530150739,6278.2,-0.0567360071358031,6271.693333333333,-0.0557574031043183,0.0145532822190602,0.0140031295354812,0.0113626274471391,27.938822692512858,6278.2,6584.974046798958,5971.425953201042,-0.080557585814019,141.4571428571427,0.0238867178076904,-0.0736453510198974,-0.0532676812891673,-0.0584456881200713,123223.6,0.9640442252945052,-0.2182408065492642,0.906186,1
2021-03-11,5940.8,6077.8,5903.2,6073.0,116816.0,0.0254981425194191,0.0254981425194191,-0.0293760388697097,-0.0464152246961656,-0.0211785184707625,6084.28,-0.0018539580689909,6182.56,-0.0177208146787092,6271.629999999999,-0.0316711923375581,6269.613333333333,-0.0313597223433236,0.0179411830003053,0.0152709813345704,0.0117192645489642,30.60455557458465,6271.629999999999,6590.450623383546,5952.809376616452,0.1884925481105976,143.78571428571416,0.0236762249770647,-0.0464152246961656,-0.0211785184707625,-0.0201361773532544,125000.2,0.9345265047575924,-0.0166423947538996,0.26859027,0
2021-03-12,6065.8,6078.4,5977.2,6072.0,108077.0,-0.0001646632636258,-0.0001646632636258,-0.0334596160580688,-0.0232603030595502,-0.0070968374922326,6042.24,0.0049253257070225,6168.1,-0.0155801624487281,6269.46,-0.031495535500665,6267.443333333333,-0.0311839011441665,0.0166302487391829,0.0149424393156762,0.0117185671796479,32.04231665770122,6269.46,6593.309038255302,5945.610961744698,0.1951357319697592,138.64285714285705,0.0228331451157537,-0.0232603030595502,-0.0070968374922326,-0.0209925510302795,123666.4,0.8739398898973367,-0.074809957540063,0.3382099,0
2021-03-15,6031.2,6072.6,5959.8,6041.4,107255.0,-0.0050395256916996,-0.0050395256916996,-0.0143248711087907,-0.0448681464617719,-0.0252662149080349,6024.68,0.00277525113367,6139.719999999999,-0.0160137595851276,6261.63,-0.0351713531460659,6266.666666666667,-0.0359468085106383,0.0151232412627241,0.0146156838837203,0.0114929579663471,31.42806894125917,6261.63,6600.000740927356,5923.259259072644,0.1745729264350292,141.29999999999993,0.0233886185321283,-0.0448681464617719,-0.0252662149080349,-0.0076544021024967,120579.4,0.8894968792347615,-0.0076056885368764,0.3851264,0
2021-03-16,6045.2,6081.6,5990.0,6030.6,103519.0,-0.0017876651107358,-0.0017876651107358,0.0025935162094763,-0.0376599751061181,-0.0434603305522951,6027.8,0.0004645144165367,6116.120000000001,-0.013982721071529,6247.929999999999,-0.0347843205669716,6264.986666666667,-0.0374121573017446,0.0150448887027465,0.013961233252446,0.0114559756075921,33.1847725162488,6247.929999999999,6600.850072060371,5895.009927939628,0.1920974220434505,136.68571428571423,0.0226653590497984,-0.0376599751061181,-0.0434603305522951,-0.0164399647715038,110892.0,0.933511885438084,-0.0348328749242459,0.5172371,0
2021-03-17,5996.6,6070.8,5965.8,6056.0,122739.0,0.0042118528836267,0.0042118528836267,0.0226274907125971,-0.0446442656570437,-0.0458484323302347,6054.6,0.0002312291480857,6087.820000000001,-0.0052268299654064,6233.379999999999,-0.0284564714488767,6263.7733333333335,-0.0331706341012766,0.0143807253570168,0.0138884839369545,0.0114701437408478,35.50361713967719,6233.379999999999,6593.032742458383,5873.727257541616,0.2534010184552892,135.67142857142855,0.0224028118512926,-0.0446442656570437,-0.0458484323302347,-0.0118783448635948,111681.2,1.0990121882644528,0.1856663994049401,0.55425644,1
2021-03-18,6072.0,6128.4,6060.4,6093.6,126432.0,0.0062087186261559,0.0062087186261559,0.0033920632306931,-0.0260836210203299,-0.0505749275497802,6058.72,0.0057569915757784,6071.5,0.0036399571769745,6217.15,-0.0198724495950716,6263.589999999999,-0.0271393881144836,0.0143993291172778,0.0136763306870326,0.0114878386730197,43.61900809296532,6217.15,6570.933969170523,5863.366030829477,0.3253877920335496,128.37142857142848,0.0210665991485211,-0.0260836210203299,-0.0505749275497802,-0.0018019198637093,113604.4,1.1129146406301165,0.0300882360130032,0.2854375,0
2021-03-19,6023.4,6084.2,5994.2,6049.2,130121.0,-0.0072863332020481,-0.0072863332020481,-0.0037549407114624,-0.0370889178950049,-0.0730615997548268,6054.160000000001,-0.0008192713770367,6048.2,0.0001653384478026,6193.31,-0.0232686560175414,6261.21,-0.0338608671486821,0.0142673934415846,0.0129274182085784,0.0113705656124267,34.6598488216985,6193.31,6522.895602010432,5863.724397989568,0.2813769789685195,127.67142857142856,0.0211055062770992,-0.0370889178950049,-0.0730615997548268,-0.0230620155038759,118013.2,1.1025969976239949,0.0291777398127055,0.6360804,1
2021-03-22,6048.2,6141.0,6042.0,6124.0,96157.0,0.0123652714408517,0.0123652714408517,0.013672327606184,-0.0008483978333224,-0.0538578005747304,6070.68,0.0087832005640224,6047.679999999999,0.0126197153288534,6175.88,-0.0084004222879978,6260.77,-0.0218455557383517,0.0130267326034499,0.0133621862386161,0.0114552937615774,42.214457305088416,6175.88,6479.091425975433,5872.668574024568,0.4144491342417227,125.75714285714288,0.0205351311001213,-0.0008483978333224,-0.0538578005747304,-0.0042924037460977,115793.6,0.8304172251316134,-0.2610185903889457,0.22469541,0
2021-03-23,6134.8,6145.2,6020.8,6069.6,97042.0,-0.0088830829523186,-0.0088830829523186,0.0064670182071435,0.009077306733167,-0.060985797827903,6078.4800000000005,-0.0014608915386741,6053.139999999999,0.0027192498438828,6156.17,-0.0140623147184044,6257.626666666667,-0.0300476005812639,0.0117836121174392,0.0134288099664754,0.0112761201499588,34.99665849855202,6156.17,6430.445843478317,5881.894156521683,0.3421844248072772,128.11428571428573,0.0211075335630495,0.009077306733167,-0.060985797827903,-0.0301364609632162,114498.2,0.8475417080792537,0.0092036981187018,0.3709363,0
2021-03-24,6048.6,6078.8,5992.2,6019.4,87085.0,-0.0082707262422566,-0.0082707262422566,-0.0060435931307794,0.0164471462343802,-0.0584094606432237,6071.160000000001,-0.0085255536009595,6062.879999999999,-0.0071715092497294,6137.5,-0.0192423625254583,6255.446666666667,-0.0377345822360674,0.0108523860902539,0.0133580088677512,0.0111074751347498,36.29013629013626,6137.5,6394.228519318626,5880.771480681374,0.2699904936283564,125.9428571428572,0.0209228257206461,0.0164471462343802,-0.0584094606432237,-0.0212676010536243,107367.4,0.8110934976538503,-0.102605057603924,0.6290347,1
2021-03-25,6009.4,6059.8,5972.0,6042.4,93812.0,0.0038209788350997,0.0038209788350997,-0.0084022581068663,-0.0050386958669521,-0.0512200483622775,6060.92,-0.003055641717759,6059.82,-0.002874672845068,6121.19,-0.0128716801798343,6253.096666666666,-0.0336947720302847,0.0070748685442772,0.013440099134266,0.0110956271564518,36.11304146397961,6121.19,6356.667905098188,5885.712094901812,0.3327019259680718,123.84285714285724,0.0204956403321291,-0.0050386958669521,-0.0512200483622775,-0.0228029886470226,100843.4,0.9302740685062186,0.0772463684905551,0.600529,1
2021-03-26,6070.2,6135.8,6059.0,6114.8,91763.0,0.0119819939097047,0.0119819939097047,0.0108444091780732,0.0070487483530961,-0.0163755107293376,6074.04,0.0067105254492891,6064.1,0.0083606800679407,6116.1,-0.0002125537515736,6253.17,-0.0221279766902227,0.0081034476119932,0.0128223586892442,0.0111033887934236,49.08022483392951,6116.1,6347.255614023746,5884.944385976255,0.4971880414726448,113.30000000000013,0.0185288153332897,0.0070487483530961,-0.0163755107293376,0.0007200837915686,93171.8,0.9848795450984096,-0.0218415554513281,0.351915,0
2021-03-29,6099.0,6125.4,6065.0,6114.0,80533.0,-0.000130830117093,-0.000130830117093,-0.0016329196603527,0.0120170821332803,-0.0333902485296907,6072.039999999999,0.0069103629093354,6071.360000000001,0.0070231381436778,6105.539999999999,0.0013856268241632,6252.123333333334,-0.0220922278671193,0.0078599954138719,0.0120893511191814,0.0110125837626317,57.39468180460112,6105.539999999999,6314.727746445907,5896.352253554092,0.5202210696939378,104.45714285714295,0.0170849105098369,0.0120170821332803,-0.0333902485296907,-0.0101670768035229,90047.0,0.8943440647661777,-0.1223804801499515,0.68501306,1
2021-03-30,6093.2,6140.4,6069.8,6123.2,81851.0,0.0015047432122996,0.0015047432122996,0.0088308949518913,0.0153550227174741,-0.0228832221619379,6082.76,0.0066482978121773,6080.62,0.0070025753952722,6098.37,0.0040715797827943,6251.98,-0.0205982744666489,0.0077885023055386,0.0119705251135828,0.0109739202954917,67.17896174863382,6098.37,6293.684085513463,5903.0559144865365,0.5635642839960161,98.51428571428576,0.0160886931203105,0.0153550227174741,-0.0228832221619379,-0.0014025245441795,87008.8,0.9407209385717308,0.0163659617796432,0.37333062,0
2021-03-31,6120.6,6128.8,6044.8,6113.4,85330.0,-0.0016004703423047,-0.0016004703423047,0.0156161743695384,0.0094782034346101,-0.0355892096545197,6101.56,0.0019404873507757,6086.36,0.0044427211009536,6087.09,0.0043222623618182,6251.916666666667,-0.0221558721991923,0.0077848489732752,0.0115948418818416,0.010971468959656,54.5454545454545,6087.09,6246.681186935026,5927.498813064975,0.5824293637552526,92.04285714285716,0.0150559193154148,0.0094782034346101,-0.0355892096545197,-0.000621199241483,86657.8,0.9846776631763096,0.0425040622594714,0.671243,1
2021-04-01,6124.4,6180.8,6087.6,6165.2,77682.0,0.008473190041548,0.008473190041548,0.0203230504435323,0.0117500328213207,-0.014640071602097,6126.12,0.0063792416733592,6093.52,0.0117633157846368,6082.51,0.013594716654802,6251.98,-0.0138804026884282,0.0079845066540465,0.0114935016018207,0.0109864736103396,59.41033925686586,6082.51,6226.0440106402975,5938.975989359703,0.7880501967133924,91.4714285714286,0.0148367333697898,0.0117500328213207,-0.014640071602097,0.0006167429480312,83431.8,0.9310838313448828,-0.0896285011133247,0.6070932,1
2021-04-02,6176.4,6185.8,6137.4,6172.2,69094.0,0.0011354051774477,0.0011354051774477,0.0093870609014194,0.0203332672088871,-0.0175097895641653,6137.6,0.0056373826903022,6105.82,0.0108715946424886,6077.01,0.0156639531611761,6250.56,-0.0125364767316847,0.0074140064732149,0.0114486234654173,0.0107974524909095,63.86768447837148,6077.01,6194.369329456545,5959.650670543456,0.905549351895566,86.87142857142862,0.0140746295601938,0.0203332672088871,-0.0175097895641653,-0.0136158787995013,78898.0,0.8757382950138153,-0.1105532813264333,0.7227926,1
2021-04-06,6199.4,6227.0,6161.0,6175.6,73951.0,0.0005508570687924,0.0005508570687924,0.0100752371606149,0.00842586544742,0.0075703191281082,6149.92,0.0041756640736789,6110.9800000000005,0.0105744086873136,6079.33,0.0158356266233286,6248.009999999999,-0.0115892900299453,0.0064665581737919,0.0100193692473801,0.0106911077557541,65.61826798793615,6079.33,6202.713272772135,5955.946727227865,0.8901258162352069,85.04285714285717,0.0137707845622866,0.00842586544742,0.0075703191281082,-0.0241759630882028,77581.6,0.9532028212875218,0.070295539410079,0.6824501,1
2021-04-07,6183.6,6190.8,6125.0,6183.0,77683.0,0.0011982641362782,0.0011982641362782,0.0097661353540632,0.0186832740213522,0.0279301745635909,6161.88,0.003427525365635,6122.32,0.0099112754642032,6087.7300000000005,0.0156495113942305,6245.056666666666,-0.00993692611276,0.0054914777159988,0.0089593832374679,0.0106701569945466,64.23128641864628,6087.7300000000005,6215.470874223291,5959.98912577671,0.8729033505495988,82.24285714285718,0.0133014486726277,0.0186832740213522,0.0279301745635909,-0.0278607590956259,76748.0,1.0121827278886746,0.0504658490081268,0.6784029,1
2021-04-08,6154.2,6218.8,6144.8,6208.0,84621.0,0.0040433446546983,0.0040433446546983,0.0154742042071516,0.0313320264478187,0.0482944951030057,6180.8,0.0044007248252653,6141.18,0.0108806450877518,6102.030000000001,0.0173663518533995,6242.44,-0.0055170734520475,0.0041928846689145,0.0080399252459277,0.0106847030513801,63.19188191881908,6102.030000000001,6214.81098197257,5989.249018027432,0.9698043861055128,82.35714285714292,0.0132662923416789,0.0313320264478187,0.0482944951030057,-0.0246661429693637,76606.2,1.1046233855745358,0.0893116898163046,0.36476213,0
2021-04-09,6199.6,6209.8,6152.2,6189.8,83695.0,-0.0029317010309277,-0.0029317010309277,0.0039901381950302,0.0243942804183769,0.0192326691915034,6185.72,0.0006595836862968,6155.92,0.0055036452715435,6107.870000000001,0.0134138414864755,6238.956666666667,-0.0078789883137512,0.0045885589148589,0.00599198052833,0.0106635282651993,67.25576828669611,6107.870000000001,6226.277487316432,5989.46251268357,0.8459662976423549,79.37142857142862,0.0128229391210424,0.0243942804183769,0.0192326691915034,-0.0326623741951616,77808.8,1.075649540925962,-0.0109429101523262,0.24309985,0
2021-04-12,6168.0,6188.0,6072.8,6110.6,109843.0,-0.0127952437881676,-0.0127952437881676,-0.0099802339522373,-0.000686858114738,0.006357048748353,6173.4,-0.0101726763209899,6155.5,-0.0072942896596539,6109.8,0.0001309371828865,6233.53,-0.0197207681682769,0.0054599297944651,0.0067371327752621,0.0107468267057759,48.37299660029145,6109.8,6226.997880347102,5992.602119652898,0.5034130310105901,80.65714285714292,0.0131995455204305,-0.000686858114738,0.006357048748353,-0.0505888567788446,85958.6,1.2778593415900212,0.3124200967799748,0.22468093,0
2021-04-13,6109.6,6130.2,6075.6,6096.4,93167.0,-0.0023238307203876,-0.0023238307203876,-0.012824664809897,-0.0028786391887472,0.0091038501009699,6157.56,-0.0099325057327903,6153.74,-0.0093179107339601,6112.55,-0.0026421051770538,6229.683333333333,-0.0213948809597064,0.0055071402852572,0.0066498379776895,0.0105387164089692,53.606027987082776,6112.55,6225.493982388853,5999.606017611148,0.4285043804086965,75.6714285714286,0.0124124776214534,-0.0028786391887472,0.0091038501009699,-0.0364774307750663,89801.8,1.0374736363859076,-0.1518166838123503,0.7165946,1
2021-04-14,6105.6,6157.0,6098.6,6136.6,94523.0,0.0065940555081689,0.0065940555081689,-0.00750444767912,0.0021883982231514,0.0175770238450567,6148.280000000001,-0.001899718295198,6155.08,-0.0030023980191971,6117.85,0.0030648021772354,6225.613333333333,-0.0142979219182687,0.0059102456704714,0.0067629403282999,0.0105141933518403,66.20575221238938,6117.85,6224.367535003003,6011.332464996998,0.5880136777455071,73.81428571428576,0.0120285313877857,0.0021883982231514,0.0175770238450567,-0.0382710631895686,93169.8,1.0145240195857457,0.0145545096439727,0.6059404,1
2021-04-15,6126.2,6154.2,6070.0,6150.8,118401.0,0.0023139849428022,0.0023139849428022,-0.0092139175257731,0.0061177086400368,0.0156538969616908,6136.840000000001,0.0022747863721392,6158.82,-0.0013021974988715,6122.59,0.0046075272066232,6222.316666666667,-0.0114935755439425,0.005904845134248,0.006727146184165,0.0105043199135024,65.36281179138322,6122.59,6225.907963995463,6019.272036004538,0.63652030541968,73.55714285714286,0.0119589553972073,0.0061177086400368,0.0156538969616908,-0.0311564754434048,99925.8,1.1848891877773309,0.2526157654750696,0.7772425,1
2021-04-16,6166.8,6236.6,6153.6,6232.0,114292.0,0.013201534759706,0.013201534759706,0.0068176677760185,0.010835009407643,0.0227123539451226,6145.280000000001,0.0141116434076233,6165.5,0.0107858243451464,6129.51,0.0167207492931735,6220.856666666666,0.0017912859804412,0.0067341278917428,0.0071890129556326,0.0106365769890444,66.2057522123893,6129.51,6242.7184783879,6016.3015216121,0.9526604431905968,73.0142857142857,0.0117160278745644,0.010835009407643,0.0227123539451226,-0.0138616368124565,106045.2,1.0777668390459918,-0.0347040987829494,0.82845706,1
2021-04-19,6206.2,6312.6,6192.4,6290.0,96758.0,0.0093068035943517,0.0093068035943517,0.0293588191012339,0.0190855772658047,0.0398069166170733,6181.160000000001,0.0176083453591233,6177.280000000001,0.018247513468711,6141.55,0.02417142252363,6221.183333333333,0.0110616683321234,0.0072175040811478,0.0071215588052631,0.0106582149939175,71.01241642788915,6141.55,6269.105865985548,6013.994134014452,1.081901893938846,77.28571428571435,0.0122870769929593,0.0190855772658047,0.0398069166170733,0.0031257973972953,103428.2,0.9355088844241706,-0.1534140622265775,0.72275233,1
2021-04-20,6297.0,6327.2,6289.6,6301.6,72488.0,0.0018441971383147,0.0018441971383147,0.0336592087133391,0.0204028758339269,0.0290006531678641,6222.2,0.0127607598598566,6189.88,0.0180488151628142,6150.43,0.0245787692893018,6220.446666666668,0.0130462228328724,0.007201898310575,0.0066893375457003,0.0105457288813085,71.17758784425449,6150.43,6296.260313793141,6004.59968620686,1.0183078746385803,74.92857142857149,0.0118904042510745,0.0204028758339269,0.0290006531678641,-0.0069652368495697,99292.4,0.7300458041098815,-0.2508319725500734,0.38974503,0
2021-04-21,6274.8,6306.8,6239.6,6286.8,75089.0,-0.0023486098768567,-0.0023486098768567,0.0244760942541473,0.0167879670063075,0.0357848952155002,6252.24,0.0055276189013857,6200.26,0.013957479202485,6161.29,0.0203707340508239,6219.910000000001,0.0107541748996367,0.0073343625620974,0.0063066276606435,0.0105359629985462,70.3425621773815,6161.29,6313.964595825495,6008.615404174505,0.9110376036084497,73.72857142857148,0.0117275197920359,0.0167879670063075,0.0357848952155002,-0.0050957429973096,95405.6,0.7870502360448443,0.0358818011257036,0.8686525,1
2021-04-22,6305.6,6327.2,6278.0,6298.6,73612.0,0.0018769485270726,0.0018769485270726,0.0240293945503025,0.0145940721649484,0.0463833604678207,6281.800000000001,0.0026743926899932,6209.32,0.0143783860390511,6175.25,0.0199748998016275,6218.536666666667,0.0128749475358886,0.0072889964573739,0.0058470575820131,0.010459854374967,67.27084412221646,6175.25,6324.312975034935,6026.187024965065,0.9137513019953188,70.58571428571433,0.0112065719819823,0.0145940721649484,0.0463833604678207,-0.0129133364676382,86447.8,0.8515196453813746,-0.0196699916099561,0.80224353,1
2021-04-23,6280.8,6344.8,6266.8,6343.0,79044.0,0.007049185533293,0.007049185533293,0.017811296534018,0.0247503958124657,0.0497484443267577,6304.0,0.0061865482233502,6224.64,0.0190147542669134,6190.280000000001,0.0246709357250398,6216.473333333332,0.0203534479892673,0.0073020516255095,0.0059355560676907,0.010350822267022,70.16052880075539,6190.280000000001,6343.502804403985,6037.057195596017,0.9983592376933044,72.70000000000002,0.0114614535708655,0.0247503958124657,0.0497484443267577,-0.0191439351765942,79398.2,0.9955389416888544,0.0737923164701408,0.36974895,0
2021-04-26,6350.6,6420.0,6301.4,6319.8,100556.0,-0.003657575279836,-0.003657575279836,0.0047376788553259,0.0342355906130331,0.0335252175050697,6309.96,0.0015594393625315,6245.56,0.0118868444142719,6200.530000000001,0.0192354524532578,6214.063333333334,0.0170157046999304,0.0055378963498674,0.0056359354197027,0.0103600612316195,66.26071267478571,6200.530000000001,6359.800562251618,6041.259437748383,0.8744257517330013,76.4571428571429,0.0120980320353718,0.0342355906130331,0.0335252175050697,-0.0223686653053646,80157.8,1.2544755469835749,0.2721522190172563,0.2563967,0
2021-04-27,6332.4,6346.6,6285.6,6314.4,79066.0,-0.0008544574195387,-0.0008544574195387,0.0020312301637677,0.035758808477134,0.0327772325809616,6312.52,0.0002978208385875,6267.360000000001,0.0075055525771614,6210.55,0.0167215464008823,6211.756666666667,0.0165240428499291,0.0053870115589979,0.0056503766938733,0.0103585107936606,64.8844585410058,6210.55,6372.098239495686,6049.001760504314,0.8214210205081578,76.11428571428574,0.0120540804691317,0.035758808477134,0.0327772325809616,-0.0214480535581453,81473.4,0.9704517057100844,-0.2137117625999443,0.72985154,1
2021-04-28,6295.6,6368.0,6276.4,6360.4,79639.0,0.0072849360192575,0.0072849360192575,0.011707068779029,0.0364697063520516,0.0387379148157824,6327.24,0.0052408317054513,6289.74,0.0112341686619796,6222.41,0.0221762950368105,6211.473333333333,0.0239760615033899,0.0054348547634585,0.0057897898252251,0.010294697544588,66.47923875432517,6222.41,6391.6040760439455,6053.215923956054,0.9077861448416163,77.37142857142862,0.0121645538914893,0.0364697063520516,0.0387379148157824,-0.0026656631229027,82383.4,0.9666874637366266,0.0072471100093591,0.70383036,1
2021-04-29,6358.0,6373.2,6328.8,6362.2,74265.0,0.0002830010691152,0.0002830010691152,0.0100974819801225,0.0343695129088899,0.0406974842150031,6339.96,0.0035079085672464,6310.88,0.0081319879319523,6234.85,0.0204255114397298,6211.369999999999,0.0242828876721239,0.0055255151446882,0.0057446896243517,0.0102930630973551,69.32735426008956,6234.85,6406.859491781994,6062.840508218007,0.8701830599017297,76.42857142857143,0.0120129155682894,0.0343695129088899,0.0406974842150031,-0.0009735569373783,82514.0,0.9000290859732893,-0.0674795012493878,0.6982534,1
2021-04-30,6340.6,6385.2,6304.0,6377.4,94069.0,0.0023891106849831,0.0023891106849831,0.0054233012769981,0.0233311938382541,0.0344189969506261,6346.839999999999,0.0048149945484683,6325.42,0.0082176361411574,6245.46,0.0211257457417066,6212.846666666666,0.0264859801250527,0.0043206541191425,0.0055420629042614,0.0101644074738347,84.92146596858612,6245.46,6425.376616943995,6065.543383056005,0.8666698558506974,73.87142857142855,0.0115833142928824,0.0233311938382541,0.0344189969506261,0.0140885383538988,85519.0,1.0999777827149522,0.2666666666666666,0.119916715,0
2021-05-06,6383.8,6429.2,6314.0,6346.6,96438.0,-0.0048295543638472,-0.0048295543638472,0.0042406405265988,0.0089984101748807,0.0282557272933476,6352.2,-0.0008815843329869,6331.08,0.0024513984975707,6254.18,0.014777316930437,6215.1466666666665,0.0211504796883312,0.0040859474628775,0.0057317564326205,0.0100429062608807,81.38484696437537,6254.18,6436.041110683089,6072.318889316912,0.7540950059439901,78.20000000000002,0.0123215579995588,0.0089984101748807,0.0282557272933476,0.0222272331926682,84695.4,1.1386450739945737,0.0251836417948527,0.22530924,0
2021-05-07,6379.2,6407.2,6324.2,6337.2,94673.0,-0.0014811079948319,-0.0014811079948319,0.0036107943747625,0.0056493588929795,0.0261674978949413,6356.759999999999,-0.0030770392464084,6334.639999999999,0.0004041271485042,6262.26,0.0119669256785888,6216.693333333333,0.0193843672520439,0.0041359108894481,0.0057656906012026,0.0100210274936026,77.27025557368125,6262.26,6443.780321031301,6080.739678968699,0.7064231695223727,79.79999999999998,0.0125923120621094,0.0056493588929795,0.0261674978949413,0.0148613157389021,87816.8,1.0780738992994507,-0.0183019141832058,0.56417483,1
2021-05-10,6346.8,6383.4,6320.2,6346.8,85752.0,0.0015148646089755,0.0015148646089755,-0.002138230299981,0.0095438060698607,0.0264919941775836,6354.04,-0.0011394325499995,6340.64,0.0009715107623204,6270.45,0.0121761596057698,6217.679999999999,0.0207665881808007,0.004011434971231,0.0057658076041936,0.0099847142776319,76.9823788546255,6270.45,6451.6936975309045,6089.206302469095,0.7106280136637071,78.29999999999998,0.0123369256948383,0.0095438060698607,0.0264919941775836,0.0094153572110184,89039.4,0.96307926603279,-0.0942296113992373,0.21432015,0
2021-05-11,6313.0,6357.4,6238.2,6340.6,109417.0,-0.0009768702338185,-0.0009768702338185,-0.0033950520260286,0.0066681484774393,0.0213595360824743,6349.719999999999,-0.00143628380464,6344.84,-0.0006682595621008,6277.08,0.0101193548592657,6219.1033333333335,0.0195360424412738,0.0040401687226718,0.0057504470897227,0.0099612575473417,68.8410825815406,6277.08,6458.406081382161,6095.753918617839,0.6751540636510156,80.68571428571424,0.0127252490751213,0.0066681484774393,0.0213595360824743,0.0136526410026858,96069.8,1.1389323179604829,0.2759702397611718,0.640688,1
2021-05-12,6323.4,6409.2,6296.8,6396.4,95623.0,0.0088004289814842,0.0088004289814842,0.0029792705491265,0.0084187293078983,0.0333774920029725,6353.52,0.0067490147193995,6350.18,0.0072785338368359,6287.41,0.017334641768232,6222.303333333332,0.0279794566963682,0.0043716550386037,0.0059164310129081,0.0099590609736088,68.60139860139854,6287.41,6471.321442075394,6103.498557924606,0.7963110907349626,80.1285714285713,0.0125271357996015,0.0084187293078983,0.0333774920029725,0.0309457804138997,96380.6,0.9921394969527062,-0.1260681612546496,0.28486797,0
2021-05-13,6362.2,6380.0,6298.4,6328.6,93605.0,-0.0105997123381901,-0.0105997123381901,-0.0028361642454227,0.0013924491281369,0.0356757110594703,6349.92,-0.003357522614458,6351.06,-0.0035364175428982,6298.31,0.0048092266020567,6225.856666666668,0.0165026820940838,0.0055570062140928,0.005648410201886,0.0098754710024925,53.94506136762129,6298.31,6462.927501147796,6133.692498852205,0.5920011535492975,84.44285714285706,0.013343054884628,0.0013924491281369,0.0356757110594703,0.0348628053765904,95814.0,0.9769449141044106,-0.0211037093586271,0.7542546,1
2021-05-14,6334.6,6438.2,6310.2,6436.6,103487.0,0.0170653857093197,0.0170653857093197,0.015685160638768,0.019352590903332,0.0558034249721148,6369.800000000001,0.0104869854626516,6363.28,0.0115223595378484,6315.32,0.0192040941710001,6229.833333333333,0.0331897589555634,0.0076798604914909,0.0065074979699816,0.009964465296945,67.20257234726695,6315.32,6461.347792595992,6169.292207404007,0.915263416107164,88.78571428571422,0.0137938840825457,0.019352590903332,0.0558034249721148,0.0384962891255245,97576.8,1.060569725590509,0.1055712835852786,0.76667905,1
2021-05-17,6453.8,6504.4,6446.6,6467.6,99463.0,0.0048162073144206,0.0048162073144206,0.0190332135879498,0.016854285893969,0.0539386631033471,6393.96,0.0115171192813217,6374.0,0.0146846564166929,6331.870000000001,0.0214360054770548,6232.55,0.037713295521095,0.0075272985059969,0.0064640615933462,0.0097422557318991,68.58776946766395,6331.870000000001,6467.252391764698,6196.487608235304,1.0012838015002234,90.1142857142856,0.0139331878462313,0.016854285893969,0.0539386631033471,0.0258541382482631,100319.0,0.9914672195695732,-0.0388841110477644,0.72134924,1
2021-05-18,6485.2,6506.0,6461.0,6488.0,74252.0,0.003154183932216,0.003154183932216,0.0232470113238494,0.0197730344849267,0.0548221369577941,6423.4400000000005,0.0100506893502545,6386.58,0.0158801737393097,6348.7300000000005,0.0219366707987265,6234.9,0.0405940752858908,0.0075220777187641,0.0064644935531714,0.0097142751549504,66.83697166744084,6348.7300000000005,6472.669630465513,6224.790369534488,1.061846116036115,87.75714285714275,0.0135260701074511,0.0197730344849267,0.0548221369577941,0.0222152197888765,93286.0,0.7959608086958386,-0.2534711400219177,0.45168978,0
2021-05-19,6442.6,6485.8,6439.4,6480.0,81161.0,-0.001233045622688,-0.001233045622688,0.0130698517916327,0.0160880609652838,0.0397946084724005,6440.16,0.0061861817097712,6396.84,0.0130001688333614,6361.13,0.0186869314099853,6235.930000000001,0.0391393104156074,0.0075873982992594,0.0060198797004009,0.009611992955516,69.28261916225328,6361.13,6485.51955955482,6236.74044044518,0.9778134130606528,82.75714285714275,0.012771164021164,0.0160880609652838,0.0397946084724005,0.0096288679068898,90393.6,0.897862238034551,0.0930479987071055,0.32256508,0
2021-05-20,6444.6,6486.4,6401.8,6453.2,101406.0,-0.0041358024691358,-0.0041358024691358,0.0196883986979741,0.0167963949201146,0.0259459459459459,6465.08,-0.0018375642683462,6407.5,0.0071322668747562,6369.29,0.0131741528490616,6234.716666666666,0.0350430252109825,0.0075247563801915,0.0059070111849485,0.0093766043087004,65.88827838827847,6369.29,6495.432207135352,6243.147792864648,0.8326008078721963,84.442857142857,0.0130854238428774,0.0167963949201146,0.0259459459459459,-0.0111553784860558,91953.8,1.1027929242728414,0.2494424662091399,0.29190892,0
2021-05-21,6463.6,6474.2,6398.0,6420.4,100933.0,-0.0050827496435876,-0.0050827496435876,-0.0025168567256005,0.0131288266111215,0.018852354957471,6461.839999999999,-0.0064130340584105,6415.820000000001,0.0007138604262586,6375.23,0.0070852345719292,6233.846666666666,0.0299258777619382,0.0077755480536247,0.0060740194529451,0.0093400276300075,57.08215297450428,6375.23,6499.119545032443,6251.340454967556,0.682299482931232,83.34285714285696,0.0129809446674439,0.0131288266111215,0.018852354957471,-0.0080647653184192,91443.0,1.1037804971402951,-0.0046644182789973,0.71375763,1
2021-05-24,6423.6,6468.6,6382.4,6441.2,79038.0,0.0032396735405892,0.0032396735405892,-0.0040818850887501,0.0148736371084641,0.0245593942864412,6456.56,-0.0023789758013554,6425.26,0.0024808334604358,6382.95,0.0091258743997681,6233.47,0.0333249377954814,0.0077991424961212,0.0060426616536245,0.0093483177119916,58.92453682783555,6382.95,6502.814967885699,6263.085032114301,0.7429817528318452,86.32857142857132,0.0134025603037588,0.0148736371084641,0.0245593942864412,-0.0034963953092608,87358.0,0.9047597243526636,-0.2169260796766171,0.77906454,1
2021-05-25,6451.8,6539.0,6425.4,6513.8,88898.0,0.0112711917034094,0.0112711917034094,0.003976572133169,0.0273160268744283,0.03416632267488,6461.719999999999,0.0080597735587431,6442.58,0.0110545775139774,6393.71,0.0187825221975972,6235.486666666667,0.0446337789191542,0.0083110540020293,0.0064470890260092,0.0093472424878707,63.64000000000008,6393.71,6520.148999646081,6267.271000353919,0.9748930327515528,88.64285714285708,0.0136084708070338,0.0273160268744283,0.03416632267488,0.0189275434864222,90287.2,0.9846135443340808,0.1247501201953491,0.69064516,1
2021-05-26,6519.4,6533.8,6502.0,6520.6,67741.0,0.0010439374865669,0.0010439374865669,0.0062654320987654,0.0194171721593396,0.0279993693835725,6469.84,0.0078456345133728,6455.0,0.0101626646010843,6402.59,0.0184316034604745,6238.02,0.0452996303314194,0.0080390185593938,0.0063235485063791,0.0093317592395531,68.27731092436974,6402.59,6538.616218834636,6266.563781165364,0.9337766682446064,82.68571428571424,0.0126806910845189,0.0194171721593396,0.0279993693835725,0.0238670979493138,87603.2,0.7732708394213911,-0.2379918558347769,0.6755657,1
2021-05-27,6531.8,6581.4,6514.6,6562.6,74353.0,0.0064411250498419,0.0064411250498419,0.0169528296039174,0.0369750023701924,0.0384189373081427,6491.719999999999,0.0109185239042968,6478.4,0.0129970363052607,6414.7300000000005,0.0230516327265528,6243.786666666667,0.0510608946707553,0.0067916161365838,0.0063015477238424,0.0087990071514652,72.15886747935517,6414.7300000000005,6562.478934985652,6266.981065014349,1.0004096984332247,81.52857142857134,0.0124232120544557,0.0369750023701924,0.0384189373081427,0.0556574333236816,82192.6,0.904619150629132,0.0976070621927636,0.72965825,1
2021-05-28,6578.6,6598.2,6529.0,6563.4,70869.0,0.0001219029043366,0.0001219029043366,0.0222727555915518,0.019699841531243,0.03943367540859,6520.32,0.0066070376914015,6491.08,0.0111414433345451,6427.18,0.0211943651803745,6247.756666666667,0.0505210670283251,0.004934826806252,0.006282794749537,0.0085275277229202,71.66866746698682,6427.18,6581.164217919696,6273.1957820803045,0.942318056487579,81.95714285714277,0.0124869949808243,0.019699841531243,0.03943367540859,0.0376588882564978,76179.8,0.9302859813231328,-0.0468575578658561,0.6352329,1
2021-05-31,6560.0,6600.4,6543.0,6584.0,65084.0,0.0031386171801202,0.0031386171801202,0.0221697820281936,0.0179974024367617,0.0351550216967486,6548.88,0.0053627490502192,6502.719999999999,0.0124993848727918,6438.36,0.0226206673749216,6253.046666666667,0.0529267333150667,0.0048549484024693,0.0061649453618277,0.0084328702497664,73.6678335278102,6438.36,6603.96003051081,6272.75996948919,0.9397342184985082,77.54285714285705,0.0117774691893768,0.0179974024367617,0.0351550216967486,0.0506494749944148,73389.0,0.8868359018381501,-0.0816294853885337,0.199522,0
2021-06-01,6562.2,6596.0,6512.2,6574.4,86620.0,-0.0014580801944107,-0.0014580801944107,0.009303325247935,0.0133168927250306,0.0333532425890414,6561.0,0.0020423715896966,6511.36,0.0096815411834085,6448.969999999999,0.0194496175358236,6256.97,0.0507322234244369,0.004930076640871,0.0061989060582739,0.0083197319512849,69.01709401709402,6448.969999999999,6621.087525331479,6276.85247466852,0.8643731216749596,75.49999999999993,0.0114839376977366,0.0133168927250306,0.0333532425890414,0.0371351948256821,72933.4,1.187658877825523,0.3308954581771248,0.13935111,0
2021-06-02,6577.8,6585.8,6505.8,6536.6,84791.0,-0.0057495741056217,-0.0057495741056217,0.0024537619237492,0.0087345679012347,0.0249631511274188,6564.2,-0.0042046250875962,6517.02,0.0030044406799427,6456.93,0.0123386810759913,6261.633333333333,0.0439129300661702,0.0053779840544762,0.0064119966818417,0.008170460362544,73.74429223744292,6456.93,6629.834367848151,6284.02563215185,0.7303874708068931,74.21428571428565,0.0113536526197542,0.0087345679012347,0.0249631511274188,0.0447193453522567,76343.4,1.1106526562872496,-0.0211152158854768,0.25067177,0
2021-06-03,6542.4,6581.2,6493.0,6493.0,92517.0,-0.0066701343205948,-0.0066701343205948,-0.0106055526772925,0.0061674827992315,0.023067469196105,6550.280000000001,-0.0087446643502263,6521.0,-0.0042938199662628,6464.25,0.0044475383841899,6265.146666666667,0.0363683957385407,0.0056913551485581,0.0065162538425094,0.0082143713158744,57.54817987152029,6464.25,6629.723680527399,6298.776319472601,0.5868718212720229,71.3714285714285,0.0109920573804756,0.0061674827992315,0.023067469196105,0.033555124001146,79976.2,1.156806649978369,0.0911181611255911,0.6893515,1
2021-06-04,6475.8,6573.2,6468.0,6553.2,105612.0,0.0092715231788078,0.0092715231788078,-0.0015540725843312,0.0206840695283783,0.0340844537019504,6548.24,0.0007574554384077,6534.28,0.0028954988154776,6475.05,0.0120694048694605,6272.213333333333,0.0447986463045475,0.0058969987971133,0.0067269612349112,0.0076088878213802,60.62562065541204,6475.05,6633.662344378953,6316.437655621047,0.7463553524348819,74.0428571428571,0.0112987330072113,0.0206840695283783,0.0340844537019504,0.0691770541016771,86924.8,1.214981225150935,0.1415415545251144,0.25253102,0
2021-06-07,6558.4,6572.0,6516.4,6544.6,72077.0,-0.0013123359580051,-0.0013123359580051,-0.0059842041312271,0.0160529093957648,0.0311653116531165,6540.36,0.0006482823575462,6544.620000000001,-3.055945188679132e-06,6484.9400000000005,0.0091997767134313,6281.04,0.0419612038770649,0.0059714690226427,0.0067606476193368,0.0071612890808402,57.23785166240414,6484.9400000000005,6634.277348943212,6335.602651056789,0.6997490929837209,74.79999999999998,0.0114292699324634,0.0160529093957648,0.0311653116531165,0.0880465502909393,88323.4,0.8160578057457027,-0.3175302049009582,0.19500457,0
2021-06-08,6545.6,6592.8,6485.6,6526.6,92038.0,-0.0027503590746569,-0.0027503590746569,-0.0072706254563152,0.0019650587982438,0.0293347632716147,6530.800000000001,-0.0006431065106878,6545.9,-0.0029484104553993,6494.24,0.004982877134199,6291.116666666667,0.0374310866910221,0.0050214492642025,0.0068071069306328,0.0068335672332319,55.81047381546139,6494.24,6628.093437523113,6360.386562476887,0.6208784794727923,78.98571428571424,0.0121021227416593,0.0019650587982438,0.0293347632716147,0.1020938872002703,89407.0,1.0294272260561257,0.2769399392316549,0.23716195,0
2021-06-09,6512.6,6541.0,6501.8,6522.2,69367.0,-0.000674164189624,-0.000674164189624,-0.0022029801425818,0.0002453761923748,0.0196673128634856,6527.92,-0.0008762362283851,6546.06,-0.0036449406207702,6500.530000000001,0.003333574339323,6298.6033333333335,0.0354994043653063,0.0050190486986688,0.0065964307734315,0.0060787444027889,59.11251980982566,6500.530000000001,6626.6229832344525,6374.437016765549,0.5859286513973062,75.74285714285712,0.0116130841039614,0.0002453761923748,0.0196673128634856,0.0739667380207476,86322.2,0.8035823924784123,-0.2463221712770812,0.60844016,1
2021-06-10,6527.4,6615.4,6525.0,6603.0,92275.0,0.0123884578823096,0.0123884578823096,0.0169413214230709,0.006156096669003,0.0433587207281229,6549.92,0.0081039157730171,6550.1,0.0080762125769071,6514.25,0.0136239782016349,6307.453333333334,0.0468567345722203,0.0060986330021647,0.0064713981651475,0.0062444621003843,71.40178152836384,6514.25,6619.579308161614,6408.920691838386,0.9212977448965338,76.95714285714283,0.0116548754894961,0.006156096669003,0.0433587207281229,0.0874505928853754,86273.8,1.0695599359249273,0.3302434875373017,0.27490288,0
2021-06-11,6616.6,6618.0,6567.6,6592.0,84701.0,-0.0016659094351052,-0.0016659094351052,0.0059207715314655,0.004357497638419,0.0241431811826118,6557.68,0.0052335582096105,6552.96,0.0059576130481491,6522.02,0.0107298045697497,6316.63,0.0435944483055046,0.0061412577752322,0.0054774016216597,0.0062003697474217,68.09021113243763,6522.02,6626.151325990503,6417.888674009498,0.8360180009922377,74.39999999999989,0.0112864077669902,0.004357497638419,0.0241431811826118,0.091137815738074,82091.6,1.0317864434363564,-0.0820807369276619,0.2053561,0
2021-06-15,6589.0,6590.4,6503.2,6519.4,97694.0,-0.0110133495145631,-0.0110133495145631,-0.0038505027045199,-0.0098116646415553,0.0080091533180777,6552.64,-0.0050727645651219,6546.5,-0.004139616589017,6524.61,-0.000798515160293,6324.776666666667,0.0307715740160521,0.0070209083790081,0.0060430110899018,0.0063939855268286,50.67178502879072,6524.61,6625.570646840413,6423.649353159586,0.4741978673718514,72.6285714285713,0.0111403766341337,-0.0098116646415553,0.0080091533180777,0.0810532948628659,87215.0,1.1201513501117928,0.1533984250481104,0.44697168,0
2021-06-16,6489.6,6511.0,6422.4,6450.4,110524.0,-0.0105837960548517,-0.0105837960548517,-0.0116752980112158,-0.0188610367486006,-0.0057953144266338,6537.4,-0.0133080429528559,6534.1,-0.0128097213082138,6522.73,-0.0110889152241469,6331.35,0.0188032568093692,0.007656645396208,0.0064803750408448,0.0065636185642733,42.67223382045921,6522.73,6627.874654242135,6417.585345757864,0.1560452810400008,77.28571428571415,0.0119815382434754,-0.0188610367486006,-0.0057953144266338,0.0651254953764861,90912.2,1.2157224222931575,0.1313284336806763,0.71737283,1
2021-06-17,6455.8,6486.6,6452.6,6471.0,107699.0,0.0031936003968746,0.0031936003968746,-0.0078501119254239,-0.010035798427317,-0.0013888888888888,6527.160000000001,-0.0086040483150406,6527.54,-0.0086617623178103,6522.28,-0.0078622812881384,6337.64,0.0210425331826988,0.0076761938069901,0.0065212404440198,0.0065351144408382,39.99125874125871,6522.28,6628.268313158689,6416.29168684131,0.258086535808804,75.09999999999998,0.0116056250965847,-0.010035798427317,-0.0013888888888888,0.0619338322174083,98578.6,1.0925190660041837,-0.0255600593536245,0.6700277,1
2021-06-18,6467.6,6533.8,6460.0,6520.6,103476.0,0.0076649667748416,0.0076649667748416,-0.0124791761320611,0.0042507315570614,0.0104444306700552,6510.68,0.0015236503713897,6530.3,-0.0014853835198994,6525.65,-0.0007738692697277,6345.496666666668,0.0275948980090341,0.007832773620788,0.0066643305409461,0.0064978494340193,45.77409162717228,6525.65,6626.554196354828,6424.745803645172,0.4749762637113672,75.42857142857143,0.0115677347833897,0.0042507315570614,0.0104444306700552,0.0779276598558487,100818.8,1.0263561954714795,-0.039211134736627,0.7949429,1
2021-06-21,6504.8,6586.2,6498.8,6556.8,81204.0,0.0055516363524827,0.0055516363524827,-0.0053398058252427,0.0005493499359092,0.0212447822565573,6503.64,0.00817388416333,6530.660000000001,0.0040026582305616,6532.47,0.0037244717541755,6352.710000000001,0.0321264468234814,0.0074461668968969,0.0066161045164826,0.0063587442759502,47.394636015325695,6532.47,6621.11522072736,6443.824779272641,0.6372324407360332,77.57142857142857,0.0118306839573311,0.0005493499359092,0.0212447822565573,0.0706727629000654,100119.4,0.8110715805328438,-0.2152383161312768,0.72970146,1
2021-06-22,6552.6,6588.0,6541.6,6575.8,65785.0,0.0028977550024402,0.0028977550024402,0.0086511028622267,0.0047672890627388,0.020896727317891,6514.92,0.0093447041559988,6533.78,0.0064311929694602,6539.2,0.0055970149253732,6361.1466666666665,0.0337444402057491,0.0074776580205434,0.0066106491963351,0.0062238738928856,50.1317275122319,6539.2,6618.627954776054,6459.7720452239455,0.7303974721695491,74.89999999999996,0.0113902490951671,0.0047672890627388,0.020896727317891,0.0833992355344668,93737.6,0.7017994913460553,-0.1898798088764099,0.6617684,1
2021-06-23,6581.2,6668.6,6567.8,6661.8,76118.0,0.0130782566379756,0.0130782566379756,0.0327731613543347,0.0207152269175374,0.0227209923546931,6557.2,0.0159519307021289,6547.3,0.0174881248759031,6546.6,0.0175969205389057,6371.8533333333335,0.0455042907453404,0.0083386885762405,0.0067681007180983,0.0062743019221578,60.80055210489989,6546.6,6642.029444865171,6451.17055513483,1.1035872898703445,76.38571428571426,0.011466227488924,0.0207152269175374,0.0227209923546931,0.1067216001594844,86856.4,0.8763660478675147,0.1570722809151021,0.20998587,0
2021-06-24,6642.0,6646.4,6616.8,6646.0,65018.0,-0.0023717313638956,-0.0023717313638956,0.0270437335805904,0.0189813253196773,0.0192313590773853,6592.2,0.0081611601589757,6559.68,0.0131591784965119,6552.87,0.0142120933270459,6381.913333333333,0.0413804846404475,0.0084179740169585,0.0068137446746717,0.0062899163978106,63.863718738673406,6552.87,6657.172497320409,6448.567502679591,0.9464418513101942,73.29999999999998,0.0110291904905206,0.0189813253196773,0.0192313590773853,0.0998940818217928,78320.2,0.8301562049126535,-0.1458262171891011,0.61577356,1
2021-06-25,6637.2,6720.2,6628.8,6707.8,74602.0,0.0092988263617213,0.0092988263617213,0.0287090145078674,0.0158715735271846,0.0221253771371101,6629.639999999999,0.0117894787650612,6570.160000000001,0.0209492615096129,6560.13,0.0225102246449384,6391.796666666666,0.0494388901607738,0.0080389836221762,0.0069627388286742,0.0062241010773999,63.968196602818935,6560.13,6685.39164784545,6434.86835215455,1.089446181412996,72.31428571428569,0.0107806263923023,0.0158715735271846,0.0221253771371101,0.0969778242951526,72545.4,1.0283491441221635,0.1474053339075334,0.3203504,0
2021-06-28,6691.0,6739.2,6683.4,6702.2,63947.0,-0.0008348489817824,-0.0008348489817824,0.0221754514397265,0.0167172330097087,0.0211475759514885,6658.719999999999,0.0065297835019344,6581.18,0.0183887995769755,6567.07,0.020576908727941,6401.6,0.0469570107473131,0.0080056384648,0.0069732201147998,0.0062280104951906,64.31686046511616,6567.07,6707.550155556461,6426.589844443539,0.9809576109334872,72.3285714285714,0.0107917656036184,0.0167172330097087,0.0211475759514885,0.0962054301602879,69094.0,0.9255072799374764,-0.1428245891531058,0.17931487,0
2021-06-29,6704.8,6715.6,6636.2,6656.8,71037.0,-0.0067738951389095,-0.0067738951389095,0.0123178928799536,0.0210755591005307,0.0110571081409478,6674.92,-0.0027146392765755,6594.92,0.009382979626743,6570.710000000001,0.0131020848584093,6410.493333333333,0.0384224199073603,0.007343123783343,0.0071679996391556,0.0063200785774787,61.26687435098644,6570.710000000001,6716.701750307334,6424.718249692668,0.7948454272887605,70.34285714285716,0.0105670678318196,0.0210755591005307,0.0110571081409478,0.0871439770054873,70144.4,1.0127251783463826,0.1108730667584092,0.4653719,0
2021-06-30,6656.8,6704.8,6646.4,6670.4,61905.0,0.002043023675039,0.002043023675039,0.001290942387943,0.034106412005457,0.0146020929666585,6676.639999999999,-0.0009346018356538,6616.92,0.0080823101987026,6575.51,0.0144308198147367,6419.776666666668,0.0390392604519469,0.0058515821241233,0.0071584971801751,0.006308124771078,62.62350936967629,6575.51,6728.17284696025,6422.84715303975,0.8107828849304329,71.71428571428578,0.0107511222286947,0.034106412005457,0.0146020929666585,0.0911113292112408,67301.8,0.9198119515377002,-0.1285527260441741,0.27103844,0
2021-07-01,6670.8,6675.4,6574.8,6593.6,89502.0,-0.0115135524106498,-0.0115135524106498,-0.0078844417694853,0.0189460670684593,0.0087201297310528,6666.160000000001,-0.0108848272468707,6629.18,-0.0053671796511786,6578.360000000001,0.0023166868338004,6426.916666666667,0.0259351944296772,0.0075141945913924,0.0075397881126778,0.006458181656041,49.19382504288168,6578.360000000001,6730.089709819826,6426.630290180176,0.5502208829704376,72.24285714285718,0.0109565119423163,0.0189460670684593,0.0087201297310528,0.0694867968597938,72198.6,1.2396639270013543,0.445795977707778,0.32101727,0
2021-07-02,6582.8,6602.4,6534.4,6550.8,85273.0,-0.0064911429264742,-0.0064911429264742,-0.0234055875249709,0.0046314756310767,0.0089018943477592,6634.76,-0.0126545647468785,6632.2,-0.012273453755918,6581.25,-0.0046267806267805,6433.226666666667,0.0182759506893377,0.0076406766904394,0.0075309789414578,0.0065329087615623,46.64931685100847,6581.25,6728.262516473608,6434.237483526392,0.3964373893787941,73.50000000000007,0.0112200036636746,0.0046314756310767,0.0089018943477592,0.061339554777875,74332.8,1.1471786344655388,-0.0472503407745078,0.6187181,1
2021-07-05,6580.4,6607.2,6548.0,6589.8,72385.0,0.0059534713317457,0.0059534713317457,-0.0167706126346571,0.005032942898975,0.0055850576817433,6612.280000000001,-0.0033997350384437,6635.5,-0.0068871976490091,6583.08,0.0010207987750414,6440.130000000001,0.0232402140950569,0.0076712589974862,0.0073615265480636,0.0065635823278243,56.05643496214733,6583.08,6729.532472620796,6436.627527379204,0.5229425965971913,71.38571428571433,0.0108327588524256,0.005032942898975,0.0055850576817433,0.0670704061143856,76020.4,0.9521786257373022,-0.1511381093663879,0.32495075,0
2021-07-06,6585.0,6624.0,6523.6,6585.2,88291.0,-0.0006980484991957,-0.0006980484991957,-0.0107559187597645,0.001429483865081,0.006203587690615,6597.960000000001,-0.0019339310938534,6636.4400000000005,-0.0077210070459464,6585.110000000001,1.366719766249247e-05,6446.833333333334,0.0214627336418395,0.0076320438425397,0.007355705910789,0.0065676835184717,63.04179566563469,6585.110000000001,6730.437881918992,6439.782118081009,0.5003096446422077,71.62857142857145,0.0108772051613575,0.001429483865081,0.006203587690615,0.0650493288047873,79471.2,1.1109810849716628,0.2197416591835324,0.7393981,1
2021-07-07,6550.8,6650.2,6544.8,6643.8,87668.0,0.0088987426349997,0.0088987426349997,-0.0039877668505635,-0.0027019724398811,0.0179572825054392,6592.639999999999,0.0077601689156394,6634.639999999999,0.0013806325588126,6590.969999999999,0.0080155121325087,6454.096666666667,0.0293927009666727,0.006928570515982,0.0075569970500229,0.0066344872402131,65.57317952415286,6590.969999999999,6735.81490580184,6446.125094198159,0.6823674768109433,76.57142857142851,0.0115252458790795,-0.0027019724398811,0.0179572825054392,0.0701997422680413,84623.8,1.0359733313795882,-0.0070562118449218,0.47967395,0
2021-07-08,6666.0,6671.6,6617.4,6625.6,78333.0,-0.0027393961287215,-0.0027393961287215,0.0048531909730646,-0.0030695154980439,0.0158535463493914,6599.039999999999,0.0040248278537486,6632.6,-0.001055393058529,6596.139999999999,0.0044662484422708,6461.36,0.0254187972810677,0.0069420492760758,0.0075939094977168,0.006632526657628,60.03056935422239,6596.139999999999,6738.000248502406,6454.279751497593,0.6038345847797565,75.17142857142855,0.0113456032014351,-0.0030695154980439,0.0158535463493914,0.0704061520566092,82390.0,0.9507585872071852,-0.1064812702468404,0.8471983,1
2021-07-09,6623.0,6694.6,6577.0,6689.6,96731.0,0.0096595025356194,0.0096595025356194,0.021188251816572,-0.0027132591907927,0.0131152506436469,6626.8,0.0094766704895274,6630.780000000001,0.0088707512540002,6600.469999999999,0.0135035838356967,6471.01,0.0337798890745031,0.0069980895770083,0.0073969591354018,0.0064633169130125,62.04644412191584,6600.469999999999,6748.369896444595,6452.570103555404,0.8013186693926789,77.32857142857145,0.0115595209621758,-0.0027132591907927,0.0131152506436469,0.0947533793735475,84681.6,1.142290651097759,0.234869084549296,0.6637957,1
2021-07-12,6731.0,6808.8,6716.8,6765.4,102024.0,0.0113310212867734,0.0113310212867734,0.0266472427084281,0.0094297394885261,0.0263046116504854,6661.92,0.0155330595383913,6637.1,0.0193307317955129,6609.139999999999,0.0236430155814524,6482.16,0.0436953114393967,0.007886184141215,0.0077430433253285,0.0065649059476436,65.59210526315788,6609.139999999999,6774.274769840959,6444.00523015904,0.97312870617888,82.52857142857147,0.0121986240914907,0.0094297394885261,0.0263046116504854,0.1097368939045995,90609.4,1.1259758921259826,0.0547187561381563,0.6380399,1
2021-07-13,6781.0,6845.4,6772.0,6830.0,94082.0,0.0095485854494929,0.0095485854494929,0.0371742695741967,0.0260185073909384,0.0476424210816945,6710.88,0.0177502801420976,6654.42,0.0263854701085894,6624.67,0.0309947514366752,6493.716666666666,0.0517859571945189,0.007794640680891,0.0073745207054921,0.006612701562143,64.33685646096147,6624.67,6811.292242708588,6438.047757291412,1.050121992480351,81.04285714285717,0.0118657184689395,0.0260185073909384,0.0476424210816945,0.112994166150637,91767.6,1.0252202302337643,-0.0778444287618599,0.28940135,0
2021-07-14,6819.6,6842.8,6776.2,6805.0,114987.0,-0.0036603221083455,-0.0036603221083455,0.0242632228543906,0.0201786999280404,0.0549733349869776,6743.12,0.0091767609059307,6667.88,0.0205642573051705,6642.4,0.0244791039383356,6504.62,0.046179484735465,0.0080445116954609,0.006881147030589,0.0066498178169154,63.34340382678752,6642.4,6826.673343875491,6458.126656124508,0.9411924062925372,82.58571428571433,0.0121360344284664,0.0201786999280404,0.0549733349869776,0.1063601482733953,97231.4,1.182611790018451,0.2221997831678748,0.76572514,1
2021-07-15,6793.4,6815.4,6737.8,6809.0,131998.0,0.0005878030859662,0.0005878030859662,0.0276805119536343,0.0326680417374423,0.0522330397156545,6779.8,0.0043069117083098,6689.42,0.0178759892486941,6659.3,0.0224798402234469,6514.236666666667,0.0452490980012496,0.006552881591066,0.0068959989486915,0.0064774431366302,59.405204460966544,6659.3,6839.334827039837,6479.265172960163,0.9157528919859348,81.60000000000004,0.0119841386400352,0.0326680417374423,0.0522330397156545,0.0925866495507059,107964.4,1.2226067111010668,0.1479384626088167,0.85779357,1
2021-07-16,6825.2,6859.8,6791.8,6819.6,105791.0,0.0015567631076516,0.0015567631076516,0.0194331499641233,0.0410331562557244,0.0458546759500659,6805.8,0.0020276822710041,6716.3,0.0153804922353082,6674.25,0.0217777278345883,6523.063333333334,0.0454597252109054,0.005658222394817,0.0067930398098021,0.0063958352704714,60.810313075506514,6674.25,6855.443650405478,6493.056349594522,0.9010902139085272,82.4714285714286,0.0120932941186328,0.0410331562557244,0.0458546759500659,0.0841971383147854,109776.4,0.9636952933417384,-0.1985408869831361,0.28642645,0
2021-07-19,6809.4,6823.0,6751.8,6785.6,85289.0,-0.0049856296556982,-0.0049856296556982,0.0029857805894699,0.0297125861179399,0.0348950707662274,6809.839999999999,-0.0035595549968866,6735.88,0.0073813666514248,6685.69,0.0149438577020473,6531.13,0.0389626297440106,0.0062721337564588,0.0069320157943862,0.0064477883245539,62.1143717080512,6685.69,6864.537043145809,6506.842956854191,0.7793168906867163,81.88571428571426,0.0120675716643648,0.0297125861179399,0.0348950707662274,0.0768058905674748,106429.4,0.8013669155327382,-0.1937972039209384,0.7189281,1
2021-07-20,6755.6,6803.4,6746.0,6789.8,76310.0,0.0006189577929733,0.0006189577929733,-0.0058857979502195,0.0310696713843163,0.0325435688433346,6801.8,-0.001764238877944,6756.340000000001,0.0049523854631352,6696.389999999999,0.0139493070146752,6539.513333333333,0.0382729805581862,0.0062004414159575,0.0069306995673227,0.0064310414212623,61.43240137878214,6696.389999999999,6873.149151032066,6519.630848967933,0.7642296012811667,81.81428571428562,0.0120495869855202,0.0310696713843163,0.0325435688433346,0.0800089075523318,102875.0,0.7417739975698664,-0.105277351123826,0.76137304,1
2021-07-21,6820.2,6875.0,6813.2,6863.2,84972.0,0.010810333146779,0.010810333146779,0.0085525349008082,0.0330232698154671,0.0302320694106696,6813.44,0.0073032124741687,6778.280000000001,0.0125282520049332,6706.460000000001,0.023371495543103,6548.923333333334,0.0479890587613127,0.006425107027721,0.0067496388416548,0.0065469004182674,75.98303777949107,6706.460000000001,6897.307995728476,6515.612004271526,0.9106409380976608,80.71428571428565,0.0117604449403027,0.0330232698154671,0.0302320694106696,0.0896389673895785,96872.0,0.8771574861673136,0.1135106801205609,0.6645491,1
2021-07-22,6882.4,6899.4,6846.4,6895.8,70672.0,0.0047499708590745,0.0047499708590745,0.0127478337494493,0.0407812122675681,0.0375865182064401,6830.8,0.0095157229021491,6805.3,0.013298458554362,6718.95,0.0263210769539883,6558.136666666667,0.0514876939130575,0.0060733026339136,0.0067217679131198,0.0065202633808197,83.91663389697206,6718.95,6925.211596802896,6512.688403197104,0.9287031680671964,79.64285714285708,0.0115494731782907,0.0407812122675681,0.0375865182064401,0.0871511902885071,84606.8,0.8352992903643679,-0.1682907310643506,0.25772887,0
2021-07-23,6905.0,6914.0,6840.0,6868.0,86822.0,-0.0040314394268975,-0.0040314394268975,0.0070971904510528,0.0266682611815354,0.0238826440859893,6840.4800000000005,0.0040231094893925,6823.140000000001,0.0065746855553305,6726.960000000001,0.0209663800587485,6567.2733333333335,0.0457917085832679,0.0062029477961986,0.006606068741056,0.0065253692998795,77.96542018496174,6726.960000000001,6943.580768795549,6510.3392312044525,0.8255458855219828,80.69999999999995,0.0117501456027955,0.0266682611815354,0.0238826440859893,0.086743251368714,80813.0,1.074356848526846,0.2285204890196965,0.24823678,0
2021-07-26,6862.8,6879.2,6680.6,6750.2,127707.0,-0.0171520093185789,-0.0171520093185789,-0.0052169299693469,-0.0022467259881159,0.0071618274596401,6833.4,-0.0121754909708198,6821.62,-0.0104696538358923,6729.360000000001,0.0030968769689836,6574.536666666667,0.026718739622209,0.0080420322974778,0.0077749756381478,0.0069467511280684,63.51130036030133,6729.360000000001,6945.889316356921,6512.83068364308,0.5481228139233747,87.71428571428565,0.0129943239777022,-0.0022467259881159,0.0071618274596401,0.0690168503737489,89296.6,1.4301440368390286,0.470905991568957,0.17042588,0
2021-07-27,6763.2,6801.6,6632.8,6642.4,120512.0,-0.0159698971882314,-0.0159698971882314,-0.0217090341394445,-0.0274670571010249,-0.0021632015382767,6803.92,-0.0237392561934884,6802.860000000001,-0.0235871383506349,6728.640000000001,-0.0128168545203788,6579.236666666667,0.0096004045048792,0.0086334203320266,0.008462209964248,0.0072404271039734,49.89390724461954,6728.640000000001,6946.278139072263,6511.00186092774,0.3018729613117865,92.24285714285712,0.0138869771683212,-0.0274670571010249,-0.0021632015382767,0.0443368341613734,98137.0,1.227997595198549,-0.0563399030593467,0.3574584,0
2021-07-28,6618.8,6623.2,6495.8,6557.0,141987.0,-0.0128567987474406,-0.0128567987474406,-0.0446147569646812,-0.0364437913299044,-0.0170004797313504,6742.68,-0.02753801159183,6778.06,-0.0326140518083345,6722.969999999999,-0.0246870058917412,6582.483333333335,-0.0038713859257779,0.0092118873349388,0.0089100298594149,0.0074504330895082,45.28198074277852,6722.969999999999,6952.57635512912,6493.363644870879,0.1385770770441766,98.84285714285704,0.015074402492429,-0.0364437913299044,-0.0170004797313504,0.0306183395680739,109540.0,1.2962114296147529,0.1781980217737653,0.7739882,1
2021-07-29,6630.4,6667.6,6586.8,6655.8,107595.0,0.015067866402318,0.015067866402318,-0.0348037936135038,-0.0224996328388896,0.0094333899538947,6694.68,-0.0058075964795927,6762.74,-0.0158131171684848,6726.08,-0.0104488795851371,6587.123333333334,0.0104258965851051,0.0109324191565488,0.0092083563084871,0.0076803076333369,47.78156996587029,6726.08,6949.920823142592,6502.239176857408,0.3430134436308124,98.34285714285704,0.0147755126570595,-0.0224996328388896,0.0094333899538947,0.0436541537303605,116924.6,0.9202084078115298,-0.2422193581102495,0.8379184,1
2021-07-30,6639.4,6675.8,6600.0,6674.8,100452.0,0.0028546530845277,0.0028546530845277,-0.028130460104834,-0.0212329168866209,0.0189289857727299,6656.039999999999,0.0028184926773278,6748.26,-0.0108857690723238,6732.280000000001,-0.0085379693060895,6592.593333333334,0.0124695491607247,0.0109897816329572,0.0090704797360065,0.0076498440848328,43.57446808510643,6732.280000000001,6942.109580975899,6522.450419024102,0.3630317047466181,95.24285714285703,0.0142690203665813,-0.0212329168866209,0.0189289857727299,0.0517127280748748,119650.6,0.8395444736591375,-0.0663878433012686,0.7576299,1
2021-08-02,6646.6,6755.6,6637.0,6746.8,100211.0,0.0107868400551327,0.0107868400551327,-0.0005036887795916,-0.0057179910398491,0.0238246987768975,6655.360000000001,0.0137393018559475,6744.38,0.0003588172671171,6740.13,0.0009895951561764,6599.42,0.0223322655627313,0.0116404945141312,0.0092721883992313,0.0077492565700455,44.16058394160586,6740.13,6938.975606332611,6541.284393667389,0.5167718063351199,97.99999999999991,0.0145254046362719,-0.0057179910398491,0.0238246987768975,0.0646342233162911,114151.4,0.8778779760914015,-0.0023991558157129,0.57442534,1
2021-08-03,6731.0,6754.8,6691.4,6707.6,86883.0,-0.0058101618545087,-0.0058101618545087,0.0098157292544864,-0.0121063948864472,0.0185871347870985,6668.4,0.0058784715973847,6736.160000000001,-0.0042398042801834,6746.25,-0.0057291087641281,6605.433333333334,0.015467064991951,0.011748125853453,0.0093974300908173,0.0077997279595458,43.29755023396645,6746.25,6932.129864994611,6560.370135005389,0.3960350008831775,97.77142857142852,0.0145762163175246,-0.0121063948864472,0.0185871347870985,0.0568475452196381,107425.6,0.8087737001236204,-0.132999371326501,0.7117545,1
2021-08-04,6721.4,6793.0,6712.2,6774.6,82881.0,0.0099886695688473,0.0099886695688473,0.033185908189721,-0.0129094300034968,0.0196875282218007,6711.92,0.0093386095185878,6727.3,0.0070310525768138,6752.789999999999,0.0032297761369746,6612.666666666667,0.0244883556810162,0.0116576665522732,0.0094488898539183,0.0078818068919702,47.82168186423508,6752.789999999999,6932.597545067068,6572.9824549329305,0.5606481780057286,98.3285714285714,0.0145142992100746,-0.0129094300034968,0.0196875282218007,0.0684477809671009,95604.4,0.8669161670383372,-0.0460619453748144,0.48262718,0
2021-08-05,6765.8,6793.0,6736.0,6772.0,76452.0,-0.0003837864966197,-0.0003837864966197,0.017458457285375,-0.0179529568722991,0.0220961120502294,6735.160000000001,0.0054698032414968,6714.92,0.0085004735722837,6760.109999999999,0.0017588471193517,6618.926666666667,0.0231266096517157,0.0114763377021415,0.0094142096103303,0.0078193422113632,46.95496417604912,6760.109999999999,6929.748102720538,6590.47189727946,0.5350451927052874,97.5428571428571,0.0144038477765589,-0.0179529568722991,0.0220961120502294,0.0587205302982929,89375.8,0.8553993362856612,-0.0775690447750389,0.75633675,1
2021-08-06,6793.6,6800.4,6748.8,6800.0,73853.0,0.0041346721795629,0.0041346721795629,0.0187571163180919,-0.0099009900990099,0.0165032288926094,6760.2,0.0058873997810715,6708.12,0.013696833091835,6765.63,0.0050800886244148,6626.783333333334,0.0261388758246208,0.0115860198809678,0.0092301857349346,0.0076795826803928,50.928313563692605,6765.63,6932.773998427742,6598.486001572258,0.6028155372711702,96.14285714285708,0.0141386554621848,-0.0099009900990099,0.0165032288926094,0.0744872483645671,84056.0,0.8786166365280289,-0.0339951865222623,0.72202736,1
2021-08-09,6775.2,6840.4,6747.4,6812.8,86398.0,0.0018823529411764,0.0018823529411764,0.0097824153672851,0.0092737992948357,0.0070062376208355,6773.4,0.0058168718811824,6714.38,0.0146580920353034,6768.0,0.0066193853427896,6633.053333333333,0.0270986312990095,0.0100929009791651,0.0089019694907101,0.0073936751353384,51.46646263708237,6768.0,6936.469219427834,6599.530780572166,0.6329619741581067,98.68571428571424,0.0144853385224451,0.0092737992948357,0.0070062376208355,0.0584470061833886,81293.4,1.0627923054024069,0.1698644604823094,0.7960889,1
2021-08-10,6811.0,6859.4,6811.0,6856.6,82444.0,0.0064290746829498,0.0064290746829498,0.0222136084441528,0.0322473804648923,0.0038945827232796,6803.2,0.007849247412982,6735.8,0.0179340241693637,6769.33,0.0128919701063474,6639.536666666667,0.0326925423008934,0.0082293166952241,0.0087591780516683,0.0074107929162397,49.56268221574348,6769.33,6940.262120722302,6598.397879277698,0.7552767719467429,96.0571428571428,0.0140094424141911,0.0322473804648923,0.0038945827232796,0.0601459583152947,80405.6,1.025351468056951,-0.0457649482626912,0.82115644,1
2021-08-11,6857.6,6901.2,6839.6,6883.4,85900.0,0.0039086427675523,0.0039086427675523,0.0160599887816252,0.0497788622845813,0.0115209404849374,6824.960000000001,0.0085626875468864,6768.4400000000005,0.016984711395831,6773.25,0.0162625032296164,6646.126666666666,0.0357009947648705,0.0059977324196068,0.0087457074887659,0.0074151471709819,49.17200854700852,6773.25,6951.083032275524,6595.416967724476,0.809700618019435,96.67142857142848,0.0140441393165337,0.0497788622845813,0.0115209404849374,0.0609432799013562,81009.4,1.060370771786978,0.0419193634467032,0.8328052,1
2021-08-12,6872.2,6963.0,6870.0,6934.2,85681.0,0.0073800738007381,0.0073800738007381,0.0239515652687536,0.0418281799332911,0.0183874284035834,6857.4,0.0111995800157493,6796.280000000001,0.0202934546546049,6779.51,0.0228172832549844,6653.696666666667,0.0421575174501993,0.0049485477508015,0.0088757391481658,0.0074541875158666,54.28867582275199,6779.51,6970.936708799977,6588.083291200023,0.9040449761940906,98.02857142857134,0.0141369691425934,0.0418281799332911,0.0183874284035834,0.0700925925925926,82855.2,1.0341052824686925,-0.0025494761350407,0.78235537,1
2021-08-13,6921.2,6961.2,6892.4,6961.0,83454.0,0.0038649015026968,0.0038649015026968,0.0236764705882353,0.0428776892191526,0.0207343539210509,6889.6,0.0103634463539246,6824.9,0.0199416841272399,6786.58,0.0257007211290518,6662.16,0.0448563228742631,0.0049301891900798,0.0088990333308783,0.0074294203806631,65.48178613396006,6786.58,6994.016276581486,6579.143723418514,0.9204182674178588,88.75714285714282,0.0127506310669649,0.0428776892191526,0.0207343539210509,0.0786896423479823,84775.4,0.9844129311097324,-0.0259917601335185,0.37724575,0
2021-08-16,6952.0,6965.8,6894.8,6926.6,80689.0,-0.004941818704209,-0.004941818704209,0.0167038515735087,0.0266496709551193,0.020779297335534,6912.359999999999,0.0020600778894619,6842.88,0.0122346146651701,6793.63,0.019572746823127,6670.596666666666,0.0383778762419555,0.0051074940723531,0.0088974709644555,0.0074273933261086,73.39479749753053,6793.63,7010.3044742450265,6576.955525754974,0.8068427890809857,81.77142857142852,0.0118054209238917,0.0266496709551193,0.020779297335534,0.0788424397233817,83633.6,0.9647916626810276,-0.033132024828049,0.19823627,0
2021-08-17,6920.4,6927.0,6768.2,6793.0,126743.0,-0.0192879623480496,-0.0192879623480496,-0.0092757343289677,0.0127318265847695,0.0004712951780612,6899.639999999999,-0.0154558788574475,6851.42,-0.0085266995746867,6793.789999999999,-0.0001162826640209,6676.46,0.017455358078982,0.0083412328522999,0.0099958584991451,0.0078827437079637,67.99877974374618,6793.789999999999,7010.457291874675,6577.122708125323,0.4981769283375361,82.64285714285714,0.012165885049736,0.0127318265847695,0.0004712951780612,0.0546171520834626,92493.4,1.3702923668067128,0.5707593352253715,0.77154076,1
2021-08-18,6797.0,6833.4,6759.0,6802.8,107871.0,0.001442661563374,0.001442661563374,-0.011709329691722,0.0041626073864138,-0.0088005595057698,6883.52,-0.0117265585049508,6854.24,-0.0075048437171735,6790.77,0.0017715222279655,6681.276666666668,0.0181886395963244,0.0077700736429535,0.0096806670709013,0.0077651809167255,62.97211436639604,6790.77,7005.034186166446,6576.5058138335535,0.5280728203234474,80.05714285714281,0.0117682634881435,0.0041626073864138,-0.0088005595057698,0.0443673431790967,96887.6,1.1133622878469485,-0.1488997419975857,0.7624815,1
2021-08-19,6784.4,6822.0,6723.4,6805.4,113786.0,0.0003821955665312,0.0003821955665312,-0.0185746012517666,0.0049320732427642,-0.0131094289277532,6857.76,-0.0076351461701781,6857.58,-0.0076090982533196,6786.25,0.0028218824829617,6686.023333333333,0.0178546589976005,0.0077647925505854,0.009607429748501,0.0077652313302211,61.86841148673205,6786.25,6994.926304356497,6577.573695643503,0.5458844622034428,81.68571428571424,0.0120030731897778,0.0049320732427642,-0.0131094289277532,0.0436769622427382,102508.6,1.1100141841757667,0.0548340147027468,0.56044835,1
2021-08-20,6778.8,6805.0,6708.2,6775.6,117454.0,-0.0043788755987891,-0.0043788755987891,-0.0266341042953598,-0.0035882352941175,-0.0134536983110075,6820.68,-0.0066093116815332,6855.139999999999,-0.011602972368179,6781.63,-0.0008891667637426,6689.573333333334,0.0128598136801949,0.0077910507306266,0.0096142429843671,0.0077562792712682,52.83464566929137,6781.63,6986.746666160329,6576.513333839671,0.4853010481476761,80.15714285714277,0.0118302649001037,-0.0035882352941175,-0.0134536983110075,0.0324566482796453,109308.6,1.074517467061146,0.0322359516988031,0.7860584,1
2021-08-23,6815.2,6883.0,6814.8,6848.4,82365.0,0.0107444359171142,0.0107444359171142,-0.011289810296538,0.0052254579614841,0.0145477171046783,6805.039999999999,0.0063717479985423,6858.7,-0.0015017423126831,6786.539999999999,0.0091151013624026,6694.323333333333,0.0230160180491232,0.0085390115018332,0.0091014570320572,0.0078665105581773,62.99852289512552,6786.539999999999,6993.184494113087,6579.895505886911,0.6496773486888726,83.29999999999986,0.0121634250335844,0.0052254579614841,0.0145477171046783,0.0434226163269038,109643.8,0.7512052665084573,-0.2987467434059291,0.81336075,1
2021-08-24,6855.6,6930.0,6835.4,6922.6,75746.0,0.0108346475089073,0.0108346475089073,0.0190784631238039,0.0096257620394948,0.0421835481151391,6830.960000000001,0.0134153911016898,6865.3,0.0083463213552212,6800.55,0.0179470778098831,6699.966666666668,0.0332290210399055,0.0089781452364008,0.0084588091913423,0.0079683819873823,63.48396501457728,6800.55,7004.0171213576505,6597.08287864235,0.7999256076009038,83.95714285714277,0.0121279783400951,0.0096257620394948,0.0421835481151391,0.0514277035236938,99444.4,0.7616919605327198,-0.0803618041643902,0.62506545,1
2021-08-25,6921.6,6966.0,6890.4,6957.4,66259.0,0.0050270129720046,0.0050270129720046,0.0227259363791378,0.0107505012057995,0.0610645112093943,6861.88,0.0139203833351793,6872.7,0.012324122979324,6820.57,0.020061373169691,6706.35,0.0374346701260743,0.0090253150872098,0.0077060196098623,0.0079802773373497,65.95524956970742,6820.57,7000.578153031405,6640.561846968594,0.8800661183833367,85.28571428571422,0.0122582738215014,0.0107505012057995,0.0610645112093943,0.0582562667315649,91122.0,0.7271460240117644,-0.1252475378237795,0.4026788,0
2021-08-26,6964.2,6995.2,6930.4,6957.4,74855.0,0.0,0.0,0.0223352043965086,0.0033457356292001,0.0453138615943988,6892.279999999999,0.0094482522474421,6875.02,0.0119825105963329,6835.65,0.0178110347955204,6713.363333333334,0.036350880259224,0.0087529692147464,0.0071824905467454,0.0079325318069983,64.23146473779386,6835.65,7007.903857950495,6663.396142049504,0.8534028249021575,86.22857142857141,0.0123937924265632,0.0033457356292001,0.0453138615943988,0.0643759752776671,83335.8,0.8982334122909962,0.1297333192471965,0.7189927,1
2021-08-27,6940.0,7016.6,6925.8,6999.2,82392.0,0.0060079914910742,0.0060079914910742,0.0330007674597083,0.0054877172819995,0.0486007071372924,6937.0,0.0089664119936572,6878.839999999999,0.0174971361450477,6851.87,0.0215021592645512,6721.800000000001,0.0412687077866045,0.0088734876379248,0.0072310720662775,0.0078915742709609,66.01374570446737,6851.87,7021.422489621129,6682.317510378871,0.934467227019827,86.07142857142857,0.0122973237757784,0.0054877172819995,0.0486007071372924,0.077960880948714,76323.4,1.0795116569754493,0.1006879967938012,0.7288969,1
2021-08-30,7027.0,7071.6,6988.2,7012.0,89400.0,0.0018287804320493,0.0018287804320493,0.02388879154255,0.0123292813212831,0.0393075235667279,6969.719999999999,0.0060662408245957,6887.38,0.0180939631616086,6865.13,0.0213936225533966,6729.446666666668,0.0419876027449506,0.0086608499785785,0.0069564997537309,0.0078220598122431,64.10163339382942,6865.13,7041.430331073774,6688.829668926226,0.916533534297622,88.57142857142864,0.0126314073832613,0.0123292813212831,0.0393075235667279,0.0700115973875359,77730.4,1.1501291643938538,0.0850568016312263,0.8110187,1
2021-08-31,7002.8,7050.8,6969.4,7038.4,85412.0,0.0037649743297203,0.0037649743297203,0.0167278190275328,0.0361254232297953,0.0493171924384279,6992.88,0.0065094782121242,6911.92,0.0182988229030427,6881.67,0.0227749950230102,6737.676666666666,0.0446330906351002,0.0047842468353737,0.0067195845394594,0.0078223393573383,64.07555394115514,6881.67,7057.81225232042,6705.52774767958,0.944896093740451,89.98571428571442,0.0127849673627123,0.0361254232297953,0.0493171924384279,0.0754515172814227,79663.6,1.0721584261820956,-0.0446085011185681,0.2684488,0
2021-09-01,7059.4,7064.0,6919.0,7001.4,117172.0,-0.0052568765628552,-0.0052568765628552,0.0063242015695519,0.0291938613512081,0.0334779913205207,7001.679999999999,-3.999040230329154e-05,6931.779999999999,0.0100435963057108,6893.009999999999,0.0157246253813645,6745.59,0.0379225538462906,0.0055260905271353,0.0066817915677172,0.0078506703388924,56.259314456035774,6893.009999999999,7069.331069582808,6716.688930417191,0.8073654222279303,93.70000000000014,0.0133830376781786,0.0291938613512081,0.0334779913205207,0.0727484448257898,89846.2,1.3041397410241056,0.3718447056619678,0.83017266,1
2021-09-02,6992.4,7098.4,6992.0,7090.2,99110.0,0.0126831776501843,0.0126831776501843,0.0190875901917382,0.0418491198166162,0.0469875959834613,7028.24,0.008815862861826,6960.26,0.0186688428305838,6908.92,0.026238543795557,6755.056666666667,0.0496136968009643,0.0062288875737371,0.0070964679271074,0.0079848236233632,60.78824315297263,6908.92,7096.340850381626,6721.499149618374,0.9836174834093364,96.3857142857144,0.0135942165645136,0.0418491198166162,0.0469875959834613,0.0870871791726717,94697.2,1.046599054671099,-0.1541494555013143,0.3733545,0
2021-09-03,7113.2,7150.8,7032.6,7090.2,109100.0,0.0,0.0,0.0130014858841009,0.0464313123561013,0.0426764705882352,7046.44,0.0062102281435731,6991.719999999999,0.0140852322461426,6923.43,0.0240877715236522,6763.176666666666,0.0483535104065988,0.0056957003237358,0.0071011213791304,0.0078556244594546,64.49326718639261,6923.43,7120.053766834243,6726.8062331657575,0.9240840328844616,99.75714285714297,0.014069721990514,0.0464313123561013,0.0426764705882352,0.0737846433439346,100038.8,1.0905768561798022,0.1007970941378266,0.71109957,1
2021-09-06,7101.2,7135.0,7053.4,7117.4,98369.0,0.0038362810640037,0.0038362810640037,0.0150313747860808,0.0392792477074936,0.0447099577266321,7067.52,0.0070576383229195,7018.62,0.0140739917533645,6938.660000000001,0.0257600170638132,6771.933333333333,0.0510144813396469,0.0052654054901821,0.0071111748862556,0.0078535079860225,85.41484716157215,6938.660000000001,7146.093239989417,6731.226760010584,0.9308374106510569,94.24285714285725,0.0132411916068869,0.0392792477074936,0.0447099577266321,0.0797026699029126,101832.6,0.96598731643894,-0.0983593033913841,0.66070276,1
2021-09-07,7119.8,7301.4,7113.2,7291.8,118392.0,0.0245033298676484,0.0245033298676484,0.0360025005683111,0.0533325629098893,0.063471691508911,7118.2,0.0243881880250624,7055.539999999999,0.0334857431181738,6960.42,0.0476091959967932,6784.806666666666,0.0747248017875232,0.0082191788369424,0.0086558167244965,0.0082380569459279,89.27079987150668,6960.42,7217.074456214208,6703.765543785792,1.145576166663993,102.3714285714287,0.0140392534863036,0.0533325629098893,0.063471691508911,0.1184771604748904,108428.6,1.0918890403454438,0.2035498988502475,0.91378385,1
2021-09-08,7299.2,7341.6,7284.4,7318.8,95987.0,0.0037027894347074,0.0037027894347074,0.0453337903847803,0.0519446919826371,0.063253624662231,7181.68,0.0190930255873278,7091.68,0.0320262617602598,6982.1900000000005,0.0482098023685977,6799.28,0.0764080902683814,0.0082336369143774,0.0086549484049664,0.008075949860095,89.67542503863997,6982.1900000000005,7281.633398745914,6682.746601254087,1.062059476698672,99.41428571428584,0.0135834133620656,0.0519446919826371,0.063253624662231,0.1346273099342676,104191.6,0.921254688477766,-0.1892442056895736,0.7675457,1
2021-09-09,7318.4,7399.6,7303.0,7393.6,93803.0,0.0102202546865606,0.0102202546865606,0.0427914586330429,0.0626958346508754,0.0662513339678694,7242.360000000001,0.020882695695878,7135.3,0.0362002999173125,7005.159999999999,0.0554505535919238,6814.656666666667,0.0849556128286237,0.0081632825662573,0.0087515143192162,0.008142172772576,94.65317919075144,7005.159999999999,7355.293174062124,6655.026825937874,1.054703222624485,99.37142857142877,0.0134401953813336,0.0626958346508754,0.0662513339678694,0.1425745634368722,103130.2,0.9095589846621068,-0.0227530811464052,0.7655942,1
2021-09-10,7384.6,7457.2,7373.4,7436.8,116042.0,0.0058428911491019,0.0058428911491019,0.0488843756170489,0.062521431020688,0.0683522482401954,7311.68,0.0171123462733597,7179.06,0.0359016361473507,7028.95,0.0580243137310694,6829.926666666667,0.0888550291901619,0.00816372159758,0.0087699990530359,0.0081250386037591,94.41425120772948,7028.95,7427.727497649314,6630.172502350686,1.0113753940532837,97.68571428571452,0.0131354499631178,0.062521431020688,0.0683522482401954,0.1405085421586971,104518.6,1.1102521465078945,0.2370819696598189,0.28052267,0
2021-09-13,7436.8,7466.2,7377.2,7434.2,109130.0,-0.000349612736661,-0.000349612736661,0.0445106359063702,0.0602110667427266,0.0732827072445354,7375.039999999999,0.0080216514079924,7221.280000000001,0.0294850774377948,7054.329999999999,0.0538491961674603,6844.55,0.0861488337436353,0.0083183299820382,0.0086000107088006,0.0081198162130395,93.29722410291124,7054.329999999999,7488.7032913179555,6619.9567086820425,0.9372621516937836,97.28571428571448,0.0130862385039028,0.0602110667427266,0.0732827072445354,0.1338152757442654,106670.8,1.0230541066533672,-0.0595646403888247,0.22540312,0
2021-09-14,7403.4,7516.0,7339.6,7373.0,154010.0,-0.0082322240456269,-0.0082322240456269,0.011135796374009,0.047539213457604,0.085382010893567,7391.280000000001,-0.0024731846175494,7254.74,0.0163010666130005,7083.329999999999,0.0408946074798153,6857.836666666667,0.0751203853887838,0.0094480627002221,0.0073117581959203,0.0082283355206306,83.66817887232662,7083.329999999999,7521.668475801847,6644.991524198151,0.8304181768097251,104.48571428571442,0.0141713975702854,0.047539213457604,0.085382010893567,0.1212323975790017,113794.4,1.3534057914976485,0.4112526344726472,0.69247496,1
2021-09-15,7370.6,7446.0,7345.4,7397.2,138474.0,0.0032822460328223,0.0032822460328223,0.0107121386019566,0.0565315508326906,0.0873757864408772,7406.960000000001,-0.0013176795878472,7294.3200000000015,0.0141041248533102,7113.05,0.039947701759442,6870.093333333334,0.0767248188767932,0.0088132308763636,0.0072877017543183,0.0080998118897182,84.28437792329278,7113.05,7551.904890295991,6674.195109704009,0.8237402684613486,107.0428571428573,0.0144707263752308,0.0565315508326906,0.0873757864408772,0.1103905851271427,122291.8,1.132324489458819,-0.1008765664567236,0.32516375,0
2021-09-16,7422.4,7460.6,7224.8,7239.8,175677.0,-0.0212783215270642,-0.0212783215270642,-0.0208017745076823,0.0210995458520211,0.0638316630910749,7376.2,-0.0184919064016702,7309.279999999999,-0.0095057242300197,7134.77,0.0147208669655785,6879.990000000001,0.0522980411308735,0.0117969949329393,0.00923714511111,0.0086153814387588,65.89167767503305,7134.77,7551.97915920696,6717.56084079304,0.6258721167575082,117.40000000000016,0.0162159175667836,0.0210995458520211,0.0638316630910749,0.0893469756244358,138666.6,1.266902051395217,0.2686641535595129,0.21657246,0
2021-09-17,7238.4,7281.0,7104.8,7175.0,149715.0,-0.0089505234951241,-0.0089505234951241,-0.035203313253012,0.0119601703760119,0.058946809138674,7323.839999999999,-0.0203226722593611,7317.759999999999,-0.0195087021164945,7154.74,0.0028316892018438,6887.776666666668,0.0417004422810842,0.0123069953343263,0.0094861855225268,0.0086561286239009,60.07416563658838,7154.74,7536.271784700441,6773.208215299559,0.5265508678600753,124.02857142857154,0.0172862120457939,0.0119601703760119,0.058946809138674,0.0696502579087032,145401.2,1.0296682558328265,-0.1477825782544101,0.77818507,1
2021-09-22,7149.0,7249.2,7107.4,7232.8,98790.0,0.0080557491289199,0.0080557491289199,-0.0270910118102821,0.0162137859330655,0.0561298989545004,7283.56,-0.00696911949651,7329.3,-0.0131663323919064,7173.960000000001,0.0082018857088692,6896.62,0.0487456174183875,0.0124763915492918,0.0093878659690602,0.0086974036246826,61.56592099000479,7173.960000000001,7528.272347482851,6819.647652517151,0.5830340805478806,128.3428571428572,0.0177445604942563,0.0162137859330655,0.0561298989545004,0.0791680343767717,143333.2,0.6892331992866969,-0.3401462779280633,0.7086668,1
2021-09-23,7284.6,7309.2,7222.0,7268.0,91366.0,0.0048667182833757,0.0048667182833757,-0.0142411501424114,-0.0032639403165199,0.0498945482911044,7262.56,0.0007490471679407,7326.92,-0.0080415781801903,7191.2300000000005,0.0106755033561711,6906.806666666667,0.0522952720070344,0.0097275143175787,0.0092114303938318,0.0086437365448818,65.89554018602433,7191.2300000000005,7527.149320514013,6855.310679485988,0.6142685092993886,124.21428571428578,0.0170905731582671,-0.0032639403165199,0.0498945482911044,0.0918158875135199,130804.4,0.6984933228545829,-0.0751493066099807,0.1752773,0
2021-09-24,7262.8,7280.6,7202.4,7226.8,101637.0,-0.0056686846450192,-0.0056686846450192,-0.0230357432542042,-0.0125703667267857,0.0387213614281198,7228.48,-0.0002324140068175,7317.719999999999,-0.0124246349955996,7204.7,0.0030674420864158,6916.08,0.0449271841852609,0.0097521429967223,0.0093648388286311,0.0086927496708926,58.63463969658662,7204.7,7522.242683413319,6887.15731658668,0.5347984714408214,122.20000000000014,0.0169092821165661,-0.0125703667267857,0.0387213614281198,0.0834132885584073,123437.0,0.8233916896878569,0.1124159971980824,0.23844615,0
2021-09-27,7226.6,7234.0,7008.0,7053.8,136514.0,-0.0239386727182154,-0.0239386727182154,-0.0256913174397083,-0.0459586669552045,0.0138557507114727,7191.280000000001,-0.0191175979797755,7283.740000000001,-0.0315689467224256,7209.519999999999,-0.0215992188106836,6923.75,0.0187831738580972,0.0111775342808096,0.011011319807945,0.0091413787184108,48.11203319502077,7209.519999999999,7513.911476469408,6905.128523530591,0.244210971663575,129.90000000000015,0.0184156057727749,-0.0459586669552045,0.0138557507114727,0.0697949526813879,115604.4,1.180872008331863,0.3431525920678493,0.81724,1
2021-09-28,7048.2,7086.6,7023.8,7059.2,89638.0,0.000765544812725,0.000765544812725,-0.0161393728222997,-0.0507745266781411,0.0085724082752314,7168.12,-0.0151950581184466,7245.98,-0.025777051551343,7212.519999999999,-0.0212574800485821,6932.223333333332,0.0183168747688933,0.0107559618582572,0.0109416440598962,0.0090861883305716,46.91148376140948,7212.519999999999,7509.270439896564,6915.769560103435,0.2416684537124176,128.557142857143,0.018211290635928,-0.0507745266781411,0.0085724082752314,0.077608841668193,103589.0,0.8653235382135169,-0.343378701085603,0.28133938,0
2021-09-29,6998.8,7033.4,6887.8,6923.4,127010.0,-0.0192373073436084,-0.0192373073436084,-0.0427773476385356,-0.0687094778187297,-0.0126354820308043,7106.24,-0.0257294997072995,7194.9,-0.0377350623358212,7208.089999999999,-0.0394958997459797,6937.783333333334,-0.0020731886025076,0.0114559431866933,0.0117867004805703,0.0094419516595153,29.614873837981364,7208.089999999999,7519.716807170413,6896.463192829586,0.043219656574159,127.357142857143,0.0183951733046108,-0.0687094778187297,-0.0126354820308043,0.0506236911590638,109233.0,1.1627438594563917,0.4169213949441086,0.815955,1
2021-09-30,6931.4,6971.2,6906.6,6962.8,90739.0,0.0056908455383193,0.0056908455383193,-0.0419922949917446,-0.0556354265563542,-0.0107410775176175,7045.2,-0.0116959064327485,7153.88,-0.0267099811570783,7204.31,-0.0335229883222681,6944.076666666666,0.0026963027961961,0.0121208538211285,0.011831755513024,0.009460006435764,30.56768558951964,7204.31,7526.266269668422,6882.353730331579,0.1249335348419707,127.88571428571431,0.0183669952153895,-0.0556354265563542,-0.0107410775176175,0.0573407033954929,109107.6,0.8316469246871895,-0.2855759389024486,0.45473528,0
2021-10-08,7048.0,7048.8,6921.0,6957.6,97214.0,-0.0007468259895444,-0.0007468259895444,-0.0372502352355121,-0.0594278916346725,-0.006255891678807,6991.360000000001,-0.0048288172830465,7109.92,-0.0214235884510655,7202.120000000001,-0.0339511143940951,6949.306666666666,0.0011934044259571,0.011855327985478,0.0117786423355869,0.0094048472661424,24.243856332703203,7202.120000000001,7530.421104411413,6873.818895588589,0.1275979630979565,130.11428571428573,0.0187010299117922,-0.0594278916346725,-0.006255891678807,0.0472320057798247,108223.0,0.8982748583942415,0.0713585117755319,0.69084007,1
2021-10-11,6972.2,6997.6,6917.4,6965.2,95935.0,0.0010923306887431,0.0010923306887431,-0.0125606056310074,-0.0379292245642145,-0.0176299681250176,6973.639999999999,-0.0012102718236099,7082.460000000001,-0.0165563942471967,7195.87,-0.0320558876133115,6954.966666666666,0.0014713705792983,0.0107172958996552,0.0113875844380915,0.009393318040168,20.917612234829747,7195.87,7537.625967721916,6854.114032278084,0.1625223525171997,129.85714285714292,0.0186437062621522,-0.0379292245642145,-0.0176299681250176,0.0512557353296303,100107.2,0.9583226780890886,-0.0131565412389161,0.33150995,0
2021-10-12,6948.6,6969.0,6789.0,6833.8,138143.0,-0.0188652156434847,-0.0188652156434847,-0.0319299637352673,-0.047554006968641,-0.036162590618036,6928.56,-0.0136767235904718,7048.339999999999,-0.0304383727232226,7183.05,-0.0486214073408928,6957.369999999999,-0.0177610217654082,0.0116628858521264,0.0120759808634415,0.0096593597711638,18.05023414218813,7183.05,7559.019738423701,6807.0802615763,0.035534426967083,136.35714285714292,0.019953341165551,-0.047554006968641,-0.036162590618036,0.0215558478832815,109808.2,1.2580390171225828,0.4399645593370511,0.88267964,1
2021-10-13,6836.6,6887.2,6782.8,6859.2,123667.0,0.003716819339167,0.003716819339167,-0.009272900597972,-0.0516535781440106,-0.036277292269649,6915.719999999999,-0.0081726848397563,7010.9800000000005,-0.0216488992979584,7170.139999999999,-0.0433659593815461,6958.933333333333,-0.0143316983445739,0.0112031841693404,0.0120730908866084,0.0095628714033695,21.575569816330983,7170.139999999999,7572.413394334418,6767.866605665581,0.1135215448259192,131.21428571428578,0.0191296777633376,-0.0516535781440106,-0.036277292269649,0.0138646643213999,109139.6,1.1331084226073762,-0.1047899640227879,0.87602586,1
2021-10-14,6854.6,6908.6,6830.2,6885.4,116779.0,0.0038196874271052,0.0038196874271052,-0.0111162176136038,-0.0526417171161255,-0.0557338380098193,6900.24,-0.0021506498324695,6972.719999999999,-0.0125230899849699,7149.82,-0.0369827492160641,6959.856666666668,-0.0106980172484396,0.0111027543898296,0.0104849078441182,0.0094970793385199,21.74873040406264,7149.82,7566.998773239923,6732.641226760076,0.1830855055897946,129.62857142857152,0.0188265854458087,-0.0526417171161255,-0.0557338380098193,0.0081112737920936,114347.6,1.021263235957729,-0.0556979630782666,0.636669,1
2021-10-15,6886.4,6942.0,6857.6,6938.6,106246.0,0.0077264937403782,0.0077264937403782,-0.002730826721858,-0.0398793380195937,-0.0519484068426517,6896.4400000000005,0.0061132990354444,6943.9,-0.0007632598395713,7130.81,-0.0269548620703677,6962.083333333333,-0.0033730324974563,0.0118417628662115,0.0106537093953559,0.0095327588006497,31.212574850299404,7130.81,7550.2113673645235,6711.408632635475,0.270851963111342,118.81428571428576,0.0171236684222012,-0.0398793380195937,-0.0519484068426517,0.0196326230712711,116154.0,0.9146994507292044,-0.0901960112691494,0.387343,0
2021-10-18,6932.4,6945.6,6867.6,6925.2,89392.0,-0.0019312253192287,-0.0019312253192287,-0.0057428358123241,-0.0182313079474893,-0.0633520882925774,6888.44,0.0053364767639698,6931.039999999999,-0.0008425863939609,7107.390000000001,-0.0256338824800667,6964.02,-0.0055743665296769,0.0095466003267168,0.0102212527455404,0.0095373245941924,33.3511063716342,7107.390000000001,7517.206420517996,6697.573579482007,0.2777175451270117,111.80000000000004,0.0161439380812106,-0.0182313079474893,-0.0633520882925774,0.0170656484065208,114845.4,0.778368136642826,-0.1586318543756941,0.69612193,1
2021-10-19,6912.6,6995.2,6906.2,6974.6,71291.0,0.0071333679893721,0.0071333679893721,0.0206034709824696,-0.0119843608340888,-0.0621503872633389,6916.6,0.0083856229939565,6922.58,0.0075145393769375,7084.280000000001,-0.0154821661481477,6966.603333333333,0.0011478573250189,0.0099407503539294,0.010285327509216,0.0095766041713802,32.59638716635213,7084.280000000001,7467.1228046241695,6701.437195375832,0.3567558294484971,108.02857142857148,0.0154888554796793,-0.0119843608340888,-0.0621503872633389,0.0227286057833304,101475.0,0.7025474254742547,-0.2024901557186325,0.6151504,1
2021-10-20,6938.0,7021.8,6934.4,6976.8,77051.0,0.0003154302755712,0.0003154302755712,0.0171448565430372,0.0077129733945751,-0.0615264587985256,6940.12,0.0052852112067227,6927.92,0.0070555087241193,7061.410000000001,-0.0119820262525474,6969.79,0.0010057691838636,0.0076487296218099,0.0102959354464496,0.0095503059178161,29.4582392776524,7061.410000000001,7409.290232868904,6713.529767131097,0.3783920556476611,108.04285714285724,0.0154860189689911,0.0077129733945751,-0.0615264587985256,0.0281773166705965,92151.8,0.836131252997771,0.0807956123493849,0.22976872,0
2021-10-21,6980.4,7003.2,6911.6,6953.6,74534.0,-0.0033253067308794,-0.0033253067308794,0.0099050164115375,-0.0013213075199631,-0.0568832225688321,6953.76,-2.300913462638388e-05,6927.0,0.0038400461960446,7040.4400000000005,-0.0123344563692042,6972.52,-0.0027135096062829,0.0075381193299756,0.010225908547328,0.0095630972522131,30.225825130283734,7040.4400000000005,7358.522401769826,6722.357598230175,0.363494491495257,109.0,0.0156753336401288,-0.0013213075199631,-0.0568832225688321,0.0241244219270082,83702.8,0.890460056294413,-0.0326666753189446,0.28826126,0
2021-10-22,6954.6,6972.0,6896.8,6912.6,79763.0,-0.0058962264150943,-0.0058962264150943,-0.0037471536044735,-0.0064677474991375,-0.065511274536311,6948.56,-0.0051751729854818,6922.5,-0.0014301191765979,7016.210000000001,-0.0147672318816,6973.343333333333,-0.0087107905676998,0.0077593602384828,0.0101406946385332,0.0094991107796,37.36578382247675,7016.210000000001,7290.709152716323,6741.710847283679,0.3112744630088619,98.2285714285714,0.0142100760102669,-0.0064677474991375,-0.065511274536311,0.0071978086024013,78406.2,1.0173047539607838,0.0701559020044544,0.7268789,1
2021-10-25,6910.4,6970.0,6887.2,6961.0,66553.0,0.0070017070277463,0.0070017070277463,0.0051695257898689,-0.000602997760294,-0.0385093510870466,6955.719999999999,0.0007590874848326,6922.08,0.0056225874303676,7002.270000000001,-0.0058938030095956,6974.429999999999,-0.0019256053899744,0.0081209719806874,0.0094551863893335,0.0095219563299247,41.841143236955816,7002.270000000001,7256.530811807341,6748.009188192662,0.4188431758188659,99.65714285714284,0.0143164980401009,-0.000602997760294,-0.0385093510870466,0.0094550305983351,73838.4,0.90133318165074,-0.1656156363226056,0.5077005,0
2021-10-26,6989.0,7020.6,6926.8,6962.8,74264.0,0.0002585835368482,0.0002585835368482,-0.0016918532962464,0.0188767596359273,-0.0295749128919859,6953.360000000001,0.0013576170369431,6934.9800000000005,0.0040115472575263,6991.660000000001,-0.0041277750920383,6976.01,-0.0018936326066046,0.0047412460390154,0.0093179658795142,0.0095057247036021,54.21120136810609,6991.660000000001,7232.951022364199,6750.368977635802,0.440196697504062,94.11428571428574,0.0135167297228537,0.0188767596359273,-0.0295749128919859,0.0138031450203843,74433.0,0.997729501699515,0.1158625456403168,0.28989542,0
2021-10-27,6941.2,6961.6,6864.0,6895.6,71772.0,-0.0096512897110357,-0.0096512897110357,-0.0116385735580781,0.0053067413109402,-0.0466209490100651,6937.12,-0.005985192702447,6938.62,-0.0062000801312075,6974.8,-0.0113551643057865,6978.433333333333,-0.0118699039421454,0.0059075517829853,0.0092069651314594,0.0093201900690772,43.22033898305085,6974.8,7190.960408273903,6758.639591726097,0.3168027146311567,96.55714285714294,0.014002718089382,0.0053067413109402,-0.0466209490100651,0.0215401025154811,73377.2,0.9781239949194028,-0.0335559625121189,0.45696276,0
2021-10-28,6875.0,6896.6,6816.0,6846.0,83395.0,-0.0071929926329834,-0.0071929926329834,-0.0154739990796134,-0.0057222528829116,-0.0580627407815079,6915.6,-0.0100642026722194,6934.68,-0.0127879008115732,6953.7,-0.0154881573838387,6981.826666666666,-0.019454316635379,0.0062460675962688,0.0091042226788927,0.0091257874244568,39.66666666666664,6953.7,7127.611217518673,6779.788782481327,0.1903592489988863,93.18571428571438,0.0136117023496515,-0.0057222528829116,-0.0580627407815079,0.0306515717210646,75149.4,1.1097227655842896,0.1619433762470044,0.72440314,1
2021-10-29,6849.2,6920.2,6819.0,6918.2,80009.0,0.0105463044113349,0.0105463044113349,0.0008101148627144,-0.002940074366587,-0.0427021641667128,6916.719999999999,0.0002139742536926,6932.640000000001,-0.0020829005977522,6938.270000000001,-0.0028926519146705,6987.846666666666,-0.0099668281215863,0.0067080995289006,0.009559658910621,0.0090430583226583,46.11313264968575,6938.270000000001,7055.769582977479,6820.770417022523,0.4145954415691479,94.68571428571433,0.0136864667522931,-0.002940074366587,-0.0427021641667128,0.0550861674546285,75198.6,1.0639692760237556,-0.0406019545536303,0.81906784,1
2021-11-01,6913.2,6974.6,6893.8,6949.6,70911.0,0.0045387528547888,0.0045387528547888,-0.0016376957333715,0.0035233639461675,-0.0147721795344353,6914.44,0.0050850104997657,6935.08,0.0020937033170489,6933.06,0.0023856709735674,6992.743333333333,-0.0061697292860264,0.0068412121901697,0.0081595802476475,0.0088645429612457,61.47443519619499,6933.06,7037.505934641036,6828.614065358963,0.5791797213402613,87.60000000000004,0.0126050420168067,0.0035233639461675,-0.0147721795344353,0.0441419513807506,76070.2,0.9321784351822396,-0.1137122073766701,0.3300114,0
2021-11-02,6953.4,7000.0,6828.2,6900.0,96206.0,-0.0071371014159088,-0.0071371014159088,-0.009019360027575,-0.0106959538898289,-0.0225521305530371,6901.88,-0.0002723895518322,6927.62,-0.0039869392374293,6925.1,-0.003624496397164,6996.496666666667,-0.0137921407332908,0.006762226060921,0.0082747937883888,0.0089181962669542,53.85779122541603,6925.1,7011.832450066971,6838.367549933029,0.3553021390458863,92.4142857142858,0.0133933747412008,-0.0106959538898289,-0.0225521305530371,0.0337388386168873,80458.6,1.1957205320500233,0.3567147551155674,0.90819496,1
2021-11-03,6902.2,6955.0,6882.6,6918.8,86145.0,0.0027246376811593,0.0027246376811593,0.0033644642960728,-0.0083132668271986,-0.0006644134384838,6906.520000000001,0.0017780300353866,6921.8200000000015,-0.0004363014351718,6924.870000000001,-0.0008765507511333,6999.363333333333,-0.0115100944895463,0.0068586739702112,0.0071186783309502,0.0088222142214861,53.20291522823173,6924.870000000001,7011.6458176348615,6838.09418236514,0.4650248181726028,91.9857142857143,0.0132950387763361,-0.0083132668271986,-0.0006644134384838,0.0254935673208038,83333.2,1.0337416539866464,-0.1045776770679582,0.76963055,1
2021-11-04,6943.4,6979.8,6928.0,6970.6,67711.0,0.0074868474301901,0.0074868474301901,0.018200408997955,0.0024447768062585,0.0011202389843167,6931.4400000000005,0.0056496197038422,6923.52,0.0068000092438529,6925.26,0.0065470466090804,7003.746666666667,-0.0047327049712438,0.0072592051225234,0.007205167993662,0.0088290953754466,53.07692307692306,6925.26,7012.820154359512,6837.699845640488,0.7589077208215007,90.31428571428576,0.0129564579396731,0.0024447768062585,0.0011202389843167,0.0392092551732363,80196.4,0.8443147073933494,-0.213988043415172,0.30624646,0
2021-11-05,6964.0,6984.2,6910.6,6922.2,80546.0,-0.0069434481967119,-0.0069434481967119,0.0005781850770432,0.0013887683360818,-0.0050879613659883,6932.240000000001,-0.0014483053096835,6924.4800000000005,-0.0003292666019687,6923.49,-0.0001863222161078,7006.206666666667,-0.0119903209630318,0.0073647961332733,0.0073738831634017,0.0087970519251454,49.72972972972973,6923.49,7009.718628778008,6837.261371221992,0.4925198856906271,90.0,0.0130016468752708,0.0013887683360818,-0.0050879613659883,0.0217872641927197,80303.8,1.0030160465631763,0.1895556113482299,0.67524403,1
2021-11-08,6917.6,6958.6,6892.6,6941.4,75974.0,0.0027736846667243,0.0027736846667243,-0.0011799240244043,-0.0028156874012355,-0.0034169873083328,6930.6,0.0015583066401176,6922.52,0.0027273305096988,6922.3,0.0027591985322796,7009.03,-0.0096489813854413,0.0070429147541934,0.0073992818573522,0.0088017419608791,46.83689024390238,6922.3,7006.743391190031,6837.85660880997,0.6130935158502636,88.35714285714286,0.0127290089689605,-0.0028156874012355,-0.0034169873083328,0.0250147666863556,81316.4,0.934301075797748,-0.056762595287165,0.68781215,1
2021-11-09,6959.8,6998.0,6939.4,6979.6,75373.0,0.0055032126084075,0.0055032126084075,0.0115362318840579,0.0024128224277588,0.0213351283326992,6946.52,0.0047620967045369,6924.2,0.0080009242945033,6929.589999999999,0.0072168771889824,7012.0233333333335,-0.0046239625557434,0.0072771693070166,0.0060350035038115,0.0088132178021738,50.24964336661914,6929.589999999999,7006.721354808657,6852.458645191341,0.8241872266088301,86.29999999999998,0.0123646054215141,0.0024128224277588,0.0213351283326992,0.0264117647058823,77149.8,0.9769694801541936,-0.0079106009950772,0.30060735,0
2021-11-10,6970.2,6975.8,6861.4,6954.6,95716.0,-0.0035818671557109,-0.0035818671557109,0.0051743076834134,0.0085561807529439,0.0139083275017495,6953.68,0.0001323040462029,6930.1,0.003535302520887,6934.360000000001,0.0029187985625205,7014.386666666667,-0.0085234346932685,0.0065777252439845,0.0060871925036446,0.0088266284253373,50.088873089228585,6934.360000000001,7004.659521596693,6864.0604784033085,0.6439554604376722,88.20000000000007,0.0126822534725217,0.0085561807529439,0.0139083275017495,0.0208137623297322,79064.0,1.2106141859759183,0.2698977087285898,0.78861433,1
2021-11-11,6946.0,7014.2,6944.2,7009.2,77159.0,0.0078509188163229,0.0078509188163229,0.0055375433965512,0.0238387379491673,0.0179800737793012,6961.4,0.0068664349125175,6946.42,0.0090377489411812,6940.550000000001,0.0098911469552123,7016.929999999999,-0.0011016213643287,0.0062399557113678,0.0062599258381124,0.0088450284560948,58.38250607427969,6940.550000000001,7014.409368503059,6866.690631496943,0.9647345447934352,87.82857142857152,0.0125304701575888,0.0238387379491673,0.0179800737793012,0.0222559285943468,80953.6,0.9531262352755158,-0.1938756320782314,0.7401203,1
2021-11-12,7018.4,7070.6,7012.8,7060.4,66818.0,0.0073046852707869,0.0073046852707869,0.0199647510906937,0.0205544794888843,0.0175539734240335,6989.039999999999,0.0102102720831473,6960.639999999999,0.0143320154468555,6946.640000000001,0.0163762624808538,7019.88,0.0057721784417965,0.0058397292481815,0.0062364180658453,0.0088786273719569,58.58376511226246,6946.640000000001,7037.866367378866,6855.4136326211365,1.1235039455618738,86.30000000000011,0.0122231035068834,0.0205544794888843,0.0175539734240335,0.0257140366679258,78208.0,0.8543627250409165,-0.1340219546650423,0.17253451,0
2021-11-15,7074.8,7090.6,6982.6,7008.0,80615.0,-0.0074216758257321,-0.0074216758257321,0.0095946062753911,0.0084033613445377,0.0119563333910934,7002.360000000001,0.0008054427364487,6966.4800000000005,0.0059599683053708,6950.780000000001,0.0082321696270057,7021.11,-0.0018672261223652,0.0064651554874141,0.0064830588035269,0.0088887824214062,53.58958068614992,6950.780000000001,7045.36304287704,6856.196957122961,0.8024855104016204,87.31428571428582,0.0124592302674494,0.0084033613445377,0.0119563333910934,0.0106429004066799,79136.2,1.018686770403431,0.2064862761531323,0.30641997,0
2021-11-16,6993.8,7030.0,6943.2,6956.0,79853.0,-0.0074200913242009,-0.0074200913242009,-0.0033812825949911,0.0081159420289855,-0.0026668196025578,6997.639999999999,-0.0059505776233129,6972.08,-0.0023063418664157,6949.85,0.0008849111851334,7021.026666666667,-0.0092617034165943,0.0065045293818526,0.0065294363928048,0.0089295520979518,54.915364583333286,6949.85,7043.810607646789,6855.889392353211,0.5327264805646976,86.45714285714295,0.0124291464716996,0.0081159420289855,-0.0026668196025578,-0.000718287602356,80032.2,0.997760901237252,-0.0094523351733548,0.7734313,1
2021-11-17,6959.6,6998.6,6941.6,6993.2,71466.0,0.0053479010925818,0.0053479010925818,0.0055502832657521,0.0107533098225125,0.0023506478614836,7005.359999999999,-0.0017358137197801,6979.52,0.0019600201733069,6950.67,0.0061188345871692,7022.136666666667,-0.0041207780537833,0.0066409994809584,0.0066428096745509,0.0089313083266297,62.22591362126242,6950.67,7045.898591460018,6855.441408539982,0.7233047835106126,84.77142857142864,0.012121979719074,0.0107533098225125,0.0023506478614836,0.0096151069788927,75182.2,0.9505707467991094,-0.1050304935318647,0.20254512,0
2021-11-18,6997.6,7020.2,6941.6,6975.6,99042.0,-0.002516730538237,-0.002516730538237,-0.0047936997089538,0.0007172983674288,0.0031638288080995,6998.640000000001,-0.0032920681732452,6980.02,-0.0006332360079196,6951.77,0.0034279039726574,7025.180000000001,-0.0070574704135696,0.0063158345340473,0.0066230511053383,0.0085660723549794,55.2429667519182,6951.77,7047.647138485097,6855.892861514903,0.6242736296500179,83.15714285714292,0.0119211455440597,0.0007172983674288,0.0031638288080995,0.0268806123951126,79558.8,1.2448905715018326,0.3858618084123919,0.89982367,1
2021-11-19,6975.0,7085.2,6974.0,7081.2,95068.0,0.0151384827111644,0.0151384827111644,0.0029460087247181,0.0229695761463117,0.024390243902439,7002.8,0.0111955217912833,6995.92,0.012189962149367,6960.2,0.0173845579150024,7029.819999999999,0.0073088642383447,0.0073579075099696,0.0072482118284046,0.0087722024902886,60.58558558558555,6960.2,7070.186180949604,6850.213819050396,1.0500691039333494,85.32857142857145,0.0120500157358317,0.0229695761463117,0.024390243902439,0.0409243252778266,85208.8,1.1157063589676184,-0.0401243916722198,0.9024815,1
2021-11-22,7096.8,7146.4,7086.0,7118.6,65782.0,0.0052815906908434,0.0052815906908434,0.0157819634703197,0.0255279914714612,0.0226404252262606,7024.92,0.0133353831787408,7013.640000000001,0.0149651250990925,6968.08,0.0216013593414541,7035.04,0.0118776865518888,0.0074184196186982,0.0071860668342056,0.0087919121746164,67.93567443386942,6968.08,7098.914239844423,6837.245760155577,1.0752316831549074,77.71428571428571,0.0109170743846101,0.0255279914714612,0.0226404252262606,0.0460222764275428,82242.2,0.7998570077162332,-0.3080531829848109,0.7009834,1
2021-11-23,7120.4,7158.6,7117.8,7133.0,53586.0,0.0020228696653836,0.0020228696653836,0.0254456584243818,0.0219783368674422,0.0244441891193198,7060.32,0.0102941509733269,7028.9800000000005,0.0147987332443682,6976.590000000001,0.0224192621323595,7040.996666666667,0.0130668054096507,0.0073456882404795,0.0071854478413393,0.0087669515006422,67.70247933884298,6976.590000000001,7126.699376262721,6826.480623737281,1.020986776090029,75.4571428571429,0.0105785984658829,0.0219783368674422,0.0244441891193198,0.0527480961095696,76988.8,0.6960233176773765,-0.185400261469703,0.17632692,0
2021-11-24,7135.2,7156.4,7112.4,7127.8,55212.0,-0.000729006028319,-0.000729006028319,0.0192472687753817,0.0249043798349293,0.033673646963281,7087.24,0.0057229612655984,7046.3,0.011566353973007,6988.2,0.019976531868006,7045.653333333334,0.0116591979168243,0.0071489234415818,0.006737126661931,0.0086731016050754,64.0759312320917,6988.2,7147.567275251004,6828.832724748996,0.9379820128697378,74.24285714285718,0.0104159568370124,0.0249043798349293,0.033673646963281,0.0407978505928392,73738.0,0.7487591201280208,0.0303437465009517,0.16076124,0
2021-11-25,7118.2,7135.0,7103.4,7120.4,48617.0,-0.0010381885013609,-0.0010381885013609,0.020758070990309,0.0158648633224904,0.0400817995910018,7116.2,0.0005902026362383,7057.42,0.0089239410436108,7001.92,0.0169210730770987,7048.95,0.010136261429007,0.0069577934618757,0.0064447746228974,0.0085729068484497,69.15345960572094,7001.92,7156.928585160821,6846.911414839179,0.8821723805719435,71.24285714285725,0.0100054571573025,0.0158648633224904,0.0400817995910018,0.0285730794788083,63653.0,0.7637817541985452,-0.1194486705788596,0.084387414,0
2021-11-26,7094.2,7133.4,7064.8,7097.0,64965.0,-0.0032863322285264,-0.0032863322285264,0.0022312602383776,0.0051838422752252,0.0258448729438294,7119.360000000001,-0.0031407317511686,7061.08,0.0050870405093839,7010.859999999999,0.0122866524220996,7051.276666666668,0.0064844049517271,0.0067966491845747,0.0062160029291748,0.0085657751537048,64.9156441717792,7010.859999999999,7166.162142188366,6855.557857811632,0.777330366427018,71.42857142857149,0.0100646148271905,0.0051838422752252,0.0258448729438294,0.0200649667979417,57632.4,1.1272305161679887,0.3362609786700126,0.8048937,1
2021-11-29,7058.0,7117.2,7056.4,7116.2,70696.0,0.0027053684655486,0.0027053684655486,-0.0003371449442306,0.015439497716895,0.023972602739726,7118.88,-0.0003764637133931,7071.9,0.0062642288493899,7019.1900000000005,0.013820683013282,7053.923333333333,0.0088286565821289,0.0062078596777984,0.0061790569044926,0.008570927617976,63.58933545563073,7019.1900000000005,7178.477914101546,6859.902085898455,0.8045114896104287,71.58571428571433,0.0100595422115334,0.015439497716895,0.023972602739726,0.022824618391928,58615.2,1.206103536284104,0.0882167320865081,0.8694513,1
2021-11-30,7134.0,7157.2,7082.0,7119.4,72292.0,0.0004496781990388,0.0004496781990388,-0.0019066311509884,0.0234905117883841,0.0317971014492752,7116.160000000001,0.0004553017357673,7088.24,0.0043960136789951,7030.160000000001,0.0126938789444335,7055.926666666666,0.008995747310299,0.0053891177262456,0.0058649808759596,0.0085394035076446,67.13810316139768,7030.160000000001,7185.04468239945,6875.275317600552,0.7880852987445462,68.5142857142857,0.0096236039152577,0.0234905117883841,0.0317971014492752,0.0171733912447136,62356.4,1.1593356896806102,0.0225755346837162,0.8933916,1
2021-12-01,7123.6,7166.4,7098.0,7163.2,68211.0,0.006152203837402,0.006152203837402,0.0049664693173208,0.0243093290625178,0.0353240446320171,7123.24,0.0056098067733223,7105.240000000001,0.0081573599202839,7042.38,0.0171561318758715,7058.446666666667,0.0148408478919346,0.0054447524914124,0.0059495751607659,0.0085705366600381,66.38297872340432,7042.38,7198.828095983025,6885.931904016975,0.8861344532218173,68.39999999999996,0.0095488050033504,0.0243093290625178,0.0353240446320171,0.02156303479749,64956.2,1.05010761097478,-0.0564516129032257,0.23765434,0
2021-12-02,7148.2,7156.6,7084.8,7107.4,81183.0,-0.0077898146079964,-0.0077898146079964,-0.0018257401269591,0.0188944320201844,0.0196252833328549,7120.639999999999,-0.0018593834262088,7118.42,-0.0015480963472231,7049.219999999999,0.0082533954111234,7059.596666666666,0.0067713972327976,0.0061812914153434,0.0061520285190809,0.0086231145027412,54.95153813737886,7049.219999999999,7204.411258570555,6894.028741429444,0.6874461246589783,69.61428571428561,0.0097946204961428,0.0188944320201844,0.0196252833328549,0.0098033644010002,71469.4,1.135912712293653,0.1901746052689448,0.9098536,1
2021-12-03,7108.2,7171.2,7096.2,7171.2,75346.0,0.0089765596420632,0.0089765596420632,0.0104551218824855,0.0127097102186071,0.0359712230215827,7135.4800000000005,0.0050059701659872,7127.42,0.0061424751172232,7061.67,0.0155104953927327,7062.426666666666,0.0154016938464967,0.0048851682607653,0.0061012050845088,0.0086661459620858,66.79012345679014,7061.67,7213.878680850291,6909.461319149709,0.8598020802365768,67.25714285714275,0.0093787849811946,0.0127097102186071,0.0359712230215827,0.0242522923986632,73545.6,1.024480050472088,-0.0718992892600667,0.16859074,0
2021-12-06,7176.6,7178.4,7092.4,7096.6,78964.0,-0.0104027219991074,-0.0104027219991074,-0.0027542789691126,-0.0030904953221139,0.0223586020111217,7131.56,-0.0049021532455731,7125.219999999999,-0.0040167180802836,7069.43,0.0038433084421234,7062.533333333334,0.0048235760539183,0.005873524112333,0.006673523687184,0.0086255900998242,63.82225717656319,7069.43,7211.294592221544,6927.565407778457,0.595760328826695,67.19999999999989,0.0094693233379364,-0.0030904953221139,0.0223586020111217,0.000902654368001,75199.2,1.050064362386834,0.0480184747697289,0.22705442,0
2021-12-07,7115.4,7124.4,7014.8,7059.2,97964.0,-0.0052701293577206,-0.0052701293577206,-0.0084557687445571,-0.0103462778634515,0.0114046650237835,7119.52,-0.0084724812908735,7117.839999999999,-0.0082384543625593,7073.410000000001,-0.0020089320426782,7062.016666666666,-0.0003988473547451,0.0060051890847462,0.0067362289132916,0.0086529156438272,56.48584905660378,7073.410000000001,7208.990496966798,6937.829503033204,0.4475957076500431,70.9571428571427,0.0100517258127185,-0.0103462778634515,0.0114046650237835,-0.0043722320950043,80333.6,1.219464831652011,0.2406159769008662,0.8539726,1
2021-12-08,7073.2,7151.6,7067.4,7149.4,84388.0,0.0127776518585676,0.0127776518585676,-0.0019265132901497,0.0030303880580262,0.0280102378281998,7116.76,0.004586356712886,7120.0,0.004129213483146,7083.15,0.0093531832588609,7062.55,0.0122972580725091,0.0074288901381811,0.007181681861373,0.0087965407888951,64.94668042655653,7083.15,7210.533507153024,6955.766492846975,0.760041513539168,71.94285714285706,0.010062782491238,0.0030303880580262,0.0280102378281998,0.0044960238289262,83569.0,1.0098002847946008,-0.138581519741946,0.79657644,1
2021-12-09,7138.4,7199.8,7136.4,7175.6,81946.0,0.003664643186841,0.003664643186841,0.0095956327208261,0.0077523734621651,0.0237402271300577,7130.4,0.0063390553124651,7125.52,0.007028258990221,7091.469999999999,0.0118635487423623,7060.613333333333,0.0162856484611346,0.0074815039840146,0.0070436545250782,0.0082089795563318,59.402390438247046,7091.469999999999,7220.245694012062,6962.694305987937,0.8266532579980523,68.5285714285714,0.0095502217833451,0.0077523734621651,0.0237402271300577,-0.0159357086041854,83721.6,0.9787916141115316,-0.02893776366308,0.698437,1
2021-12-10,7158.0,7209.2,7154.0,7200.6,80477.0,0.0034840292101008,0.0034840292101008,0.004099732262383,0.0145977173453573,0.019857231884879,7136.280000000001,0.0090130992618002,7135.88,0.0090696592431487,7098.4800000000005,0.0143861784494707,7058.643333333334,0.0201110411679674,0.0073764583331434,0.0069200234942255,0.0082072496197715,58.37418300653594,7098.4800000000005,7235.155806968143,6961.804193031858,0.8735847706529462,67.81428571428569,0.0094178659714865,0.0145977173453573,0.019857231884879,-0.0161501885555008,84747.8,0.9496057714772536,-0.017926439362507,0.654059,1
2021-12-13,7210.2,7240.4,7187.6,7206.0,88271.0,0.0007499375052077,0.0007499375052077,0.0154158329340809,0.0126190944605266,0.0282534246575343,7158.160000000001,0.006683281737206,7144.860000000001,0.0085572005609626,7108.38,0.0137330868636735,7055.516666666666,0.021328464015156,0.0073661220450373,0.0066314391729114,0.0080929798860708,57.5946733250104,7108.38,7246.140304418762,6970.619695581238,0.8543110637417585,68.67142857142848,0.0095297569485745,0.0126190944605266,0.0282534246575343,-0.0253732958234148,86609.2,1.0191873380657022,0.0968475465039699,0.3344313,0
2021-12-14,7199.0,7224.4,7189.8,7204.2,80750.0,-0.0002497918401332,-0.0002497918401332,0.0205405711695376,0.0119111161052898,0.035681426106958,7187.160000000001,0.0023708947623259,7153.339999999999,0.0071099654147572,7120.789999999999,0.0117135879586396,7051.64,0.0216346835629726,0.0073781853752144,0.0063149249389551,0.0080514904461784,58.005029337803805,7120.789999999999,7244.782086334365,6996.797913665633,0.8363521111140569,67.99999999999987,0.0094389383970461,0.0119111161052898,0.035681426106958,-0.0312768932874355,83166.4,0.9709449970180266,-0.0852035209751786,0.24974619,0
2021-12-15,7195.2,7223.8,7176.6,7186.4,99839.0,-0.0024707809333445,-0.0024707809333445,0.0051752594623324,0.0032387759660486,0.0276268374992849,7194.56,-0.0011341902770983,7155.660000000001,0.0042959000287883,7130.45,0.0078466295956074,7047.509999999999,0.0197076698011071,0.0072388837351093,0.0063240012489509,0.0080554862634259,56.76784249384741,7130.45,7242.075152795891,7018.824847204109,0.7506155584051272,69.11428571428554,0.0096173724972567,0.0032387759660486,0.0276268374992849,-0.0333324365769013,86256.6,1.157465051949648,0.2363962848297214,0.81261724,1
2021-12-16,7223.2,7248.8,7205.0,7246.4,113374.0,0.008349103862852,0.008349103862852,0.0098667707230055,0.0195570813518304,0.0388210333161305,7208.719999999999,0.0052270028521013,7169.56,0.0107175335724925,7143.99,0.014335126448945,7045.4,0.0285292531297016,0.0070189721625571,0.0064371194096286,0.0080712766267068,64.25028615032426,7143.99,7241.306713552733,7046.673286447266,1.0261686110295236,68.67142857142848,0.0094766268176513,0.0195570813518304,0.0388210333161305,-0.0171707581717076,92542.2,1.225105951663133,0.1355682649064995,0.28956336,0
2021-12-17,7237.4,7246.2,7184.2,7208.4,102989.0,-0.0052439832192536,-0.0052439832192536,0.001083243063078,0.0051874163319947,0.0179630571089646,7210.280000000001,-0.0002607388339982,7173.280000000001,0.0048959471817633,7150.35,0.0081184837105874,7042.253333333332,0.0235928272958088,0.0068787982736507,0.0058189837358421,0.008082966772408,58.48987108655614,7150.35,7247.012353200085,7053.687646799916,0.8002720194481479,68.77142857142846,0.0095404567686904,0.0051874163319947,0.0179630571089646,-0.0255231709295409,97044.6,1.0612543098740166,-0.0915994848907156,0.29730365,0
2021-12-20,7185.4,7210.2,7106.6,7132.4,84238.0,-0.0105432550912824,-0.0105432550912824,-0.0102137107965585,0.0050446692782457,0.0019385834293259,7195.56,-0.0087776350971989,7176.859999999999,-0.0061949097516182,7151.039999999999,-0.0026066138631583,7040.463333333333,0.013058326180237,0.0069037337439623,0.0062525347189276,0.0077237865684189,51.05553751217928,7151.039999999999,7246.942107983357,7055.137892016641,0.402817568914992,70.79999999999986,0.0099265324434972,0.0050446692782457,0.0019385834293259,-0.0148346639409928,96238.0,0.8753091294499055,-0.1820679878433618,0.8332361,1
2021-12-21,7135.0,7201.6,7123.4,7170.8,68505.0,0.0053838820032527,0.0053838820032527,-0.0046361844479608,0.0158091568449683,0.0052993130520118,7188.88,-0.0025149953817562,7188.02,-0.0023956527666867,7152.929999999999,0.0024982769298738,7040.3933333333325,0.0185226393601116,0.0067299806598447,0.0063508940345495,0.0076706591129215,50.622542595019695,7152.929999999999,7248.825054479081,7057.034945520916,0.5931747736996161,71.49999999999993,0.0099709934735315,0.0158091568449683,0.0052993130520118,-0.0005853658536585,93789.0,0.7304161468828967,-0.186768441795864,0.8766327,1
2021-12-22,7180.4,7212.2,7172.0,7196.2,50739.0,0.0035421431360516,0.0035421431360516,0.0013636869642659,0.0065460038604638,0.0095962288504165,7190.839999999999,0.000745392749665,7192.7,0.0004866044739806,7156.35,0.0055684811391281,7039.783333333334,0.0222189603373208,0.0055553203443629,0.0063867671612201,0.0076124206723248,57.6551724137931,7156.35,7253.343966170819,7059.356033829182,0.7054251494872299,68.85714285714279,0.0095685421273926,0.0065460038604638,0.0095962288504165,-0.0050602809423736,83969.0,0.6042587145255988,-0.2593387343989489,0.8452849,1
2021-12-23,7193.0,7259.8,7182.6,7240.6,60355.0,0.0061699230149245,0.0061699230149245,-0.000800397438728,0.0090584759462624,0.0168810740969609,7189.68,0.0070823736244172,7199.2,0.0057506389598844,7162.360000000001,0.0109237737282124,7039.326666666666,0.0285926968393759,0.00575832683914,0.0064979849607846,0.007628546350361,56.18979664645027,7162.360000000001,7264.722048887726,7059.997951112276,0.8821728895140459,69.01428571428563,0.0095315699961723,0.0090584759462624,0.0168810740969609,-0.003769950467804,73365.2,0.822665241831277,0.189518910502769,0.18126169,0
2021-12-24,7232.6,7241.6,7172.0,7210.2,70552.0,-0.0041985470817336,-0.0041985470817336,0.0002497086732144,0.0013332222314805,0.0159504015781315,7190.039999999999,0.0028038786988668,7200.160000000001,0.0013944134574785,7168.02,0.0058844701884201,7039.05,0.0243143606026381,0.0058888198457315,0.0065317156143899,0.0076124862135517,60.9992254066614,7168.02,7267.647170252359,7068.3928297476405,0.7116892404609952,67.84285714285708,0.0094092892212223,0.0013332222314805,0.0159504015781315,-0.0022970055903027,66877.8,1.0549390081611536,0.1689503769364593,0.24636969,0
2021-12-27,7198.6,7247.4,7191.6,7204.8,64702.0,-0.0007489390030789,-0.0007489390030789,0.0101508608602995,-0.000166527893422,0.0124504651358872,7204.52,3.8864490625512005e-05,7200.039999999999,0.000661107438292,7172.45,0.0045103137700506,7041.566666666667,0.02318139429199,0.005890895873985,0.0065246762196201,0.0069355817885491,65.02890173410404,7172.45,7270.237557059423,7074.6624429405765,0.6654095928602757,63.999999999999936,0.0088829669109482,-0.000166527893422,0.0124504651358872,0.0214069012447191,62970.6,1.0274953708556056,-0.0829175643496995,0.5064507,0
2021-12-28,7218.2,7220.4,7167.6,7212.6,61289.0,0.0010826115922717,0.0010826115922717,0.0058291961845262,0.0011659865078705,0.0130909908138328,7212.88,-3.881944521466618e-05,7200.88,0.0016275788514736,7177.110000000001,0.0049448872875015,7044.123333333334,0.0239173362949824,0.0058997056416583,0.0065252440989672,0.0069360037976964,57.86069651741299,7177.110000000001,7273.1196902996735,7081.100309700328,0.6848250936401609,61.171428571428415,0.0084811896641195,0.0011659865078705,0.0130909908138328,0.0217305077062557,61527.4,0.9961253035233084,-0.0527495286080801,0.18851909,0
2021-12-29,7212.0,7216.8,7179.8,7196.2,52455.0,-0.002273798630175,-0.002273798630175,0.0,0.0013636869642659,0.0046068796068796,7212.88,-0.0023125298077882,7201.860000000001,-0.000785908084856,7178.759999999999,0.0024293889195348,7048.67,0.0209301896669866,0.0058903704199171,0.0064239327352113,0.0064515383686983,52.62621111677707,7178.759999999999,7274.897322835438,7082.622677164561,0.5907035867321431,59.28571428571409,0.0082384750681907,0.0013636869642659,0.0046068796068796,0.0394026056561804,61870.6,0.8478178650279777,-0.1441367945308294,0.86568993,1
2021-12-30,7205.6,7258.4,7205.6,7251.2,71552.0,0.0076429226536227,0.0076429226536227,0.0014639670745517,0.0006623978803268,0.0202324338013901,7215.0,0.0050173250173251,7202.339999999999,0.0067839063415502,7185.95,0.0090802190385403,7053.4766666666665,0.0280320390464654,0.0057844580371116,0.0063336899718081,0.0064821633626855,55.99242065371853,7185.95,7281.120439903567,7090.779560096433,0.8428060228896472,59.78571428571409,0.0082449407388727,0.0006623978803268,0.0202324338013901,0.0414201183431952,64110.0,1.116081734518796,0.3640644361833953,0.8481578,1
2021-12-31,7268.0,7310.4,7255.8,7279.4,61445.0,0.0038890114739629,0.0038890114739629,0.009597514632049,0.0098496198879085,0.0150881302989736,7228.839999999999,0.0069942065393617,7209.44,0.009703943718236,7191.360000000001,0.012242468740266,7058.84,0.0312459270928366,0.0055671510103793,0.0060950285645043,0.0064922785287156,58.24719101123589,7191.360000000001,7294.930660343892,7087.789339656109,0.9250238422139782,60.24285714285698,0.0082757998108164,0.0098496198879085,0.0150881302989736,0.0462515810049442,62288.6,0.9864565907726294,-0.1412539132379249,0.677018,1
2022-01-04,7295.8,7300.6,7228.6,7283.8,67570.0,0.000604445421326,0.000604445421326,0.0109649122807018,0.021227076439908,0.0263788292985374,7244.639999999999,0.0054053755604144,7224.58,0.0081970162971412,7200.719999999999,0.0115377351153773,7064.15,0.0310936206054515,0.0038520071762784,0.0055014382777322,0.006492179355068,58.89186773905272,7200.719999999999,7302.044067904424,7099.395932095575,0.9099716963513896,62.9142857142856,0.0086375635951406,0.021227076439908,0.0263788292985374,0.0457416872451617,62862.2,1.0748907928771183,0.0996826430140775,0.13618352,0
2022-01-05,7273.8,7275.4,7137.0,7143.8,99233.0,-0.0192207364287871,-0.0192207364287871,-0.0095388625460999,-0.0037652702627322,0.0119843608340888,7230.88,-0.0120427942380456,7221.88,-0.010811589226074,7204.95,-0.0084872205913989,7069.316666666667,0.0105361432858903,0.0075810707002079,0.0070476928596847,0.0065105369616889,46.26184626184632,7204.95,7286.539872951728,7123.360127048271,0.1252598650559353,70.02857142857134,0.0098027060428023,-0.0037652702627322,0.0119843608340888,0.0453627557142439,70451.0,1.4085392684277016,0.4685955305608997,0.15916632,0
2022-01-06,7119.2,7155.6,7085.8,7139.0,75086.0,-0.0006719113077073,-0.0006719113077073,-0.0079486395597676,-0.0079486395597676,-0.0014546675245474,7219.44,-0.0111421384484114,7216.160000000001,-0.0106926675683467,7204.43,-0.0090819121013043,7073.98,0.0091914311321208,0.0074567156861259,0.0064421829541296,0.0065014075026231,39.5647104547222,7204.43,7287.627294995661,7121.23270500434,0.1067780809255104,70.55714285714274,0.009883337001981,-0.0079486395597676,-0.0014546675245474,0.0407919290879403,74977.2,1.001451107803439,-0.2433363901121602,0.13143288,0
2022-01-07,7155.6,7170.4,7103.4,7114.0,72092.0,-0.0035018910211513,-0.0035018910211513,-0.0189210061782877,-0.0174847388337983,-0.0085846479736886,7192.0,-0.0108453837597329,7203.5,-0.0124245158603456,7201.35,-0.0121296701312948,7077.789999999999,0.0051160037243265,0.0070735923874719,0.0064238018447539,0.0065103243039108,40.590111642743295,7201.35,7293.1566503718,7109.5433496282,0.0242719364760128,70.89999999999989,0.0099662637053696,-0.0174847388337983,-0.0085846479736886,0.0332006855084672,75085.2,0.9601359522249392,-0.0398742774951389,0.19158499,0
2022-01-10,7104.2,7118.4,7058.4,7107.2,63987.0,-0.0009558616811919,-0.0009558616811919,-0.0236557958073467,-0.0142853180216915,-0.0129711412937811,7157.56,-0.0070359172678958,7193.2,-0.0119557359728632,7196.679999999999,-0.0124335110078533,7080.6,0.0037567437787757,0.0070224896449085,0.0063584873471045,0.0064446153840148,47.08603145235897,7196.679999999999,7297.688256045395,7095.671743954602,0.0570659097421538,67.78571428571422,0.0095376117578954,-0.0142853180216915,-0.0129711412937811,0.0242988499120859,75593.6,0.8464605469246073,-0.112425789269267,0.12336483,0
2022-01-11,7115.2,7133.8,7050.6,7076.6,59017.0,-0.0043054930211615,-0.0043054930211615,-0.0284466899146049,-0.0177936930934932,-0.0179572578406882,7116.12,-0.0055535881913176,7180.38,-0.0144532740607042,7190.209999999999,-0.0158006511631786,7083.123333333334,-0.0009209684804772,0.007074851412372,0.0064009493420856,0.0064665530240178,38.9072067828545,7190.209999999999,7304.41922444018,7076.000775559818,0.002623362706119,68.14285714285701,0.0096293215870413,-0.0177936930934932,-0.0179572578406882,0.0218621844856468,73883.0,0.7987899787501861,-0.0776720271305109,0.63712263,1
2022-01-12,7107.8,7133.0,7079.6,7125.2,59040.0,0.0068677048300029,0.0068677048300029,-0.0026036563173661,-0.0121176829437373,-0.010965825490686,7112.4,0.0017996738091221,7171.639999999999,-0.0064755062998141,7186.26,-0.0084967702254024,7085.633333333333,0.0055840691728332,0.0075543946387279,0.0066318760159651,0.0064619406074118,42.07235372934348,7186.26,7303.846544163355,7068.673455836645,0.2403614485209554,69.21428571428558,0.0097140130402354,-0.0121176829437373,-0.010965825490686,0.0215926361368392,65844.4,0.8966593970026305,0.0003897182167849,0.15768337,0
2022-01-13,7126.0,7126.0,7054.6,7058.0,81820.0,-0.0094313142087238,-0.0094313142087238,-0.0113461269085306,-0.0192045801951029,-0.0178670822665033,7096.2,-0.0053831628195372,7157.82,-0.0139455867848031,7179.840000000001,-0.0169697374871864,7086.986666666666,-0.0040901257516122,0.0079944764625386,0.0069156410144769,0.0065848480069625,30.599235019124507,7179.840000000001,7310.669425307062,7049.01057469294,0.0343555178277411,68.79999999999986,0.0097478039104562,-0.0192045801951029,-0.0178670822665033,0.0116385735580781,67191.2,1.217718987010204,0.385840108401084,0.25506818,0
2022-01-14,7035.2,7085.4,7013.8,7035.6,86081.0,-0.0031737035987531,-0.0031737035987531,-0.0110205229125667,-0.0297330097087378,-0.0290903069110177,7080.52,-0.0063441668126068,7136.26,-0.0141054277730912,7169.3,-0.0186489615443627,7088.3533333333335,-0.0074422550418385,0.0072562622013686,0.0065782063933367,0.0065834957603274,31.12840466926073,7169.3,7311.060153260683,7027.539846739317,0.0284288393998189,68.94285714285694,0.0097991439454853,-0.0297330097087378,-0.0290903069110177,0.0117924528301887,69989.0,1.2299218448613354,0.0520777316059644,0.6632674,1
2022-01-17,7053.0,7126.8,7036.4,7100.8,88675.0,0.009267155608619,0.009267155608619,-0.0009004952723997,-0.0245349891474571,-0.0149270295766049,7079.240000000001,0.0030455246608391,7118.4,-0.0024724657226342,7163.92,-0.0088108186579414,7091.490000000001,0.0013128411659608,0.0079854341156405,0.0069291284038271,0.0066356920245002,40.0459418070444,7163.92,7307.586479260192,7020.253520739808,0.2803245394296739,71.4714285714284,0.0100652642760574,-0.0245349891474571,-0.0149270295766049,0.0272256459219395,74926.6,1.183491577090112,0.0301344082898664,0.7418395,1
2022-01-18,7095.4,7131.0,7081.2,7112.6,81038.0,0.001661784587652,0.001661784587652,0.0050871887629653,-0.0235042148329168,-0.002776064157927,7086.44,0.003691557396944,7101.280000000001,0.0015940788139603,7162.93,-0.0070264542582434,7094.016666666666,0.0026195784710589,0.0080372350831611,0.0065461373866385,0.0065821899896174,40.5015197568389,7162.93,7307.779033570049,7018.080966429951,0.3262673945433666,71.25714285714275,0.0100184381038077,-0.0235042148329168,-0.002776064157927,0.0217784801034335,79330.8,1.0215200149248462,-0.0861234846349027,0.12002467,0
2022-01-19,7125.2,7140.2,7045.6,7082.6,107205.0,-0.0042178668841211,-0.0042178668841211,-0.0059787795430302,-0.008566869173269,-0.0122998828582584,7077.920000000001,0.0006612112032913,7095.160000000001,-0.0017702208265917,7158.520000000001,-0.01060554416276,7096.013333333333,-0.0018902632651948,0.0055540343479454,0.0064730400966542,0.006608910386123,39.48148148148152,7158.520000000001,7307.666986489199,7009.373013510804,0.2454859739807764,75.37142857142842,0.0106417740055104,-0.008566869173269,-0.0122998828582584,0.017205721836043,88963.8,1.2050407019484328,0.3228978997507341,0.22335604,0
2022-01-20,7083.4,7104.4,7009.0,7038.8,116639.0,-0.0061841696552114,-0.0061841696552114,-0.0027203173703598,-0.0140355792127748,-0.0218726550123675,7074.08,-0.0049872209531133,7085.139999999999,-0.0065404494477172,7150.65,-0.0156419346492975,7098.4,-0.0083962583117321,0.0058027903942754,0.0065108296007633,0.0065351194972883,29.916792738275348,7150.65,7307.820554359769,6993.479445640231,0.1441763520666512,77.74285714285699,0.0110449021342923,-0.0140355792127748,-0.0218726550123675,0.0207668658274842,95927.6,1.2159065795454072,0.0879996268830745,0.12624054,0
2022-01-21,7023.6,7023.8,6944.4,6969.0,106592.0,-0.0099164630334716,-0.0099164630334716,-0.0094661436124851,-0.0203823446724767,-0.0375107035328564,7060.76,-0.0129957681609345,7070.639999999999,-0.014374936356539,7137.07,-0.0235488793020104,7100.45,-0.0185129111535183,0.0063864675411552,0.006560854864008,0.0065976544797189,22.79102384291727,7137.07,7307.860522354665,6966.279477645335,0.0079645003632455,80.25714285714275,0.0115163069101941,-0.0203823446724767,-0.0375107035328564,0.0179666958808062,100029.8,1.06560245046976,-0.0861375697665446,0.30497032,0
2022-01-24,6948.4,6979.2,6905.8,6953.8,84732.0,-0.0021810876739847,-0.0021810876739847,-0.0207018927444795,-0.021583746060333,-0.0355607334054532,7031.360000000001,-0.0110305829882129,7055.3,-0.0143863478519694,7124.25,-0.0239253254728567,7101.043333333333,-0.0207354506121869,0.0063751254955445,0.0065389534631008,0.0064665337484891,21.61046111493457,7124.25,7309.783376199742,6938.716623800258,0.04064868679882,80.35714285714273,0.0115558605161412,-0.021583746060333,-0.0355607334054532,0.0051458471856842,99241.2,0.8537986239585978,-0.2050810567397177,0.15855946,0
2022-01-25,6934.0,6945.2,6714.4,6720.0,110014.0,-0.0336219045701631,-0.0336219045701631,-0.0551978179568652,-0.0503914309131504,-0.067288474350433,6952.839999999999,-0.0334884737747451,7019.640000000001,-0.0426859497068227,7100.009999999999,-0.0535224598275212,7097.216666666666,-0.0531499437572944,0.0118556327306545,0.0096536374143834,0.0077686995159417,18.60740740740735,7100.009999999999,7354.934433798007,6845.085566201991,-0.2453385192199819,86.97142857142846,0.0129421768707482,-0.0503914309131504,-0.067288474350433,-0.0330378726833199,105036.4,1.047389285999901,0.2983760562715385,0.7965568,1
2022-01-26,6741.6,6765.0,6699.4,6735.0,91345.0,0.0022321428571427,0.0022321428571427,-0.049078022195239,-0.054763375063156,-0.0662174527909492,6883.32,-0.0215477414968358,6980.62,-0.0351859863450524,7076.129999999999,-0.0482085546760728,7094.466666666666,-0.0506685961829406,0.0114185754457711,0.0096853018908504,0.0077276953555796,20.51955633391705,7076.129999999999,7372.719889453743,6779.540110546255,-0.0750870345383125,86.67142857142848,0.0128688089935305,-0.054763375063156,-0.0662174527909492,-0.0239130434782608,101864.4,0.8967313408806218,-0.1696965840711182,0.33805937,0
2022-01-27,6714.8,6738.4,6550.4,6567.6,110204.0,-0.0248552338530065,-0.0248552338530065,-0.0669432289594816,-0.069481439501275,-0.0873516578194045,6789.08,-0.0326229768981952,6931.58,-0.0525103944555208,7044.7,-0.0677246724487912,7088.613333333334,-0.0735000357380663,0.0129404219597835,0.0108020669771199,0.008336550054299,16.98888351860799,7044.7,7412.414271225674,6676.985728774325,-0.1487373992988055,95.31428571428562,0.0145128031113779,-0.069481439501275,-0.0873516578194045,-0.0507602474417528,100577.4,1.095713351110687,0.2064590289561552,0.48795795,0
2022-01-28,6592.8,6613.8,6433.0,6496.2,123091.0,-0.0108715512515988,-0.0108715512515988,-0.0678433060697374,-0.0766672352038206,-0.1041206972639011,6694.52,-0.029624229967197,6877.639999999999,-0.0554608848384038,7006.95,-0.0728919144563612,7080.706666666666,-0.0825491994207734,0.0129099022988036,0.0104953147509029,0.0083628587111994,15.758798475678049,7006.95,7435.4048075411665,6578.495192458833,-0.096037191099701,103.94285714285706,0.0160005629664814,-0.0766672352038206,-0.1041206972639011,-0.0680572691016555,103877.2,1.1849664796509725,0.1169376792130956,0.833387,1
2022-02-07,6608.4,6630.0,6567.2,6592.2,80784.0,0.014777870139466,0.014777870139466,-0.0520003451350341,-0.0716257323118522,-0.0944033848943594,6622.2,-0.0045302165443508,6826.780000000001,-0.0343617342290216,6972.589999999999,-0.054555050562273,7075.206666666666,-0.068267499371043,0.0138089471966972,0.0112588034891152,0.008574809820599,24.70760233918125,6972.589999999999,7418.896620585921,6526.283379414078,0.0738467877749439,107.5571428571428,0.0163158191282337,-0.0716257323118522,-0.0944033848943594,-0.0476727052093265,103087.6,0.7836442016304579,-0.3437050637333355,0.8334587,1
2022-02-08,6588.2,6682.4,6530.4,6678.8,92673.0,0.0131367373562696,0.0131367373562696,-0.0061309523809524,-0.0609903551443916,-0.0830610395672588,6613.960000000001,0.0098035065225672,6783.4,-0.0154199958722763,6942.340000000001,-0.0379612637813764,7070.83,-0.0554432789361362,0.0150582846123987,0.0119102922168349,0.0087501248873792,27.581357975090413,6942.340000000001,7381.79187102486,6502.888128975143,0.2001491888231223,114.38571428571426,0.0171266865732937,-0.0609903551443916,-0.0830610395672588,-0.0378309851038695,99619.4,0.9302706099414372,0.1471702317290553,0.7234443,1
2022-02-09,6679.6,6779.4,6666.6,6768.6,83146.0,0.0134455291369708,0.0134455291369708,0.004988864142539,-0.0443340016378166,-0.052521067219127,6620.68,0.0223421159155856,6752.0,0.0024585308056872,6923.58,-0.0223843734021993,7067.3133333333335,-0.0422668868980856,0.0162976870063444,0.0119900008630651,0.0089028335837452,35.788646631310186,6923.58,7358.834541860747,6488.325458139253,0.3219662460758616,117.34285714285708,0.0173363556928843,-0.0443340016378166,-0.052521067219127,-0.0302309587942002,97979.6,0.8486052198620937,-0.1028023264597024,0.30111867,0
2022-02-10,6772.2,6790.4,6731.6,6767.6,67554.0,-0.0001477410395059,-0.0001477410395059,0.0304525245142821,-0.0385292947661533,-0.0520240930102254,6660.68,0.0160524150687317,6724.88,0.0063525297105673,6905.009999999999,-0.0199000435915369,7064.196666666667,-0.0419859016760103,0.0163361631839096,0.0119950665017423,0.008893537338771,36.556982343499214,6905.009999999999,7333.20032610313,6476.819673896869,0.3395456510536583,116.42857142857136,0.017203819881283,-0.0385292947661533,-0.0520240930102254,-0.0268886779972967,89449.6,0.7552185811898543,-0.1875255574531547,0.094702266,0
2022-02-11,6741.2,6775.6,6677.2,6698.2,84753.0,-0.0102547431881317,-0.0102547431881317,0.0310951017517933,-0.0388577988233606,-0.0584481304470059,6701.08,-0.0004297814680618,6697.8,5.9721102451559815e-05,6884.219999999999,-0.0270212166374693,7059.013333333333,-0.0511138478276472,0.016350579599766,0.0121162549875772,0.008915456189867,29.890109890109912,6884.219999999999,7310.055923925105,6458.3840760748935,0.2815825420676393,116.94285714285714,0.017458848219351,-0.0388577988233606,-0.0584481304470059,-0.044370256234663,81782.0,1.036328287398205,0.2545963229416466,0.26822096,0
2022-02-14,6665.2,6722.4,6627.4,6649.2,95280.0,-0.0073153981666715,-0.0073153981666715,0.0086465823245653,-0.0438033880755845,-0.0644416929311121,6712.4800000000005,-0.0094272161704765,6667.340000000001,-0.0027207252067542,6861.32,-0.0309153340756589,7052.160000000001,-0.0571399401034578,0.0163735050114611,0.0121449574510024,0.0088922662560587,27.68252745135814,6861.32,7285.924641370736,6436.715358629263,0.2502146946448579,120.17142857142856,0.0180730657178951,-0.0438033880755845,-0.0644416929311121,-0.0582403263271202,84681.2,1.125161192803125,0.1242079926374286,0.8397631,1
2022-02-15,6659.2,6712.8,6633.4,6705.6,82527.0,0.0084822234253745,0.0084822234253745,0.0040126968916571,-0.0021428571428571,-0.0524263064183364,6717.839999999999,-0.0018220142188558,6665.9,0.005955684903764,6842.77,-0.0200459755333,7047.12,-0.048462350577257,0.0130943343175746,0.0124202016282841,0.0089333431896081,32.29381927484505,6842.77,7260.128717853491,6425.411282146508,0.3356689412102434,119.08571428571432,0.0177591437433957,-0.0021428571428571,-0.0524263064183364,-0.0431506849315067,82652.0,0.9984876349029668,-0.1338476070528967,0.7064178,1
2022-02-16,6728.2,6735.2,6692.8,6716.2,79980.0,0.0015807683130517,0.0015807683130517,-0.0077416304701121,-0.0027913882702301,-0.0574018974905967,6707.360000000001,0.0013179552014501,6664.02,0.0078301085530956,6822.32,-0.015554825924319,7043.123333333334,-0.0464173801679842,0.0130828546016986,0.0122630208817667,0.0088939910633388,34.361062633313935,6822.32,7221.076918963099,6423.5630810369,0.3669364781482072,115.30000000000004,0.0171674458771329,-0.0027913882702301,-0.0574018974905967,-0.0344738355376653,82018.8,0.9751422844518574,-0.0308626267766912,0.28439593,0
2022-02-17,6703.6,6751.4,6673.6,6713.4,98242.0,-0.0004169024150562,-0.0004169024150562,-0.0080087475619127,0.0221998903709117,-0.0488240294701048,6696.52,0.0025207122505421,6678.6,0.005210672895517,6805.090000000001,-0.0134737380402024,7038.460000000001,-0.046183398072874,0.0098488483409963,0.0121748756461447,0.0088603224483351,36.748237245956034,6805.090000000001,7190.526096962906,6419.653903037096,0.3810568071821957,114.11428571428569,0.0169979869684937,0.0221998903709117,-0.0488240294701048,-0.0400102957158382,88156.4,1.1144057606708078,0.2283320830207551,0.75167567,1
2022-02-18,6686.8,6780.4,6685.2,6773.0,87991.0,0.0088777668543511,0.0088777668543511,0.0111671792421845,0.0426095255687941,-0.0373244641537324,6711.4800000000005,0.0091663835696447,6706.280000000001,0.0099488837328591,6791.960000000001,-0.0027915358747697,7035.083333333333,-0.0372537638739175,0.0088573611036551,0.0124315851248003,0.0089411905598655,41.03885804916733,6791.960000000001,7161.91352425022,6422.006475749782,0.4743751596387316,115.67142857142856,0.0170783151589293,0.0426095255687941,-0.0373244641537324,-0.02904409656517,88804.0,0.9908450069816674,-0.1043443740966185,0.6532711,1
2022-02-21,6782.2,6806.4,6755.0,6785.8,62485.0,0.0018898567842906,0.0018898567842906,0.0205438248210312,0.0293680410181731,-0.0443611987381703,6738.8,0.0069745355256127,6725.640000000001,0.0089448736477122,6776.210000000001,0.0014152453952871,7030.160000000001,-0.0347588106102849,0.0080508047513726,0.0121922523494057,0.0087102669517501,54.17618684945418,6776.210000000001,7116.428566899359,6435.991433100643,0.5140938810121378,102.24285714285703,0.0150671780988029,0.0293680410181731,-0.0443611987381703,-0.0417160933175168,82245.0,0.7597422335704298,-0.2898705549431192,0.2423872,0
2022-02-22,6751.0,6762.4,6678.0,6733.2,82579.0,-0.0077514810339238,-0.0077514810339238,0.0041159627773799,0.0081451757800801,-0.053341956527852,6744.32,-0.00164879483773,6731.08,0.0003149568865619,6757.240000000001,-0.0035576655557595,7023.736666666667,-0.0413649714468224,0.0078140357654543,0.0122172011355175,0.0087217727544398,49.89096195783861,6757.240000000001,7058.570595857602,6455.9094041424,0.460110257088926,105.25714285714275,0.0156325584947933,0.0081451757800801,-0.053341956527852,-0.0541398589610316,82255.4,1.0039340882179164,0.3215811794830758,0.7608346,1
2022-02-23,6744.8,6829.4,6744.6,6829.4,66068.0,0.0142874116319133,0.0142874116319133,0.0168547690658407,0.0089826552019618,-0.0357495834862904,6766.959999999999,0.0092271862106469,6737.160000000001,0.013691228945134,6744.58,0.012576024007425,7018.676666666666,-0.0269675717597286,0.0079679687698082,0.0127811790511589,0.0089323648525134,67.35613895518419,6744.58,7007.135470630099,6482.024529369901,0.6615277712485722,98.69999999999987,0.0144522212785896,0.0089826552019618,-0.0357495834862904,-0.0425627365764755,79473.0,0.8313263624123917,-0.1999418738420179,0.239883,0
2022-02-24,6798.4,6831.2,6648.2,6723.0,111475.0,-0.0155796995343661,-0.0155796995343661,0.0014299758691571,-0.0065902240085111,-0.0448656020912655,6768.88,-0.0067780785004314,6732.7,-0.0014407295735737,6728.789999999999,-0.0008604816021898,7011.929999999999,-0.0412054883605511,0.0095381121108139,0.0131212545064503,0.009137008930174,64.36898124683222,6728.789999999999,6951.858003791867,6505.721996208131,0.4870218948895033,98.85714285714272,0.0147043199252034,-0.0065902240085111,-0.0448656020912655,-0.056791716939308,82119.6,1.3574712979605357,0.6872767451716413,0.8630033,1
2022-02-25,6801.8,6855.8,6750.6,6768.4,98409.0,0.0067529376766324,0.0067529376766324,-0.0006791672818544,0.010480427577558,-0.028784617592194,6767.960000000001,6.501220456356371e-05,6739.719999999999,0.0042553696592737,6718.76,0.0073882680732753,7006.0633333333335,-0.0339225213969424,0.0091371447510264,0.0131353950833123,0.009190688711319,61.927971838613566,6718.76,6912.456957017386,6525.063042982614,0.6281383062603916,98.78571428571416,0.014595135377004,0.010480427577558,-0.028784617592194,-0.0494354249761249,84203.2,1.16870855264408,-0.1172101368019735,0.80819523,1
2022-02-28,6765.8,6801.6,6722.4,6793.4,79912.0,0.0036936351279475,0.0036936351279475,0.0011199858528101,0.0216868194670034,-0.0230665247778194,6769.479999999999,0.0035335062663603,6754.139999999999,0.0058127311545215,6710.74,0.0123175685542875,7001.003333333332,-0.029653368731434,0.0086640941522358,0.0131820616433637,0.0092028874126303,58.46381093057602,6710.74,6874.417377145941,6547.062622854059,0.7525089338592498,93.5857142857142,0.0137759758420988,0.0216868194670034,-0.0230665247778194,-0.0427786388614908,87688.6,0.9113157240507888,-0.187960450771779,0.6904429,1
2022-03-01,6828.6,6833.2,6769.8,6802.6,71578.0,0.0013542556010246,0.0013542556010246,0.0103071347947485,0.0144655213552851,0.0122916666666668,6783.360000000001,0.0028363524860834,6763.839999999999,0.0057304726309317,6714.87,0.0130650332768915,6995.776666666668,-0.0276133267071133,0.0083765899636675,0.010730070313857,0.0091960977227808,52.850435949027485,6714.87,6883.620966936506,6546.119033063494,0.7599392512903629,90.05714285714281,0.0132386356477145,0.0144655213552851,0.0122916666666668,-0.0440684635058036,85488.4,0.8372831869586985,-0.1042897186905595,0.61572,1
2022-03-02,6786.6,6818.8,6759.4,6809.8,59303.0,0.0010584188398552,0.0010584188398552,-0.0028699446510673,0.0139364521604479,0.0111061618411285,6779.44,0.0044782459908194,6773.2,0.0054036496781433,6718.609999999999,0.0135727479344687,6990.616666666667,-0.0258656246349272,0.0083774431463012,0.0107242614466236,0.0091977333724764,53.50149352804512,6718.609999999999,6892.477437706538,6544.74256229346,0.7622400180357976,90.10000000000004,0.0132309318922729,0.0139364521604479,0.0111061618411285,-0.0434868106862936,84135.4,0.7048519410378985,-0.1714912403252395,0.4026577,0
2022-03-03,6843.8,6844.4,6773.2,6797.8,62163.0,-0.0017621662897588,-0.0017621662897588,0.0111259854231742,0.0125718711830071,0.0350508557159388,6794.4,0.0005004121040856,6781.639999999999,0.0023829044301968,6730.12,0.0100562842861642,6984.526666666667,-0.0267343337033575,0.008420846402695,0.0089319009389468,0.0091544647159447,59.13426265590611,6730.12,6891.957730295712,6568.282269704288,0.7090983353397702,88.15714285714284,0.0129684813994443,0.0125718711830071,0.0350508557159388,-0.0510107214652668,74273.0,0.8369528630861821,0.0482269025175792,0.16378094,0
2022-03-04,6753.0,6817.2,6729.6,6761.8,86394.0,-0.0052958310041484,-0.0052958310041484,-0.000975119673778,-0.0016536246862541,0.0408854407191896,6793.08,-0.0046046859451087,6780.52,-0.0027608502002794,6743.4,0.0027285938843908,6978.766666666666,-0.0310895430424668,0.0081899778764863,0.0085975866520292,0.0091279548425015,60.57872980082678,6743.4,6862.3137502557975,6624.486249744202,0.5773669990241663,87.62857142857138,0.0129593557083278,-0.0016536246862541,0.0408854407191896,-0.0486253763682921,71870.0,1.2020871017114234,0.3897977896819651,0.29954833,0
2022-03-07,6724.6,6731.8,6572.0,6607.2,101284.0,-0.0228637345085628,-0.0228637345085628,-0.0274089557511701,-0.0263196675410416,0.0022754164012013,6755.839999999999,-0.0220017051913602,6762.660000000001,-0.0229879958477878,6744.15,-0.0203064878450212,6969.366666666667,-0.0519655061913804,0.0108263554857051,0.0097105482162561,0.0094697307726739,42.195431472081175,6744.15,6859.17405240417,6629.1259475958295,-0.0953102726670878,95.51428571428563,0.0144560911905626,-0.0263196675410416,0.0022754164012013,-0.0786479250334671,76144.4,1.3301569123927697,0.1723499317082204,0.18496265,0
2022-03-08,6610.2,6612.2,6327.0,6337.2,132649.0,-0.0408645114420631,-0.0408645114420631,-0.0684150177873167,-0.0588130458028871,-0.0511469126190333,6662.76,-0.0488626335032329,6723.06,-0.0573935083131788,6727.07,-0.057955395142313,6956.71,-0.0890521525261223,0.0162691729068952,0.01289687073704,0.0107014075150862,28.70307934367277,6727.07,6941.471581887095,6512.668418112904,-0.4092050454303694,112.8571428571428,0.0178086762067068,-0.0588130458028871,-0.0511469126190333,-0.1070089902206691,88358.6,1.5012573761920174,0.3096737885549543,0.3388668,0
2022-03-09,6362.8,6386.6,5916.4,6205.4,169232.0,-0.0207978286940605,-0.0207978286940605,-0.0887544421275221,-0.0913696664421471,-0.0832077534497534,6541.879999999999,-0.0514347557582834,6660.660000000001,-0.0683505838760725,6698.910000000001,-0.0736701941062054,6942.4800000000005,-0.1061695532432215,0.0151728978427592,0.0129357446778135,0.0109704443438129,25.06870828425602,6698.910000000001,7014.439068808343,6383.380931191658,-0.282035712056323,140.88571428571433,0.0227037280893599,-0.0913696664421471,-0.0832077534497534,-0.1209485494106981,110344.4,1.533670942974904,0.2757879818166742,0.73664564,1
2022-03-10,6334.8,6378.8,6278.4,6301.0,120292.0,0.0154059367647534,0.0154059367647534,-0.0730824678572479,-0.0627695969061431,-0.0689461552101188,6442.52,-0.0219665596691976,6618.460000000001,-0.047965840996244,6675.58,-0.0561119782850328,6928.34,-0.09054694198033,0.0168489151733495,0.0136437395846151,0.0110358543418534,27.626090254076612,6675.58,7035.589237308256,6315.570762691744,-0.0202366511491309,146.47142857142867,0.0232457433060512,-0.0627695969061431,-0.0689461552101188,-0.1186673007525106,121970.2,0.986240901466096,-0.2891888058995935,0.87116915,1
2022-03-11,6197.0,6413.0,6142.6,6408.0,146645.0,0.0169814315188066,0.0169814315188066,-0.0523233458546541,-0.0532474440044914,-0.0433250724075124,6371.76,0.0056875965196427,6582.42,-0.0264978533730755,6661.07,-0.0379923946152794,6915.546666666667,-0.0733921251826802,0.018002498265697,0.014276117635845,0.0112837059839878,33.55961705831159,6661.07,7040.129273798355,6282.0107262016445,0.1661867714459043,162.1142857142858,0.0252987337257,-0.0532474440044914,-0.0433250724075124,-0.1069736328669379,134020.4,1.0941990920785194,0.2190752502244537,0.14709575,0
2022-03-14,6369.2,6419.2,6229.2,6235.8,136955.0,-0.0268726591760299,-0.0268726591760299,-0.0562114057391935,-0.0820796655577471,-0.0621728929796064,6297.48,-0.0097943939480553,6526.66,-0.0445649076250332,6640.4,-0.0609300644539484,6899.466666666666,-0.0961910099331349,0.0188777388246112,0.0152852694937842,0.0117141854025677,30.39571180829263,6640.4,7064.583892594648,6216.216107405351,0.023084201140758,167.98571428571435,0.0269389195108429,-0.0820796655577471,-0.0621728929796064,-0.1339888342638113,141154.6,0.9702482242874124,-0.0660779433325378,0.34297156,0
2022-03-15,6092.8,6194.0,5767.4,5792.0,198374.0,-0.07116969755284,-0.07116969755284,-0.086031685918071,-0.14856084438303,-0.1362443330947268,6188.44,-0.0640613789581865,6425.6,-0.098605577689243,6594.719999999999,-0.1217216197200183,6875.9,-0.1576375456303901,0.0269386503036315,0.0213029986403767,0.0146945234577998,17.906199727756487,6594.719999999999,7161.980295213957,6027.459704786042,-0.2075411471353124,194.5714285714287,0.033593133385951,-0.14856084438303,-0.1362443330947268,-0.1962253677490979,154299.6,1.2856416996544384,0.448461173378117,0.87051636,1
2022-03-16,5928.0,6078.8,5687.0,6066.0,214232.0,0.0473066298342541,0.0473066298342541,-0.0224643052824958,-0.1092249405268876,-0.0968106965248205,6160.56,-0.0153492539639252,6351.219999999999,-0.0449079074571499,6562.210000000001,-0.0756162939009877,6856.929999999999,-0.115347538913187,0.0333312336807425,0.0244953247210063,0.0160904577068954,31.58425832492433,6562.210000000001,7173.011819526397,5951.408180473605,0.0938044189318617,209.48571428571444,0.0345344072347039,-0.1092249405268876,-0.0968106965248205,-0.1579911718164404,163299.6,1.3118954363635915,0.0799399114803351,0.82790464,1
2022-03-17,6154.8,6256.4,6125.0,6143.4,171282.0,0.0127596439169139,0.0127596439169139,-0.0250119028725599,-0.0962664391420754,-0.0849048172312092,6129.04,0.0023429444089122,6285.780000000001,-0.0226511268291287,6533.71,-0.0597378824588175,6839.546666666666,-0.1017825742836757,0.0340859026125468,0.0247944584058696,0.0162143179178197,32.78995484084152,6533.71,7167.565869056017,5899.854130943983,0.1921145491787605,213.6000000000001,0.0347690204121496,-0.0962664391420754,-0.0849048172312092,-0.1451352554825782,173497.6,0.9872297945331808,-0.20048358788603,0.796517,1
2022-03-18,6148.2,6234.8,6103.4,6212.2,123560.0,0.0111990103200183,0.0111990103200183,-0.0305555555555555,-0.0812801325090952,-0.0827993503617304,6089.88,0.0200857816574382,6230.82,-0.002988370712041,6505.67,-0.0451098810729717,6822.31,-0.0894286539309998,0.0347076031502869,0.0248638851825235,0.0162507082947957,34.37298343729836,6505.67,7144.55177672516,5866.78822327484,0.2703252693289389,217.3285714285715,0.0349841556016502,-0.0812801325090952,-0.0827993503617304,-0.1427191432987414,168880.6,0.7316411713364352,-0.2786165504839971,0.2466738,0
2022-03-21,6221.8,6249.8,6117.4,6209.0,106651.0,-0.0005151154180482,-0.0005151154180482,-0.0042977645209917,-0.0602675868749242,-0.0850010315659171,6084.52,0.0204584749495442,6191.0,0.0029074462930058,6476.83,-0.0413520194292578,6805.653333333334,-0.0876702506151748,0.0343541362473855,0.0248396364015922,0.0162483028018637,33.98791540785497,6476.83,7114.541781458087,5839.118218541913,0.290007015875084,222.257142857143,0.0357959643834986,-0.0602675868749242,-0.0850010315659171,-0.1386438044503634,162819.8,0.6550247574312216,-0.1368484946584655,0.66911674,1
2022-03-22,6184.4,6281.8,6156.8,6219.4,88715.0,0.00167498792076,0.00167498792076,0.0737914364640883,-0.0185886511393044,-0.0763084417513217,6170.0,0.0080064829821717,6179.219999999999,0.006502438819139,6451.14,-0.0359223331070168,6790.4366666666665,-0.0840942482344041,0.0320677481054872,0.0248568027770756,0.0162204497167028,34.101680310211094,6451.14,7086.7594836534845,5815.520516346516,0.3177053992524113,226.9428571428573,0.0364895097827535,-0.0185886511393044,-0.0763084417513217,-0.1280074028377544,140888.0,0.629684572142411,-0.1681747006591593,0.7219385,1
2022-03-23,6229.4,6296.2,6212.2,6263.6,86152.0,0.0071067948676721,0.0071067948676721,0.0325750082426641,0.0093789280304252,-0.0828476879374467,6209.52,0.00870920779706,6185.04,0.0127016155109749,6422.85,-0.0247942891395563,6775.316666666667,-0.0755266051525266,0.0313996489502856,0.0246347580262534,0.016235528985677,35.86024351508735,6422.85,7037.605706722023,5808.094293277978,0.3704770055335094,227.85714285714295,0.0363779843631686,0.0093789280304252,-0.0828476879374467,-0.1265130808278016,115272.0,0.7473801096536886,-0.0288902665840049,0.2776987,0
2022-03-24,6219.6,6255.4,6188.2,6212.6,86239.0,-0.0081422823935116,-0.0081422823935116,0.0112641208451347,-0.0140295191239485,-0.0759184887698943,6223.36,-0.0017289695598518,6176.2,0.0058935915287718,6397.33,-0.0288761092518283,6758.923333333334,-0.08082993494526,0.0311132325428899,0.0245069013435497,0.0162365364435541,35.57773109243698,6397.33,7001.914482277252,5792.745517722748,0.3472256521502271,226.9857142857145,0.036536347790895,-0.0140295191239485,-0.0759184887698943,-0.1366832494927877,98263.4,0.8776309388846713,0.0010098430680658,0.32315108,0
2022-03-25,6225.8,6249.2,6120.8,6122.8,88492.0,-0.0144544957022825,-0.0144544957022825,-0.0143910369917259,-0.0445068664169787,-0.0953844335441167,6205.48,-0.0133237074327851,6147.679999999999,-0.0040470551492594,6365.05,-0.0380594025184405,6740.293333333334,-0.0916122344823766,0.0306833937171176,0.0244919161864443,0.0162721412134707,36.83123096998697,6365.05,6954.976880393202,5775.123119606798,0.2946779439525336,222.60000000000016,0.0363559155941726,-0.0445068664169787,-0.0953844335441167,-0.154379471314532,91249.8,0.9697774680054092,0.0261250710235507,0.9097446,1
2022-03-28,6062.0,6200.0,6030.8,6169.8,104320.0,0.0076762265630103,0.0076762265630103,-0.0063134160090191,-0.010584046954681,-0.0917949774781404,6197.640000000001,-0.0044920324510622,6141.08,0.0046767018179212,6333.870000000001,-0.0259035944848884,6722.953333333334,-0.0822783241095431,0.0297670575167001,0.0245798684418742,0.0163252216693354,44.821185496844464,6333.870000000001,6893.618097855245,5774.121902144757,0.3534430035326081,214.3142857142859,0.0347360183011257,-0.010584046954681,-0.0917949774781404,-0.1442955812598817,90783.6,1.1491062262346945,0.1788636260904941,0.14806849,0
2022-03-29,6180.4,6198.8,6111.0,6130.6,81269.0,-0.0063535284774222,-0.0063535284774222,-0.0142779046210244,0.0584599447513813,-0.0987857583864992,6179.88,-0.007974264872457,6174.9400000000005,-0.0071806365729869,6300.27,-0.0269305918635232,6705.05,-0.0856742306172213,0.0170451819898402,0.0245434692520373,0.0163312945197731,47.54528747702811,6300.27,6820.855068026894,5779.684931973105,0.337039121537737,187.0000000000001,0.0305027240400613,0.0584599447513813,-0.0987857583864992,-0.149095047745947,89294.4,0.9101242631116846,-0.2209643404907975,0.87520015,1
2022-03-30,6173.2,6293.8,6157.0,6293.2,101520.0,0.0265226894594328,0.0265226894594328,0.0047257168401557,0.0374546653478404,-0.0758612587741197,6185.800000000001,0.0173623460182996,6197.66,0.0154154955257306,6274.4400000000005,0.0029899082627293,6689.7266666666665,-0.0592739713331585,0.0119226595605716,0.0255100808961113,0.0167521342730729,49.75480950584685,6274.4400000000005,6736.558063747829,5812.321936252172,0.5202978432046712,186.27142857142863,0.0295988413798113,0.0374546653478404,-0.0758612587741197,-0.1274713695477359,92368.0,1.0990819331370172,0.2491848060145935,0.20919284,0
2022-03-31,6279.4,6287.8,6219.8,6237.0,74938.0,-0.0089302739464819,-0.0089302739464819,0.0039275021730031,0.0152358628772342,-0.0824972785312895,6190.68,0.0074822152009148,6207.02,0.0048300150474784,6246.4,-0.0015048668032786,6673.74,-0.0654415664979456,0.0120729524258121,0.0255329062821553,0.0167751276981873,44.4473308221847,6246.4,6637.3902354413285,5855.409764558671,0.4879792394439347,172.20000000000007,0.0276094276094276,0.0152358628772342,-0.0824972785312895,-0.1332925710791807,90107.8,0.831648314574321,-0.2618400315208825,0.64597064,1
2022-04-01,6212.0,6295.2,6201.2,6289.4,87089.0,0.0084014750681415,0.0084014750681415,0.0272097733063303,0.0124271594604166,-0.0698630542163329,6224.0,0.010507712082262,6214.74,0.0120133746544506,6222.780000000001,0.0107058260134536,6657.710000000001,-0.0553208235264078,0.0118557122658342,0.0256790739192238,0.0167829869671158,51.887323943661954,6222.780000000001,6530.984386047456,5914.575613952546,0.6080776312990908,165.3428571428572,0.0262891304644095,0.0124271594604166,-0.0698630542163329,-0.1326401147396293,89827.2,0.9695170282497952,0.1621473751634685,0.17405139,0
2022-04-06,6269.0,6269.6,6172.4,6258.8,84052.0,-0.0048653289661969,-0.0048653289661969,0.0144251029206781,0.0080206152359478,-0.0527303547644992,6241.8,0.0027235733282064,6219.72,0.0062832410462208,6205.36,0.008611909703869,6640.7,-0.0575089975454394,0.0120084861507407,0.0252693574362622,0.0167669490040268,73.18235995232425,6205.36,6456.107013625383,5954.612986374616,0.6065615881667887,140.2428571428572,0.0224073076536807,0.0080206152359478,-0.0527303547644992,-0.140203862955738,85773.6,0.9799285561058414,-0.0348723719413474,0.34698433,0
2022-04-07,6228.4,6258.8,6099.2,6105.8,105910.0,-0.0244455806224835,-0.0244455806224835,-0.0040452810491632,-0.0182654275332024,-0.0365145490121819,6236.84,-0.0210106400035915,6208.36,-0.0165196605866927,6193.79,-0.0142061645616011,6621.066666666667,-0.0778223045632123,0.0144125828560163,0.0241978299782724,0.017001752144723,52.2465567848273,6193.79,6440.240557868365,5947.339442131635,0.3214854923416376,123.65714285714292,0.0202524063770747,-0.0182654275332024,-0.0365145490121819,-0.1617287679507949,90701.8,1.167672526895828,0.260053300337886,0.86745226,1
2022-04-08,6112.2,6122.4,5989.2,6119.6,114807.0,0.0022601460906024,0.0022601460906024,-0.0275853301976736,-0.0229899738169742,-0.0138266670963997,6202.12,-0.013305127924,6193.960000000001,-0.0120052438181713,6189.5,-0.0112933193311252,6603.996666666668,-0.07334901743843,0.0141610089549175,0.0237794690505307,0.0168756348878325,48.55266358550236,6189.5,6438.077510944398,5940.922489055602,0.359399992110238,119.57142857142864,0.0195390921908995,-0.0229899738169742,-0.0138266670963997,-0.1433690752820627,93359.2,1.2297341879536243,0.0840052875082617,0.14587463,0
2022-04-11,6060.8,6060.8,5885.0,5909.0,132129.0,-0.0344140139878423,-0.0344140139878423,-0.0525893859227192,-0.0488684286772044,-0.0622123472464688,6136.52,-0.0370763885720244,6163.6,-0.0413070283600494,6169.9,-0.0422859365629912,6583.496666666668,-0.102452648010252,0.0174371258442209,0.0246283556927909,0.0173708758777486,34.27385892116182,6169.9,6442.150271857095,5897.649728142905,0.0208452902171078,126.9428571428572,0.0214829678698353,-0.0488684286772044,-0.0622123472464688,-0.1722930382406499,104797.4,1.2608041802563803,0.1508793017847343,0.70089763,1
2022-04-12,5916.8,6058.4,5852.4,6046.2,157643.0,0.0232188187510575,0.0232188187510575,-0.0386682354437625,-0.0125106160580127,-0.0564606741573033,6087.88,-0.0068463898762788,6155.9400000000005,-0.0178266844706089,6151.81,-0.0171673052321187,6565.7,-0.0791233227226343,0.0191222334202684,0.0249311780810098,0.0176971513177379,42.58652094717667,6151.81,6404.848843699936,5898.771156300065,0.2913166246419512,132.20000000000002,0.0218649730409182,-0.0125106160580127,-0.0564606741573033,-0.150098397526005,118908.2,1.3257538168099423,0.1930991682371017,0.16631344,0
2022-04-13,5996.6,6031.8,5941.4,5948.0,138377.0,-0.0162416062981707,-0.0162416062981707,-0.0496580814213587,-0.0359493014360271,-0.0461528592963212,6025.719999999999,-0.0128980437192566,6133.76,-0.0302848497495826,6137.42,-0.0308631314135255,6546.38,-0.0914062428395541,0.0193973537070277,0.0244960023639248,0.0177836151037133,38.55624894585935,6137.42,6402.781271913458,5872.058728086542,0.1430903450338914,130.7571428571429,0.0219833797675088,-0.0359493014360271,-0.0461528592963212,-0.1631022062134173,129773.2,1.0662987427296238,-0.1222128480173556,0.8642057,1
2022-04-14,5986.2,6074.6,5972.8,6024.4,148044.0,0.0128446536650974,0.0128446536650974,-0.0133315863605097,-0.0173229373960135,0.0401243093922651,6009.44,0.0024894166511355,6123.14,-0.0161257132778281,6149.04,-0.0202698307378063,6528.843333333333,-0.0772638134473028,0.0200218695742211,0.0184901579064344,0.0178965663605025,40.18062397372737,6149.04,6366.797435307103,5931.282564692897,0.2138100018853073,133.80000000000004,0.0222096806320961,-0.0173229373960135,0.0401243093922651,-0.148687222677557,138200.0,1.07123010130246,0.0698598755573542,0.30430558,0
2022-04-15,6001.6,6020.4,5942.6,5956.0,131982.0,-0.0113538277670804,-0.0113538277670804,-0.0267337734492451,-0.0535816436788915,-0.0181338608638311,5976.719999999999,-0.0034667844570265,6089.42,-0.0219101326563121,6143.54,-0.0305263740449317,6509.356666666668,-0.0850094248945237,0.0175477905010665,0.0153292256658039,0.0178891701433684,39.614699692407285,6143.54,6375.238864454322,5911.841135545678,0.0952936574771764,134.2571428571428,0.0225414947711791,-0.0535816436788915,-0.0181338608638311,-0.1640936394767865,141635.0,0.9318459420341018,-0.1084947718245926,0.67783916,1
2022-04-18,5869.2,6009.6,5859.8,5986.2,108717.0,0.0050705171255875,0.0050705171255875,0.0130648163817903,-0.0402116402116402,-0.0255884363707392,5992.16,-0.0009946329871031,6064.34,-0.0128851614520294,6135.68,-0.0243624178575154,6491.493333333334,-0.0778393055937822,0.0177875195768462,0.0150653335843269,0.0178963431690803,44.19118897771727,6135.68,6377.828711158533,5893.531288841467,0.1913466950023594,135.78571428571428,0.0226831235651522,-0.0402116402116402,-0.0255884363707392,-0.1518560498724851,136952.6,0.7938293979084734,-0.1762740373687321,0.7020208,1
2022-04-19,5992.2,6021.0,5959.6,6003.6,86104.0,0.0029066853763657,0.0029066853763657,-0.0070457477423835,-0.0454415365535662,-0.0335790863140271,5983.64,0.0033357621782059,6035.76,-0.0053282436677402,6125.25,-0.0198604138606587,6474.293333333333,-0.0727018856111966,0.0174450610808729,0.0148186005294033,0.0179101442461016,42.74995637759552,6125.25,6371.457063047929,5879.042936952071,0.2529518477373698,128.08571428571426,0.021334818156725,-0.0454415365535662,-0.0335790863140271,-0.1466825857069759,122644.8,0.7020599324227362,-0.2079987490456873,0.24164315,0
2022-04-20,6015.6,6016.0,5842.6,5844.8,106441.0,-0.0264507961889532,-0.0264507961889532,-0.0173503698722259,-0.066146865213779,-0.058656788532775,5963.0,-0.0198222371289619,5994.36,-0.024950119779259,6107.039999999999,-0.042940606251146,6453.36,-0.0943012632179205,0.018779414888888,0.0158195313843681,0.0181055925423971,38.71069679254224,6107.039999999999,6379.626506983425,5834.453493016573,0.0189783916634884,134.19999999999996,0.0229605803449219,-0.066146865213779,-0.058656788532775,-0.1768814781433078,116257.6,0.9155616493029272,0.2361911177181084,0.3116696,0
2022-04-21,5845.0,5874.8,5635.8,5658.2,145088.0,-0.0319258143991241,-0.0319258143991241,-0.0607861363787265,-0.0733073471125815,-0.0902337846094478,5889.76,-0.03931569367852,5949.6,-0.0489780825601722,6078.9800000000005,-0.0692188492148354,6429.12,-0.1199106565128664,0.0196932854760066,0.0170450110316971,0.0184721601173122,25.38378043107457,6078.9800000000005,6411.759829854289,5746.200170145712,-0.1322198075890659,139.61428571428567,0.0246746820038679,-0.0733073471125815,-0.0902337846094478,-0.2044821865421927,115666.4,1.2543660043020273,0.3630837741096007,0.1673821,0
2022-04-22,5618.2,5688.0,5550.2,5617.4,153711.0,-0.0072107737443003,-0.0072107737443003,-0.0568502350570853,-0.082064187201778,-0.1031675075036721,5822.04,-0.0351491916922591,5899.379999999999,-0.047798243205218,6046.67,-0.0709927943810395,6404.7,-0.122925351694849,0.0194022207538519,0.0168276861260361,0.0184777995930967,25.69052102950407,6046.67,6426.176411290354,5667.163588709646,-0.0655635678728671,144.21428571428572,0.0256727820191344,-0.082064187201778,-0.1031675075036721,-0.2068731821647418,120012.2,1.2807947858634372,0.0594328958976622,0.16468172,0
2022-04-25,5489.6,5539.2,5205.0,5230.4,174809.0,-0.068893082208851,-0.068893082208851,-0.1262570578998363,-0.1148417667964123,-0.1580980587837621,5670.88,-0.0776740117935841,5831.52,-0.1030811863802233,5997.56,-0.1279120175538052,6374.56,-0.1794884666549534,0.0263625990201006,0.0220435021477992,0.0203047041457036,17.091361093847112,5997.56,6515.582029200306,5479.537970799693,-0.2404704402091723,166.95714285714283,0.0319205305248437,-0.1148417667964123,-0.1580980587837621,-0.2569187929760755,133230.6,1.312078456450695,0.1372575807847194,0.33210078,0
2022-04-26,5246.2,5330.4,5071.8,5086.2,193681.0,-0.0275695931477515,-0.0275695931477515,-0.1528083150109934,-0.1587774139128709,-0.1693016267067355,5487.4,-0.0731129496665087,5735.52,-0.113210310486233,5945.7300000000005,-0.1445625684314626,6343.179999999999,-0.1981624358760116,0.0236148210417462,0.022426964785234,0.0205080041105912,15.964240102171132,5945.7300000000005,6600.39945006016,5291.060549939841,-0.1564610582646063,177.0714285714285,0.0348140907890819,-0.1587774139128709,-0.1693016267067355,-0.2701678863538528,154746.0,1.251605857340416,0.1079578282582705,0.76189107,1
2022-04-27,5075.6,5339.4,5038.0,5338.8,209142.0,0.0496637961542998,0.0496637961542998,-0.08657267998905,-0.1024209818426361,-0.1346883205290284,5386.2,-0.0088002673498941,5674.6,-0.0591759771613858,5904.179999999999,-0.0957592756318403,6316.263333333333,-0.1547534169727987,0.0316448461264614,0.0257830685223153,0.0216881069014188,28.95401163428824,5904.179999999999,6602.967074263586,5205.3929257364125,0.0954561691085786,187.19999999999987,0.0350640593391773,-0.1024209818426361,-0.1346883205290284,-0.2322471166844028,175286.2,1.1931458380636923,0.0798271384389794,0.294773,0
2022-04-28,5313.0,5341.0,5198.8,5314.6,174857.0,-0.0045328538248294,-0.0045328538248294,-0.0607260259446466,-0.1178208618285637,-0.1331027958111766,5317.48,-0.0005416099355332,5603.62,-0.0515773731980397,5863.38,-0.0935944796346134,6292.84,-0.155452863889754,0.0306960691589345,0.0257882695967359,0.0213407123587824,28.036669213139803,5863.38,6600.727563835882,5126.032436164118,0.1278688457685429,187.842857142857,0.0353446839165425,-0.1178208618285637,-0.1331027958111766,-0.2091369047619047,181240.0,0.9647815051864932,-0.1639316827801207,0.82532966,1
2022-04-29,5336.8,5552.0,5313.0,5548.0,185585.0,0.043916757611109,0.043916757611109,-0.0123544700395199,-0.0685023505708529,-0.1184135257102904,5303.6,0.0460819066294591,5562.82,-0.0026641164013935,5826.12,-0.0477367441796598,6273.056666666667,-0.1155826744750168,0.0354405442839255,0.0272244339147731,0.0221976191516918,40.27163953864395,5826.12,6547.14849815931,5105.0915018406895,0.307136610612477,188.1571428571427,0.0339144093109485,-0.0685023505708529,-0.1184135257102904,-0.1762435040831477,187614.8,0.989181024098312,0.0613529913014634,0.71326023,1
2022-05-05,5537.8,5622.8,5516.2,5575.2,119407.0,0.0049026676279739,0.0049026676279739,0.0659223003976752,-0.0686579132003608,-0.1061087061087061,5372.56,0.0377175871465373,5521.719999999999,0.0096853878863834,5793.03,-0.0376020838835635,6256.516666666666,-0.1088971232661412,0.0354344934160626,0.0273196820945634,0.022032425715732,36.507390855964246,5793.03,6495.159012286713,5090.900987713287,0.3448789352183545,181.05714285714276,0.0324754525141955,-0.0686579132003608,-0.1061087061087061,-0.1511054266398684,176534.4,0.6763950822049414,-0.3565913193415416,0.3285442,0
2022-05-06,5472.4,5517.4,5416.8,5423.4,141744.0,-0.0272277227722772,-0.0272277227722772,0.0662970390468324,-0.0966420147911254,-0.1376919896969504,5440.0,-0.0030514705882354,5463.7,-0.00737595402383,5749.7300000000005,-0.0567557085289224,6238.636666666667,-0.130675452061909,0.0358230391262758,0.0275443438897048,0.0222381733661582,35.41967759866591,5749.7300000000005,6429.4241761208605,5070.0358238791405,0.2599435073414735,184.88571428571413,0.0340903703001279,-0.0966420147911254,-0.1376919896969504,-0.1651426988085342,166147.0,0.8531240407590869,0.1870660849028951,0.76972985,1
2022-05-09,5408.4,5502.8,5404.8,5456.6,115580.0,0.0061216211232806,0.0061216211232806,0.0220648834944181,-0.0664180125923897,-0.1281715344794528,5463.56,-0.0012738946767307,5424.88,0.0058471339458201,5709.62,-0.0443146829386192,6219.710000000001,-0.1226922155534583,0.0355939343259677,0.0276986531942664,0.0221503881331157,33.83073242966172,5709.62,6356.722287855138,5062.517712144861,0.3044976777638583,182.84285714285696,0.0335085689152323,-0.0664180125923897,-0.1281715344794528,-0.1722641910136221,147434.6,0.7839408117226214,-0.1845862964217179,0.8395817,1
2022-05-10,5375.4,5599.4,5350.4,5584.6,158876.0,0.0234578308837005,0.0234578308837005,0.0508034471079668,-0.0130076702838357,-0.0853614595957941,5517.56,0.0121502983202719,5417.52,0.0308406798682792,5683.56,-0.0174116222930696,6201.473333333333,-0.0994720609403571,0.0354679055870634,0.0281300714734946,0.0223165082237684,39.77084939958137,5683.56,6304.952400475262,5062.167599524737,0.4203723766783186,194.78571428571416,0.0348790807373337,-0.0130076702838357,-0.0853614595957941,-0.1638318260765406,144238.4,1.1014819909261335,0.3745976812597336,0.83303803,1
2022-05-11,5589.6,5755.8,5575.0,5613.6,169920.0,0.0051928517709414,0.0051928517709414,0.0118240807498197,-0.0006764695410687,-0.0826851428197921,5530.68,0.01499273145436,5417.14,0.0362663693388023,5658.26,-0.0078928857988144,6182.223333333332,-0.0919771581637025,0.0354332278114061,0.0281724330847756,0.0222404255179441,39.73101091390146,5658.26,6245.146910652067,5071.373089347933,0.461951783904688,196.99999999999983,0.0350933447342168,-0.0006764695410687,-0.0826851428197921,-0.1706409006293768,141105.4,1.204206217479983,0.069513331151338,0.9026454,1
2022-05-12,5612.2,5674.4,5563.2,5624.4,141996.0,0.0019238991021803,0.0019238991021803,0.0088247955230305,0.0753288467421229,-0.0481638179048908,5540.52,0.0151393731996274,5456.54,0.0307630842988413,5644.030000000001,-0.0034780112791747,6163.17,-0.0874176762932062,0.0257860615791075,0.0272596945315896,0.0222463266966981,39.51095375082981,5644.030000000001,6218.998788535052,5069.061211464949,0.4829295081825086,200.55714285714276,0.0356584067379885,0.0753288467421229,-0.0481638179048908,-0.1689225131508955,145623.2,0.975091880964022,-0.1643361581920903,0.8868531,1
2022-05-13,5680.0,5694.8,5610.6,5691.8,130558.0,0.0119835004622717,0.0119835004622717,0.0494892502857986,0.1190672800912273,-0.0586153286361681,5594.2,0.0174466411640628,5517.1,0.031665186420402,5626.31,0.0116399558502822,6146.3966666666665,-0.073961491800887,0.0226356437419537,0.0268225256985206,0.0223057518553724,45.54247756671717,5626.31,6170.090055769448,5082.529944230551,0.560217361141843,194.18571428571417,0.0341167494089241,0.1190672800912273,-0.0586153286361681,-0.1502493207130273,143386.0,0.9105351986944332,-0.0805515648328122,0.2709448,0
2022-05-16,5731.8,5753.6,5623.0,5651.8,124696.0,-0.0070276538177729,-0.0070276538177729,0.0357731920976431,0.0586274069079193,-0.0497982515131135,5633.24,0.0032947291434415,5548.4,0.0186360031720858,5611.5,0.0071816804775906,6129.773333333333,-0.0779756945879455,0.0188010632603563,0.0266557836435392,0.0223047216724729,49.796126401631,5611.5,6134.112490031415,5088.887509968585,0.5385562924429702,186.44285714285704,0.0329882262540884,0.0586274069079193,-0.0497982515131135,-0.1500030078806472,145209.2,0.858733468678293,-0.0448995848588367,0.8135454,1
2022-05-17,5659.6,5694.0,5605.4,5693.6,119780.0,0.0073958738808874,0.0073958738808874,0.0195179601045731,0.0713129868663682,-0.0549100325343601,5655.039999999999,0.0068186962426439,5586.3,0.0192077045629486,5594.96,0.0176301528518525,6112.906666666667,-0.0685936641161433,0.0184426235966784,0.0265213191201686,0.0222961300793093,52.425824525659,5594.96,6082.298785867206,5107.621214132794,0.6012026980619583,182.92857142857136,0.0321288062787289,0.0713129868663682,-0.0549100325343601,-0.1509186351706036,137390.0,0.8718247325132834,-0.0394238788734201,0.274382,0
2022-05-18,5672.8,5726.8,5646.2,5663.0,136991.0,-0.005374455529015,-0.005374455529015,0.0088000570044177,0.0207281903388607,-0.0491940899932841,5664.92,-0.0003389279989832,5597.8,0.0116474329200757,5580.31,0.0148181731839271,6095.3533333333335,-0.0709316276989138,0.0133948442031451,0.0264496601837183,0.022292763051139,67.81419864931642,5580.31,6038.707161284492,5121.912838715507,0.5901947121228801,159.22857142857143,0.0281173532453772,0.0207281903388607,-0.0491940899932841,-0.1568148655489711,130804.2,1.0472981754408497,0.1436884287861077,0.9080066,1
2022-05-19,5611.0,5717.2,5583.0,5715.8,164755.0,0.0093236800282536,0.0093236800282536,0.0162506222885998,0.0252188262304491,-0.0451705589522567,5683.2,0.0057362049549549,5611.860000000001,0.0185214884191693,5566.79,0.0267676704168831,6078.7266666666665,-0.0597043898448029,0.0135681844601023,0.0265280375803369,0.022344275646313,78.03705023156394,5566.79,5989.32940034286,5144.25059965714,0.6763267518710556,150.34285714285716,0.0263030296971302,0.0252188262304491,-0.0451705589522567,-0.1485983257365865,135356.0,1.2171976122225834,0.2026702484104794,0.7098991,1
2022-05-20,5754.0,5816.2,5708.6,5812.4,151822.0,0.0169005213618389,0.0169005213618389,0.0211883762605853,0.0717262234022937,-0.0318475581317877,5707.32,0.0184114435496871,5650.76,0.0286050018050667,5557.23,0.0459167606883286,6062.716666666666,-0.0412878714987505,0.0093033883379725,0.0268461061795406,0.0224368987159979,74.49317335539922,5557.23,5945.412339683433,5169.047660316566,0.828672860553231,136.5,0.0234842749982795,0.0717262234022937,-0.0318475581317877,-0.1418278458585561,139608.8,1.087481591418306,-0.0784983763770447,0.2370426,0
2022-05-23,5802.0,5835.2,5764.0,5808.8,93232.0,-0.00061936549446,-0.00061936549446,0.027778760748788,0.064545687790932,-0.0061593211059403,5738.719999999999,0.0122117824183791,5685.98,0.0216004980671757,5555.429999999999,0.0456076307324546,6046.433333333333,-0.039301406338723,0.0096123672660231,0.0261841851106151,0.0224313031087381,76.11498626083281,5555.429999999999,5938.295215255486,5172.5647847445125,0.8308866800956655,131.42857142857142,0.0226257697680366,0.064545687790932,-0.0061593211059403,-0.1439771287099531,133316.0,0.6993309130186924,-0.3859124501060452,0.12111017,0
2022-05-24,5791.8,5809.4,5586.8,5600.0,134582.0,-0.0359454620575678,-0.0359454620575678,-0.0164395110299283,0.0027575833542241,-0.0102859566646635,5720.0,-0.0209790209790209,5687.52,-0.0153880777562099,5552.52,0.0085510723059081,6027.546666666666,-0.0709321205310727,0.0147980956573876,0.0264563112066473,0.0228382606155973,52.82118055555556,5552.52,5932.973433626106,5172.066566373893,0.5623992265590403,130.2571428571428,0.0232602040816326,0.0027575833542241,-0.0102859566646635,-0.1683003623834135,136276.4,0.9875664458409528,0.4435172472970654,0.9321469,1
2022-05-25,5616.0,5692.4,5590.0,5688.4,112535.0,0.0157857142857142,0.0157857142857142,0.0044852551651066,0.0133247826706568,0.0126392993199699,5725.08,-0.0064068973708665,5695.0,-0.0011589113257244,5556.07,0.0238171945277867,6008.53,-0.0532792546596255,0.0155417111881721,0.0266338361056689,0.0228580795161098,55.75905575905574,5556.07,5940.37793081097,5171.76206918903,0.672166626539239,129.95714285714277,0.0228459923453243,0.0133247826706568,0.0126392993199699,-0.1670717779014262,131385.2,0.8565272191997272,-0.1638183412343403,0.9195963,1
2022-05-26,5675.0,5787.4,5595.6,5770.8,135245.0,0.0144856198579566,0.0144856198579566,0.0096224500507364,0.0260294431406018,0.1033190578158458,5736.08,0.0060529141852974,5709.64,0.0107117086191073,5583.09,0.0336211667732384,5992.660000000001,-0.0370219568605595,0.0160838513530617,0.0210666407121113,0.0229022819245522,69.01686008320563,5583.09,5946.4040436534015,5219.775956346599,0.7583302287360434,132.342857142857,0.0229331907435463,0.0260294431406018,0.1033190578158458,-0.1416331994645246,125483.2,1.0777936807477018,0.2018038832363264,0.22210939,0
2022-05-27,5811.4,5829.4,5719.4,5764.0,117975.0,-0.0011783461565121,-0.0011783461565121,-0.0083270249810748,0.0126849151410801,0.1332625535763438,5726.4,0.0065660799105895,5716.860000000001,0.008245785273734,5616.98,0.0261742074922823,5975.92,-0.0354623221194393,0.0157744694837793,0.0196917771608359,0.0228721239021424,67.32807215332579,5616.98,5903.462960639607,5330.497039360392,0.7565946673962048,133.19999999999987,0.0231089521165856,0.0126849151410801,0.1332625535763438,-0.1483954849004195,118713.8,0.993776629170324,-0.1276941846278975,0.8750181,1
2022-05-30,5773.2,5791.4,5721.2,5787.4,101229.0,0.0040596807772379,0.0040596807772379,-0.0036840655557086,0.0239923564174244,0.0840263729677079,5722.12,0.0114083591396194,5730.42,0.0099434247402458,5639.410000000001,0.0262421068870677,5959.153333333334,-0.0288217677455299,0.0155056391103165,0.0168624894413874,0.0228738292083031,62.96012269938646,5639.410000000001,5903.56349524968,5375.256504750321,0.7801212224356862,120.4285714285713,0.0208087520179305,0.0239923564174244,0.0840263729677079,-0.1480849059381164,120313.2,0.8413790008078914,-0.1419453273998728,0.7648735,1
2022-05-31,5778.8,5913.6,5732.6,5891.2,127724.0,0.0179355150844939,0.0179355150844939,0.052,0.0347056343965153,0.1084935837127911,5780.359999999999,0.0191752762803703,5750.18,0.0245244496694014,5668.24,0.0393349611166782,5943.963333333333,-0.0088767932058799,0.0162184798285027,0.0169995533415494,0.0230197443436368,66.19225384974332,5668.24,5907.851250065357,5428.628749934643,0.9652536137998212,120.442857142857,0.0204445371304415,0.0347056343965153,0.1084935837127911,-0.1339781848116897,118941.6,1.0738379170954484,0.2617332977704016,0.2563484,0
2022-06-01,5879.2,5915.6,5829.6,5883.8,105049.0,-0.0012561108093427,-0.0012561108093427,0.034350608255397,0.0389899346636057,0.0605263157894737,5819.4400000000005,0.0110594833867174,5772.26,0.019323453898473,5685.030000000001,0.0349637556881845,5928.53,-0.0075448720003102,0.0160180905771457,0.0144011479386699,0.0230162482417162,65.19091122042636,5685.030000000001,5935.95869274376,5434.101307256242,0.896068695505814,118.642857142857,0.0201643252902642,0.0389899346636057,0.0605263157894737,-0.1359804986930599,117444.4,0.8944572921314257,-0.1775312392345995,0.67694145,1
2022-06-02,5851.6,5974.0,5844.2,5966.2,116575.0,0.0140045548794995,0.0140045548794995,0.0338601233797739,0.0438083907764441,0.0701320132013201,5858.52,0.0183800686862893,5797.3,0.0291342521518638,5704.58,0.0458613955803932,5914.67,0.0087122358474776,0.016259177294683,0.014605409258841,0.0231107884144581,65.79189686924492,5704.58,5979.279695169654,5429.880304830346,0.9761927381070156,121.89999999999988,0.0204317656129529,0.0438083907764441,0.0701320132013201,-0.1223336961958281,113710.4,1.0251920668645964,0.1097202257993887,0.48635617,0
2022-06-06,5970.0,6099.0,5944.4,6070.2,141639.0,0.0174315309577286,0.0174315309577286,0.0531228313671061,0.0443534512421719,0.1192609801969244,5919.76,0.02541319242672,5823.08,0.0424380224898164,5736.92,0.0580938901013086,5903.143333333334,0.0282996121275498,0.0163052782301603,0.0129847560984468,0.0232401889184133,72.42710120068611,5736.92,6024.242636182984,5449.597363817016,1.079975188219677,123.6142857142856,0.0203641207397261,0.0443534512421719,0.1192609801969244,-0.1022804578662487,118443.2,1.1958390181960636,0.2150032168132103,0.20443167,0
2022-06-07,6058.0,6080.0,6029.6,6052.8,117002.0,-0.0028664623900365,-0.0028664623900365,0.0458582437709507,0.0420052334389202,0.109262177912986,5972.839999999999,0.0133872663590521,5847.4800000000005,0.035112561308461,5766.7300000000005,0.0496069696344374,5893.903333333334,0.026959496564529,0.0163984331075555,0.0131252696080253,0.0230718062513543,69.77102597974462,5766.7300000000005,6055.305835877869,5478.154164122132,0.9956582714726516,120.88571428571412,0.0199718666213511,0.0420052334389202,0.109262177912986,-0.0839084634943697,121597.8,0.9622049083124858,-0.1739422051836006,0.71462464,1
2022-06-08,6059.6,6114.0,5993.4,6093.2,143642.0,0.0066745968807824,0.0066745968807824,0.0342884302009778,0.0880714285714285,0.0910718762310638,6013.24,0.0132973239052491,5896.8,0.0333061999728665,5792.16,0.0519737023839119,5889.836666666667,0.03452783919871,0.0083606691073972,0.0124194892260036,0.0224954781850888,73.42626878675674,5792.16,6102.011811100213,5482.308188899787,0.9857806041718388,123.742857142857,0.0203083531055696,0.0880714285714285,0.0910718762310638,-0.0385028088114625,124781.4,1.1511491295978409,0.2276884155826395,0.19096275,0
2022-06-09,6084.0,6093.8,5952.0,6020.4,135714.0,-0.0119477450272434,-0.0119477450272434,0.0232162887929567,0.058364390689825,0.072466866182129,6040.56,-0.0033374389129484,5930.0,0.0152445193929173,5812.5,0.0357677419354838,5886.753333333332,0.0227029500131936,0.0100975488478422,0.0129451938185218,0.0223882385721222,66.23321253464081,5812.5,6126.380366079979,5498.619633920021,0.8311771338176429,124.28571428571416,0.0206440957886044,0.058364390689825,0.072466866182129,-0.0298127437393238,130914.4,1.036662124258294,-0.0551927709165842,0.704373,1
2022-06-10,5977.8,6160.2,5977.4,6153.4,152744.0,0.0220915553783802,0.0220915553783802,0.0313767557239113,0.0662992999237539,0.0940544769219828,6077.999999999999,0.0124053965120105,5968.26,0.0310207665215656,5838.95,0.0538538607112579,5884.293333333333,0.0457330475253896,0.0110696475191714,0.0135790113685577,0.0224839364486436,67.49435665914223,5838.95,6174.497737603011,5503.402262396989,0.9685622413166554,129.6571428571428,0.0210708133482534,0.0662992999237539,0.0940544769219828,-0.0234248531979051,138148.2,1.10565320431247,0.1254844747041572,0.116129965,0
2022-06-13,6120.0,6152.8,6057.6,6116.8,168677.0,-0.0059479312250136,-0.0059479312250136,0.0076768475503279,0.0612074947952809,0.0746688218138373,6087.32,0.0048428536695952,6003.539999999999,0.0188655360004266,5860.2,0.0437869014709395,5879.44,0.0403711918141864,0.0115301734309262,0.0136570986477674,0.0223825701194187,65.28384279475983,5860.2,6210.035931469795,5510.364068530204,0.8667433458334668,131.4142857142856,0.0214841560479802,0.0612074947952809,0.0746688218138373,-0.0454431960049936,143555.8,1.1749925812819824,0.1043117896611323,0.5963502,1
2022-06-14,6057.6,6192.2,5941.8,6186.4,216176.0,0.0113784985613392,0.0113784985613392,0.022072429288924,0.0689428759028234,0.0945893343713506,6114.039999999999,0.0118350550536143,6043.4400000000005,0.0236554015593766,5886.93,0.0508703178057152,5878.616666666667,0.0523564217205294,0.0116239633185884,0.0135158492955746,0.0221630846787985,83.76324274527873,5886.93,6251.120702502745,5522.739297497255,0.9111444882338016,133.3999999999999,0.0215634294581662,0.0689428759028234,0.0945893343713506,-0.007921998781231,163390.6,1.3230626486468622,0.2815973724929896,0.17821127,0
2022-06-15,6208.6,6310.0,6136.0,6145.4,208937.0,-0.0066274408379671,-0.0066274408379671,0.0085669270662378,0.0431491037479629,0.0793522551636924,6124.4800000000005,0.0034158001985473,6068.86,0.0126119238209483,5909.52,0.0399152553845321,5884.506666666666,0.0443356339132365,0.0115928387399787,0.0137261872883074,0.0201165465488479,77.8319123020707,5909.52,6279.225348394563,5539.814651605436,0.8190108028248754,138.51428571428565,0.0225395069017941,0.0431491037479629,0.0793522551636924,0.0610151933701657,176449.6,1.1841171643347448,-0.0334866035082525,0.26822,0
2022-06-16,6189.6,6228.0,6134.0,6142.2,179358.0,-0.0005207146808995,-0.0005207146808995,0.0202312138728324,0.0439171963696929,0.084619459650362,6148.839999999999,-0.0010798784811443,6094.7,0.0077936567837628,5933.4800000000005,0.0351766585545074,5885.776666666667,0.0435666094477478,0.0115559969316205,0.0135955794239981,0.0191840718800231,75.03370180641689,5933.4800000000005,6297.991483322062,5568.968516677939,0.7863009940013143,131.5285714285714,0.0214139186982793,0.0439171963696929,0.084619459650362,0.0125618199802175,185178.4,0.9685686883567414,-0.1415689896954584,0.71806353,1
2022-06-17,6123.8,6225.8,6046.0,6209.6,187028.0,0.0109732669076227,0.0109732669076227,0.0091331621542563,0.0407964868760686,0.0863921060918857,6160.08,0.0080388566382254,6119.039999999999,0.0147997071436043,5958.17,0.0421991987472663,5886.880000000001,0.0548202103661021,0.0113122906696018,0.0136335172547313,0.0191659277829586,77.7666999002992,5958.17,6327.462838301823,5588.877161698178,0.840420898975716,136.5142857142857,0.0219843928295358,0.0407964868760686,0.0863921060918857,0.0107757919067619,192035.2,0.9739256136374996,0.0427636347416897,0.2731717,0
2022-06-20,6226.0,6248.0,6139.4,6186.6,117591.0,-0.0037039422829168,-0.0037039422829168,0.0114111953962856,0.0191756449540378,0.0643796022297158,6174.039999999999,0.0020343243645977,6130.68,0.0091213372741685,5976.88,0.0350885411786752,5886.453333333334,0.0509893903289813,0.0104811308143741,0.0134030572512144,0.0191196002705756,74.88778054862853,5976.88,6352.932009840693,5600.827990159307,0.7788444078371551,139.2571428571429,0.022509479012243,0.0191756449540378,0.0643796022297158,-0.0041209233443867,181818.0,0.6467511467511468,-0.3712652650939966,0.21997239,0
2022-06-21,6187.6,6207.4,6092.8,6146.4,131103.0,-0.0064979148482204,-0.0064979148482204,-0.0064657959394801,0.0154639175257731,0.0581187164302436,6166.04,-0.0031851885488903,6140.039999999999,0.0010358238708543,5993.76,0.0254664851445503,5885.410000000001,0.0443452537716146,0.0107266014740423,0.0135550587872474,0.0191385199113377,67.28060671722645,5993.76,6368.350091194379,5619.169908805621,0.7037427091481616,134.5142857142857,0.0218850523419051,0.0154639175257731,0.0581187164302436,-0.0100821388307296,164803.4,0.7955115003695312,0.1149067530678369,0.21901007,0
2022-06-22,6145.2,6155.2,6021.6,6031.2,135193.0,-0.0187426786411557,-0.0187426786411557,-0.018583005174602,-0.0101752773583666,0.0769999999999999,6143.2,-0.0182315405651777,6133.84,-0.0167334002843243,6015.32,0.0026399260554716,5882.273333333333,0.0253178759685881,0.0122853098586982,0.0113209785145242,0.0192893868796862,58.709524935003536,6015.32,6340.918199917371,5689.721800082629,0.5243858842033372,137.91428571428565,0.0228668068898868,-0.0101752773583666,0.0769999999999999,-0.0302601537125767,150054.6,0.9009587176934262,0.0311968452285607,0.83810365,1
2022-06-23,6053.8,6198.8,6020.0,6195.8,140723.0,0.0272914179599417,0.0272914179599417,0.0087265149295041,0.0291342767922397,0.0891990717952324,6153.92,0.0068054183349799,6151.379999999999,0.0072211438734073,6040.6900000000005,0.0256775302159188,5881.143333333334,0.0535026352585634,0.014458250875301,0.0122199926343062,0.0195948350631821,62.36535975872471,6040.6900000000005,6336.766447453692,5744.613552546309,0.7619424836625343,141.41428571428565,0.0228242173269449,0.0291342767922397,0.0891990717952324,-0.010824446005492,142327.6,0.9887260095722824,0.0409044846996515,0.73543733,1
2022-06-24,6204.0,6284.8,6191.6,6274.2,128720.0,0.0126537331740856,0.0126537331740856,0.0104032465859313,0.0196314232781877,0.0872322728217924,6166.839999999999,0.017409240388919,6163.46,0.0179671807718391,6065.86,0.0343463251707094,5882.169999999999,0.0666471727270718,0.0133357981837569,0.0121466832224672,0.0196321002015748,61.29818342933098,6065.86,6350.707781325869,5781.01221867413,0.8657040947102488,137.02857142857133,0.0218400069217703,0.0196314232781877,0.0872322728217924,0.0099153333547949,130666.0,0.98510706687279,-0.0852952253718297,0.7094871,1
2022-06-27,6310.0,6356.4,6282.2,6288.4,124048.0,0.0022632367473143,0.0022632367473143,0.0164549186952445,0.0280538843839914,0.0909784871616932,6187.2,0.0163563485906386,6180.62,0.0174383799683526,6092.08,0.0322254468096281,5884.929999999999,0.0685598639236151,0.0130398026523164,0.012089825735665,0.0195367496890029,63.09470875944862,6092.08,6355.683191418974,5828.476808581026,0.8723778891735157,139.29999999999993,0.0221518987341772,0.0280538843839914,0.0909784871616932,0.0270464493369047,131957.4,0.9400609590670927,-0.0362958359229335,0.7456831,1
2022-06-28,6298.8,6423.2,6282.4,6404.6,110310.0,0.0184784682908212,0.0184784682908212,0.042008330079396,0.0352709168498643,0.1066454711960467,6238.839999999999,0.0265690416808255,6202.4400000000005,0.0325936244445734,6122.94,0.0460007774043189,5888.843333333333,0.0875819982758359,0.0137309344950724,0.01248973017004,0.0196521777124931,65.96268197662499,6122.94,6380.807206951567,5865.072793048432,1.046133809199131,140.74285714285705,0.0219752766984444,0.0352709168498643,0.1066454711960467,0.0380563389412946,127798.8,0.8631536446351609,-0.1107474525989939,0.13386874,0
2022-06-29,6396.0,6409.8,6283.4,6314.2,130037.0,-0.0141148549480062,-0.0141148549480062,0.0469226687889641,0.0274676994174505,0.0718020097772949,6295.4400000000005,0.0029799346828813,6219.32,0.0152556871169196,6144.09,0.0276867689112625,5891.903333333334,0.071674065709383,0.0145289316661431,0.0128152612199259,0.0197255627164075,64.79355488418932,6144.09,6391.086321302141,5897.093678697859,0.8443573554116028,139.64285714285708,0.0221156848283008,0.0274676994174505,0.0718020097772949,0.0299481290575147,126767.6,1.0257905016739293,0.1788323814704016,0.5215171,0
2022-06-30,6342.2,6401.4,6339.4,6354.6,131572.0,0.0063982768996864,0.0063982768996864,0.0256302656638367,0.0345804434893035,0.0800163159862674,6327.2,0.0043305095460868,6240.56,0.0182740010511879,6167.629999999999,0.0303147238080108,5892.926666666667,0.0783436413598674,0.0145175417880572,0.012778395520697,0.0194479164191091,61.17281208351846,6167.629999999999,6399.448922982093,5935.8110770179055,0.9032673381336588,132.81428571428563,0.0209004950294724,0.0345804434893035,0.0800163159862674,0.009756562639039,124937.4,1.0531033941798054,0.0118043326130254,0.2727972,0
2022-07-01,6353.2,6392.0,6329.0,6341.0,100191.0,-0.0021401819154628,-0.0021401819154628,0.0106467756845494,0.0211607833032723,0.0628205557976602,6340.56,6.939450143206294e-05,6253.7,0.0139597358363849,6186.37,0.0249952718637909,5894.660000000001,0.0757193799133451,0.0143588697228864,0.0126176367871856,0.0194127269957458,62.77638477319348,6186.37,6410.082419719574,5962.6575802804255,0.8455999452194702,130.47142857142853,0.0205758442787302,0.0211607833032723,0.0628205557976602,0.01667468334135,119231.6,0.8403057578695581,-0.2385081932326026,0.4851088,0
2022-07-04,6326.0,6422.0,6294.8,6416.4,101638.0,0.0118908689481154,0.0118908689481154,0.020354939253228,0.0371447968189311,0.0570327172086586,6366.16,0.0078917275092049,6276.679999999999,0.0222601757617084,6203.68,0.0342893250457791,5896.776666666667,0.0881198937498621,0.0144940132579901,0.0123448961989491,0.019442118226148,63.02083333333329,6203.68,6442.603036275496,5964.756963724505,0.9451642740608698,121.67142857142856,0.0189625691308878,0.0371447968189311,0.0570327172086586,0.0201927051865042,114749.6,0.8857372923304307,0.014442414987374,0.18649085,0
2022-07-05,6449.4,6457.2,6323.2,6402.4,135411.0,-0.0021819088585499,-0.0021819088585499,-0.0003435031071418,0.0416503969803461,0.0577583928099392,6365.719999999999,0.0057621133194674,6302.280000000001,0.0158863141593199,6221.16,0.0291328305332123,5899.17,0.0853052209039575,0.0142166167224799,0.0123291537392214,0.0194326027064872,65.0081756598925,6221.16,6464.714333287462,5977.605666712538,0.8720730351081167,118.81428571428567,0.0185577729779903,0.0416503969803461,0.0577583928099392,0.0229436952770498,119769.8,1.130593855880197,0.3322871367008402,0.23155682,0
2022-07-06,6372.6,6399.0,6260.6,6326.4,126413.0,-0.0118705485442959,-0.0118705485442959,0.0019321529251528,0.0489454834858733,0.0382721722575987,6368.16,-0.006557624180297,6331.8,-0.0008528380555292,6232.82,0.0150140706774781,5902.846666666666,0.0717540802347342,0.0131083645612177,0.0127201941275936,0.0192249863936048,59.91388589881589,6232.82,6472.884233509425,5992.755766490574,0.6949061687198935,122.22857142857136,0.0193203988727509,0.0489454834858733,0.0382721722575987,0.0361295817091944,119045.0,1.061892561636356,-0.0664495498888568,0.8214714,1
2022-07-07,6317.4,6395.6,6289.2,6346.4,111142.0,0.0031613555892766,0.0031613555892766,-0.0012904038019703,0.0243067884696084,0.0541492259650522,6366.52,-0.0031602822263968,6346.86,-7.247678379540545e-05,6249.120000000001,0.0155669918324499,5906.626666666666,0.0744542288096759,0.0104789975275472,0.012292451074852,0.0192265184141788,57.75862068965511,6249.120000000001,6472.119094640465,6026.120905359537,0.718117477465191,116.98571428571424,0.0184333975617222,0.0243067884696084,0.0541492259650522,0.0370612458330608,114959.0,0.9667968580102472,-0.1208024491152017,0.22719897,0
2022-07-08,6384.0,6391.4,6309.8,6311.2,107376.0,-0.0055464515315769,-0.0055464515315769,-0.004699574199653,0.0058971661725797,0.0256443592160431,6360.56,-0.0077603229904285,6350.56,-0.0061978786122798,6257.01,0.0086606861743867,5913.33,0.0672835779501566,0.0100836878137815,0.0115289202507448,0.0186841829429616,56.97023942716486,6257.01,6476.893891849031,6037.126108150969,0.6232241242055276,115.05714285714274,0.0182306285424551,0.0058971661725797,0.0256443592160431,0.0680656625486546,116396.0,0.9225059280387642,-0.0338845800867358,0.33642352,0
2022-07-11,6279.0,6287.2,6182.8,6226.4,129506.0,-0.0134364304728102,-0.0134364304728102,-0.029611620223178,-0.0098594237007824,0.0179178655506146,6322.56,-0.015209029253973,6344.359999999999,-0.0185928919544287,6262.49,-0.0057628834537061,5916.333333333333,0.0524085863992338,0.0109838063843699,0.0118935525835402,0.0185531931823773,54.26257459505541,6262.49,6472.920595133788,6052.059404866212,0.4142472605348696,116.04285714285705,0.0186372313283529,-0.0098594237007824,0.0179178655506146,0.0298038437365617,121969.6,1.061789167136729,0.2060981969900164,0.35410026,0
2022-07-12,6223.2,6260.2,6138.0,6146.2,139996.0,-0.0128806372863934,-0.0128806372863934,-0.0400162439085343,-0.0403460013115574,-0.0064981249191775,6271.32,-0.0199511426621508,6318.52,-0.0272722093148395,6260.48,-0.0182541913719075,5919.636666666667,0.0382731823067967,0.00914816698851,0.0120110480096432,0.0185063126305824,56.3648439229577,6260.48,6474.704570805455,6046.255429194544,0.2332705590905783,115.22857142857136,0.0187479371690754,-0.0403460013115574,-0.0064981249191775,0.0333221250840618,122886.6,1.1392291755162889,0.0810001081030995,0.7833769,1
2022-07-13,6163.4,6188.6,6119.8,6158.0,141773.0,0.0019198854576811,0.0019198854576811,-0.0266186140617096,-0.0247378923695796,0.0020503140560419,6237.64,-0.0127676493032621,6302.9,-0.02298941756969,6261.11,-0.0164683259038732,5921.863333333333,0.0398753995786236,0.0085799167402901,0.0119242231705063,0.0184385800266774,47.4820143884892,6261.11,6473.97941784242,6048.240582157579,0.2578092685997563,107.3714285714285,0.0174360877836032,-0.0247378923695796,0.0020503140560419,0.0221764823052919,125958.6,1.1255523640307212,0.0126932198062801,0.5510647,1
2022-07-14,6155.0,6249.2,6152.0,6222.6,151905.0,0.0104904189671972,0.0104904189671972,-0.0195071221479893,-0.0207723538853743,0.0130897723942562,6212.879999999999,0.0015644918298762,6289.7,-0.0106682353689364,6265.129999999999,-0.0067883667218395,5926.306666666667,0.0499962877385127,0.0091297721680544,0.012142862121869,0.0184155172121352,46.498371335504935,6265.129999999999,6471.481168233954,6058.778831766044,0.3969475182428345,107.65714285714276,0.0173009903990522,-0.0207723538853743,0.0130897723942562,0.0447615849563465,134111.2,1.1326794480997855,0.0714663581923216,0.30351558,0
2022-07-15,6210.4,6246.0,6102.2,6102.2,155184.0,-0.0193488252498956,-0.0193488252498956,-0.0331157307643554,-0.0376596751301057,-0.0172958000515331,6171.08,-0.0111617415428093,6265.82,-0.0261131025149142,6259.76,-0.0251702940687822,5928.24,0.0293442910543433,0.0106430984024238,0.0126765552825622,0.0185907482789756,38.95610913404512,6259.76,6477.472842258214,6042.047157741787,0.1381472071979802,112.0571428571428,0.0183634005534303,-0.0376596751301057,-0.0172958000515331,0.0193779025091043,143672.8,1.0801209414725683,0.0215858595832922,0.84324247,1
2022-07-18,6132.2,6243.0,6114.0,6223.0,117182.0,0.0197961390973746,0.0197961390973746,-0.000546061929847,-0.0301415123745402,0.0058836840914233,6170.4,0.0085245689096331,6246.4800000000005,-0.0037589170220668,6261.58,-0.0061613841873776,5931.8966666666665,0.0490742421339098,0.012126611497381,0.013457859512099,0.018755081440129,39.28739971684757,6261.58,6477.317341276358,6045.842658723642,0.4105857155470847,112.0571428571428,0.0180069328068685,-0.0301415123745402,0.0058836840914233,0.0365447398227729,141208.0,0.8298538326440428,-0.244883493143623,0.688445,1
2022-07-19,6215.4,6261.4,6188.8,6242.0,105693.0,0.0030531897798489,0.0030531897798489,0.0155868666818521,-0.0250531050855928,0.0155538201223481,6189.56,0.0084723308280396,6230.44,0.0018554066807481,6266.36,-0.0038874242782093,5938.516666666666,0.0511042319771211,0.0122774215770644,0.0133701564881976,0.0184128763225824,45.34913682040713,6266.36,6475.487172590575,6057.232827409424,0.4417579272501064,108.21428571428558,0.0173364764040829,-0.0250531050855928,0.0155538201223481,0.0679578428688749,134347.4,0.7867141455658986,-0.0980440682016009,0.48517895,0
2022-07-20,6275.8,6349.0,6269.4,6328.0,99966.0,0.0137776353732776,0.0137776353732776,0.0276063657031504,0.000252908447142,0.0492107706592386,6223.56,0.0167813920007198,6230.6,0.0156325233524861,6281.2,0.0074508055785518,5949.679999999999,0.063586613061543,0.0127638931540899,0.012827592490128,0.0179562477735213,48.38160136286199,6281.2,6459.98660022773,6102.413399772269,0.6308822919066317,109.6285714285713,0.017324363373668,0.000252908447142,0.0492107706592386,0.1183768689689301,125986.0,0.7934691156160208,-0.0541852345945331,0.23569898,0
2022-07-21,6309.8,6331.8,6262.6,6267.0,93492.0,-0.0096396965865992,-0.0096396965865992,0.0071352810722205,-0.0125110298752048,0.01149165563769,6232.4400000000005,0.0055451797369889,6222.660000000001,0.0071255700938182,6284.76,-0.0028258835659595,5960.506666666666,0.0514206845950457,0.0130610561386871,0.011674720806106,0.0179801472560124,45.74321214910263,6284.76,6459.168527072868,6110.351472927133,0.44908505823061,110.07142857142844,0.0175636554286625,-0.0125110298752048,0.01149165563769,0.1156406878627123,114303.4,0.8179284255761421,-0.0647620190864893,0.3471109,0
2022-07-22,6286.2,6303.4,6127.0,6192.6,131595.0,-0.0118717089516514,-0.0118717089516514,0.0148143292583002,-0.0187919888452274,-0.0130056421535812,6250.52,-0.0092664290331042,6210.8,-0.0029303793392155,6280.68,-0.0140239591891323,5976.543333333334,0.0361507738865776,0.0134434943059849,0.0116339657607832,0.0155071863295133,37.11126468555638,6280.68,6459.880629697969,6101.479370302031,0.254241935007558,113.58571428571416,0.0183421687636395,-0.0187919888452274,-0.0130056421535812,0.1839629856225146,109585.6,1.2008420814413572,0.4075535874727249,0.3609635,0
2022-07-25,6194.0,6224.6,6088.0,6117.8,107947.0,-0.0120789329199367,-0.0120789329199367,-0.0169050297284267,-0.0174418604651162,-0.027129317473443,6229.4800000000005,-0.0179276600936194,6199.9400000000005,-0.0132485153082126,6272.15,-0.0246087864607829,5993.736666666667,0.0206988295003507,0.0133193741023307,0.0118880772158137,0.0151146770228701,34.6824542518838,6272.15,6465.487006014563,6078.812993985436,0.1008265484664308,113.77142857142846,0.018596787827557,-0.0174418604651162,-0.027129317473443,0.2028233258621368,107738.6,1.0019343113795798,-0.1797028762490976,0.827359,1
2022-07-26,6129.0,6236.4,6117.2,6212.4,98804.0,0.0154630749615873,0.0154630749615873,-0.0047420698494072,0.0107708828219061,-0.0300096805421105,6223.56,-0.0017931858936043,6206.56,0.0009409399087416,6262.54,-0.0080063360872745,6008.296666666667,0.0339702489169142,0.0136814824555509,0.0116404830317929,0.013931041062754,43.98480371464753,6262.54,6447.062831563901,6078.0171684360985,0.364136054126623,112.15714285714276,0.0180537542426667,0.0107708828219061,-0.0300096805421105,0.1636322769161609,106360.8,0.9289512677603028,-0.0846989726439827,0.60586375,1
2022-07-27,6202.0,6255.4,6185.0,6239.0,80589.0,0.0042817590625201,0.0042817590625201,-0.0140644753476611,0.0131536213056187,-0.0119096639320895,6205.76,0.0053563141339658,6214.66,0.0039165457160972,6258.78,-0.0031603603258142,6023.703333333334,0.0357415786855372,0.01371647471027,0.0113098511253681,0.0139007315857621,44.37224900440162,6258.78,6441.930115019123,6075.629884980876,0.4460005799124548,109.58571428571416,0.0175646280310489,0.0131536213056187,-0.0119096639320895,0.1739359500244608,102485.4,0.78634615272029,-0.1843548844176349,0.5788294,1
2022-07-28,6275.0,6323.0,6239.0,6248.6,97409.0,0.0015387081263023,0.0015387081263023,-0.0029360140418062,0.0041783177449941,-0.0166808296352248,6202.08,0.0075007094394139,6217.26,0.0050408057568769,6253.4800000000005,-0.0007803654924938,6035.38,0.0353283471794652,0.0133437773930658,0.0112046996839503,0.0128083729688936,46.62933448201597,6253.4800000000005,6431.003425881719,6075.956574118282,0.4862553351036285,109.75714285714275,0.0175650774344881,0.0041783177449941,-0.0166808296352248,0.1262797404470079,103268.8,0.9432568210340392,0.2087133479755301,0.30088183,0
2022-07-29,6268.2,6284.8,6183.6,6196.0,100341.0,-0.0084178856063759,-0.0084178856063759,0.0005490424054515,0.0153715053587231,-0.0228670556694527,6202.76,-0.0010898374272098,6226.639999999999,-0.0049207919519996,6246.2300000000005,-0.0080416507237166,6045.7266666666665,0.024856124270697,0.0119078614650563,0.0113319839336206,0.0128736270648823,48.30432842481038,6246.2300000000005,6420.517809157706,6071.942190842295,0.3558992730393741,107.81428571428562,0.0174006271327123,0.0153715053587231,-0.0228670556694527,0.1113502654613287,97018.0,1.0342513760333134,0.0300998881006888,0.65911967,1
2022-08-01,6168.2,6251.0,6151.0,6247.4,97877.0,0.0082956746287927,0.0082956746287927,0.0211840857824707,0.0039209384541216,-0.0263387569353531,6228.679999999999,0.0030054521985396,6229.08,0.0029410442633581,6237.78,0.0015422153394315,6059.460000000001,0.0310159651190038,0.0104160999030845,0.0111420706935582,0.0123189260474845,55.83218072844628,6237.78,6392.633161006242,6082.926838993758,0.5310616842997868,106.22857142857136,0.0170036449448684,0.0039209384541216,-0.0263387569353531,0.1519342110115424,95004.0,1.0302408319649698,-0.0245562631426834,0.3602431,0
2022-08-02,6174.4,6175.2,5997.4,6115.4,165049.0,-0.0211287895764638,-0.0211287895764638,-0.0156139334234756,-0.0202819609099648,-0.0448269398975383,6209.280000000001,-0.0151193052978768,6216.42,-0.016250510744126,6223.429999999999,-0.0173585948584622,6070.44,0.0074063824039114,0.0123664965714126,0.0119960068638593,0.0126778037618193,47.84369305527433,6223.429999999999,6366.818542447452,6080.0414575525465,0.1232962614862023,119.17142857142848,0.0194871028177107,-0.0202819609099648,-0.0448269398975383,0.1207345233295458,108253.0,1.524659824669986,0.686289935326992,0.2829725,0
2022-08-03,6169.2,6202.4,6022.2,6044.6,125999.0,-0.011577329365209,-0.011577329365209,-0.0311588395576213,-0.0447850821744626,-0.0445435002529083,6170.4,-0.0203876572021262,6188.08,-0.0231865134258121,6209.34,-0.0265310000740819,6078.106666666668,-0.0055126815806677,0.011333289081809,0.01198376729513,0.0124770760088402,41.04627766599598,6209.34,6364.983376446034,6053.696623553967,-0.0292226491151725,125.09999999999992,0.020696158554743,-0.0447850821744626,-0.0445435002529083,0.0823693729183827,117335.0,1.073839860229258,-0.2365964047040576,0.8583958,1
2022-08-04,6080.2,6088.6,5980.0,6058.0,117014.0,0.0022168547132976,0.0022168547132976,-0.0305028326345101,-0.0333492899313866,-0.0454430858439429,6132.28,-0.0121129498326886,6167.18,-0.0177033911771669,6194.92,-0.0221019803322722,6085.513333333334,-0.0045211195549651,0.0113575881353968,0.0119633402795372,0.0124676412501434,47.50845546786923,6194.92,6350.536067361299,6039.303932638702,0.0600711342932578,122.5857142857142,0.0202353440550865,-0.0333492899313866,-0.0454430858439429,0.0791648852786091,121256.0,0.9650161641485782,-0.0713100897626172,0.7523552,1
2022-08-05,6069.4,6199.6,6063.6,6190.4,109393.0,0.0218553978210629,0.0218553978210629,-0.0009038089089735,-0.0003552627329393,-0.0191405754848523,6131.16,0.0096621194031798,6166.96,0.0038009002815,6188.879999999999,0.0002456017890151,6094.946666666667,0.0156610612944931,0.0133682893927733,0.0130831853423275,0.0127456989080949,48.18606721566879,6188.879999999999,6334.552648156737,6043.207351843262,0.505217177072133,122.64285714285708,0.019811782298859,-0.0003552627329393,-0.0191405754848523,0.1006329564042387,123066.4,0.8888941254477258,-0.0651289589279915,0.6751081,1
2022-08-08,6172.0,6234.8,6169.2,6224.0,70000.0,0.0054277591108813,0.0054277591108813,-0.0037455581521912,0.0173591814050801,-0.0003854554798919,6126.4800000000005,0.0159177863961033,6177.58,0.0075142693417162,6188.76,0.0056941939903953,6103.816666666667,0.0196898661766271,0.0127355212418667,0.0128077456730677,0.0126838186616645,49.01445466491459,6188.76,6334.306410033461,6043.213589966539,0.6210610416014318,122.14285714285714,0.0196244950422328,0.0173591814050801,-0.0003854554798919,0.0935029340454689,117491.0,0.5957903158539803,-0.3601053083835346,0.8112047,1
2022-08-09,6210.2,6244.6,6189.6,6240.0,69400.0,0.0025706940874035,0.0025706940874035,0.0203747915099585,0.0044427274483291,0.0152614623669911,6151.4,0.0144032252820496,6180.34,0.0096531906011643,6193.45,0.0075160048115348,6113.62,0.020671876891269,0.011817684775418,0.0124471031079839,0.01263397428142,44.781783681214414,6193.45,6339.266835357335,6047.633164642665,0.6596180574277519,118.42857142857144,0.0189789377289377,0.0044427274483291,0.0152614623669911,0.1040730386779433,98361.2,0.7055627625527139,-0.0085714285714285,0.52100617,0
2022-08-10,6234.8,6264.2,6190.4,6220.2,77481.0,-0.003173076923077,-0.003173076923077,0.0290507229593355,-0.0030133034140087,0.0101006820396232,6186.52,0.0054440945798284,6178.46,0.0067557287738369,6196.56,0.0038150199465509,6122.3966666666665,0.0159746809392182,0.0117881536224289,0.0124757221832391,0.0126273165248509,47.08229426433914,6196.56,6341.845583013328,6051.274416986673,0.5813570056632213,118.75714285714288,0.019092174344417,-0.0030133034140087,0.0101006820396232,0.092489813123507,88657.6,0.8739352294670732,0.1164409221902016,0.7245318,1
2022-08-11,6257.6,6364.2,6245.4,6354.6,99235.0,0.0216070222822417,0.0216070222822417,0.0489600528227138,0.0169637998911755,0.0212129977822774,6245.84,0.0174131902194101,6189.06,0.0267471958584986,6203.16,0.0244133635115006,6133.923333333333,0.0359764305281504,0.0136807561993112,0.0131690350356126,0.0128547893810358,59.39675174013921,6203.16,6364.529068972327,6041.790931027673,0.9692349065543988,116.4428571428572,0.0183241836060266,0.0169637998911755,0.0212129977822774,0.1221260815822002,85101.8,1.1660740430872203,0.2807656070520514,0.22348091,0
2022-08-12,6350.4,6374.2,6334.4,6347.4,80516.0,-0.0011330374846568,-0.0011330374846568,0.025361850607392,0.0244351194318914,0.040182229359903,6277.24,0.0111768866571932,6204.2,0.0230811385835401,6215.42,0.0212342850523374,6144.45,0.0330298073871542,0.013265787338071,0.0122777241097227,0.0128247134045304,64.45115810674719,6215.42,6381.6766133229785,6049.163386677022,0.8969165417306096,109.52857142857148,0.0172556592350523,0.0244351194318914,0.040182229359903,0.1105007173099128,79326.4,1.014996268581456,-0.1886330427772459,0.7397049,1
2022-08-15,6331.6,6397.6,6331.2,6357.4,87142.0,0.0015754482150172,0.0015754482150172,0.0214331619537273,0.0176073246470531,0.0215973003374576,6303.92,0.0084836101980989,6215.2,0.0228793924572017,6222.14,0.0217385015444846,6153.533333333334,0.0331300174425532,0.0131086343061803,0.0115452404049044,0.0126711548175465,60.21414482952943,6222.14,6400.13685863563,6044.14314136437,0.8799505256350746,105.75714285714297,0.0166352821683617,0.0176073246470531,0.0215973003374576,0.0937650540224348,82754.8,1.0530144475003262,0.0822942023945552,0.72084355,1
2022-08-16,6368.8,6425.6,6350.8,6380.0,90865.0,0.0035549123855664,0.0035549123855664,0.0224358974358973,0.0432678156784511,0.0221082986222365,6331.92,0.0075932734462849,6241.66,0.0221639756090528,6229.04,0.0242348740736935,6163.053333333332,0.0352011665213565,0.0103374130639489,0.0115501782934519,0.0126703680776558,59.98866534429016,6229.04,6420.470541477758,6037.609458522242,0.894294449659538,106.0714285714287,0.0166256157635468,0.0432678156784511,0.0221082986222365,0.098333562870128,87047.8,1.0438517687982924,0.0427233710495513,0.5822873,1
2022-08-17,6379.6,6434.4,6339.6,6417.4,101218.0,0.0058620689655171,0.0058620689655171,0.0317031606700748,0.061674883366972,0.0141276864728192,6371.360000000001,0.007226086738153,6278.9400000000005,0.0220514927678874,6233.51,0.0295002334158442,6176.676666666666,0.0389729536325629,0.0087047816979567,0.0112260358321648,0.0116789642101055,61.50490730643397,6233.51,6438.373825375075,6028.646174624925,0.9488103247689637,106.84285714285724,0.0166489321443041,0.061674883366972,0.0141276864728192,0.1459642857142855,91795.2,1.102650247507495,0.1139382600561271,0.18375655,0
2022-08-18,6409.0,6412.0,6367.6,6391.6,90821.0,-0.0040203197556641,-0.0040203197556641,0.0058225537405973,0.0550676791020139,0.0198819211744056,6378.76,0.0020129304128075,6312.3,0.0125627742661154,6239.74,0.024337552526227,6188.396666666667,0.032836184278211,0.0092172394339733,0.011020450793504,0.0115719066728265,63.83701188455013,6239.74,6456.145198886727,6023.334801113273,0.8508695742552119,103.1714285714286,0.0161417217240485,0.0550676791020139,0.0198819211744056,0.1236199985936292,90112.4,1.00786351267972,-0.1027188839929656,0.24399441,0
2022-08-19,6383.8,6406.6,6298.0,6301.0,105122.0,-0.0141748544965267,-0.0141748544965267,-0.0073100797176796,0.0178663737399844,0.0175047637502825,6369.4800000000005,-0.0107512701193819,6323.36,-0.0035360947344449,6245.16,0.0089413241614306,6197.233333333334,0.0167440309385371,0.0091171916377671,0.0111734691550939,0.0116395431953059,53.592493297587154,6245.16,6462.02344381453,6028.29655618547,0.628744612318701,103.78571428571436,0.016471308409096,0.0178663737399844,0.0175047637502825,0.091876342968046,95033.6,1.1061561384605023,0.1574635822111625,0.71150595,1
2022-08-22,6289.6,6394.0,6265.6,6372.0,84580.0,0.0112680526900492,0.0112680526900492,0.0022965363198792,0.0237789203084832,0.0415508843048153,6372.4,-6.277069863780405e-05,6338.16,0.00533908894695,6257.87,0.018237834918271,6207.366666666667,0.0265222504443645,0.0095514296736215,0.01096069249501,0.0117011588927575,68.7299270072993,6257.87,6473.094857691578,6042.645142308422,0.7651413066876106,95.10000000000004,0.014924670433145,0.0237789203084832,0.0415508843048153,0.1054823039555863,94521.2,0.8948257110574136,-0.1954110462129715,0.4643221,0
2022-08-23,6370.6,6378.8,6330.4,6375.8,69099.0,0.0005963590709354,0.0005963590709354,-0.0006583072100313,0.0217628205128206,0.0263022342411951,6371.56,0.0006654571250996,6351.74,0.0037879384231722,6266.04,0.0175166452815493,6217.173333333334,0.0255142744398311,0.0095677557531785,0.0105008186633909,0.0116980633894699,76.79611650485433,6266.04,6486.342781118077,6045.737218881923,0.7491116985517567,85.68571428571438,0.0134392098694617,0.0217628205128206,0.0263022342411951,0.1016691433113317,90168.0,0.766336172478041,-0.1830338141404587,0.25108618,0
2022-08-24,6377.6,6379.2,6164.8,6192.4,107953.0,-0.0287650177232662,-0.0287650177232662,-0.0350609281017234,-0.0044693096684994,-0.0074691456964257,6326.56,-0.0212058369793379,6348.96,-0.0246591567752829,6263.71,-0.0113846266829084,6222.193333333333,-0.0047882365168123,0.0136957155467009,0.0124369467949751,0.0121434571970496,58.527918781725845,6263.71,6486.1918658486975,6041.228134151303,0.339739747489137,93.24285714285718,0.0150576282447608,-0.0044693096684994,-0.0074691456964257,0.0511271048343291,91515.0,1.1796208271868,0.562294678649474,0.71910304,1
2022-08-25,6196.6,6225.2,6139.0,6219.8,100502.0,0.004424778761062,0.004424778761062,-0.0268790287252018,-0.021212979573852,-0.0046090324232628,6292.2,-0.0115063093989382,6335.4800000000005,-0.0182590742927134,6262.27,-0.0067818858017938,6227.793333333333,-0.0012834936719158,0.0115415856574154,0.0124760985107145,0.0121484763954315,52.1522693997072,6262.27,6485.535082946475,6039.004917053524,0.4048888445978342,89.28571428571429,0.01435507802272,-0.021212979573852,-0.0046090324232628,0.0571059519358236,93451.2,1.0754490044001574,-0.0690207775606051,0.48462278,0
2022-08-26,6223.2,6277.4,6180.2,6209.2,84614.0,-0.0017042348628574,-0.0017042348628574,-0.0145691160133312,-0.0217726943315372,0.0021304067140091,6273.84,-0.0103030998559097,6321.66,-0.017789631204462,6262.929999999999,-0.00857905165793,6231.843333333333,-0.0036334888607062,0.0115377848053297,0.0123316079392873,0.0120321453431907,48.87878787878787,6262.929999999999,6485.447018627533,6040.412981372466,0.3792676615671877,91.5428571428571,0.0147431001003119,-0.0217726943315372,0.0021304067140091,0.040729442526231,89349.6,0.9469992031301764,-0.1580864062406718,0.6729544,1
2022-08-29,6130.4,6228.0,6129.6,6209.4,89010.0,3.221026863364784e-05,3.221026863364784e-05,-0.025517890772128,-0.0232799572152138,-0.0060825303326184,6241.32,-0.0051143027436504,6306.86,-0.0154530146538848,6261.030000000001,-0.0082462470232534,6234.163333333333,-0.0039721983543368,0.0114928257537704,0.0121828785768037,0.0118309510208745,47.62496119217633,6261.030000000001,6484.75103964287,6037.308960357132,0.3846107632915993,94.64285714285708,0.0152418683194603,-0.0232799572152138,-0.0060825303326184,0.0229316991202925,90235.6,0.9864177774625535,0.0519535774221759,0.3844668,0
2022-08-30,6211.2,6219.2,6147.2,6202.4,82841.0,-0.0011273230907977,-0.0011273230907977,-0.0271965870949528,-0.0278369905956112,0.0142263793047061,6206.64,-0.0006831393475376,6289.1,-0.0137857563085339,6265.38,-0.0100520638812011,6236.656666666666,-0.0054927934144201,0.0113222371595456,0.0111549874234447,0.0118248250158194,48.590433956287605,6265.38,6480.392201367226,6050.367798632774,0.353543195224454,94.51428571428563,0.0152383409187226,-0.0278369905956112,0.0142263793047061,0.0247158339941844,92984.0,0.8909167168545126,-0.0693068194584878,0.32023165,0
2022-08-31,6187.0,6200.8,6053.2,6078.4,116628.0,-0.0199922610602347,-0.0199922610602347,-0.0184096634584328,-0.0528251316732633,0.0055917678589152,6183.839999999999,-0.0170508939429221,6255.2,-0.0282644839493542,6267.07,-0.0301049772860363,6236.41,-0.0253366921033094,0.0120621574581287,0.01178590852063,0.0120861474165141,27.76167471819646,6267.07,6475.196612274309,6058.943387725691,0.0467422499739374,94.8857142857142,0.0156103109840935,-0.0528251316732633,0.0055917678589152,-0.0024289371758682,94719.0,1.23130522915149,0.4078535990632657,0.2194849,0
2022-09-01,6075.8,6129.4,6028.0,6051.6,94242.0,-0.0044090550144774,-0.0044090550144774,-0.0270426701823209,-0.053194818198886,-0.0010564542753382,6150.2,-0.0160319989593833,6221.2,-0.027261621552112,6266.75,-0.0343319902660868,6236.929999999999,-0.0297149398822816,0.0120580351552744,0.0118235896410066,0.0119983721559181,26.912269747112163,6266.75,6476.245268128804,6057.254731871196,-0.013496084951472,99.28571428571416,0.0164065229502469,-0.053194818198886,-0.0010564542753382,0.0051823799083119,93467.0,1.0082916965346058,-0.1919436155983126,0.8212772,1
2022-09-02,6065.2,6104.0,6041.0,6066.6,92443.0,0.0024786833234184,0.0024786833234184,-0.0229659215357854,-0.0372004443739087,-0.0199987076764021,6121.679999999999,-0.0089975300897791,6197.76,-0.0211624845105328,6260.56,-0.030981254073118,6235.483333333334,-0.0270842409970891,0.0118575448495264,0.0106780508899855,0.0116528501666387,27.47831474597281,6260.56,6486.244291830172,6034.875708169829,0.0702846697324517,99.04285714285696,0.0163259250886587,-0.0372004443739087,-0.0199987076764021,-0.0141060226866446,95032.8,0.972748356356963,-0.0190891534559962,0.6439026,1
2022-09-05,6065.8,6108.4,6036.2,6090.8,96175.0,0.0039890548247782,0.0039890548247782,-0.0191000740812316,-0.0441305712492152,-0.0214010282776349,6097.960000000001,-0.0011741631627627,6169.64,-0.0127787034575761,6253.9,-0.0260797262508194,6235.05,-0.0231353397326404,0.0110297826221482,0.0106375577052779,0.0116399465642155,27.65760197775032,6253.9,6491.6651915561415,6016.134808443858,0.1570145551320371,98.85714285714266,0.0162305678822392,-0.0441305712492152,-0.0214010282776349,-0.004250588543029,96465.8,0.9969854601319844,0.0403708231018031,0.5636721,1
2022-09-06,6110.4,6210.0,6105.2,6202.6,101196.0,0.0183555526367635,0.0183555526367635,3.224558235537245e-05,-0.0271652184823865,-0.0059935897435896,6098.0,0.0171531649721221,6152.32,0.0081725267866432,6252.030000000001,-0.0079062320558283,6235.319999999999,-0.0052475253876301,0.0131567944200285,0.0114714215515065,0.0117894800144428,35.116407982261705,6252.030000000001,6490.84148786602,6013.218512133982,0.3965083287204924,100.59999999999984,0.0162190049334149,-0.0271652184823865,-0.0059935897435896,0.0026186473554896,100136.8,1.0105775299390434,0.0522069144788146,0.59128046,1
2022-09-07,6185.6,6232.2,6178.6,6221.2,76202.0,0.0029987424628381,0.0029987424628381,0.0234930244801263,0.0046508623473935,0.0001607665348382,6126.56,0.015447494189235,6155.2,0.0107226410189757,6252.08,-0.0049391562488003,6236.583333333333,-0.0024666283622175,0.0094769549960999,0.0114713164716291,0.0117616791178317,38.073908174692015,6252.08,6490.863844996931,6013.296155003069,0.4353390092189926,100.87142857142842,0.0162141433439575,0.0046508623473935,0.0001607665348382,0.0123344290038076,92051.6,0.8278183105997071,-0.2469860468793232,0.29694805,0
2022-09-08,6215.8,6230.0,6192.4,6196.4,70184.0,-0.003986369189224,-0.003986369189224,0.023927556348734,-0.0037621788481945,-0.0248953513989866,6155.52,0.006641193595342,6152.86,0.0070763839905345,6244.17,-0.0076503362336387,6237.486666666667,-0.0065870548287078,0.0094636180251161,0.0103112957988215,0.0117741431215547,41.936478569226,6244.17,6479.104589776866,6009.235410223134,0.3983334041075625,95.79999999999986,0.0154605900200115,-0.0037621788481945,-0.0248953513989866,0.0088241997981179,87240.0,0.8044933516735443,-0.0789743051363481,0.4022871,0
2022-09-09,6204.8,6253.2,6181.0,6241.2,90658.0,0.0072300045187527,0.0072300045187527,0.0287805360498465,0.0051536429813825,-0.0167312600434823,6190.4400000000005,0.0081997402446352,6156.06,0.0138302745587273,6238.86,0.0003750685221339,6238.013333333333,0.0005108464019527,0.0097378974643638,0.0104826793669742,0.0117259886910279,39.49228791773778,6238.86,6468.716343236936,6009.003656763063,0.5050901357931812,91.78571428571416,0.0147064209263786,0.0051536429813825,-0.0167312600434823,0.00508889461479,86883.0,1.0434492363293164,0.2917189102929443,0.2702448,0
2022-09-13,6254.0,6278.8,6211.8,6221.2,105689.0,-0.0032045119528295,-0.0032045119528295,0.0214093386747225,0.0019003446387735,-0.0214238525183251,6216.52,0.0007528327746069,6157.24,0.0103877711442139,6232.05,-0.0017410001524378,6238.589999999999,-0.0027874888396255,0.0098107948589793,0.0104803836918808,0.0117233819246229,37.89539617914185,6232.05,6455.088269078707,6009.011730921294,0.4756768198461682,93.11428571428554,0.014967254824517,0.0019003446387735,-0.0214238525183251,0.0055927326803089,88785.8,1.190381795287084,0.1657989366630634,0.208468,0
2022-09-14,6176.0,6203.6,6144.6,6178.0,129834.0,-0.006943997942519,-0.006943997942519,-0.0039660787411731,-0.0039339610473364,-0.0316614420062696,6211.6,-0.0054092343357589,6154.8,0.0037694157405601,6221.95,-0.0070637018941006,6239.116666666666,-0.0097957242878932,0.0100694457557689,0.0105015783127659,0.0117278167562348,48.55537720706264,6221.95,6434.842772614574,6009.057227385426,0.3967790229319622,83.27142857142839,0.0134787032326688,-0.0039339610473364,-0.0316614420062696,0.0051412208772616,94513.4,1.3737099712844951,0.2284532922063791,0.23978764,0
2022-09-15,6198.2,6201.6,5977.0,6016.0,176628.0,-0.0262220783425056,-0.0262220783425056,-0.0329839902269658,-0.0102658594366937,-0.0625486957334745,6170.56,-0.025047969714256,6148.56,-0.0215595196273598,6201.88,-0.0299715570117448,6238.863333333333,-0.035721784790926,0.0115095532089669,0.0116920717043232,0.0119693300301038,33.90205371248021,6201.88,6412.864874488911,5990.89512551109,0.0594944887630555,93.15714285714272,0.0154848974164133,-0.0102658594366937,-0.0625486957334745,-0.002520228146969,114598.6,1.5412753733466202,0.3604140671934932,0.32442057,0
2022-09-16,6018.6,6027.0,5847.2,5857.0,148338.0,-0.0264295212765957,-0.0264295212765957,-0.05477373959073,-0.0321567849824839,-0.0836410288503661,6102.68,-0.0402577228365242,6129.1,-0.0443947724788305,6175.15,-0.0515210156838294,6233.216666666665,-0.060356744644953,0.0140634941946207,0.0128002068243771,0.0119044806181088,27.46352700281544,6175.15,6417.985491206328,5932.314508793671,-0.1550731081761003,99.05714285714274,0.0169126076245761,-0.0321567849824839,-0.0836410288503661,-0.0546822040737273,130229.4,1.13905155057153,-0.16016713091922,0.41851786,0
2022-09-19,5848.2,5866.0,5772.4,5814.0,104180.0,-0.0073416424790848,-0.0073416424790848,-0.0684483753124398,-0.0416378201958264,-0.0772893191556896,6017.24,-0.0337762828140476,6103.84,-0.0474848619885187,6150.8,-0.0547571047668595,6225.546666666666,-0.0661061090217511,0.013967503054562,0.012611986273655,0.0117989759489766,26.01310361562726,6150.8,6434.696111465462,5866.903888534538,-0.0931747325834263,98.71428571428564,0.0169787213130866,-0.0416378201958264,-0.0772893191556896,-0.07334799655733,132933.8,0.783698352112104,-0.2976850166511615,0.8585521,1
2022-09-20,5862.0,5917.8,5835.8,5855.8,82220.0,0.0071895424836601,0.0071895424836601,-0.0587346492638075,-0.0385827805871149,-0.0810106716886377,5944.16,-0.0148650103631126,6080.339999999999,-0.0369288559521341,6124.99,-0.0439494595093216,6218.336666666667,-0.0583012284635602,0.0142094335974387,0.0123840968418035,0.0118405519960576,29.82537834691503,6124.99,6417.927283749398,5832.052716250601,0.0405330510432978,100.98571428571424,0.0172454172420018,-0.0385827805871149,-0.0810106716886377,-0.0687933337573944,128240.0,0.6411416094822209,-0.2107890190055672,0.88487744,1
2022-09-21,5828.6,5910.6,5786.8,5885.8,86564.0,0.0051231257898152,0.0051231257898152,-0.0472968598251861,-0.0510753554960823,-0.0768531007873521,5885.719999999999,1.3592219813451932e-05,6048.66,-0.0269249718119384,6100.49,-0.0351922550483648,6209.6900000000005,-0.0521588034185281,0.012416290299579,0.0125159122503794,0.011588771351705,37.41176470588237,6100.49,6386.996874354843,5813.983125645156,0.1253318520132567,99.17142857142856,0.0168492691854002,-0.0510753554960823,-0.0768531007873521,-0.0810042781750617,119586.0,0.7238639974578964,0.0528338603746048,0.3506518,0
2022-09-22,5868.8,5927.6,5845.8,5878.6,79094.0,-0.0012232831560705,-0.0012232831560705,-0.0228390957446807,-0.0550697614608113,-0.0506750209934757,5858.24,0.0034754465504998,6014.4,-0.022579143389199,6084.8,-0.0338877202208782,6202.429999999999,-0.0522101821382907,0.0121775737398951,0.0110694449617089,0.0114667839542641,38.395492353098994,6084.8,6384.193632812011,5785.406367187989,0.1556372991915416,97.7714285714286,0.0166317539161413,-0.0550697614608113,-0.0506750209934757,-0.0689873618193911,100079.2,0.7903140712555656,-0.0862945335243288,0.22670424,0
2022-09-23,5883.2,5894.8,5739.4,5820.2,113538.0,-0.0099343381077128,-0.0099343381077128,-0.0062830800751237,-0.0607126718739913,-0.0642464387922442,5850.88,-0.0052436556552176,5976.780000000001,-0.0261980531322887,6064.82,-0.0403342555920868,6193.523333333333,-0.0602764070208824,0.0122361581683657,0.0110597235892087,0.0114789965570964,34.38133874239348,6064.82,6379.237674606909,5750.40232539309,0.110995151106203,104.37142857142862,0.0179326189085303,-0.0607126718739913,-0.0642464387922442,-0.0840965599723035,93119.2,1.2192759387967251,0.4354818317445066,0.25445512,0
2022-09-26,5780.4,5874.6,5742.2,5748.8,100003.0,-0.0122676196694271,-0.0122676196694271,-0.0112143102855176,-0.0788950842786643,-0.0741480383946401,5837.84,-0.0152522165732531,5927.54,-0.0301541617601904,6041.8,-0.0484954814790293,6183.653333333333,-0.0703230452763629,0.011386620341687,0.0112325947104848,0.0115642369378446,29.545454545454547,6041.8,6378.346673074999,5705.253326925002,0.0646963356926341,108.67142857142868,0.018903323923502,-0.0788950842786643,-0.0741480383946401,-0.0933922094306891,92283.8,1.0836463171217483,-0.1192111892053762,0.74074656,1
2022-09-27,5794.8,5867.2,5745.0,5857.6,98953.0,0.01892568883941,0.01892568883941,0.0003073875473889,-0.0584453160162026,-0.0566560376203818,5838.2,0.0033229420026721,5891.18,-0.0057000465102067,6024.21,-0.0276567383939138,6174.34,-0.0512994101393833,0.0142418367717334,0.0123129808090912,0.011737359672883,29.29171668667466,6024.21,6360.647721772598,5687.772278227402,0.2523910233338619,108.8857142857144,0.0185887930698092,-0.0584453160162026,-0.0566560376203818,-0.0870893335826942,95630.4,1.0347441817664675,-0.0104996850094497,0.26886946,0
2022-09-28,5846.2,5847.6,5715.6,5720.6,107102.0,-0.0233884184649002,-0.0233884184649002,-0.0280675524142851,-0.0740369051472967,-0.0776796078937184,5805.160000000001,-0.014566351315037,5845.4400000000005,-0.0213568183062352,6000.12,-0.0465857349519674,6162.9766666666665,-0.0717797081821391,0.0152853377630276,0.0131291670830835,0.012074243653377,23.69140214420858,6000.12,6351.500708813496,5648.739291186504,0.1022547724036247,115.20000000000014,0.0201377477886935,-0.0740369051472967,-0.0776796078937184,-0.1064913157565912,99738.0,1.0738334436222905,0.0823522278253312,0.84667337,1
2022-09-29,5777.2,5814.0,5694.4,5745.2,101088.0,0.0043002482257104,0.0043002482257104,-0.022692477800837,-0.0450132978723404,-0.0548170571202948,5778.4800000000005,-0.0057593000235357,5818.36,-0.0125739899215586,5983.460000000001,-0.0398197698321708,6153.29,-0.0663206187259173,0.014149256019107,0.0126833079674456,0.0120260939655807,26.28259041211102,5983.460000000001,6350.462150574458,5616.457849425544,0.1753969975011589,121.057142857143,0.0210710058583065,-0.0450132978723404,-0.0548170571202948,-0.0918689934243803,104136.8,0.9707231257346106,-0.0561520793262497,0.46518373,0
2022-09-30,5752.6,5767.6,5663.0,5666.8,101251.0,-0.0136461741975909,-0.0136461741975909,-0.0263564825950998,-0.0324739627795799,-0.0635864895234318,5747.800000000001,-0.0140923483767704,5799.34,-0.0228543248024775,5964.219999999999,-0.04986737578426,6141.963333333333,-0.0773634272211545,0.012420137678162,0.0129134551657977,0.0121103384596905,20.836718115353364,5964.219999999999,6355.710321719403,5572.729678280596,0.1201438662726738,123.37142857142877,0.0217709163145741,-0.0324739627795799,-0.0635864895234318,-0.1070843312744231,101679.4,0.99578675719959,0.0016124564735675,0.57974684,1
2022-10-10,5674.8,5724.8,5574.8,5597.4,99544.0,-0.0122467706642197,-0.0122467706642197,-0.0263359309768995,-0.0372549019607844,-0.0773415092473545,5717.52,-0.0210091088443941,5777.68,-0.0312028357402972,5940.76,-0.0577973188615599,6130.066666666667,-0.0868941066437559,0.0126945540613298,0.0129921996560519,0.0121760576288688,19.84142332237477,5940.76,6361.554988963517,5519.965011036484,0.0920103506392154,129.30000000000018,0.0231000107192625,-0.0372549019607844,-0.0773415092473545,-0.11310051971099,101587.6,0.979883371592596,-0.0168590927497012,0.74829614,1
2022-10-11,5601.2,5674.2,5580.0,5642.4,94215.0,0.0080394468860542,0.0080394468860542,-0.0367385960120186,-0.0364425014515523,-0.0736192290011165,5674.4800000000005,-0.0056533814552172,5756.339999999999,-0.0197938273277811,5918.34,-0.0466245602652095,6120.333333333333,-0.078089428680355,0.0127782546447145,0.0131528133006336,0.0121475586783998,24.150579150579134,5918.34,6353.027684132881,5483.652315867119,0.1825997031058655,130.55714285714308,0.0231385833789066,-0.0364425014515523,-0.0736192290011165,-0.0937941667737376,100640.0,0.936158585055644,-0.0535341155669855,0.73939383,1
2022-10-12,5633.8,5792.0,5545.0,5774.0,128319.0,0.0233234084786615,0.0233234084786615,0.0093346851728839,-0.018994869006762,-0.0691000548157224,5685.16,0.0156266490301064,5745.16,0.0050198776013201,5896.91,-0.0208431195320939,6114.13,-0.0556301550670332,0.0152255778196805,0.0136301730041245,0.0124709423969908,37.967382657120126,5896.91,6314.515696170025,5479.304303829975,0.3528396509826844,132.15714285714304,0.0228883170864466,-0.018994869006762,-0.0691000548157224,-0.060557742995672,104883.4,1.2234443200735294,0.3619805763413468,0.7399301,1
2022-10-13,5766.8,5834.2,5755.0,5788.8,95228.0,0.0025632144094216,0.0025632144094216,0.0075889438139664,-0.0152757459259007,-0.0695042757024367,5693.879999999999,0.0166705304642882,5736.18,0.00917335230066,5875.29,-0.014720975475253,6107.9766666666665,-0.0522557115203997,0.0152887921171507,0.0136196124192236,0.0124737400806285,46.04132807058279,5875.29,6266.118873037764,5484.461126962236,0.3893505496053223,124.97142857142872,0.0215884861407249,-0.0152757459259007,-0.0695042757024367,-0.059954530691783,103711.4,0.9182018563050928,-0.2578807503175679,0.68142396,1
2022-10-14,5846.8,5965.4,5825.2,5938.6,114577.0,0.0258775566611388,0.0258775566611388,0.0479635773275923,0.020342943541459,-0.0416048027887159,5748.24,0.0331162234005539,5748.02,0.0331557649416669,5862.4,0.0129980895196508,6103.243333333333,-0.0269763672102208,0.0171563997379021,0.0151188498855081,0.0128650389668951,56.43462094608554,5862.4,6224.592946544084,5500.207053455915,0.6051925509967462,130.9000000000001,0.0220422321759337,0.020342943541459,-0.0416048027887159,-0.0456400861376273,106376.6,1.0770883822193975,0.2031860377199983,0.75071996,1
2022-10-17,5936.2,5991.4,5905.6,5957.6,93280.0,0.0031994072677061,0.0031994072677061,0.0643513059634832,0.0363206234344559,-0.0454399794911234,5820.280000000001,0.0235933666421546,5768.9,0.0327098753661878,5848.219999999999,0.0187031267633572,6100.833333333333,-0.0234776669853844,0.0163925767296149,0.0150156586502642,0.0126382865281645,55.38396445948806,5848.219999999999,6167.652019618989,5528.78798038101,0.6712101374972785,129.61428571428573,0.0217561242302748,0.0363206234344559,-0.0454399794911234,-0.0236963718003342,105123.8,0.8873347424655501,-0.1858750010909694,0.68746275,1
2022-10-18,5980.6,6030.2,5947.8,5987.2,99394.0,0.0049684436685912,0.0049684436685912,0.061108748050475,0.0221251024310296,-0.0376133221886453,5889.24,0.0166337252344954,5781.86,0.035514523008167,5836.52,0.0258167538190565,6096.903333333334,-0.01799328730268,0.0155227781548411,0.0150983067160157,0.0123805937862619,55.36507936507935,5836.52,6112.635319920336,5560.404680079663,0.7728570077956447,126.65714285714284,0.0211546537374971,0.0221251024310296,-0.0376133221886453,-0.0378916921099148,106159.6,0.9362695413321076,0.0655445969125214,0.36616907,0
2022-10-19,5975.6,6000.0,5920.8,5933.6,98823.0,-0.0089524318546231,-0.0089524318546231,0.0276411499826809,0.0372338565884697,-0.0395597280673356,5921.16,0.0021009396807383,5803.16,0.0224774088600006,5824.3,0.0187662036639597,6091.763333333334,-0.0259634730830538,0.0133936975614163,0.0151408934924747,0.0124180354544751,52.773855154327215,5824.3,6054.6168526868,5593.983147313201,0.7372818113936148,126.47142857142852,0.0213144513569213,0.0372338565884697,-0.0395597280673356,-0.049407241268824,100260.4,0.9856633326816968,-0.0057448135702355,0.38625297,0
2022-10-20,5908.4,5992.4,5824.6,5906.8,143780.0,-0.0045166509370365,-0.0045166509370365,0.0203841901603094,0.0281278284480959,-0.0181515957446808,5944.76,-0.0063854554262914,5819.320000000001,0.0150326842311472,5818.84,0.0151164149555582,6084.743333333334,-0.029244180663879,0.013640834561966,0.0140445197946036,0.0122786443650898,54.51135653261098,5818.84,6034.748815060958,5602.931184939042,0.7036971023512083,127.35714285714272,0.0215611063278158,0.0281278284480959,-0.0181515957446808,-0.0665613147914032,109970.8,1.3074379744441251,0.4549244609048501,0.73277926,1
2022-10-21,5928.6,5950.2,5874.4,5908.8,116786.0,0.0003385928082888,0.0003385928082888,-0.0050180177146128,0.0427048775322933,0.0088441181492231,5938.800000000001,-0.0050515255607195,5843.52,0.0111713487760802,5821.43,0.015008339875254,6078.7733333333335,-0.0279617817629872,0.0124229680398199,0.0126854429022879,0.0122281196365332,58.98472596585805,5821.43,6040.486052427768,5602.373947572232,0.6994238438785193,123.31428571428556,0.0208695988549765,0.0427048775322933,0.0088441181492231,-0.0571565342269028,110412.6,1.0577234844573895,-0.1877451662261788,0.47606882,0
2022-10-24,5933.4,6044.8,5797.4,5859.4,128406.0,-0.0083604115894937,-0.0083604115894937,-0.0164831475762052,0.0468074463143601,0.0078087375300996,5919.16,-0.0100960271389859,5869.719999999999,-0.0017581758584735,5823.7,0.0061301234610298,6073.22,-0.0352070236217362,0.0118989571984002,0.0127206549187224,0.0121830731939795,50.10830324909742,5823.7,6043.371927631747,5604.028072368253,0.5812575379678154,132.25714285714275,0.0225717894079842,0.0468074463143601,0.0078087375300996,-0.0538061557342636,117437.8,1.093395823150638,0.099498227527272,0.4362286,0
2022-10-25,5850.0,5899.4,5747.4,5829.6,127431.0,-0.0050858449670613,-0.0050858449670613,-0.0263228220203098,0.0331773713313485,-0.0044741965231052,5887.64,-0.0098579396838122,5888.4400000000005,-0.0099924598025963,5822.39,0.0012383230941246,6068.416666666667,-0.0393540324906277,0.0122033085241866,0.0126752136069365,0.0121070248252336,57.52970433821498,5822.39,6041.56785039834,5603.212149601661,0.5164478298945272,132.97142857142848,0.0228097002489756,0.0331773713313485,-0.0044741965231052,-0.0471084376736735,123045.2,1.0356438121925926,-0.0075931031260221,0.6686119,1
2022-10-26,5853.4,6002.8,5838.6,5943.8,117737.0,0.0195896802525044,0.0195896802525044,0.001719023864096,0.0294076896432282,0.0098542254239015,5889.68,0.0091889542386003,5905.42,0.006499114372898,5825.289999999999,0.0203440515407817,6063.94,-0.0198122013080603,0.0115641912824142,0.0133847733998397,0.0122118495309092,62.20801573641508,5825.289999999999,6049.478021652819,5601.101978347179,0.764309393352708,136.79999999999987,0.0230155792590598,0.0294076896432282,0.0098542254239015,-0.0432361084283046,126828.0,0.9283202447409088,-0.0760725412183848,0.2467672,0
2022-10-27,5980.0,6006.4,5929.0,5937.6,97944.0,-0.0010431037383491,-0.0010431037383491,0.0052143292476467,0.0257048092868987,0.0100364032252577,5895.839999999999,0.0070829601888791,5920.3,0.0029221492154114,5828.24,0.0187638120599016,6058.916666666667,-0.0200228313642427,0.0116340356768865,0.0133835597637479,0.0121946424718927,68.26767404209392,5828.24,6056.889954481045,5599.590045518955,0.739142842272174,134.85714285714266,0.0227123994302652,0.0257048092868987,0.0100364032252577,-0.0483090238820322,117660.8,0.8324267725529658,-0.1681119783925189,0.39226145,0
2022-10-28,5903.8,5919.8,5720.6,5742.2,124880.0,-0.0329089194287255,-0.0329089194287255,-0.0281952342269158,-0.0330717677567103,-0.0134016013195422,5862.52,-0.0205235973608618,5900.660000000001,-0.0268546230421683,5824.34,-0.0141028854771528,6050.4766666666665,-0.0509508066306622,0.0132990808604073,0.0151970070229345,0.0128768052843367,58.348708487084885,5824.34,6056.20559082904,5592.47440917096,0.3228715185674876,139.64285714285694,0.0243187031351845,-0.0330717677567103,-0.0134016013195422,-0.0810421534423712,119279.6,1.0469518677125007,0.2750142938822184,0.8412566,1
2022-10-31,5732.6,5843.6,5711.6,5775.2,119348.0,0.0057469262651945,0.0057469262651945,-0.014370072021026,-0.0306163555794281,0.0045922627330921,5845.68,-0.0120567667063541,5882.42,-0.0182271922100089,5825.660000000001,-0.0086616795350228,6043.463333333333,-0.0443890065244045,0.0134603492007402,0.0149994342178772,0.0128744236833541,57.76426566884941,5825.660000000001,6056.010510035594,5595.309489964408,0.3904712648732491,142.34285714285696,0.0246472602062018,-0.0306163555794281,0.0045922627330921,-0.0679147837314396,117468.0,1.0160043586338408,-0.0442985265855221,0.7559989,1
2022-11-01,5824.0,5944.0,5757.2,5937.4,140173.0,0.028085607424851,0.028085607424851,0.0184918347742553,-0.0083177445216462,0.0136233269598469,5867.24,0.0119579222939576,5877.4400000000005,0.0102017204769422,5829.65,0.018483099328433,6038.296666666666,-0.0167094583516653,0.016603352827637,0.0157194866071099,0.0133631689793724,59.22330097087377,5829.65,6065.039357180092,5594.260642819907,0.7288761082718836,138.04285714285697,0.023249714882416,-0.0083177445216462,0.0136233269598469,-0.0496206421871499,120016.4,1.1679487136757978,0.1744897275195227,0.7691564,1
2022-11-02,5918.8,6003.8,5917.4,5969.6,96918.0,0.0054232492336714,0.0054232492336714,0.0043406574918403,0.0060671430497505,0.0435269027724365,5872.4,0.0165520059941421,5881.04,0.0150585610708311,5842.1,0.0218243439858953,6035.866666666667,-0.0109788155249729,0.0164319263001289,0.014671969216896,0.0131145354379854,60.00885739592561,5842.1,6079.534870848216,5604.665129151785,0.7684946813930852,138.55714285714274,0.0232104567905961,0.0060671430497505,0.0435269027724365,-0.0238414494554729,115852.6,0.836563011965204,-0.3085829653356923,0.604248,1
2022-11-03,5955.4,5992.4,5938.6,5970.4,76038.0,0.0001340123291342,0.0001340123291342,0.0055241174885474,0.0107672513035821,0.0391979391492027,5878.960000000001,0.0155537714153521,5887.4,0.0140979039983692,5853.36,0.0199953530963412,6034.63,-0.0106435688683482,0.0163325425771422,0.0146706762134866,0.0130309943161723,52.10819411296733,5853.36,6092.7971856974345,5613.922814302565,0.74440648109667,129.78571428571416,0.0217381941387032,0.0107672513035821,0.0391979391492027,-0.0122754193825895,111471.4,0.6821301248571383,-0.2154398563734291,0.47374454,0
2022-11-04,5996.2,6151.2,5988.6,6126.0,108503.0,0.0260619053999733,0.0260619053999733,0.0668384939570199,0.0367587327376117,0.0810333874497071,5955.719999999999,0.0285910015917472,5909.120000000001,0.0367025885411025,5876.320000000001,0.0424891768998283,6035.763333333333,0.0149503321590365,0.0181119470106222,0.0151180974021576,0.0134600852157681,59.45217781769195,5876.320000000001,6128.177516945742,5624.462483054259,0.9956770856551176,136.5714285714285,0.0222937362996128,0.0367587327376117,0.0810333874497071,0.0112248266754704,108196.0,1.002837443158712,0.4269575738446567,0.2640498,0
2022-11-07,6107.4,6150.6,6072.2,6110.4,88274.0,-0.0025465230166503,-0.0025465230166503,0.0580412799556724,0.0428371505614908,0.0916496945010183,6022.76,0.0145514680976825,5934.219999999999,0.0296888217828121,5901.969999999999,0.0353153269162669,6034.429999999999,0.0125894243532529,0.0177695783385657,0.0147193838799232,0.0131623471527331,57.02554744525546,5901.969999999999,6138.231060782499,5665.708939217499,0.9411010415971156,136.28571428571428,0.022303894063517,0.0428371505614908,0.0916496945010183,-0.0129232359782889,101981.2,0.8655909128349147,-0.1864372413665981,0.8285497,1
2022-11-08,6103.8,6123.8,6081.6,6119.8,75198.0,0.0015383608274417,0.0015383608274417,0.0307205173981879,0.0497804309043501,0.0846093860768468,6059.24,0.0099946527947401,5963.24,0.0262541839671051,5925.84,0.0327312246027566,6032.693333333334,0.0144391007222866,0.0175003502983057,0.0147088136869082,0.0131440693522662,61.18184001921688,5925.84,6147.707389506166,5703.9726104938345,0.9371079509064354,133.64285714285714,0.021837781813598,0.0497804309043501,0.0846093860768468,-0.0167416452442159,88986.2,0.8450523789081903,-0.1481296871105875,0.38972062,0
2022-11-09,6127.0,6169.4,6096.0,6101.8,79659.0,-0.0029412725906075,-0.0029412725906075,0.0221455373894396,0.0265823210740603,0.0567717353654313,6085.68,0.0026488412141287,5979.04,0.0205317241563862,5942.2300000000005,0.026853554978518,6030.39,0.0118416885143415,0.0168528496916831,0.0140674242612994,0.0131436648724691,61.83539694100509,5942.2300000000005,6165.29633518911,5719.163664810891,0.8576738728072086,126.90000000000002,0.0207971418270018,0.0265823210740603,0.0567717353654313,-0.0221474358974358,85534.4,0.9313095082212536,0.0593233862602728,0.49419498,0
2022-11-10,6082.2,6106.0,6044.8,6085.4,91101.0,-0.0026877314890688,-0.0026877314890688,0.0192616910089775,0.0248922123416868,0.0512368711995576,6108.679999999999,-0.003810970618857,5993.82,0.0152790707762329,5957.06,0.0215441845474109,6028.1433333333325,0.0094982258218812,0.0169019861371292,0.0141221213078758,0.0131420085225207,60.53447864471482,5957.06,6176.586575779895,5737.533424220104,0.7923108501648525,125.85714285714286,0.0206818192488814,0.0248922123416868,0.0512368711995576,-0.0216713288961769,88547.0,1.028843439077552,0.1436372537942982,0.64677554,1
2022-11-11,6248.0,6249.2,6120.8,6123.2,126079.0,0.0062115883918887,0.0062115883918887,-0.0004570682337577,0.0663508759708821,0.0310847674536085,6108.120000000001,0.0024688447509215,6031.92,0.0151328266953141,5966.289999999999,0.0262994256061976,6024.286666666667,0.0164190947088618,0.0114063895110315,0.0130605022360206,0.0128545832408903,65.956932010646,5966.289999999999,6197.747386324505,5734.832613675493,0.838960882803738,119.88571428571426,0.0195789316510508,0.0663508759708821,0.0310847674536085,-0.0364145658263306,92062.2,1.369498013299704,0.3839474868552486,0.1759961,0
2022-11-14,6133.4,6192.6,6096.0,6111.4,99961.0,-0.001927096942775,-0.001927096942775,0.0001636554071746,0.0582144341321513,0.0258157647374781,6108.32,0.0005042302957278,6065.54,0.0075607447976602,5973.9800000000005,0.0230030900672582,6020.3533333333335,0.015123143381396,0.0117168035462234,0.0130780180736742,0.0128556163904509,67.42517932228535,5973.9800000000005,6214.272870428792,5733.687129571209,0.7859427326220282,115.92857142857144,0.0189692331427449,0.0582144341321513,0.0258157647374781,-0.0371805778744053,94399.6,1.0589133852262085,-0.2071558308679478,0.6469749,1
2022-11-15,6106.0,6222.4,6105.8,6208.4,106743.0,0.0158719769610891,0.0158719769610891,0.0144775973071014,0.0456428739852461,0.0369454836985569,6126.04,0.0134442478338372,6092.639999999999,0.0189999737388062,5985.04,0.0373197171614558,6017.87,0.0316607038703062,0.0095675834025088,0.0134582530475041,0.013027024661821,66.71721000758141,5985.04,6247.257124977638,5722.822875022362,0.9259065841314666,111.88571428571426,0.0180216664979244,0.0456428739852461,0.0369454836985569,-0.0234372542234246,100708.6,1.0599194110532764,0.0678464601194466,0.39180124,0
2022-11-16,6207.4,6241.0,6173.6,6187.8,89665.0,-0.0033180851749241,-0.0033180851749241,0.0140942017109704,0.036551862771375,0.0428407712012943,6143.24,0.0072535014096797,6114.46,0.0119945179132745,5997.75,0.0316868825809679,6014.666666666667,0.0287851917534913,0.0098698132615178,0.01327683932792,0.0130226665481316,65.52494415487709,5997.75,6273.749355453024,5721.750644546976,0.8442942822965169,111.17142857142856,0.017966228477234,0.036551862771375,0.0428407712012943,-0.0301253918495297,102709.8,0.8729936189146508,-0.1599917558996842,0.64192724,1
2022-11-17,6153.2,6207.0,6133.6,6202.4,104755.0,0.0023594815604899,0.0023594815604899,0.0192263450225129,0.0388583679485461,0.0500440170650775,6166.639999999999,0.0057989439954335,6137.66,0.0105479938608523,6012.53,0.0315790524122123,6011.083333333333,0.0318273189802171,0.0098068723425077,0.0131829080869157,0.0130018345820199,86.81599999999993,6012.53,6299.464821867191,5725.5951781328085,0.8308591107284321,100.91428571428568,0.0162701995540896,0.0388583679485461,0.0500440170650775,-0.0335026646305357,105440.6,0.993497760824578,0.1682930909496458,0.3037165,0
2022-11-18,6216.4,6249.4,6184.0,6198.0,102936.0,-0.0007094028118147,-0.0007094028118147,0.0122158348575909,0.0117531831537707,0.0489439480097482,6181.6,0.0026530348129933,6144.86,0.0086478780639429,6026.99,0.0283740308180369,6007.856666666668,0.0316491128006271,0.0059812510578095,0.013194142959045,0.0129935971262471,85.44600938967135,6026.99,6320.976193016212,5733.003806983787,0.7908469922439003,96.15714285714276,0.0155142211773382,0.0117531831537707,0.0489439480097482,-0.0302897553038363,100812.0,1.021068920366623,-0.0173643262851415,0.31866878,0
2022-11-21,6128.8,6200.6,6123.8,6187.2,82105.0,-0.0017424975798645,-0.0017424975798645,0.0124030500376346,0.0125687352710133,0.0559442946376762,6196.76,-0.0015427416908191,6152.539999999999,0.0056334456988496,6043.38,0.023797940887384,6005.960000000001,0.030176691153454,0.0059307054288805,0.0129895054206051,0.0128692179173743,78.06741573033705,6043.38,6334.562934722552,5752.197065277448,0.7469581538784815,88.29999999999993,0.014271399017326,0.0125687352710133,0.0559442946376762,-0.0180606252975717,97240.8,0.8443472287352634,-0.2023684619569441,0.30925164,0
2022-11-22,6177.6,6188.2,6086.6,6118.0,95430.0,-0.0111843806568399,-0.0111843806568399,-0.0145609174666579,-0.0002941272590607,0.0494716618635926,6178.679999999999,-0.0098208678876393,6152.36,-0.0055848487409708,6057.8,0.0099376011093135,6001.7266666666665,0.01937331367973,0.0071125747751945,0.0132534067282949,0.0128558726815538,65.39419087136926,6057.8,6332.504878963349,5783.095121036651,0.6095721346981093,89.38571428571413,0.0146102834726567,-0.0002941272590607,0.0494716618635926,-0.0398618957940991,94978.2,1.0047568810527048,0.1622921868339322,0.32235754,0
2022-11-23,6116.4,6139.6,6036.2,6106.8,90324.0,-0.0018306636155606,-0.0018306636155606,-0.0130902744109376,0.0008194303320332,0.0274235337662773,6162.4800000000005,-0.009035323441212,6152.86,-0.007485949623427,6065.95,0.0067343120203759,5997.243333333333,0.0182678375008964,0.0070702063030673,0.0126515828733868,0.0128558745750271,63.85052802599517,6065.95,6336.047335281685,5795.852664718314,0.5756208867395854,92.92857142857136,0.0152172285695571,0.0008194303320332,0.0274235337662773,-0.042190783901628,95110.0,0.9496793186836296,-0.053505187048098,0.70078164,1
2022-11-24,6140.2,6145.4,6078.6,6109.6,78363.0,0.0004585052728107,0.0004585052728107,-0.0149619502128207,0.0039767311926908,0.0289679331716519,6143.92,-0.0055860102345082,6155.28,-0.0074212708438933,6074.55,0.0057699747306385,5995.863333333334,0.0189691893132988,0.0070018281483535,0.012640586761071,0.0123143197674783,47.585394581861074,6074.55,6338.319081624446,5810.780918375554,0.5664406908196775,84.78571428571415,0.0138774574907873,0.0039767311926908,0.0289679331716519,-0.0133712292487564,89831.6,0.8723322305291233,-0.1324232762056596,0.24631691,0
2022-11-25,6084.0,6101.4,6041.8,6075.4,77719.0,-0.0055977478067305,-0.0055977478067305,-0.0197805743788319,-0.0078063757512412,0.0580265403503883,6119.4,-0.0071902474098768,6150.5,-0.0122103893992359,6091.21,-0.0025955434141985,5993.456666666666,0.0136721324422133,0.0069115856952104,0.0099068130628125,0.0123191916232031,45.11446119486322,6091.21,6303.699107089112,5878.720892910888,0.4627980930020799,84.02857142857127,0.013830952929613,-0.0078063757512412,0.0580265403503883,-0.0232161805845848,84788.2,0.9166251907694704,-0.0082181641846279,0.40834308,0
2022-11-28,5981.6,6059.2,5957.2,6056.0,92228.0,-0.0031932053856535,-0.0031932053856535,-0.021205068528575,-0.0090650260169519,0.0486216927552292,6093.160000000001,-0.0060986417556736,6144.96,-0.014476904650315,6105.25,-0.0080668277302321,5990.903333333334,0.0108659183840389,0.0069468072576244,0.0099716676715337,0.0123235329010287,41.33623030961431,6105.25,6258.739372167484,5951.760627832516,0.3395654392726962,89.4571428571427,0.0147716550292507,-0.0090650260169519,0.0486216927552292,-0.0246730657733684,86812.8,1.0623778981901286,0.186685366512693,0.6225924,1
2022-11-29,6100.6,6178.4,6082.2,6151.4,95656.0,0.0157529722589166,0.0157529722589166,0.0054593004249754,-0.0091811094645963,0.0360427122983124,6099.84,0.0084526807260516,6139.26,0.0019774370200968,6115.95,0.0057963194597732,5989.9366666666665,0.0269557663659214,0.0069149335192565,0.0085863125827453,0.0124975077830993,55.56552962298019,6115.95,6248.592447758305,5983.307552241695,0.633629922393302,92.9571428571427,0.0151115425524502,-0.0091811094645963,0.0360427122983124,-0.009340677038039,86858.0,1.1012917635681228,0.0371687556924145,0.296741,0
2022-11-30,6149.8,6171.2,6108.4,6138.4,73904.0,-0.0021133400526709,-0.0021133400526709,0.0051745595074341,-0.0079834513074114,0.028276601447333,6106.160000000001,0.0052799140540042,6134.32,0.0006651103952841,6124.389999999999,0.0022875747625477,5988.87,0.0249679822737844,0.0068785324483267,0.0085846171180248,0.0124995569899172,55.99276345545004,6124.389999999999,6237.928862347229,6010.8511376527695,0.5616969366715785,93.07142857142844,0.0151621641749362,-0.0079834513074114,0.028276601447333,-0.0103185863536695,83574.0,0.8842941584703377,-0.2273981768002007,0.5688924,1
2022-12-01,6210.2,6227.8,6165.4,6165.4,80820.0,0.0043985403362438,0.0043985403362438,0.0091331674741388,-0.0059654327357152,0.0326611282326141,6117.32,0.0078596509582626,6130.62,0.0056731619314196,6134.139999999999,0.0050960688865921,5990.320000000001,0.0292271531403995,0.0070108895533648,0.0086036774534794,0.0122353484681,54.89105238757533,6134.139999999999,6222.755369938956,6045.524630061043,0.6763802375453271,87.75714285714275,0.0142338117327574,-0.0059654327357152,0.0326611282326141,0.0143129770992367,84065.4,0.961394342975826,0.0935808616583675,0.3244663,0
2022-12-02,6178.8,6206.2,6148.0,6151.4,68983.0,-0.002270736691861,-0.002270736691861,0.0125094643974059,-0.0075185543723782,0.0041462618348024,6132.52,0.0030786691278625,6125.96,0.0041528184970192,6135.41,0.0026061827978896,5991.983333333334,0.0266049916694248,0.0070315426613308,0.0064291418483818,0.0122244778904535,54.61254612546127,6135.41,6224.261902801927,6046.558097198073,0.5899811905865732,85.01428571428558,0.0138203150037854,-0.0075185543723782,0.0041462618348024,0.0164915063784782,82318.2,0.8380042323568786,-0.1464612719623855,0.7520039,1
2022-12-05,6194.8,6201.6,6159.8,6179.0,85661.0,0.0044867834964399,0.0044867834964399,0.0203104359313077,-0.0013253167830359,0.0112267609321812,6157.12,0.0035536094797568,6125.14,0.008793268398763,6138.84,0.0065419525512964,5993.856666666666,0.0308888489714749,0.0072058673096049,0.0064617551263872,0.0122331611547367,45.96375617792425,6138.84,6228.914738557821,6048.76526144218,0.7229259870358681,80.27142857142852,0.01299100640418,-0.0013253167830359,0.0112267609321812,0.018527676128309,81004.8,1.0574805443628033,0.2417697113781656,0.49460718,0
2022-12-06,6179.4,6235.6,6154.2,6183.8,87060.0,0.0007768247289205,0.0007768247289205,0.0052670936697338,0.0107551487414188,0.0104578580999379,6163.6,0.0032773054708286,6131.719999999999,0.0084935385177407,6142.04,0.0067990439658485,5995.406666666667,0.0314229448989282,0.0060657703359383,0.0064580415168462,0.0122241227330019,49.42594718714121,6142.04,6233.79827282334,6050.28172717666,0.7275544139785614,81.27142857142859,0.0131426353652169,0.0107551487414188,0.0104578580999379,0.0152689301897943,79285.6,1.0980556368369538,0.016331819614527,0.1842785,0
2022-12-07,6172.2,6222.2,6152.6,6170.8,82218.0,-0.0021022672143342,-0.0021022672143342,0.0052782484034927,0.010480120521386,0.0113081385820577,6170.08,0.000116692166066,6138.12,0.0053241057522499,6145.49,0.0041184673638718,5994.876666666667,0.029345613448817,0.0060808744176461,0.0064369279291611,0.0119958897680278,45.44405997693203,6145.49,6236.058773519273,6054.921226480727,0.6397280708157894,81.0,0.0131263369417255,0.010480120521386,0.0113081385820577,-0.0051268822751749,80948.4,1.0156840654046282,-0.0556168159889731,0.34275693,0
2022-12-08,6167.0,6179.0,6135.4,6158.8,79466.0,-0.0019446425098852,-0.0019446425098852,-0.0010704901547343,0.0080529003535418,0.0120616557662602,6168.76,-0.0016145870482884,6143.04,0.0025655050268271,6149.16,0.0015676937988278,5993.836666666667,0.0275221602635151,0.0061543129186732,0.0064191817288311,0.011991816150616,44.46952595936798,6149.16,6235.317515479655,6063.002484520344,0.5559440458927616,79.44285714285719,0.0128990805258909,0.0080529003535418,0.0120616557662602,-0.0100302192503053,80677.6,0.9849822007595664,-0.0334719891021431,0.5276875,0
2022-12-09,6160.6,6195.8,6123.8,6170.0,94187.0,0.0018185360784568,0.0018185360784568,0.0030237019215137,0.0155709912104553,0.0076430624510059,6172.4800000000005,-0.0004017833998652,6152.5,0.0028443722064201,6151.5,0.0030073965699422,5993.3966666666665,0.0294663182090957,0.0057271253437062,0.0062916403551629,0.0119833212485822,47.576099210823024,6151.5,6237.229906345731,6065.770093654269,0.6078970034412102,79.10000000000004,0.0128200972447325,0.0155709912104553,0.0076430624510059,-0.0042605383771221,85718.4,1.0987955911449585,0.1852490373241386,0.24938917,0
2022-12-12,6150.0,6157.6,6109.6,6137.4,100559.0,-0.0052836304700162,-0.0052836304700162,-0.006732480983978,0.0134412153236458,0.0042543443400857,6164.160000000001,-0.0043412241083945,6160.639999999999,-0.0037723353417826,6152.8,-0.0025029254973346,5991.666666666667,0.0243226703755214,0.0059536073880987,0.006400787295068,0.0119642263522355,53.04839723444368,6152.8,6236.739426781242,6068.860573218758,0.4082671839055139,76.15714285714292,0.0124086979595827,0.0134412153236458,0.0042543443400857,-0.0166314170351855,88698.0,1.1337234210466978,0.06765264845467,0.38889045,0
2022-12-13,6130.4,6130.6,6094.2,6107.2,94174.0,-0.0049206504382963,-0.0049206504382963,-0.0123872052783079,-0.0071853561790811,-0.0163004961020553,6148.839999999999,-0.0067720090293452,6156.22,-0.0079626783968085,6147.74,-0.0065942931874152,5989.766666666666,0.0196056607658616,0.0034676805065705,0.0053249226812997,0.0119735564492722,50.05931198102011,6147.74,6229.745915062306,6065.734084937693,0.2528227081595366,71.85714285714286,0.011765971780381,-0.0071853561790811,-0.0163004961020553,-0.018324439014981,90120.8,1.0449751888576222,-0.0634950626000656,0.28797805,0
2022-12-14,6100.0,6128.4,6061.0,6077.6,106403.0,-0.004846738276133,-0.004846738276133,-0.0151033901601088,-0.0099048612016159,-0.0178092375319176,6130.2,-0.0085804704577338,6150.14,-0.0117948534504905,6142.2300000000005,-0.0105222370376882,5988.093333333334,0.0149474401423268,0.0036906718338499,0.0053735969040774,0.0119566963323943,45.604395604395606,6142.2300000000005,6227.640737645842,6056.819262354159,0.121651786523665,71.90000000000002,0.0118303277609582,-0.0099048612016159,-0.0178092375319176,-0.0162512139851084,94957.8,1.1205293298707426,0.1298553740947607,0.32065034,0
2022-12-15,6068.0,6097.8,6054.2,6076.6,106555.0,-0.0001645386336711,-0.0001645386336711,-0.0133467558615314,-0.0144029584455184,-0.0202824713014315,6113.76,-0.0060780926958206,6141.26,-0.0105287839954667,6135.9400000000005,-0.0096708898718045,5989.1033333333335,0.014609309907827,0.0032000580997377,0.0053228018116974,0.0114584521154599,50.18137847642091,6135.9400000000005,6221.221957121484,6050.658042878517,0.1520952262184192,70.1714285714286,0.0115478110409486,-0.0144029584455184,-0.0202824713014315,0.0100731382978724,100375.6,1.0615627702349972,0.0014285311504373,0.5546325,1
2022-12-16,6067.0,6079.2,6027.6,6077.6,106371.0,0.0001645657110884,0.0001645657110884,-0.0149756888168557,-0.0119972689143933,-0.0194256211681186,6095.280000000001,-0.0029006050583402,6133.88,-0.0091752691607921,6129.92,-0.0085351847984964,5992.780000000001,0.0141536982836012,0.0032228292218711,0.0053289887039396,0.0109109456810331,53.45710627400774,6129.92,6213.7420069077925,6046.097993092208,0.1879101209211455,65.41428571428573,0.0107631771940051,-0.0119972689143933,-0.0194256211681186,0.0376643332764214,102812.4,1.034612556462061,-0.0017268077518652,0.2827794,0
2022-12-19,6078.6,6081.2,5910.4,5950.8,82979.0,-0.0208634987495064,-0.0208634987495064,-0.0304037540326521,-0.0369315423207639,-0.0382079131109386,6057.96,-0.0176891230711327,6111.06,-0.0262245829692392,6118.1,-0.0273450907961622,5995.06,-0.0073827451268211,0.0065272910641747,0.0069454875616555,0.0112147472273772,20.826061663758097,6118.1,6229.910780009182,6006.289219990818,-0.2481389539821709,68.87142857142862,0.0115734739146717,-0.0369315423207639,-0.0382079131109386,0.023529411764706,99296.4,0.8356697725194469,-0.2199095618166605,0.09313707,0
2022-12-20,5929.4,5931.0,5865.2,5881.6,71706.0,-0.0116286885796866,-0.0116286885796866,-0.0369400052397169,-0.0488696270901387,-0.038640078457012,6012.84,-0.0218266243572088,6080.84,-0.0327652100696613,6106.28,-0.0367949062276867,5995.49,-0.0189959452855394,0.0067492719143726,0.0069773073192294,0.0112859687606816,17.90000000000009,6106.28,6260.191000940392,5952.368999059608,-0.2299023417014072,70.50000000000007,0.0119865342763873,-0.0488696270901387,-0.038640078457012,0.004405888179241,94802.8,0.7563700650191766,-0.1358536497186034,0.11982501,0
2022-12-21,5888.0,5897.2,5808.2,5848.6,64933.0,-0.005610718171926,-0.005610718171926,-0.0376793471107016,-0.0522136513904193,-0.0422807362284666,5967.04,-0.0198490373786667,6048.620000000001,-0.0330686999679266,6093.370000000001,-0.0401698895684983,5994.87,-0.0243991946447544,0.0066739921411827,0.0070250759082354,0.0112906447867081,10.98522167487694,6093.370000000001,6285.634172429365,5901.105827570636,-0.13654605251513,70.4714285714286,0.0120492816351654,-0.0522136513904193,-0.0422807362284666,-0.0063202963063644,86508.8,0.7505941592069246,-0.0944551362508019,0.13337243,0
2022-12-22,5863.6,5878.2,5755.2,5786.8,75138.0,-0.0105666313305748,-0.0105666313305748,-0.0476911430734292,-0.0604013768916023,-0.0528348828073851,5909.08,-0.0206935766650645,6011.42,-0.0373655475744499,6077.2300000000005,-0.0477898647903732,5993.34,-0.034461585693453,0.0067448895397317,0.007240196975655,0.011371341972242,9.828118113706566,6077.2300000000005,6313.025603726601,5841.4343962734,-0.1158511766333593,75.10000000000004,0.0129778115711619,-0.0604013768916023,-0.0528348828073851,-0.015615962984384,80225.4,0.9365861684703348,0.1571619977515284,0.34781137,0
2022-12-23,5779.8,5821.6,5738.0,5778.0,74175.0,-0.0015207022879657,-0.0015207022879657,-0.0492957746478873,-0.0635332252836304,-0.0489515093656384,5849.160000000001,-0.0121658494553065,5972.219999999999,-0.032520570240212,6062.360000000001,-0.0469058254541137,5992.636666666667,-0.0358167328682812,0.0063769648206862,0.0072112213711777,0.0113009112406725,3.908045977011497,6062.360000000001,6333.502164303358,5791.217835696643,-0.024374364146948,77.4857142857143,0.0134104732235573,-0.0635332252836304,-0.0489515093656384,-0.0072506099446754,73786.2,1.0052692779950725,-0.012816417791264,0.7534374,1
2022-12-26,5788.0,5865.4,5781.4,5846.4,61496.0,0.0118380062305294,0.0118380062305294,-0.0175438596491228,-0.0474142144882198,-0.0346103038309115,5828.280000000001,0.0031089789783604,5943.120000000001,-0.0162742801760693,6051.88,-0.0339530856527228,5994.263333333334,-0.0246674737346097,0.0086429486413311,0.0078849626451803,0.0112879939666461,16.165262735659752,6051.88,6339.744190200782,5764.015809799218,0.1430955864001694,77.91428571428567,0.0133268824771287,-0.0474142144882198,-0.0346103038309115,0.0169774561647646,69489.6,0.8849669590845248,-0.1709336029659588,0.48216492,0
2022-12-27,5867.4,5893.2,5834.6,5884.0,53024.0,0.0064313081554461,0.0064313081554461,0.0004080522306855,-0.036547026460571,-0.0434697792372467,5828.76,0.0094771443668979,5920.8,-0.0062153763004999,6038.51,-0.0255874379606889,5994.703333333333,-0.018466857687147,0.0093441461611884,0.0070258452429259,0.0110521590238035,22.591743119266027,6038.51,6331.701813628725,5745.318186371275,0.2365035570269033,77.12857142857138,0.0131081868505389,-0.036547026460571,-0.0434697792372467,0.0045069653100244,65753.2,0.8064094218988582,-0.1377650578899441,0.28806472,0
2022-12-28,5865.2,5888.8,5849.2,5870.0,46293.0,-0.0023793337865397,-0.0023793337865397,0.003658995315118,-0.0341582203501382,-0.0437247491202918,5833.04,0.0063363186263081,5900.04,-0.0050914909051463,6025.09,-0.0257406943298772,5997.193333333333,-0.0212088098988525,0.0093423960892032,0.0070259320720314,0.0106185644135093,22.505712109672487,6025.09,6323.55361604929,5726.62638395071,0.2401860869125373,76.84285714285708,0.0130907763446093,-0.0341582203501382,-0.0437247491202918,0.0261161416634618,62025.2,0.7463579319373417,-0.1269425165962583,0.23456492,0
2022-12-29,5853.8,5903.6,5835.8,5856.2,54369.0,-0.0023509369676321,-0.0023509369676321,0.0119928112255476,-0.0362702827238917,-0.0501508417945307,5846.92,0.0015871604195027,5878.0,-0.0037087444709085,6009.629999999999,-0.025530689909362,5999.043333333333,-0.0238110187568795,0.009282877225828,0.0068517686913909,0.0106127767017847,20.2728306176582,6009.629999999999,6309.520935262451,5709.739064737548,0.244190333953035,76.5428571428571,0.013070396698005,-0.0362702827238917,-0.0501508417945307,0.01932047622363,57871.4,0.9394796047788716,0.1744540211263041,0.29692635,0
2022-12-30,5871.4,5883.6,5837.6,5851.8,53373.0,-0.0007513404596837,-0.0007513404596837,0.012772585669782,-0.0371528234829537,-0.0487043599830931,5861.679999999999,-0.0016855236041543,5855.42,-0.000618230630766,5994.65,-0.0238295813767275,6002.126666666666,-0.0250455671822985,0.0092455164066893,0.0068634050253766,0.0104534115742667,21.417133706965583,5994.65,6294.6544876856615,5694.645512314338,0.2619202280905968,75.5142857142857,0.0129044543070996,-0.0371528234829537,-0.0487043599830931,0.0326462906755136,53711.0,0.9937070618681462,-0.0183192628152072,0.58366287,1
2023-01-03,5852.6,5955.0,5830.8,5933.6,68573.0,0.013978604873714,0.013978604873714,0.0149151614668856,-0.0028903676816561,-0.0397151642660623,5879.12,0.0092666929744589,5853.7,0.0136494866494696,5982.38,-0.0081539454197158,6007.73,-0.0123391031221441,0.0086195602165719,0.0076526316016021,0.0104558878727761,34.252539912917314,5982.38,6270.474981413679,5694.285018586321,0.4153404204394038,81.29999999999998,0.0137016313873533,-0.0028903676816561,-0.0397151642660623,0.0600636009575876,55126.4,1.2439230568293955,0.2847881887845915,0.39088103,0
2023-01-04,5931.6,5946.8,5897.8,5929.8,52527.0,-0.0006404206552514,-0.0006404206552514,0.0077838205302516,0.0081950489662676,-0.0410750671108379,5888.280000000001,0.0070512951150421,5858.52,0.0121668953933757,5969.679999999999,-0.0066804250814113,6012.52,-0.0137579583934855,0.0076551206214083,0.0076321354191565,0.010417184739408,35.93452607537114,5969.679999999999,6242.371362841547,5696.988637158452,0.4268770385969793,79.9857142857143,0.0134887710016719,0.0081950489662676,-0.0410750671108379,0.0509357720119099,55027.0,0.9545677576462464,-0.2339988041940706,0.6862056,1
2023-01-05,5933.6,6004.8,5926.8,5990.4,61976.0,0.0102195689567943,0.0102195689567943,0.0205110732538329,0.0242451184898948,-0.0292344590652752,5912.36,0.013199466879554,5872.7,0.0200418887394213,5960.66,0.00498938037063,6016.126666666667,-0.0042762840764657,0.0078075779874443,0.008111434623299,0.0100703006857119,42.632478632478566,5960.66,6216.770834559781,5704.5491654402185,0.5580608002217452,82.44285714285714,0.0137624961843711,0.0242451184898948,-0.0292344590652752,0.0374783512296501,58163.6,1.0655461491379488,0.1798884383269556,0.81163406,1
2023-01-06,5982.2,6036.6,5978.8,6001.2,58244.0,0.0018028846153845,0.0018028846153845,0.0247600833304872,0.0370498375613463,-0.0255894005325713,5941.36,0.0100717680800355,5894.14,0.0181638033708055,5952.780000000001,0.0081340146956545,6019.666666666667,-0.0030677224652528,0.006367525438364,0.008142657818144,0.0100683473846032,43.5776731674512,5952.780000000001,6192.388343585424,5713.171656414577,0.6010398871664017,82.88571428571433,0.0138115234096038,0.0370498375613463,-0.0255894005325713,0.0366915422885572,58938.6,0.988214854102405,-0.0602168581386343,0.8087449,1
2023-01-09,6016.6,6056.2,6007.0,6010.2,58461.0,0.0014997000599878,0.0014997000599878,0.0270685942786834,0.0401869158878505,-0.0258995137763371,5973.04,0.0062212876525187,5917.36,0.0156894290697202,5944.79,0.0110029117933518,6020.86,-0.0017705111894313,0.0061626713407796,0.0081366156065924,0.0095094394540633,56.22641509433959,5944.79,6163.659573274187,5725.920426725813,0.6494268915991762,74.61428571428574,0.0124146094496498,0.0401869158878505,-0.0258995137763371,0.0120567137035663,59956.2,0.9750617951104308,0.0037257056520842,0.57419086,1
2023-01-10,6002.2,6035.0,5992.6,6024.6,48961.0,0.0023959269242288,0.0023959269242288,0.0153363893757583,0.0304802955665026,-0.0183791181933716,5991.24,0.0055681294690248,5935.18,0.0150660974056389,5939.15,0.014387580714412,6021.976666666667,0.0004356266187237,0.0055112555554267,0.0081189029890312,0.0095057723623199,66.93510184746563,5939.15,6142.375728789608,5735.924271210391,0.7102342073243685,71.5285714285714,0.0118727502952181,0.0304802955665026,-0.0183791181933716,0.0112461393849871,56033.8,0.8737761850882859,-0.1625014967243119,0.33173367,0
2023-01-11,6027.6,6049.4,5985.4,5998.4,63578.0,-0.004348836437274,-0.004348836437274,0.0115686869708926,0.0194425560842963,-0.0178150379879487,6004.96,-0.0010924302576537,5946.62,0.0087074674352825,5933.71,0.0109021168880851,6022.163333333333,-0.0039459795455564,0.0058158773979507,0.0081049779532326,0.0095031695448949,68.0308136735675,5933.71,6123.36686355811,5744.05313644189,0.6705448428977604,69.74285714285712,0.0116269100331516,0.0194425560842963,-0.0178150379879487,0.0018706574024585,58244.0,1.091580248609299,0.298543738894222,0.3445959,0
2023-01-12,6009.0,6035.4,5978.8,5994.8,63682.0,-0.0006001600426779,-0.0006001600426779,0.0007345085470087,0.0212606473594549,-0.0136237988679742,6005.84,-0.0018382108081467,5959.1,0.0059908375425818,5929.570000000001,0.0110007976969661,6023.183333333333,-0.0047123475681464,0.0056949285948504,0.0080506772277353,0.0094295728515214,79.11534154535268,5929.570000000001,6109.359972204309,5749.780027795692,0.6814061129223435,64.99999999999993,0.0108427303663174,0.0212606473594549,-0.0136237988679742,0.0103141431845759,58585.2,1.0869980814267084,0.0016357859636981,0.5914569,1
2023-01-13,6009.0,6057.8,5997.0,6057.8,64550.0,0.0105091078935077,0.0105091078935077,0.0094314470439245,0.0344250537891466,-0.0030938353684626,6017.16,0.0067540168451563,5979.26,0.0131354047156337,5928.63,0.0217874955934169,6025.7,0.0053271819041771,0.0060159680780505,0.008429740611709,0.0095010433742789,84.00583373845404,5928.63,6105.353692749191,5751.90630725081,0.8654575059817264,63.52857142857134,0.0104870697990312,0.0344250537891466,-0.0030938353684626,0.0255637570258007,59846.4,1.0785945353438136,0.01363022518137,0.72916216,1
2023-01-16,6069.6,6173.8,6069.6,6113.4,94966.0,0.009178249529532,0.009178249529532,0.0171708096236398,0.044704193581462,0.0058904830854282,6037.8,0.012521116963132,6005.42,0.0179804243500036,5930.42,0.0308544757369628,6029.11,0.0139805045852539,0.0060726395130477,0.0086829646128616,0.0095673523158904,83.49222277972902,5930.42,6114.085778836865,5746.754221163135,0.9981330794413412,65.57142857142851,0.0107258528104538,0.044704193581462,0.0058904830854282,0.0346263200649876,67147.4,1.4142915436785342,0.4712006196746707,0.87922055,1
2023-01-17,6120.6,6140.0,6111.0,6127.2,64449.0,0.002257336343115,0.002257336343115,0.0170301762772631,0.0326277470675473,0.0296430732002419,6058.32,0.0113694885710891,6024.780000000001,0.0169997908637327,5939.24,0.0316471467729877,6033.573333333333,0.0155176147689153,0.0050660359239129,0.0071093840482788,0.0094965057240355,82.4439701173959,5939.24,6142.882353158575,5735.597646841425,0.9614953546859594,63.457142857142834,0.0103566299218473,0.0326277470675473,0.0296430732002419,0.0457043383281565,70245.0,0.9174887892376682,-0.3213465871996294,0.83334166,1
2023-01-18,6137.6,6175.4,6135.2,6150.6,75495.0,0.0038190364277321,0.0038190364277321,0.0253734329154442,0.0372356571891125,0.0457358541893362,6088.76,0.0101564193694612,6046.86,0.0171560115497961,5952.6900000000005,0.0332471538077743,6038.923333333334,0.0184928108045749,0.0048806235309117,0.0064148299025127,0.0094726829772257,86.51743883394063,5952.6900000000005,6174.982419076559,5730.397580923443,0.9451568812426284,64.07142857142851,0.0104171021642487,0.0372356571891125,0.0457358541893362,0.0550638122684232,72628.4,1.0394694086610747,0.1713913326816551,0.8888836,1
2023-01-19,6128.6,6215.6,6125.0,6213.2,84499.0,0.0101778688258056,0.0101778688258056,0.0364315740308267,0.037192841880342,0.0623397052286016,6132.4400000000005,0.013169309442897,6069.139999999999,0.023736476667205,5970.92,0.0405766615529934,6043.413333333333,0.0280944984732689,0.0048744227848624,0.0063668277129904,0.0092334895155041,91.22401847575058,5970.92,6215.912026508192,5725.927973491808,0.9944650718906122,65.69999999999995,0.0105742612502414,0.037192841880342,0.0623397052286016,0.0453245398566573,76791.8,1.1003648827088308,0.1192661765679845,0.91742617,1
2023-01-20,6236.0,6259.6,6223.6,6247.8,74943.0,0.0055687890298075,0.0055687890298075,0.0313645217735811,0.0410917816436713,0.079664063040022,6170.4400000000005,0.0125371934578408,6093.8,0.0252715875151794,5993.969999999999,0.0423475592970936,6048.583333333333,0.0329360869625119,0.0048596724437518,0.0055164317973993,0.0092507897618279,92.74611398963724,5993.969999999999,6252.401097199924,5735.5389028000745,0.9910980194531998,65.72857142857141,0.0105202745652183,0.0410917816436713,0.079664063040022,0.0522433306386418,78870.4,0.950204385929322,-0.113090095740778,0.80895954,1
2023-01-30,6335.2,6348.2,6253.0,6254.0,78405.0,0.0009923493069559,0.0009923493069559,0.0229986586842019,0.0405643738977072,0.0823814468674282,6198.56,0.0089440128029736,6118.18,0.0221994122435102,6017.77,0.0392554052414766,6057.113333333334,0.0325050326503162,0.0048917486365558,0.0054152516291588,0.008117211307178,91.33126934984512,6017.77,6280.099749100465,5755.440250899535,0.9502539281382284,64.0285714285714,0.0102380190963497,0.0405643738977072,0.0823814468674282,0.0891296018947442,75558.2,1.0376769166020363,0.0461951082822944,0.88657635,1
2023-01-31,6258.0,6299.2,6246.2,6278.2,61423.0,0.0038695235049568,0.0038695235049568,0.0246442094268182,0.0420940809348338,0.0738574165298304,6228.76,0.0079373743730692,6143.539999999999,0.0219189587762105,6039.36,0.0395472367933025,6065.496666666667,0.0350677520774609,0.0048603212213875,0.0050900384421282,0.008103998917705,92.6960784313725,6039.36,6313.130479358849,5765.589520641151,0.9362048102471572,64.31428571428569,0.0102440644952829,0.0420940809348338,0.0738574165298304,0.0870965507688046,74953.0,0.8194868784438248,-0.2165933295070468,0.8678496,1
2023-02-01,6293.4,6348.4,6275.8,6335.6,71316.0,0.0091427479213788,0.0091427479213788,0.0300783663382433,0.0562149906641773,0.07675050985724,6265.76,0.0111462935062944,6177.26,0.0256327238937652,6061.9400000000005,0.0451439638135646,6072.133333333333,0.0433894732219319,0.0040456641338877,0.005204755022211,0.007384827445766,92.6383399209486,6061.9400000000005,6355.534094304497,5768.345905695504,0.9660516088518082,63.92857142857137,0.0100903736707764,0.0562149906641773,0.07675050985724,0.0670663926971402,74117.2,0.9622058037810388,0.1610634452892239,0.8234522,1
2023-02-02,6355.4,6384.2,6319.6,6343.8,68471.0,0.0012942736283856,0.0012942736283856,0.0210197643726259,0.0582171215053046,0.0807155025553663,6291.88,0.0082519056307495,6212.16,0.0211906969556483,6085.63,0.0424228880165242,6078.37,0.0436679570345339,0.0037632158398252,0.0050405165004455,0.0073631514805476,92.5907508702138,6085.63,6390.267096265379,5780.992903734621,0.9237336870081968,64.4142857142856,0.0101538960424801,0.0582171215053046,0.0807155025553663,0.0626842669525595,70911.6,0.9655824999012854,-0.0398928711649559,0.3065041,0
2023-02-03,6318.8,6332.8,6245.8,6314.2,81332.0,-0.0046659730760743,-0.0046659730760743,0.0106277409648196,0.0423255967512958,0.0782077114852635,6305.16,0.0014337463284039,6237.8,0.0122479079162525,6108.530000000001,0.0336693116019728,6084.1,0.0378198911917948,0.0045725616572311,0.0052151920876322,0.0073991536024127,85.9508041627246,6108.530000000001,6409.383446399528,5807.676553600473,0.8418109422733244,67.48571428571417,0.0106879278904238,0.0423255967512958,0.0782077114852635,0.0575840814685784,72189.4,1.1266474025272408,0.187831344656862,0.15468179,0
2023-02-06,6266.8,6302.8,6242.0,6282.4,72331.0,-0.0050362674606443,-0.0050362674606443,0.0045410937000318,0.0276441914482938,0.0735841963156633,6310.84,-0.0045065316186119,6254.7,0.0044286696404303,6130.06,0.0248513065124975,6086.706666666666,0.0321509387671057,0.0050272078612045,0.0054920246468765,0.0066636581224805,79.28214447978178,6130.06,6414.752058196124,5845.367941803876,0.7675522474445938,69.61428571428561,0.0110808426261119,0.0276441914482938,0.0735841963156633,0.0255305256284688,70974.6,1.0191110622673465,-0.1106698470466729,0.577341,1
2023-02-07,6285.4,6294.6,6235.0,6290.2,70139.0,0.0012415637336049,0.0012415637336049,0.0019113758720652,0.0266026896461679,0.0600984225428069,6313.24,-0.0036494731706698,6271.0,0.003061712645511,6147.889999999999,0.0231477791567513,6089.703333333334,0.032923880802075,0.0050483059484507,0.004931496707881,0.0066527989602122,84.58985301090564,6147.889999999999,6425.350498089265,5870.429501910734,0.7564509200048649,69.29999999999993,0.0110171377698642,0.0266026896461679,0.0600984225428069,0.0294252422100027,72717.8,0.9645368809287408,-0.0303051250501168,0.23355469,0
2023-02-08,6292.8,6297.4,6220.6,6239.6,68966.0,-0.0080442593240277,-0.0080442593240277,-0.0151524717469536,0.0144701329951548,0.052244595095956,6294.04,-0.0086494524979185,6279.9,-0.0064172996385291,6163.38,0.0123665910588022,6091.7,0.024278936914162,0.006037542820697,0.0054631606779243,0.0067420008676155,76.10921501706486,6163.38,6423.632602797936,5903.1273972020645,0.6464346546020496,70.74285714285705,0.011337723114119,0.0144701329951548,0.052244595095956,0.0195758031308213,72247.8,0.9545757794701016,-0.016723933902679,0.7170619,1
2023-02-09,6230.0,6339.8,6223.8,6335.2,83170.0,0.0153214949676261,0.0153214949676261,-0.0013556543396703,0.019635614498165,0.0575587606837606,6292.320000000001,0.0068146565972486,6292.1,0.0068498593474355,6180.62,0.0250104358462419,6095.589999999999,0.0393087461591086,0.0070049388641702,0.0059379430178915,0.0069984726773318,77.6625448743518,6180.62,6438.293768450165,5922.946231549835,0.7999529228950137,74.52857142857134,0.0117642018292352,0.019635614498165,0.0575587606837606,0.0382510078993083,75187.6,1.1061664423388962,0.2059565583040918,0.31376034,0
2023-02-10,6332.0,6340.2,6255.6,6309.4,81919.0,-0.0040724838994823,-0.0040724838994823,-0.0007601913148143,0.0098594705336276,0.051356395387589,6291.36,0.0028674245314208,6298.26,0.0017687424780812,6196.030000000001,0.0182971999812782,6099.323333333334,0.0344426184981174,0.0071169363434707,0.0061329803529791,0.0070119361785583,70.78032230703985,6196.030000000001,6445.249118131103,5946.810881868898,0.7274504477227951,72.28571428571415,0.011456828586825,0.0098594705336276,0.051356395387589,0.0368094126926743,75305.0,1.087829493393533,-0.0150414813033545,0.6368995,1
2023-02-13,6302.8,6355.2,6297.2,6331.6,73183.0,0.0035185596094717,0.0035185596094717,0.00783140201197,0.0124080588423409,0.0534757578782736,6301.2,0.0048244778772297,6306.02,0.0040564413052925,6212.1,0.0192366510519792,6102.796666666666,0.0374915544184935,0.0071611625877849,0.0061318308662717,0.006984145786648,71.29166666666669,6212.1,6452.145978051884,5972.054021948116,0.7489106482220897,74.35714285714273,0.0117438156006606,0.0124080588423409,0.0534757578782736,0.0340344917690098,75475.4,0.9696271897863412,-0.1066419267813327,0.58847326,1
2023-02-14,6350.6,6369.4,6322.4,6350.8,60939.0,0.0030324088697959,0.0030324088697959,0.0096340338939939,0.0115638240259947,0.0541446735052948,6313.320000000001,0.0059366545652683,6313.280000000001,0.0059430280298038,6228.41,0.0196502799269797,6106.786666666666,0.0399577300882736,0.0071320624305944,0.0061322259121924,0.0069832960900578,71.03825136612019,6228.41,6458.954416544701,5997.865583455298,0.7654369206470664,74.27142857142846,0.0116948146015349,0.0115638240259947,0.0541446735052948,0.0391726936544818,73635.4,0.8275774966931667,-0.167306614924231,0.34178254,0
2023-02-15,6350.8,6365.2,6312.4,6335.8,73965.0,-0.0023619071613024,-0.0023619071613024,0.0154176549778832,3.156764947287449e-05,0.0562483328887704,6332.56,0.0005116414214789,6313.3,0.0035639047724644,6245.280000000001,0.0144941459790433,6108.910000000001,0.0371408319978521,0.0066126525172936,0.0060279478169866,0.0067013437083551,64.31574030826718,6245.280000000001,6453.228390358203,6037.331609641798,0.7176501579167648,71.57142857142844,0.0112963522477711,3.156764947287449e-05,0.0562483328887704,0.0205205850138523,74635.2,0.991020322850344,0.2137547383449023,0.1344923,0
2023-02-16,6338.4,6392.6,6217.0,6254.6,124251.0,-0.0128160611130401,-0.0128160611130401,-0.0127225659805529,-0.0140609729184399,0.0433375592179889,6316.4400000000005,-0.0097903249298655,6304.38,-0.0078960976337085,6258.27,-0.0005864240437052,6110.0233333333335,0.0236622118737135,0.0077233588643915,0.0069364711142179,0.0068989831235614,50.7160909856782,6258.27,6429.564675002303,6086.975324997696,0.489287466175029,80.79999999999986,0.0129184919898954,-0.0140609729184399,0.0433375592179889,0.0107954361808719,82851.4,1.4996849781657282,0.6798620969377409,0.20850798,0
2023-02-17,6262.0,6279.0,6194.0,6206.0,86747.0,-0.0077702810731302,-0.0077702810731302,-0.0163882461089801,-0.0171359792214373,0.0244643269833932,6295.76,-0.0142572143792012,6293.56,-0.0139126345025708,6265.679999999999,-0.0095249039210427,6110.083333333333,0.0156980946795597,0.0079293783194657,0.0069807022482974,0.0069688923510797,45.35962877030163,6265.679999999999,6411.368660108274,6119.991339891725,0.2951796661605445,79.69999999999989,0.0128424105704157,-0.0171359792214373,0.0244643269833932,0.000580420482394,83817.0,1.0349571089397138,-0.3018406290492632,0.71125776,1
2023-02-20,6210.2,6297.4,6175.0,6287.6,86147.0,0.013148565903964,0.013148565903964,-0.0069492703266157,0.0008277091557367,0.0284947819543954,6286.96,0.0001017980073041,6294.08,-0.0010295388682698,6274.39,0.0021053839496747,6111.576666666667,0.0288016240217336,0.0090805613109023,0.0072690569782567,0.0071705767366502,50.81796032022282,6274.39,6401.374158149692,6147.405841850309,0.5520143622341767,84.65714285714272,0.0134641425754091,0.0008277091557367,0.0284947819543954,0.0144562762181348,86409.8,0.9969586782980634,-0.0069166657060186,0.75964195,1
2023-02-21,6290.4,6348.6,6282.2,6315.2,71880.0,0.004389592213245,0.004389592213245,-0.005605592996158,0.003974436424915,0.0306828567698131,6279.84,0.005630716706158,6296.58,0.0029571608714571,6283.79,0.0049985757003336,6113.71,0.032957075163853,0.0091778196293981,0.0072973978311024,0.0071851712809097,48.12775330396471,6283.79,6391.226147988789,6176.353852011211,0.6461798500225334,84.21428571428565,0.0133351731875927,0.003974436424915,0.0306828567698131,0.0206878717351952,88598.0,0.8113049955980948,-0.1656122674033918,0.52343726,0
2023-02-22,6300.4,6345.4,6294.6,6322.0,59916.0,0.0010767671649354,0.0010767671649354,-0.002178099056157,0.0132059747419706,0.0278671999479724,6277.08,0.0071561936441784,6304.82,0.0027248993627098,6292.36,0.0047104742894559,6117.11,0.0334945750525983,0.0086813596346197,0.007278009507108,0.0070236225597259,47.99411115200588,6292.36,6380.7116038036,6204.008396196399,0.6677388905462769,83.22857142857136,0.0131649116464048,0.0132059747419706,0.0278671999479724,0.0333442301405688,85788.2,0.6984177311098729,-0.1664440734557596,0.23688027,0
2023-02-23,6329.8,6338.8,6261.8,6309.6,63939.0,-0.0019614046187914,-0.0019614046187914,0.0087935279634188,-0.0040409142568504,0.015515354406747,6288.08,0.0034223483161792,6302.26,0.0011646615658509,6297.18,0.001972311415586,6120.490000000001,0.0308978529496821,0.0071807741386055,0.0070086706239522,0.0070244005434755,49.5629038388446,6297.18,6377.501448927581,6216.85855107242,0.5773143423445847,81.72857142857136,0.0129530511329674,-0.0040409142568504,0.015515354406747,0.0332088819021418,73725.8,0.8672540684536485,0.0671440016022431,0.2174773,0
2023-02-24,6302.0,6321.2,6243.2,6295.0,60603.0,-0.0023139343223025,-0.0023139343223025,0.014340960360941,-0.0022823089358734,0.0075546592400523,6305.88,-0.0017253737781245,6300.820000000001,-0.0009236892975835,6299.54,-0.0007206875422649,6123.580000000001,0.0279934286806082,0.0071014379078626,0.0069473665315196,0.0070342508012472,51.23772102161104,6299.54,6376.453852013209,6222.626147986791,0.470486460623372,82.14285714285708,0.0130489050266651,-0.0022823089358734,0.0075546592400523,0.030345685478591,68497.0,0.8847540768208827,-0.0521747290386149,0.3244195,0
2023-02-27,6272.0,6286.2,6217.8,6257.2,69675.0,-0.0060047656870532,-0.0060047656870532,-0.004834913162415,-0.0117505843704593,0.000511672529581,6299.8,-0.006762119432363,6293.38,-0.0057488980484254,6299.7,-0.0067463530009365,6126.610000000001,0.0213152134704182,0.0071845678840532,0.0070906313067093,0.0070404467424971,46.93877551020409,6299.7,6376.227311945574,6223.172688054426,0.2223213587442757,83.39999999999989,0.0133286454004986,-0.0117505843704593,0.000511672529581,0.0299239556243211,65202.6,1.06859235674651,0.1496955596257612,0.58499116,1
2023-02-28,6278.0,6311.0,6230.8,6300.0,70847.0,0.0068401201815508,0.0068401201815508,-0.0024068913098556,-0.0079989922529445,0.0034723328342518,6296.76,0.0005145503401748,6288.3,0.0018605982539001,6300.79,-0.0001253811030045,6130.676666666667,0.0276190284596098,0.0075242087155989,0.0072050540065971,0.00706994833713,55.685240963855385,6300.79,6376.645982659207,6224.934017340793,0.4947927640490194,83.64285714285708,0.0132766439909296,-0.0079989922529445,0.0034723328342518,0.0402906208718625,64996.0,1.0900209243645762,0.016820954431288,0.64466137,1
2023-03-01,6295.6,6360.0,6285.8,6340.4,66225.0,0.0064126984126984,0.0064126984126984,0.0029104713698195,0.0007260330187188,0.0007576235873476,6300.4400000000005,0.0063424141805967,6288.76,0.0082114757122229,6301.03,0.0062481848205768,6133.826666666666,0.0336777259220455,0.0078245320740332,0.0070508835747031,0.0068313083847811,50.54621848739495,6301.03,6377.378483595283,6224.681516404717,0.7578309230651975,80.65714285714277,0.0127211442270428,0.0007260330187188,0.0007576235873476,0.0307247130734467,66257.8,0.9995049639438676,-0.0652391773822462,0.35235536,0
2023-03-02,6342.6,6361.0,6315.2,6334.0,54675.0,-0.0010094000378524,-0.0010094000378524,0.003867123113985,0.0126946567326446,-0.0015448154103219,6305.32,0.0045485399630789,6296.7,0.0059237378309273,6300.539999999999,0.005310655912033,6137.086666666667,0.0320857996682464,0.0064245455178425,0.0070484999414727,0.0068255595157784,52.693823915900175,6300.539999999999,6375.851462746274,6225.228537253724,0.722144138354663,77.88571428571426,0.0122964499977445,0.0126946567326446,-0.0015448154103219,0.0318649811025675,64405.0,0.848924772921357,-0.17440543601359,0.10971514,0
2023-03-03,6338.6,6352.8,6284.8,6325.6,63983.0,-0.0013261761919797,-0.0013261761919797,0.0048610007942813,0.0192716725749275,0.0018054543726839,6311.44,0.0022435450546944,6308.66,0.0026851978074584,6301.11,0.0038866168024365,6139.756666666667,0.0302688434449356,0.0056979014407088,0.0069726322919917,0.0068107872692412,49.322493224932245,6301.11,6377.026904711555,6225.193095288444,0.6612947741550438,78.59999999999998,0.0124256987479448,0.0192716725749275,0.0018054543726839,0.0259837155740099,65081.0,0.9831287165224872,0.1702423411065385,0.12876499,0
2023-03-06,6317.2,6344.2,6288.2,6311.8,67840.0,-0.0021816112305552,-0.0021816112305552,0.0087259477082402,0.003848845346396,0.0046797402266649,6322.360000000001,-0.0016702623703807,6311.08,0.0001140850694334,6302.58,0.0014628929739883,6142.430000000001,0.0275737778045495,0.0042110363443451,0.0068904047466062,0.0068101934181372,45.541838134430726,6302.58,6378.109056102404,6227.050943897596,0.5610361129596243,79.24285714285712,0.0125547161099618,0.003848845346396,0.0046797402266649,0.0260753649575706,64714.0,1.0483048490280311,0.0602816373099104,0.20355505,0
2023-03-07,6301.6,6320.6,6223.4,6224.0,85402.0,-0.0139104534364207,-0.0139104534364207,-0.0120634920634921,-0.0144413478591335,-0.0105243076531748,6307.160000000001,-0.0131850151256668,6301.960000000001,-0.012370754495427,6299.27,-0.0119490036147046,6143.180000000001,0.0131560527283913,0.0059131925003187,0.0075752817614253,0.0070358671784346,39.04351234809876,6299.27,6382.49380985179,6216.046190148211,0.0477856629368051,82.41428571428573,0.0132413698127065,-0.0144413478591335,-0.0105243076531748,0.0072827318336299,67625.0,1.262876155268022,0.258873820754717,0.6644304,1
2023-03-08,6210.2,6249.4,6207.4,6232.2,72879.0,0.0013174807197942,0.0013174807197942,-0.0170651693899438,-0.0142043657070547,-0.0011859734598372,6285.52,-0.0084829894742201,6292.9800000000005,-0.0096583812438623,6298.9,-0.0105891504865929,6143.986666666667,0.0143576700470269,0.005925044276631,0.0073711697085927,0.0070370357994802,47.43824336688008,6298.9,6383.29830379896,6214.50169620104,0.1048498785065533,72.87142857142855,0.0116927294649447,-0.0142043657070547,-0.0011859734598372,0.0078269025518289,68955.8,1.056894416423274,-0.1466359101660382,0.1596707,0
2023-03-09,6236.8,6241.6,6185.4,6217.4,71137.0,-0.0023747633259523,-0.0023747633259523,-0.0184085885696243,-0.0146126537339927,-0.0185945195100392,6262.2,-0.0071540353230494,6283.76,-0.0105605561001693,6293.01,-0.0120149181393324,6144.763333333333,0.0118209054973095,0.0059307286984941,0.0064334450168689,0.0070386046073138,51.41298958849772,6293.01,6382.99867531052,6203.021324689481,0.0798915822513385,70.81428571428576,0.0113896943600678,-0.0146126537339927,-0.0185945195100392,0.0075516950800542,72248.2,0.98461968602678,-0.0239026331316291,0.4699989,0
2023-03-10,6194.4,6200.0,6126.4,6138.6,87288.0,-0.0126741081481003,-0.0126741081481003,-0.0295624130517263,-0.0248451151707703,-0.0270707198782766,6224.8,-0.0138478344685772,6268.12,-0.0206632929809894,6284.469999999999,-0.0232111856687993,6144.426666666667,-0.0009482848413304,0.0069198387708956,0.0069241945408235,0.0072265072459354,31.40289565651516,6284.469999999999,6397.402678595122,6171.537321404877,-0.1458272389117803,68.57142857142864,0.0111705321362246,-0.0248451151707703,-0.0270707198782766,-0.003279859712931,76909.2,1.1349487447535536,0.2270407804658616,0.7371368,1
2023-03-13,6156.2,6171.0,6109.4,6169.0,96906.0,0.0049522692470596,0.0049522692470596,-0.0226242910104883,-0.0140957616825416,-0.0256807126160845,6196.24,-0.0043962144784578,6259.3,-0.0144265333184222,6276.34,-0.0171023239658781,6144.410000000001,0.0040020115845131,0.0071648037011866,0.006984393837339,0.0072513684406081,31.879028259791724,6276.34,6398.056363990595,6154.623636009405,0.0590568248970431,68.22857142857148,0.0110599078341013,-0.0140957616825416,-0.0256807126160845,-0.0001620745542949,82722.4,1.171460209084843,0.1101869672807258,0.41851234,0
2023-03-14,6159.6,6169.4,6057.2,6118.4,106211.0,-0.0082023018317394,-0.0082023018317394,-0.0169665809768637,-0.0288253968253968,-0.036593814952447,6175.12,-0.0091852466024952,6241.14,-0.0196662789169927,6264.719999999999,-0.0233561914977843,6144.093333333333,-0.0041817941133707,0.0068141401317809,0.0070708330145171,0.0072972163693147,27.236135957066097,6264.719999999999,6400.110983140398,6129.3290168596,-0.0403609479970594,72.6142857142858,0.0118681821578003,-0.0288253968253968,-0.036593814952447,-0.0030957734545573,86884.2,1.2224432060144423,0.0960208862196354,0.65398,1
2023-03-15,6148.8,6183.4,6127.2,6143.2,109682.0,0.0040533472803347,0.0040533472803347,-0.0142806713520104,-0.0311021386663301,-0.0303986868272357,6157.32,-0.0022932054855033,6221.42,-0.0125726924078426,6255.09,-0.0178878321494975,6144.693333333334,-0.0002430281305061,0.0064889675550832,0.0071903401456136,0.007287142519097,31.89730200174057,6255.09,6396.459927569437,6113.720072430563,0.1042652000898742,71.75714285714295,0.0116807434003683,-0.0311021386663301,-0.0303986868272357,0.0058946816871889,94244.8,1.1637989576082712,0.0326802308612101,0.38545436,0
2023-03-16,6114.2,6129.4,6054.6,6069.4,116597.0,-0.0120132829795546,-0.0120132829795546,-0.0238041625116608,-0.0417745500473635,-0.0296102068877307,6127.719999999999,-0.0095174061478003,6194.96,-0.020268088898072,6245.83,-0.0282476468299649,6144.556666666667,-0.0122314221747488,0.0070011499620751,0.0071259014059328,0.007427383104781,28.257517347725454,6245.83,6409.791806849032,6081.868193150968,-0.0380216386687195,72.51428571428576,0.0119475212894661,-0.0417745500473635,-0.0296102068877307,-0.0013492167961038,103336.8,1.1283202111929147,0.0630458963184479,0.8613316,1
2023-03-17,6108.8,6173.0,6093.8,6109.4,100800.0,0.0065904372755132,0.0065904372755132,-0.0047567849346757,-0.034178575945365,-0.0155655816951337,6121.88,-0.0020385894529132,6173.34,-0.0103574402187471,6241.0,-0.0210863643646852,6145.1033333333335,-0.0058100460475034,0.0077718985685519,0.0071817543321228,0.0074758124489884,35.81573896353163,6241.0,6415.269386144856,6066.730613855144,0.122423642754408,74.40000000000009,0.0121779552820244,-0.034178575945365,-0.0155655816951337,0.0053977553237005,106039.2,0.9505918565964284,-0.1354837603025807,0.50739086,0
2023-03-20,6123.6,6139.2,6086.6,6100.2,54376.0,-0.0015058761907879,-0.0015058761907879,-0.0111525368779381,-0.0335245096485947,-0.0298046949551499,6108.12,-0.0012966346437202,6152.179999999999,-0.0084490375769238,6231.63,-0.0210907900501153,6145.48,-0.0073680168188652,0.007787019873239,0.0063922572564432,0.007478743093888,29.503487894952727,6231.63,6415.250765939335,6048.009234060665,0.1421156416387499,72.42857142857149,0.011873147016257,-0.0335245096485947,-0.0298046949551499,0.0037185731209687,97533.2,0.5575127238724865,-0.4605555555555556,0.76256496,1
2023-03-21,6119.2,6174.0,6116.0,6161.6,53512.0,0.0100652437624997,0.0100652437624997,0.007060669456067,-0.010025706940874,-0.0243222700785405,6116.76,0.0073306783329736,6145.94,0.0025480235732859,6223.95,-0.0100177539986663,6148.993333333333,0.002050200086952,0.007873886496535,0.0067812716339318,0.007064490652161,32.41542092840288,6223.95,6405.692669438618,6042.207330561381,0.3284662589347037,72.40000000000009,0.0117501947546092,-0.010025706940874,-0.0243222700785405,0.0354238085635545,86993.4,0.6151271245864629,-0.0158893629542444,0.808282,1
2023-03-22,6183.2,6202.8,6173.6,6197.2,45604.0,0.0057777200727082,0.0057777200727082,0.0087902070582106,-0.0056159943519142,-0.0197405884213857,6127.56,0.0113650457931053,6142.4400000000005,0.0089150239969781,6217.71,-0.003298642104569,6154.253333333333,0.006978371597746,0.0081402583387314,0.0069441645210005,0.0069092949514172,37.27678571428569,6217.71,6393.758676282985,6041.661323717015,0.4417490649942975,72.07142857142864,0.0116296760749094,-0.0056159943519142,-0.0197405884213857,0.0536588683351468,74177.8,0.6147931052147677,-0.1477799372103453,0.6875157,1
2023-03-23,6189.0,6234.2,6186.0,6233.4,46960.0,0.0058413477054153,0.0058413477054153,0.0270207928296042,0.0025734229742335,-0.0120768352985927,6160.36,0.0118564499477302,6144.039999999999,0.0145441761446867,6213.9,0.0031381258147058,6160.666666666667,0.011806081592901,0.0083457652697197,0.0071031056098813,0.0068846667309745,41.84648036788107,6213.9,6384.798233799324,6043.001766200676,0.5570514965733869,70.65714285714292,0.0113352492792284,0.0025734229742335,-0.0120768352985927,0.06579352323633,60250.4,0.7794139126047296,0.0297342338391368,0.56267774,1
2023-03-24,6236.4,6247.2,6216.4,6244.4,45226.0,0.0017646870086951,0.0017646870086951,0.0220970962778668,0.0172352002085165,-0.0080381254964257,6187.360000000001,0.0092187944454498,6154.62,0.0145874156324841,6211.37,0.0053176674389063,6168.293333333333,0.012338366960499,0.0069934001228563,0.0071093499243612,0.0067128331088005,44.009953785993545,6211.37,6378.673381536726,6044.066618463274,0.5987128882172327,68.85714285714292,0.0110270230698134,0.0172352002085165,-0.0080381254964257,0.079076518974217,49135.6,0.9204324359527511,-0.0369250425894378,0.18742028,0
2023-03-27,6239.8,6252.6,6201.2,6234.6,53427.0,-0.0015694061879443,-0.0015694061879443,0.0220320645224747,0.0106338142324526,-0.0036118391612861,6214.24,0.0032763459409357,6161.18,0.0119165484533807,6210.24,0.0039225537177307,6175.903333333334,0.0095041427138053,0.0069637905991204,0.0069928600947882,0.0067131818510106,51.09368551382588,6210.24,6376.542329635048,6043.937670364951,0.5732401044936014,65.58571428571433,0.0105196346655301,0.0106338142324526,-0.0036118391612861,0.0790238836967809,48945.8,1.0915543315258918,0.1813337460752664,0.24382597,0
2023-03-28,6240.0,6253.4,6210.2,6228.8,52955.0,-0.0009302922400795,-0.0009302922400795,0.0109062581147754,0.0180439330543933,-0.0113015873015872,6227.679999999999,0.0001798422526528,6172.219999999999,0.0091668799880757,6206.68,0.0035639021183628,6182.276666666668,0.0075252752087553,0.0062275246046155,0.006796716437189,0.0065740995787708,49.647449191207,6206.68,6367.861396340444,6045.4986036595565,0.5686183408948714,65.6714285714286,0.0105431910755568,0.0180439330543933,-0.0113015873015872,0.065407772304324,48834.4,1.0843790442802614,-0.0088344844367079,0.3900042,0
2023-03-29,6232.6,6233.6,6190.6,6203.6,53441.0,-0.0040457230927305,-0.0040457230927305,0.001032724456206,0.0098320093762209,-0.021575925809097,6228.96,-0.0040713056433175,6178.26,0.0041014784097788,6199.84,0.0006064672636714,6187.603333333333,0.0025852766903289,0.0064264533186104,0.0066335067694466,0.0065686317258896,48.59926918392212,6199.84,6348.231436836011,6051.448563163989,0.5126691946657118,64.72857142857141,0.010434033694721,0.0098320093762209,-0.021575925809097,0.0543167912984365,50401.8,1.060299433750382,0.0091776036257198,0.61853564,1
2023-03-30,6200.6,6242.8,6169.6,6242.8,61807.0,0.0063189115997162,0.0063189115997162,0.0015080052619758,0.0285695455893499,-0.0143984843700663,6230.84,0.0019194843712886,6195.6,0.0076183097682225,6195.280000000001,0.0076703554964423,6193.816666666667,0.007908424800002,0.0046800316156711,0.0068362729873438,0.0065909071502606,61.50110375275938,6195.280000000001,6331.41141638232,6059.148583617682,0.6745372275659783,63.457142857142834,0.010164852767531,0.0285695455893499,-0.0143984843700663,0.0635093696763202,53371.2,1.1580590280900562,0.1565464718100335,0.7676346,1
2023-03-31,6242.8,6287.8,6237.2,6286.0,54750.0,0.0069199718075221,0.0069199718075221,0.0066619691243354,0.0289062755753428,-0.0062602757050714,6239.160000000001,0.0075074208707581,6213.26,0.0117072197204044,6193.3,0.0149677877706553,6200.9800000000005,0.0137107360449475,0.004710507406861,0.0070422529227601,0.0066184847251758,62.559038213825694,6193.3,6322.421957853576,6064.178042146425,0.8589629585121443,62.67142857142854,0.0099700013635743,0.0289062755753428,-0.0062602757050714,0.0733923021754721,55276.0,0.9904841160720746,-0.1141780057275065,0.80572605,1
2023-04-03,6304.4,6366.6,6304.2,6342.8,62867.0,0.0090359529112313,0.0090359529112313,0.0173547621338978,0.0397691878954789,0.0049114357235653,6260.8,0.0130973677485304,6237.52,0.0168785029947799,6194.85,0.0238827413093134,6209.163333333333,0.0215224917581489,0.0048026762292372,0.0073247378160988,0.0066897373160755,73.77118644067806,6194.85,6330.538676174712,6059.1613238252885,1.0451818241984332,60.414285714285725,0.0095248605843295,0.0397691878954789,0.0049114357235653,0.0839058067603131,57164.0,1.0997655867329088,0.148255707762557,0.9023251,1
2023-04-04,6346.4,6355.4,6320.4,6352.2,52207.0,0.0014819953332911,0.0014819953332911,0.0198111995890057,0.0309335237600623,0.0205976863753212,6285.4800000000005,0.0106149411023501,6256.58,0.0152831099418531,6201.26,0.0243402147305547,6216.14,0.0218881814116154,0.004325208594064,0.0065208330735977,0.0064816941309128,72.88655278142802,6201.26,6353.811470520067,6048.7085294799335,0.9947182727423952,58.27142857142859,0.0091734247302396,0.0309335237600623,0.0205976863753212,0.0705473911284884,57014.4,0.9156809507773476,-0.1695643183228085,0.21398322,0
2023-04-06,6332.0,6364.6,6330.8,6344.2,51185.0,-0.0012594061899814,-0.0012594061899814,0.0226642594622477,0.0237203898534821,0.0179711819261256,6313.6,0.0048466801824631,6271.28,0.0116276103124082,6206.86,0.0221271303042118,6223.046666666666,0.0194684918534009,0.0044055421189865,0.0065404941142557,0.0064850959072675,85.15864892528165,6206.86,6371.904892138448,6041.815107861551,0.9160686169093676,54.357142857142925,0.0085680058726305,0.0237203898534821,0.0179711819261256,0.069884313130291,56563.2,0.9049169778230368,-0.0195759189380734,0.68724364,1
2023-04-07,6354.0,6403.8,6349.0,6388.8,51821.0,0.0070300431890546,0.0070300431890546,0.0233869417569039,0.0249302146501106,0.0275677936114775,6342.8,0.0072523175884466,6286.82,0.0162212374459584,6215.43,0.0278934844411409,6229.686666666666,0.0255411454615697,0.0045244693974734,0.0066292843462682,0.0064222360019298,85.33131006575638,6215.43,6399.484512519759,6031.375487480242,0.9709745977605092,51.21428571428578,0.0080162605989052,0.0249302146501106,0.0275677936114775,0.0665064102564103,54566.0,0.9496939486126892,0.0124255152876819,0.2294391,0
2023-04-10,6392.0,6399.4,6344.6,6357.4,58741.0,-0.0049148509892312,-0.0049148509892312,0.0113585746102449,0.0180962142079303,0.0356433062913366,6357.08,5.0337576371406456e-05,6298.120000000001,0.009412332569084,6226.37,0.0210443645334279,6235.623333333334,0.0195291890091713,0.0050976767843584,0.0059563024219357,0.0064680615651312,80.79501915708815,6226.37,6417.086246651354,6035.653753348646,0.8435208124652701,51.37142857142862,0.0080805720218058,0.0180962142079303,0.0356433062913366,0.0593547957075251,55364.2,1.0609924825067465,0.1335365971324367,0.2215486,0
2023-04-11,6360.6,6374.4,6337.6,6355.0,53136.0,-0.0003775128197061,-0.0003775128197061,0.0019234407517183,0.0193115837423409,0.0301507537688441,6359.52,-0.0007107454650664,6310.160000000001,0.0071060004817626,6235.67,0.0191366765720444,6241.37,0.0182059387602402,0.0050233605649964,0.0059255600096403,0.0064700549671025,76.96597880646966,6235.67,6432.64438893083,6038.69561106917,0.8029073999105133,48.72857142857141,0.0076677531752276,0.0193115837423409,0.0301507537688441,0.0573691391301454,53418.0,0.9947208806020442,-0.0954188726783678,0.6813283,1
2023-04-12,6355.6,6377.2,6351.8,6372.6,45583.0,0.002769472856019,0.002769472856019,0.0032114857844527,0.0230863087593116,0.041546809623431,6363.6,0.0014142937959644,6324.54,0.0075989716248139,6248.38,0.0198803529874944,6247.169999999999,0.0200778912691668,0.004924905537003,0.005470129132798,0.0064716486747803,75.74867880211404,6248.38,6446.296256612525,6050.463743387475,0.8138195975563409,47.59999999999997,0.0074694787057088,0.0230863087593116,0.041546809623431,0.0577631709989043,52093.2,0.8750278347269894,-0.1421446853357422,0.23704813,0
2023-04-13,6360.4,6372.4,6334.4,6346.8,60643.0,-0.0040485829959514,-0.0040485829959514,0.0004098231455502,0.0230833709459024,0.0331423362416982,6364.12,-0.0027215074511479,6338.860000000001,0.0012525911599245,6258.56,0.0140990898864916,6252.976666666667,0.0150045871486272,0.0049253147792267,0.005612241088161,0.0064675912153114,67.17141126589955,6258.56,6454.633309598163,6062.486690401836,0.7250178777030939,46.88571428571432,0.0073872997866191,0.0230833709459024,0.0331423362416982,0.0580821552413977,53984.8,1.1233347164387013,0.3303863282364039,0.6117783,1
2023-04-14,6371.0,6388.2,6341.8,6360.6,59512.0,0.0021743240688221,0.0021743240688221,-0.0044139744552967,0.0188697379381046,0.0479783833657363,6358.4800000000005,0.0003334130169474,6350.64,0.001568345867503,6273.12,0.0139452138648712,6259.073333333334,0.0162207185089167,0.0047192094173298,0.0046001776990783,0.0064661512961179,67.44744744744756,6273.12,6452.594855004486,6093.645144995514,0.7437110201253927,48.0,0.0075464578813319,0.0188697379381046,0.0479783833657363,0.0610195502769066,55523.0,1.0718441006429769,-0.0186501327440924,0.7249406,1
2023-04-17,6365.0,6397.8,6349.4,6391.8,63916.0,0.0049051976228657,0.0049051976228657,0.0054110170824552,0.0168310531339483,0.0462238517694046,6365.36,0.0041537320748552,6361.219999999999,0.0048072539544301,6287.24,0.0166305087765061,6264.639999999999,0.0202980538386883,0.0045189429397144,0.0045334821645679,0.0063662933956353,72.17832957110603,6287.24,6456.633051494651,6117.846948505348,0.8086313136147201,47.785714285714285,0.0074760966059191,0.0168310531339483,0.0462238517694046,0.0551355277493479,56558.0,1.1300965380671169,0.0740018819733834,0.10111491,0
2023-04-18,6385.2,6391.8,6355.8,6377.0,71165.0,-0.0023154666916987,-0.0023154666916987,0.0034618410700235,0.0053919404679321,0.0453755614570015,6369.76,0.0011366205320137,6364.639999999999,0.0019419794363861,6301.08,0.0120487281545385,6269.033333333334,0.0172222192682549,0.0038405468607534,0.0045724341747253,0.0062858471028829,70.3907539900935,6301.08,6450.139163103765,6152.020836896235,0.7546639818014731,47.27142857142859,0.0074128004659602,0.0053919404679321,0.0453755614570015,0.0431183956554455,60163.8,1.1828541415269649,0.1134144815069779,0.067135766,0
2023-04-19,6375.8,6391.0,6339.0,6349.2,71326.0,-0.0043594166535988,-0.0043594166535988,-0.003671970624235,-0.0004722773212429,0.0304466372370812,6365.08,-0.0024948625940286,6364.34,-0.0023788798210027,6310.46,0.0061390136376746,6272.733333333334,0.012190326386158,0.004116440515305,0.0044063102939756,0.0063164448590418,69.89071038251353,6310.46,6445.515300953796,6175.404699046204,0.6434227302682963,47.914285714285725,0.0075465075465075,-0.0004722773212429,0.0304466372370812,0.0362318840579709,65312.4,1.0920743993483626,0.0022623480643575,0.11953152,0
2023-04-20,6342.2,6350.4,6321.8,6343.4,79391.0,-0.0009135009135009,-0.0009135009135009,-0.000535703031449,-0.0001260994294001,0.0235912992964564,6364.4,-0.0032996040475142,6364.26,-0.0032776787874788,6317.77,0.004056811184959,6275.946666666668,0.0107479137277561,0.0041064930564421,0.0043183601067003,0.0063052696914607,65.12327119663246,6317.77,6442.440666789848,6193.0993332101525,0.6027908194443309,44.72857142857141,0.0070511983208644,-0.0001260994294001,0.0235912992964564,0.0313465352973691,69062.0,1.149561263791955,0.1130723719260857,0.12978093,0
2023-04-21,6344.2,6347.4,6196.0,6196.0,101494.0,-0.0232367500078821,-0.0232367500078821,-0.0258780618180675,-0.0301778111695467,-0.0059999358295632,6331.48,-0.0213978406312583,6344.9800000000005,-0.0234799794483198,6315.9,-0.0189838344495637,6275.660000000001,-0.0126934856254163,0.0078200759452453,0.0068295831627484,0.0068878073299818,39.69780219780223,6315.9,6446.862332872889,6184.93766712711,0.0422347885465157,51.92857142857137,0.0083809831227519,-0.0301778111695467,-0.0059999358295632,-0.0027682997489216,77458.4,1.3103033370170312,0.2784068723155017,0.19313191,0
2023-04-24,6199.6,6200.6,6133.2,6154.2,74466.0,-0.0067462879276952,-0.0067462879276952,-0.0371726274288933,-0.0319627520684556,-0.014444942668631,6283.96,-0.0206493994232935,6324.66,-0.0269516464126134,6311.39,-0.0249057656078931,6274.1,-0.0191103106421639,0.0078902101655604,0.0069594935170135,0.0069018335647456,27.643432906590817,6311.39,6457.997760259654,6164.782239740347,-0.0360903124145858,50.98571428571423,0.008284702201052,-0.0319627520684556,-0.014444942668631,-0.0149812734082397,79568.4,0.9358740404482182,-0.2663014562437188,0.23759422,0
2023-04-25,6152.8,6155.8,5997.6,6066.8,94991.0,-0.0142016834032042,-0.0142016834032042,-0.0486435628038262,-0.0453501180173091,-0.0269143168767844,6221.92,-0.0249312109445315,6295.84,-0.0363795776258608,6303.0,-0.037474218626051,6270.9800000000005,-0.032559504256113,0.0085234835077625,0.0075870893855607,0.0071312255301402,21.448579431772814,6303.0,6483.417900850498,6122.582099149502,-0.1545913650656131,59.78571428571422,0.009854571485085,-0.0453501180173091,-0.0269143168767844,-0.0299328429804924,84333.6,1.126371932420767,0.2756291461875217,0.81593996,1
2023-04-26,6067.0,6116.0,6056.6,6091.8,74313.0,0.0041207885540976,0.0041207885540976,-0.0405405405405404,-0.0440636474908201,-0.021994605702543,6170.44,-0.012744634094165,6267.76,-0.0280738254176931,6296.15,-0.0324563423679549,6267.873333333334,-0.0280913994220262,0.0086628259283823,0.0076847340906066,0.0071338970895557,25.580495356037247,6296.15,6497.606167362414,6094.693832637585,-0.0071822885232863,61.61428571428561,0.0101142988466931,-0.0440636474908201,-0.021994605702543,-0.0296900385460799,84931.0,0.874980866821302,-0.2176837805686854,0.7518883,1
2023-04-27,6088.0,6154.2,6080.4,6129.4,66546.0,0.0061722315243442,0.0061722315243442,-0.0337358514361383,-0.0342534820697044,-0.011960796956606,6127.64,0.0002872231397403,6246.02,-0.0186710897499527,6292.4400000000005,-0.0259104576285194,6264.436666666666,-0.0215560750075424,0.0092967930952602,0.0078159436514554,0.007076077892837,24.55865045115728,6292.4400000000005,6503.57306754381,6081.306932456191,0.1138927883331902,62.62857142857131,0.0102177328006935,-0.0342534820697044,-0.011960796956606,-0.0325462466064777,82362.0,0.8079696947621476,-0.1045173791934116,0.77201456,1
2023-04-28,6146.6,6217.0,6146.6,6213.8,58137.0,0.0137697001337815,0.0137697001337815,0.0028728211749515,-0.0230795836870735,-0.0046453514448644,6131.2,0.0134720772442589,6231.34,-0.0028148038784595,6290.99,-0.0122699288983132,6262.27,-0.0077400048225324,0.0106931049102739,0.0083228218899153,0.0073099152565594,37.24235963041938,6290.99,6503.948922651234,6078.031077348765,0.318767866030167,64.97142857142853,0.0104559896635599,-0.0230795836870735,-0.0046453514448644,-0.0204924493205964,73690.6,0.7889337310321805,-0.1263637183301776,0.32298997,0
2023-05-04,6204.2,6213.6,6182.4,6213.6,47200.0,-3.2186423766455974e-05,-3.2186423766455974e-05,0.0096519450131618,-0.0278794705716699,-0.0115176582882595,6143.08,0.0114795835313883,6213.52,1.2875149673519104e-05,6287.37,-0.0117330457727157,6260.593333333333,-0.0075062108064304,0.0104353306697085,0.008153267932159,0.0072876516577955,37.38851230824122,6287.37,6503.1290576251695,6071.61094237483,0.3290454157244293,64.58571428571433,0.0103942504000441,-0.0278794705716699,-0.0115176582882595,-0.0159323429729814,68237.4,0.6917027905518089,-0.1881246022326573,0.21240695,0
2023-05-05,6202.4,6202.6,6118.6,6152.2,64947.0,-0.0098815501480623,-0.0098815501480623,0.0140766137007977,-0.0352516857456484,-0.0300498202686511,6160.160000000001,-0.0012921742292409,6191.039999999999,-0.0062735824675659,6277.84,-0.0200132529659883,6258.423333333334,-0.0169728584462435,0.0106700187357769,0.0080799810793034,0.0073680851281793,31.767041694242195,6277.84,6500.0318980946,6055.648101905401,0.2172714192609568,69.55714285714294,0.0113060600853585,-0.0352516857456484,-0.0300498202686511,-0.0207245638609447,62228.6,1.043684093808956,0.3759957627118644,0.54848564,0
2023-05-08,6163.2,6214.6,6147.4,6184.4,59062.0,0.0052339000682681,0.0052339000682681,0.0152007616796348,-0.0259560259560259,-0.0264160448348603,6178.679999999999,0.0009257640790589,6174.56,0.0015936358218238,6269.45,-0.013565783282425,6256.66,-0.0115492930733011,0.0110129981021711,0.0081954217957531,0.0074004023935959,36.70595939751142,6269.45,6492.490081363577,6046.409918636423,0.3093392015461104,71.6285714285715,0.0115821375442357,-0.0259560259560259,-0.0264160448348603,-0.01681981495024,59178.4,0.998033066118719,-0.0906123454509061,0.269967,0
2023-05-09,6188.8,6214.4,6130.2,6130.6,67464.0,-0.0086993079360971,-0.0086993079360971,0.0001957777270207,-0.0335466784374308,-0.0336685476498217,6178.92,-0.0078201368523949,6153.28,-0.0036858390971968,6258.77,-0.0204784646184473,6254.843333333334,-0.0198635404137488,0.0111570297105074,0.0083604059031103,0.0074125604813435,32.3294406883835,6258.77,6487.131754563464,6030.408245436537,0.2193706970656929,74.32857142857152,0.0121241919923941,-0.0335466784374308,-0.0336685476498217,-0.0174690685300339,59362.0,1.1364846197904384,0.1422572889505942,0.5128882,0
2023-05-10,6131.6,6160.8,6097.8,6124.8,68784.0,-0.0009460737937559,-0.0009460737937559,-0.0143229585760725,-0.0114912846998063,-0.0413223140495867,6161.120000000001,-0.0058950320720908,6146.16,-0.0034753407005349,6245.57,-0.0193369059989719,6251.336666666667,-0.0202415376764756,0.0086981960164175,0.0081096529763909,0.0071246525995077,28.6536616565398,6245.57,6472.802105774411,6018.337894225589,0.2342585028017648,75.37142857142862,0.0123059411852515,-0.0114912846998063,-0.0413223140495867,-0.0332112640484909,61491.4,1.118595445867227,0.0195659907506224,0.41689262,0
2023-05-11,6140.6,6142.4,6098.8,6103.4,48155.0,-0.0034939916405434,-0.0034939916405434,-0.0177352903308871,-0.0082545253647915,-0.0399534400855695,6139.08,-0.0058119457638604,6141.08,-0.0061357285689163,6232.870000000001,-0.0207721322600986,6247.903333333334,-0.0231282921043913,0.008523544598459,0.0080896773516595,0.0071201780726286,28.3544303797468,6232.870000000001,6462.168289754085,6003.571710245917,0.2176821507503304,75.91428571428573,0.0124380321975105,-0.0082545253647915,-0.0399534400855695,-0.0326496972770786,61682.4,0.7806927097518903,-0.299909862758781,0.26411265,0
2023-05-12,6095.8,6133.4,6039.4,6042.8,65850.0,-0.0099288920929316,-0.0099288920929316,-0.0177822567536815,-0.0039559570119338,-0.0491266719118803,6117.2,-0.0121624272542992,6138.679999999999,-0.0156189930082687,6217.26,-0.0280605926083193,6243.09,-0.032081869715157,0.0078579573780051,0.0082684760461688,0.0072018187269094,26.95547533092659,6217.26,6453.939453669753,5980.580546330248,0.131442448224867,78.91428571428573,0.013059225146337,-0.0039559570119338,-0.0491266719118803,-0.045612483416514,61863.0,1.064448862809757,0.3674592461841968,0.7081809,1
2023-05-15,6042.8,6120.8,6001.0,6115.2,82115.0,0.0119812007678559,0.0119812007678559,-0.0111894444085116,0.0038412291933418,-0.0403916768665851,6103.36,0.0019399150631782,6141.02,-0.0042045132567555,6204.39,-0.0143753052274278,6239.163333333333,-0.0198685828067758,0.0087044741806685,0.0088149582500984,0.0073721727648683,34.39978124145473,6204.39,6433.371506033137,5975.408493966864,0.3052462804854346,85.42857142857149,0.0139698736637512,0.0038412291933418,-0.0403916768665851,-0.0370976884801915,66473.6,1.2353024358542335,0.2470007593014427,0.34217563,0
2023-05-16,6114.4,6115.8,6053.8,6074.0,73796.0,-0.0067373103087388,-0.0067373103087388,-0.009232375297687,-0.0090384050641171,-0.0429822902880191,6092.039999999999,-0.0029612412262557,6135.4800000000005,-0.0100204059014128,6190.75,-0.018858781246214,6234.8,-0.0257907230384294,0.008713461259598,0.0088678313768436,0.0074114014454226,40.2431222008957,6190.75,6416.490638320651,5965.009361679349,0.2414067735686922,79.04285714285723,0.0130133120090314,-0.0090384050641171,-0.0429822902880191,-0.0413207487610088,67740.0,1.0894006495423678,-0.1013091396212628,0.4197378,0
2023-05-17,6065.8,6102.2,6049.8,6072.2,73450.0,-0.0002963450773789,-0.0002963450773789,-0.0085880355276907,-0.0227879880266503,-0.0453416344370029,6081.52,-0.0015325116089398,6121.32,-0.0080244130350969,6176.33,-0.0168595266120819,6231.759999999999,-0.0256043236581638,0.0070667096977325,0.008821409089732,0.0072380275338126,42.993848257006135,6176.33,6393.052389487579,5959.607610512421,0.2597617850047555,77.9714285714286,0.0128407214142203,-0.0227879880266503,-0.0453416344370029,-0.0291625363732294,68673.2,1.0695584303629364,-0.0046886010081846,0.6129937,1
2023-05-18,6089.4,6106.6,6048.8,6077.8,84411.0,0.0009222357629854,0.0009222357629854,-0.0041943834584001,-0.0218552851808935,-0.0491254419725273,6076.4,0.000230399578698,6107.74,-0.004901976835949,6160.63,-0.0134450535091378,6229.623333333334,-0.0243711899114286,0.0071067740427228,0.008694703984039,0.0071761040935694,51.09257052046088,6160.63,6356.079205677444,5965.180794322556,0.2881035133581029,70.80000000000005,0.0116489519233933,-0.0218552851808935,-0.0491254419725273,-0.0206574282951981,75924.4,1.111776978151951,0.1492307692307692,0.5073384,0
2023-05-19,6061.6,6113.6,6038.4,6085.6,73315.0,0.0012833591102043,0.0012833591102043,0.0070828092937049,-0.0108253957933746,-0.0456954680884428,6084.96,0.0001051773553153,6101.08,-0.0025372556989908,6146.06,-0.0098371965128878,6226.256666666666,-0.0225908879439062,0.0066238174180739,0.0087354204213505,0.0069587841428057,49.3624023035788,6146.06,6315.2809318891095,5976.8390681108895,0.3213577973922919,71.92857142857156,0.0118194707881838,-0.0108253957933746,-0.0456954680884428,-0.032126725618678,77417.4,0.9470093286522152,-0.1314520619350558,0.25310808,0
2023-05-22,6078.4,6104.4,6042.0,6070.8,60782.0,-0.0024319705534376,-0.0024319705534376,-0.0072605965463107,-0.0183687989133949,-0.0438480438480437,6076.08,-0.0008689813169016,6089.719999999999,-0.0031068751929479,6132.14,-0.0100030331988506,6222.183333333333,-0.0243296163458164,0.0062462668877765,0.0087221205327554,0.0069328855974247,43.677168752697526,6132.14,6274.7049015636085,5989.575098436392,0.284869910731036,71.1142857142858,0.0117141539359369,-0.0183687989133949,-0.0438480438480437,-0.0387002786926778,73150.8,0.8309136742181903,-0.1709472822751142,0.3247645,0
2023-05-23,6074.2,6080.2,6008.2,6008.8,62132.0,-0.0102128220333399,-0.0102128220333399,-0.0107342772472834,-0.0198675496688741,-0.0527477378062236,6063.04,-0.0089460072834749,6077.54,-0.0113104973393839,6115.41,-0.0174330093975709,6216.963333333334,-0.0334831206446448,0.0064462188357859,0.0088958909907852,0.0070380740403644,26.75736961451247,6115.41,6229.22118065486,6001.598819345139,0.0316365255743141,70.00000000000007,0.0116495806150978,-0.0198675496688741,-0.0527477378062236,-0.0495412844036696,70818.0,0.8773475670027394,0.02221052285216,0.34340167,0
2023-05-24,5987.4,6027.0,5956.4,5968.8,77247.0,-0.0066569032086273,-0.0066569032086273,-0.0170284246236948,-0.0254702194357366,-0.0366688185926403,6042.360000000001,-0.0121740511985384,6061.9400000000005,-0.0153647182255186,6104.05,-0.0221574200735577,6211.283333333334,-0.0390391679658256,0.0065950947424641,0.0075487777688761,0.0070769554915295,24.54242928452578,6104.05,6228.819623495935,5979.280376504065,-0.04199891051369,72.80000000000005,0.0121967564669615,-0.0254702194357366,-0.0366688185926403,-0.0540129326740205,71577.4,1.0792093593787984,0.2432723878194811,0.52840114,0
2023-05-25,5984.2,5998.6,5880.0,5942.2,81995.0,-0.0044565071706206,-0.0044565071706206,-0.0223107045312449,-0.0264115083396139,-0.0344480192388937,6015.24,-0.0121424914051642,6045.82,-0.0171391142971507,6093.45,-0.0248217348136113,6205.403333333334,-0.0424151854754539,0.0066172730657157,0.0074875511473321,0.007089603704576,26.457399103139025,6093.45,6235.152898978451,5951.747101021549,-0.033687034952618,74.48571428571437,0.0125350399323002,-0.0264115083396139,-0.0344480192388937,-0.05604447974583,71094.2,1.1533289635441428,0.0614651701684207,0.72656447,1
2023-05-26,5942.2,6009.6,5911.6,5996.2,66894.0,0.0090875433341186,0.0090875433341186,-0.0146904167214408,-0.0077116568478189,-0.0116371068767719,5997.36,-0.0001934184374458,6041.160000000001,-0.0074422792973536,6089.92,-0.0153893647207188,6201.053333333332,-0.033035247775109,0.0070146595473616,0.0072522618918703,0.0071739518496529,29.884566053869197,6089.92,6237.80099909957,5942.03900090043,0.1831235906889643,76.68571428571431,0.0127890521139578,-0.0077116568478189,-0.0116371068767719,-0.0417119478360927,69810.0,0.9582294800171895,-0.1841697664491737,0.24569076,0
2023-05-29,6023.0,6025.4,5959.2,5988.4,58806.0,-0.0013008238551082,-0.0013008238551082,-0.0135731699281809,-0.0207352171637886,-0.0169736366919466,5980.88,0.0012573400569815,6028.48,-0.0066484420616805,6084.75,-0.0158346686388102,6195.86,-0.0334836487590101,0.0054096746117862,0.0071689334154076,0.007105888325357,33.143669985775205,6084.75,6239.427899622181,5930.072100377819,0.1885463268012218,75.40000000000002,0.0125910092846169,-0.0207352171637886,-0.0169736366919466,-0.0494603174603175,69414.8,0.8471680390925278,-0.1209077047268812,0.53962076,0
2023-05-30,5975.4,6028.0,5924.4,6021.2,66883.0,0.0054772560283213,0.0054772560283213,0.0020636399946745,-0.0086927889364504,-0.0176526250530231,5983.36,0.0063242057974115,6023.2,-0.000332049408952,6079.34,-0.009563538147233,6190.54,-0.0273546411136993,0.0056162672159196,0.0071348031326238,0.0070907601754497,38.45811051693404,6079.34,6235.00804627646,5923.67195372354,0.3132564730184055,78.30000000000005,0.0130040523483691,-0.0086927889364504,-0.0176526250530231,-0.0503438268878935,70365.0,0.9505151708946208,0.1373499302792231,0.3261193,0
2023-05-31,6010.2,6024.4,5965.4,6006.8,67423.0,-0.0023915498571712,-0.0023915498571712,0.0063664388151722,-0.0107703962320081,-0.0333129485982812,5990.960000000001,0.00264398360196,6016.66,-0.0016387829792608,6068.99,-0.010247174571057,6185.086666666667,-0.0288252495518791,0.0056320251116697,0.0062503389750695,0.0070935784228862,39.067451335445966,6068.99,6214.190172538517,5923.789827461483,0.2858473619116998,79.40000000000009,0.013218352533795,-0.0107703962320081,-0.0333129485982812,-0.0516577202399747,68400.2,0.9857134920658128,0.0080738005173213,0.77247477,1
2023-06-01,5989.4,6059.4,5976.2,6021.6,73012.0,0.0024638742758207,0.0024638742758207,0.0133620544579449,-0.0092467669222415,-0.0308999613750482,6006.84,0.0024571987933756,6011.039999999999,0.0017567675477123,6059.39,-0.0062366013740656,6180.02,-0.0256342212484748,0.0057130732200215,0.0063094879639636,0.0071062095476076,47.323232323232354,6059.39,6188.870937836851,5929.909062163149,0.3540711836377943,78.6285714285715,0.0130577539903964,-0.0092467669222415,-0.0308999613750482,-0.0480586821803464,66603.6,1.0962170213021518,0.0828945612031502,0.6076723,1
2023-06-02,6049.2,6083.8,6037.6,6067.8,60345.0,0.0076723794340374,0.0076723794340374,0.0119408959007372,-0.0029249375575128,-0.0137186697441564,6021.16,0.0077460157179016,6009.26,0.0097416320811547,6055.17,0.0020858208770355,6175.953333333334,-0.0175120062435705,0.0063119512447051,0.0063103372409376,0.0071870437395254,43.59113034072478,6055.17,6177.202007880397,5933.137992119603,0.5517487183050316,74.51428571428576,0.012280280449963,-0.0029249375575128,-0.0137186697441564,-0.0386577521467726,65293.8,0.924207198845832,-0.1734920287076097,0.23702587,0
2023-06-05,6058.0,6066.4,6035.0,6050.4,46549.0,-0.0028675961633541,-0.0028675961633541,0.0103533498096319,-0.0033603478948409,-0.0216674212534765,6033.56,0.0027910553636658,6007.22,0.0071880170861062,6048.469999999999,0.0003190889596873,6173.06,-0.0198702102360903,0.0063299697566096,0.0061697630063218,0.0069796275082445,46.58959537572251,6048.469999999999,6154.260917926554,5942.679082073445,0.5091217660165318,72.42857142857149,0.0119708732362441,-0.0033603478948409,-0.0216674212534765,-0.0278920308483291,62842.4,0.740726006645195,-0.2286187753749274,0.13415605,0
2023-06-06,6034.2,6047.4,5928.6,5934.4,82135.0,-0.0191722861298426,-0.0191722861298426,-0.014415731083505,-0.0123818399680469,-0.0320033928163638,6016.2,-0.013596622452711,5999.780000000001,-0.0108970662257618,6038.66,-0.01726541981168,6168.096666666666,-0.0378879708435179,0.0082337842652368,0.0072078805395757,0.0073815032285167,35.02824858757066,6038.66,6148.686377698386,5928.633622301613,0.0262045239469467,77.38571428571433,0.0130401918114239,-0.0123818399680469,-0.0320033928163638,-0.0477840890857161,65892.8,1.246494305902921,0.7644847365142109,0.7232546,1
2023-06-07,5948.4,5973.2,5929.8,5940.0,67447.0,0.0009436505796711,0.0009436505796711,-0.0111207298395152,-0.0048250904704463,-0.0301724137931034,6002.839999999999,-0.0104683783009373,5996.9,-0.0094882355883872,6029.42,-0.0148306138898932,6163.473333333333,-0.0362576945250567,0.008023695889749,0.0072292616952014,0.0073818508466389,35.02824858757066,6029.42,6140.02476053311,5918.8152394668905,0.0957678513610083,76.35714285714286,0.0128547378547378,-0.0048250904704463,-0.0301724137931034,-0.044616720815775,65897.6,1.0235122371679697,-0.1788275400255676,0.28132126,0
2023-06-08,5926.6,5958.2,5884.0,5928.6,81681.0,-0.0019191919191918,-0.0019191919191918,-0.015444400159426,-0.0022887146174817,-0.028639774551889,5984.24,-0.009297755437616,5995.54,-0.0111649659580287,6020.679999999999,-0.0152939535069126,6159.973333333332,-0.0375607686613359,0.007922557446794,0.0072150288205222,0.0072156986089938,33.07460112117296,6020.679999999999,6134.255935182533,5907.104064817466,0.0946324375317156,76.28571428571422,0.0128674078679138,-0.0022887146174817,-0.028639774551889,-0.034209754667188,67631.4,1.207737825921096,0.2110397793823297,0.7006011,1
2023-06-09,5937.4,5984.0,5925.0,5978.0,75301.0,0.0083324899639036,0.0083324899639036,-0.0147994330729424,-0.0030352556619192,-0.0107235056596279,5966.280000000001,0.0019643731102125,5993.719999999999,-0.002622745139913,6017.44,-0.0065542822196813,6156.789999999999,-0.0290394832372062,0.0078272255852703,0.0072379446952319,0.0072723929118086,40.69020866773675,6017.44,6132.051405696576,5902.828594303423,0.3279403356049327,76.0428571428571,0.0127204511781293,-0.0030352556619192,-0.0107235056596279,-0.0309612579024153,70622.6,1.0662450830187502,-0.0781087400986765,0.6785253,1
2023-06-12,5970.4,6014.2,5959.4,5984.6,90837.0,0.0011040481766477,0.0011040481766477,-0.0108753140288244,-0.0006345601496224,-0.0213566195709051,5953.12,0.0052879834439756,5993.34,-0.00145828536342,6010.91,-0.0043770410803022,6154.56,-0.0276152966255914,0.007829189939448,0.0066330202017897,0.0072042124247083,47.26862302483072,6010.91,6116.604254188093,5905.215745811906,0.375537226682265,74.81428571428569,0.0125011338626283,-0.0006345601496224,-0.0213566195709051,-0.0218684623430961,79480.2,1.1428884174926586,0.2063186411867039,0.7441632,1
2023-06-13,5984.2,6012.6,5984.2,6005.2,88430.0,0.0034421682317948,0.0034421682317948,0.0119304394715558,-0.0026572776190793,-0.0113269674020415,5967.280000000001,0.0063546540467347,5991.74,0.0022464259130068,6007.469999999999,-0.0003778628940301,6152.259999999999,-0.023903411104212,0.0076952704903922,0.0065644755615338,0.0071983208133629,54.296506137865855,6007.469999999999,6108.911341100002,5906.028658899997,0.4888112677958303,71.79999999999998,0.0119563045360687,-0.0026572776190793,-0.0113269674020415,-0.0224638624820939,80739.2,1.095254845230074,-0.0264980129242489,0.5354615,0
2023-06-14,6017.2,6027.0,5994.8,6004.0,98951.0,-0.0001998268167587,-0.0001998268167587,0.0107744107744107,-0.0004661383765066,-0.0112315141135008,5980.08,0.0039999464890101,5991.460000000001,0.002092979006786,6004.06,-9.993237908956232e-06,6151.169999999999,-0.023925529614691,0.0076582799962684,0.0065647064356262,0.0070336591591071,57.7599196383727,6004.06,6100.8165017532965,5907.303498246703,0.4996899433169232,65.62857142857138,0.01093080803274,-0.0004661383765066,-0.0112315141135008,-0.010775364945464,87040.0,1.1368451286764707,0.118975460816465,0.64571416,1
2023-06-15,6014.0,6068.8,6008.4,6056.0,102700.0,0.0086608927381746,0.0086608927381746,0.0214890530648044,0.0057127673707983,-0.0035868241798019,6005.56,0.0083988837011037,5994.9,0.0101919965303842,6002.969999999999,0.0088339605228746,6150.28,-0.0153293833776673,0.0081185083189573,0.0068763449189543,0.0070722920548222,57.54669358909644,6002.969999999999,6096.671723850676,5909.268276149322,0.782972382047684,63.25714285714282,0.0104453670503868,0.0057127673707983,-0.0035868241798019,-0.0087406291943561,91243.8,1.1255559281836136,0.0378874392376025,0.66612214,1
2023-06-16,6062.0,6120.8,6056.2,6104.4,89161.0,0.0079920739762218,0.0079920739762218,0.0211441953830711,0.0060318402056758,0.0030892598922043,6030.839999999999,0.0121973058479416,5998.56,0.0176442346163079,6003.910000000001,0.0167374261106509,6150.35,-0.0074711195297829,0.0081500224367636,0.0071099704536429,0.0071466881744557,63.2783882783883,6003.910000000001,6101.402475282962,5906.41752471704,1.0153731080698167,63.15714285714285,0.0103461671674763,0.0060318402056758,0.0030892598922043,0.0006885020163271,94015.8,0.948361871089753,-0.1318305744888023,0.47895,0
2023-06-19,6101.0,6111.8,6080.2,6084.0,47598.0,-0.0033418517790445,-0.0033418517790445,0.0166092971961366,0.0055533518445061,0.0021743427554852,6050.719999999999,0.0055001718803713,6001.92,0.0136756238003838,6004.570000000001,0.0132282578103011,6149.056666666667,-0.0105799426145041,0.0081739918506961,0.0071304335181416,0.0070365636352668,57.39868049010372,6004.570000000001,6104.126005925038,5905.013994074963,0.8989211864315233,58.0142857142857,0.0095355499201653,0.0055533518445061,0.0021743427554852,-0.012594131394443,85368.0,0.5575625527129604,-0.4661567277172754,0.16454113,0
2023-06-20,6078.6,6098.6,6063.0,6079.8,47133.0,-0.0006903353057199,-0.0006903353057199,0.012422567108506,0.024501213265031,0.0118160031953136,6065.64,0.0023344609966962,6016.46,0.0105277854419376,6008.12,0.0119305206953257,6147.1,-0.0109482520212783,0.0044531401283021,0.0067087113852966,0.0069930492848329,58.81216803476583,6008.12,6113.22020481706,5903.01979518294,0.8410078987227857,56.34285714285716,0.0092672221360665,0.024501213265031,0.0118160031953136,-0.0189440392435292,77108.6,0.6112547757318898,-0.009769318038573,0.112854786,0
2023-06-21,6059.8,6059.8,5953.6,5957.0,74697.0,-0.0201980328300273,-0.0201980328300273,-0.0078281145902731,0.0028619528619528,-0.0019769467899745,6056.24,-0.0163864047659934,6018.16,-0.0101625746075212,6007.53,-0.0084111107227096,6142.493333333333,-0.03019837764035,0.0084570657428514,0.0080331544758894,0.0074018536600815,43.81463040980462,6007.53,6113.686767887768,5901.373232112232,0.2620029273431655,59.414285714285725,0.0099738602844192,0.0028619528619528,-0.0019769467899745,-0.0443417717457567,72257.8,1.0337569092886858,0.5848131882120806,0.38903517,0
2023-06-26,5939.0,5944.6,5857.0,5870.2,80036.0,-0.0145710928319624,-0.0145710928319624,-0.0306803170409512,-0.0098505549370847,-0.0121167244454916,6019.08,-0.0247346770602816,6012.32,-0.0236381297070016,6003.93,-0.0222737440309931,6136.256666666667,-0.0433581385394027,0.0096860541608578,0.0086208549657766,0.0076062089591625,32.444918265813726,6003.93,6123.456523812473,5884.403476187527,-0.0594155829789358,62.11428571428574,0.0105812895155677,-0.0098505549370847,-0.0121167244454916,-0.0599256934213054,67725.0,1.181779254337394,0.0714754273933357,0.825554,1
2023-06-27,5874.4,5916.2,5869.6,5900.0,61783.0,0.0050764880242581,0.0050764880242581,-0.0334840442959176,-0.0130478420876547,-0.0160434942130015,5978.2,-0.01308086045967,6004.52,-0.0174068868119349,5999.120000000001,-0.0165224232887492,6130.679999999999,-0.0376271473963735,0.0093896543151331,0.0084287832469205,0.0076460744587021,36.92628650904034,5999.120000000001,6127.379828391063,5870.860171608939,0.1135968633226857,63.09999999999997,0.0106949152542372,-0.0130478420876547,-0.0160434942130015,-0.0536682385397619,62249.4,0.9925075583057829,-0.2280598730571242,0.54210883,0
2023-06-28,5892.8,5911.2,5817.4,5908.8,66589.0,0.0014915254237288,0.0014915254237288,-0.0287968441814595,-0.0126658423286435,-0.0132923652394628,5943.16,-0.0057814361383505,5996.9400000000005,-0.0146974957228186,5995.139999999999,-0.0144016653489325,6125.346666666666,-0.0353525569165064,0.0094013435869845,0.0084427190174101,0.0076522483835254,47.26495726495732,5995.139999999999,6129.591124361467,5860.688875638532,0.1789167795730861,61.10000000000004,0.0103405090712158,-0.0126658423286435,-0.0132923652394628,-0.051374261494991,66047.6,1.008197118441851,0.0777883883916288,0.32745495,0
2023-06-29,5897.8,5921.4,5880.6,5903.0,49130.0,-0.000981586785811,-0.000981586785811,-0.0290799039442086,-0.0170185838939584,-0.0196306384109479,5907.8,-0.000812485189072,5986.719999999999,-0.0139842852179489,5989.23,-0.014397510197471,6120.336666666667,-0.0355105737647331,0.0092598855928427,0.0083192499757549,0.0076407734963197,46.04869713797522,5989.23,6129.138497917144,5849.321502082855,0.1918343014051018,60.914285714285725,0.0103192081508191,-0.0170185838939584,-0.0196306384109479,-0.0484557353794571,66447.0,0.7393862777853025,-0.2621904518764361,0.6052794,1
2023-06-30,5895.0,5982.8,5895.0,5968.2,60367.0,0.0110452312383533,0.0110452312383533,0.0018801410105757,-0.0059626915389739,-0.006426050476127,5910.039999999999,0.0098408809415841,5983.139999999999,-0.0024970166166928,5987.3,-0.0031900856813589,6115.76,-0.0241278271220585,0.0101034579438811,0.0087297894065897,0.0077391248021442,53.79310344827581,5987.3,6127.252924415998,5847.347075584003,0.4317627692322194,61.88571428571432,0.0103692427005988,-0.0059626915389739,-0.006426050476127,-0.0439866726468892,63581.0,0.9494503074817948,0.228719723183391,0.62980604,1
2023-07-03,5990.0,6021.6,5963.0,5997.0,55715.0,0.0048255755504171,0.0048255755504171,0.0216006268951653,-0.0097424042272127,-0.0040852929453966,5935.4,0.0103784075209758,5977.24,0.0033058736139088,5986.070000000001,0.0018259058113252,6110.943333333333,-0.0186457846388145,0.0097825880615012,0.0087847416743786,0.0077087456757768,51.89469485440765,5986.070000000001,6125.183540904962,5846.95645909504,0.5392844576052682,61.857142857142925,0.0103146811500988,-0.0097424042272127,-0.0040852929453966,-0.0459751829462297,58716.8,0.9488766417788436,-0.0770619709443901,0.5887731,1
2023-07-04,5997.4,6012.8,5989.6,6011.0,38442.0,0.002334500583625,0.002334500583625,0.0188135593220339,-0.0153004390275865,-0.0093608886252019,5957.6,0.0089633409426614,5967.9,0.007221970877528,5983.2300000000005,0.0046413057829968,6105.413333333333,-0.0154638724978488,0.0093635532441293,0.0086134254826446,0.0076124315683266,52.59433962264147,5983.2300000000005,6117.554933610378,5848.905066389623,0.6033687464181042,59.60000000000004,0.0099151555481617,-0.0153004390275865,-0.0093608886252019,-0.0523112820836224,54048.6,0.7112487650003886,-0.3100242304585838,0.16357,0
2023-07-05,5995.2,6009.2,5968.0,5980.8,45336.0,-0.0050241224421893,-0.0050241224421893,0.0121852152721364,-0.0169625246548322,-0.0115033716779054,5972.0,0.0014735432016075,5957.58,0.0038975557189329,5979.75,0.0001755926251096,6099.223333333332,-0.0194161333109623,0.0094152710408656,0.0086588632372988,0.0076247403125768,47.64660493827164,5979.75,6110.301082964167,5849.198917035833,0.5040214143619489,60.642857142857146,0.0101395895436826,-0.0169625246548322,-0.0115033716779054,-0.0584679323698875,49798.0,0.9103980079521266,0.1793351022319338,0.2023068,0
2023-07-06,5962.8,6008.2,5937.6,5940.2,53000.0,-0.0067883895131086,-0.0067883895131086,0.0063018803997967,-0.022961281621106,0.0009773523860878,5979.44,-0.0065624874570193,5943.62,-0.0005754069069018,5980.04,-0.0066621627948977,6092.490000000001,-0.0249963479628199,0.0095414618104934,0.0076392893893429,0.0076615588383612,44.28110433847255,5980.04,6110.192079466417,5849.887920533583,0.3469482771103943,63.38571428571426,0.0106706363903091,-0.022961281621106,0.0009773523860878,-0.0636802118470414,50572.0,1.0480107569405996,0.1690488794776778,0.3232614,0
2023-07-07,5930.2,5946.2,5894.2,5924.4,53817.0,-0.0026598431029258,-0.0026598431029258,-0.0073388961495928,-0.0054725532986402,-0.0026262626262626,5970.68,-0.0077512109173495,5940.36,-0.0026867058562107,5979.26,-0.0091750484173628,6084.75,-0.0263527671638111,0.0072084024825052,0.0076602321966611,0.0075897778020986,37.38496932515334,5979.26,6110.603958248486,5847.916041751514,0.291159027291486,62.47142857142853,0.0105447688494072,-0.0054725532986402,-0.0026262626262626,-0.0726897069872277,49262.0,1.092464780155089,0.0154150943396227,0.68843883,1
2023-07-10,5949.6,5971.6,5917.2,5943.2,44171.0,0.0031733171291608,0.0031733171291608,-0.0089711522427881,0.012435692139961,0.0024626387342709,5959.92,-0.0028054067839836,5947.66,-0.0007498747406543,5979.99,-0.0061521842009769,6077.846666666666,-0.0221536794281307,0.0052973168960681,0.0076813092798602,0.0075950207038367,33.61788617886184,5979.99,6110.306697641436,5849.673302358564,0.3588438754747031,61.72857142857141,0.0103864200142299,0.012435692139961,0.0024626387342709,-0.0651524208009562,46953.2,0.9407452527197296,-0.1792370440567107,0.7447961,1
2023-07-11,5957.2,6002.0,5941.4,5994.2,47450.0,0.0085812356979404,0.0085812356979404,-0.0027948760605557,0.0159661016949153,0.0027099364335898,5956.56,0.0063190834978579,5957.08,0.0062312408092555,5980.8,0.0022405029427501,6071.833333333333,-0.012785814279048,0.0056807266453344,0.0076954417630459,0.0076967200592865,41.40834290088021,5980.8,6111.265918114397,5850.334081885603,0.5513544080847614,63.79999999999999,0.0106436221680958,0.0159661016949153,0.0027099364335898,-0.056774193548387,48754.8,0.9732375068711184,0.0742342260759321,0.21904418,0
2023-07-12,5997.2,6003.0,5931.2,5936.2,53260.0,-0.0096760201528144,-0.0096760201528144,-0.0074571963616908,0.0046371513674519,-0.0080874243892659,5947.639999999999,-0.0019234519910417,5959.82,-0.0039632069424915,5978.38,-0.0070554230410245,6064.56,-0.021165591568061,0.0067089959835134,0.0079976964328236,0.0077623567172273,37.54337265787648,5978.38,6110.336158588498,5846.423841411503,0.3401741894763029,66.38571428571426,0.0111832004119999,0.0046371513674519,-0.0080874243892659,-0.0684806829237674,50339.6,1.0580139691217252,0.1224446786090622,0.5753906,1
2023-07-13,5958.4,6027.8,5958.4,6027.8,64558.0,0.0154307469424885,0.0154307469424885,0.0147469782162217,0.0211417923089953,0.0037634050489576,5965.160000000001,0.0105009756653633,5972.3,0.0092929022319709,5979.51,0.0080759125747762,6059.243333333333,-0.0051893168178863,0.0081612201734123,0.0087159082651456,0.0080414857132574,56.49303008070433,5979.51,6112.813388040653,5846.206611959347,0.6811281795226135,63.914285714285725,0.0106032525489043,0.0211417923089953,0.0037634050489576,-0.0502615491271192,52651.2,1.2261448931838212,0.2121291776192264,0.2513592,0
2023-07-14,6035.0,6038.4,6001.0,6003.8,42223.0,-0.0039815521417432,-0.0039815521417432,0.0134022010667747,0.0059649475553769,-3.331112591598018e-05,5981.04,0.0038053582654522,5975.86,0.0046754776718331,5979.5,0.0040638849402123,6053.296666666666,-0.0081768116436827,0.0077068895476055,0.0087664619036714,0.0080418116610208,63.847429519071305,5979.5,6112.795682403173,5846.204317596827,0.5911507393259041,59.44285714285713,0.0099008723046832,0.0059649475553769,-3.331112591598018e-05,-0.0560953369179008,50332.4,0.838883105117181,-0.3459679667895535,0.15228437,0
2023-07-17,5991.4,5991.4,5944.4,5980.8,63119.0,-0.0038309070921749,-0.0038309070921749,0.0063265580831874,-0.0027013506753376,-0.0124174372523117,5988.56,-0.0012958039996258,5974.24,0.0010980476177724,5975.74,0.0008467570543564,6046.446666666668,-0.0108570653618048,0.0076682773929144,0.0085621616871065,0.0080134111569995,58.49453322119428,5975.74,6104.100879431314,5847.379120568686,0.5197100550511108,60.357142857142925,0.0100918176259267,-0.0027013506753376,-0.0124174372523117,-0.0643011358302825,54122.0,1.1662355419238015,0.4948961466499302,0.30330956,0
2023-07-18,5982.6,5996.0,5946.4,5971.0,68443.0,-0.0016385767790262,-0.0016385767790262,-0.0038704080611257,-0.0066544668108468,-0.0218530895747329,5983.92,-0.0021591197743285,5970.24,0.0001272980650695,5969.07,0.0003233334506045,6039.680000000001,-0.011371463388789,0.0076226207699825,0.0083215585385396,0.0080121121237759,56.525388166177045,5969.07,6082.246845316299,5855.8931546837,0.5085264790452785,57.20000000000008,0.0095796349020264,-0.0066544668108468,-0.0218530895747329,-0.0636663007683864,58320.6,1.1735647438469423,0.0843486113531584,0.24937761,0
2023-07-19,5969.0,5988.8,5935.6,5965.6,73778.0,-0.0009043711271142,-0.0009043711271142,0.004952663319969,-0.002541466024612,-0.0194608809993425,5989.8,-0.0040402016761827,5968.719999999999,-0.0005227251403984,5963.15,0.000410856678098,6033.286666666667,-0.0112188713061868,0.0074692174302133,0.0083043844632311,0.0080004343351365,56.57286854262918,5963.15,6062.564019978983,5863.735980021016,0.5123222056633394,58.0857142857144,0.0097367765666009,-0.002541466024612,-0.0194608809993425,-0.0604170604170603,62424.2,1.181881385744631,0.0779480735794748,0.23231259,0
2023-07-20,5983.4,5990.2,5900.8,5905.4,96421.0,-0.0100911894863887,-0.0100911894863887,-0.0203059159228906,-0.0058583886064442,-0.0286851541169118,5965.32,-0.0100447251781966,5965.24,-0.0100314488603979,5954.43,-0.0082342054571135,6025.986666666666,-0.0200111074479641,0.0078545552456239,0.0085513350933315,0.0080859038544966,43.336162988115454,5954.43,6040.455726873837,5868.404273126163,0.2150271100184554,58.20000000000008,0.0098553865953195,-0.0058583886064442,-0.0286851541169118,-0.0690481445281709,68796.8,1.401533210847016,0.3069072081108188,0.56512994,1
2023-07-21,5898.0,5952.8,5897.4,5915.4,74537.0,0.0016933653943846,0.0016933653943846,-0.0147240081281855,-0.0015191411788535,-0.0069833808964244,5947.639999999999,-0.0054206374292996,5964.34,-0.0082054342978435,5952.35,-0.006207632279688,6021.31,-0.0175891957065821,0.0078458562492583,0.0073358164171379,0.0075553364461687,40.98143236074269,5952.35,6040.108316444796,5864.591683555205,0.2894786414730031,57.97142857142866,0.0098000859741401,-0.0015191411788535,-0.0069833808964244,-0.0452872821174952,75259.6,0.9903985670931016,-0.2269630059841736,0.15864338,0
2023-07-24,5902.6,5944.8,5885.8,5903.4,44846.0,-0.0020286033066233,-0.0020286033066233,-0.0129414125200643,-0.0066967290348634,0.0056556846444755,5932.16,-0.0048481497464667,5960.360000000001,-0.0095564697434384,5954.01,-0.0085001536779415,6017.130000000001,-0.0189010375378296,0.0077750473184833,0.0065475982423017,0.0075162593213478,38.05506216696269,5954.01,6036.311880773825,5871.708119226176,0.1925343654109011,60.52857142857153,0.0102531712959602,-0.0066967290348634,0.0056556846444755,-0.0407526567222384,71605.0,0.6262970462956498,-0.3983390799200397,0.57555586,1
2023-07-25,5976.2,6014.2,5968.6,6006.4,67858.0,0.0174475725852898,0.0174475725852898,0.0059286551666386,0.0020353007907643,0.0180338983050847,5939.24,0.0113078441012655,5961.58,0.0075181411639195,5959.33,0.0078985389297119,6016.123333333333,-0.0016162124335882,0.0093000089122105,0.0075326101813405,0.0076593873856815,52.44648318042807,5959.33,6040.681973417418,5877.978026582582,0.7892984522851278,65.3714285714287,0.0108836288910876,0.0020353007907643,0.0180338983050847,-0.0099558251467001,71488.0,0.9492222470904208,0.5131338357936048,0.24052143,0
2023-07-26,6006.0,6008.2,5975.4,5995.6,39923.0,-0.0017980820458176,-0.0017980820458176,0.0050288319699611,0.0100064014015701,0.0146899539669644,5945.24,0.0084706420598665,5967.52,0.0047054722899966,5963.67,0.0053540856553095,6014.52,-0.0031457206892653,0.0086794737400293,0.0075553753983881,0.0076417041850897,55.614106201864665,5963.67,6042.905428014192,5884.434571985808,0.7014881524605469,62.67142857142874,0.0104529035578472,0.0100064014015701,0.0146899539669644,-0.015791720017072,64717.0,0.6168858259808088,-0.4116684841875682,0.16562934,0
2023-07-27,5999.8,6008.4,5942.2,5954.6,51949.0,-0.006838348121956,-0.006838348121956,0.0083313577403734,-0.0121437340323169,0.0087413179739115,5955.08,-8.060345117100187e-05,5960.2,-0.0009395657863828,5966.25,-0.0019526503247432,6011.606666666668,-0.0094827672247352,0.0073252257970575,0.0077375874979345,0.0076413612954559,52.91168530659475,5966.25,6040.362276133205,5892.137723866795,0.4214030346398985,63.68571428571444,0.0106952128246589,-0.0121437340323169,0.0087413179739115,-0.0285182889026657,55822.6,0.9306087498611674,0.3012298674949276,0.5418836,0
2023-07-28,5935.2,6049.8,5928.2,6039.6,68659.0,0.0142746783998926,0.0142746783998926,0.0209960442235521,0.0059628901695591,0.0119634060520761,5979.92,0.0099800666229648,5963.780000000001,0.0127134133049844,5969.82,0.0116887946370243,6008.703333333333,0.0051419857085084,0.0087000832079437,0.0079993045570971,0.0076575532355197,58.24213406292753,5969.82,6050.880746551823,5888.759253448176,0.930417945604469,68.48571428571442,0.0113394453748119,0.0059628901695591,0.0119634060520761,-0.0280343751005825,54647.0,1.2564093179863487,0.3216616296752583,0.4310786,0
2023-07-31,6063.0,6145.0,6063.0,6086.2,70370.0,0.0077157427644214,0.0077157427644214,0.0309652064911745,0.017623060460139,0.0148741037185258,6016.4800000000005,0.0115881711565566,5974.32,0.0187268174453327,5974.28,0.0187336381957323,6006.58,0.0132554631753842,0.0088080264729444,0.0081045940642059,0.0077296206936488,57.92556857339767,5974.28,6070.107951091974,5878.452048908025,1.0839632316284231,71.68571428571438,0.0117784026626983,0.017623060460139,0.0148741037185258,-0.0205034118707352,59751.8,1.177705106791762,0.0249202580870679,0.70464617,1
2023-08-01,6087.4,6121.8,6083.4,6093.0,50039.0,0.0011172817192994,0.0011172817192994,0.0144179541822058,0.0204320884273991,0.0136416569622359,6033.8,0.0098113958036394,5986.52,0.0177866272893101,5978.379999999999,0.0191724179459988,6005.593333333333,0.0145542100197704,0.008731852829883,0.0080967902628941,0.0076286806406913,64.81481481481484,5978.379999999999,6086.9875620123885,5869.77243798761,1.027679647145222,69.30000000000011,0.0113737075332348,0.0204320884273991,0.0136416569622359,-0.0096225740385552,56188.0,0.8905638214565388,-0.288915731135427,0.20563427,0
2023-08-02,6084.6,6111.2,6049.8,6070.0,52949.0,-0.0037748235680289,-0.0037748235680289,0.0124091000066715,0.0175003352554645,0.0149143927233814,6048.68,0.0035247359754524,5996.96,0.0121795042821695,5982.84,0.0145683320964624,6003.686666666666,0.0110454354157947,0.0088859073351588,0.0080549459790815,0.0076099009913857,54.58098132870168,5982.84,6098.934016346829,5866.745983653172,0.8753854106468808,67.14285714285721,0.0110614262179336,0.0175003352554645,0.0149143927233814,-0.0184981566522216,58793.2,0.900597347992625,0.0581546393812826,0.41306776,0
2023-08-03,6052.8,6086.2,6037.6,6084.0,49815.0,0.0023064250411861,0.0023064250411861,0.0217310986464245,0.0302435059437125,0.0242079391266287,6074.56,0.0015540220197016,6014.82,0.0115015910700571,5990.03,0.0156877344520811,6002.91,0.0135084484025247,0.0078515417322636,0.0078600769247922,0.0075358682309915,58.89924545051042,5990.03,6112.634114295007,5867.425885704993,0.8832253123818173,67.94285714285719,0.0111674650136188,0.0302435059437125,0.0242079391266287,-0.0076012135843147,58366.4,0.8534876230159818,-0.0591890309543144,0.4424928,0
2023-08-04,6119.8,6165.0,6094.6,6120.4,68806.0,0.0059829059829059,0.0059829059829059,0.0133783694284388,0.0346553064881496,0.033083519006144,6090.719999999999,0.0048729871016892,6035.32,0.0140970155683541,5999.83,0.0200955693744655,6002.836666666667,0.0195846297111752,0.0078886130861551,0.0078727731513103,0.0075756569889957,65.04310344827583,5999.83,6131.35477613286,5868.30522386714,0.958354705269392,69.4857142857143,0.0113531328484599,0.0346553064881496,0.033083519006144,-0.0007183908045977,58395.8,1.1782696700790125,0.3812305530462712,0.35459468,0
2023-08-07,6112.0,6127.6,6087.0,6104.0,52332.0,-0.0026795634272269,-0.0026795634272269,0.0029246492064014,0.0339804180641665,0.0270561313770358,6094.28,0.0015949382043489,6055.38,0.0080292235995098,6007.870000000001,0.0160006791092348,6002.846666666666,0.0168508940758107,0.007941267920419,0.0079221093405011,0.0075699883361651,64.13089672758184,6007.870000000001,6144.383536633431,5871.356463366571,0.8520896255809793,68.84285714285716,0.0112783186669163,0.0339804180641665,0.0270561313770358,9.830586230630269e-05,54788.2,0.9551691787647706,-0.2394267941749266,0.27982536,0
2023-08-08,6090.4,6096.0,6054.2,6081.0,53743.0,-0.0037680209698558,-0.0037680209698558,-0.0019694731659281,0.0124200852424081,0.0144806646424877,6091.879999999999,-0.0017859839655408,6062.84,0.0029952959339187,6012.210000000001,0.0114417161077207,6003.483333333334,0.0129119483411019,0.0064598332679687,0.0078105695207185,0.0074737886256648,61.818926669397776,6012.210000000001,6152.3641692489055,5872.055830751096,0.7454083255912015,68.60000000000004,0.0112810393027462,0.0124200852424081,0.0144806646424877,0.0063215727808301,55529.0,0.9678366259071836,0.026962470381411,0.30070484,0
2023-08-09,6068.4,6081.8,6031.6,6041.6,50374.0,-0.006479197500411,-0.006479197500411,-0.0046787479406918,0.0076722930148775,0.017755466460025,6086.2,-0.0073280536295224,6067.4400000000005,-0.0042587977796236,6017.48,0.0040083224206812,6002.256666666666,0.0065547569053197,0.0068626135130734,0.0076163140709185,0.0073568109140424,64.56996148908871,6017.48,6153.464482086656,5881.495517913343,0.5886865899324831,65.80000000000005,0.0108911546610169,0.0076722930148775,0.017755466460025,-0.0120355834641547,55014.0,0.915657832551714,-0.0626872336862475,0.3787487,0
2023-08-10,6038.2,6055.8,6010.4,6033.8,48525.0,-0.0012910487288135,-0.0012910487288135,-0.0082511505588428,0.0133006415208409,0.0009953880354358,6076.16,-0.0069715083210447,6075.36,-0.0068407468857811,6017.780000000001,0.002662111276916,6001.586666666666,0.0053674694914012,0.0063854749359369,0.0068136616701439,0.0073079087369808,62.7257093723131,6017.780000000001,6153.886763047703,5881.673236952298,0.5588508595799344,65.08571428571433,0.0107868531084415,0.0133006415208409,0.0009953880354358,-0.0066183733947974,54756.0,0.886204251588867,-0.0367054432842339,0.3853744,0
2023-08-11,6038.0,6039.2,5909.2,5909.4,74594.0,-0.0206171898306208,-0.0206171898306208,-0.034474870923469,-0.021557719054242,-0.0157233751957094,6033.960000000001,-0.0206431597160076,6062.34,-0.0252278823028732,6013.06,-0.0172391427991738,5998.873333333334,-0.014915022932084,0.0078885797044516,0.0082073692479494,0.0077739191693571,50.51939058171746,6013.06,6157.500268477493,5868.619731522506,0.1411665490079304,70.15714285714292,0.0118721262492203,-0.021557719054242,-0.0157233751957094,-0.0268107111096472,55913.6,1.3340940307903624,0.5372282328696547,0.608527,1
2023-08-14,5865.0,5924.0,5838.4,5912.6,78805.0,0.000541510136393,0.000541510136393,-0.0313564875491479,-0.0285235450691727,-0.0114031567683252,5995.68,-0.0138566434499506,6044.9800000000005,-0.0218991626109598,6009.65,-0.0161490269816044,5996.119999999999,-0.0139290074248011,0.0071867899261195,0.0081794533943627,0.0077729577884151,40.18417748011726,6009.65,6160.380257500847,5858.919742499153,0.1780672918327168,68.35714285714292,0.0115612662546329,-0.0285235450691727,-0.0114031567683252,-0.027180887821251,61208.2,1.2874908917432633,0.0564522615759981,0.23234837,0
2023-08-15,5926.0,5934.8,5833.0,5882.8,82472.0,-0.0050400838886446,-0.0050400838886446,-0.032593323466535,-0.0344986049565074,-0.0147713950762016,5956.04,-0.0122967609351178,6023.960000000001,-0.0234330905251696,6005.24,-0.0203888603952547,5992.740000000001,-0.0183455314263593,0.0070704095261881,0.008238615828712,0.007792186266832,38.64734299516908,6005.24,6165.585868277422,5844.894131722577,0.1182003274691185,73.28571428571435,0.0124576246490981,-0.0344986049565074,-0.0147713950762016,-0.0333245694754831,66954.0,1.231771066702512,0.046532580420024,0.45974135,0
2023-08-16,5865.4,5890.8,5840.2,5840.6,73904.0,-0.0071734548174338,-0.0071734548174338,-0.0332693326271186,-0.0377924217462931,-0.0209534665415046,5915.84,-0.0127183967112024,6001.02,-0.0267321222058917,5998.99,-0.0264027778009297,5988.903333333334,-0.0247630200520851,0.0071670764391394,0.0083646340813832,0.0078356742390191,38.55421686746988,5998.99,6174.836846042557,5823.143153957442,0.049636505957955,72.17142857142868,0.0123568517911565,-0.0377924217462931,-0.0209534665415046,-0.0379192198721749,71660.0,1.0313145408875244,-0.1038898050247356,0.67291164,1
2023-08-17,5821.4,5895.4,5790.8,5879.2,100102.0,0.0066089100434885,0.0066089100434885,-0.0256223275547747,-0.0336620644312952,-0.0044366173332881,5884.92,-0.0009719758297479,5980.54,-0.016944958147592,5997.68,-0.0197543049979326,5986.743333333333,-0.0179635784174255,0.0076861784438665,0.0082446515168567,0.0077871912781279,32.24092116917619,5997.68,6176.821973687909,5818.538026312092,0.1693125637702034,70.9571428571429,0.0120691833679995,-0.0336620644312952,-0.0044366173332881,-0.0215683663959526,81975.4,1.221122434291263,0.3544869019268239,0.37290147,0
2023-08-18,5883.0,5904.2,5785.8,5787.0,83217.0,-0.0156824057694924,-0.0156824057694924,-0.020712762717027,-0.0544735638193581,-0.0217060553808702,5860.44,-0.0125314822777811,5947.2,-0.0269370460048425,5991.26,-0.0340929954633917,5983.713333333333,-0.0328747923530204,0.0078027299054988,0.0089233076008627,0.0079957902883332,19.91150442477877,5991.26,6190.8532748575935,5791.666725142407,-0.0116905871346029,71.88571428571433,0.0124219309289293,-0.0544735638193581,-0.0217060553808702,-0.0304583835946924,83700.0,0.9942293906810036,-0.1686779484925376,0.40561366,0
2023-08-21,5776.0,5819.8,5706.8,5714.8,73535.0,-0.012476239847935,-0.012476239847935,-0.033453979636708,-0.0637614678899082,-0.0319476911610258,5820.88,-0.0182240485974629,5908.280000000001,-0.0327472631628833,5981.83,-0.0446401853613358,5979.923333333333,-0.0443355739789305,0.0080133322036281,0.0092816823704042,0.0081292420417517,16.38819765375044,5981.83,6214.0550550877,5749.6049449123,-0.0749379624415546,77.21428571428571,0.0135112839844413,-0.0637614678899082,-0.0319476911610258,-0.0382686547070107,82646.0,0.8897587300050819,-0.116346419601764,0.8113399,1
2023-08-22,5741.8,5759.0,5655.2,5732.2,88548.0,0.0030447259746622,0.0030447259746622,-0.0256000543958659,-0.0573589870087156,-0.045651305274374,5790.76,-0.0101126622412257,5873.4,-0.0240405897776415,5968.120000000001,-0.0395300362593247,5975.5233333333335,-0.0407200038825051,0.0085468132589337,0.0082263269564042,0.0080439522133662,19.676840215439785,5968.120000000001,6225.275464753507,5710.964535246495,0.0412891570744178,80.24285714285718,0.0139986143440314,-0.0573589870087156,-0.045651305274374,-0.0440278843267403,83861.2,1.0558875856772858,0.2041612837424355,0.4741559,0
2023-08-23,5723.8,5728.8,5622.8,5637.2,79606.0,-0.0165730435086005,-0.0165730435086005,-0.0348251891928912,-0.0669359110169492,-0.0597771699246114,5750.08,-0.0196310312204351,5832.960000000001,-0.0335610050471804,5950.2,-0.0526032738395347,5969.67,-0.0556931957712906,0.0091996448797975,0.0088207014204308,0.0083002473740379,14.984326018808716,5950.2,6246.294863888272,5654.105136111728,-0.0285468243010575,84.58571428571433,0.0150049163211726,-0.0669359110169492,-0.0597771699246114,-0.0586467169861731,85001.6,0.9365235477920416,-0.1009847766183312,0.7170554,1
2023-08-24,5657.6,5710.4,5627.8,5649.6,72616.0,0.0021996735968212,0.0021996735968212,-0.0390529323717511,-0.0636746329013224,-0.0512209048466731,5704.16,-0.009564949089787,5794.54,-0.0250132020833404,5934.95,-0.0480795962897748,5963.4766666666665,-0.0526331675650053,0.0094961270606305,0.0088473435120233,0.0082678001306635,11.661237785016354,5934.95,6260.0839966682,5609.8160033318,0.0611809239819361,84.70000000000002,0.0149922118380062,-0.0636746329013224,-0.0512209048466731,-0.0617152727031156,79504.4,0.9133582543859208,-0.0878074516996206,0.4878106,0
2023-08-25,5630.4,5659.0,5557.2,5585.8,84854.0,-0.0112928348909657,-0.0112928348909657,-0.034767582512528,-0.0547602125427284,-0.0751374263196238,5663.92,-0.013792567691634,5762.18,-0.0306099427647175,5912.26,-0.0552174633727203,5956.46,-0.0622282362342733,0.0083458723591798,0.0080979704082012,0.0083718980039451,10.825521620804407,5912.26,6268.494673686894,5556.025326313106,0.0417908135930977,89.07142857142857,0.0159460468637309,-0.0547602125427284,-0.0751374263196238,-0.0700872344676033,79831.8,1.0629097677867716,0.1685303514376996,0.81188416,1
2023-08-28,5878.2,5898.8,5621.6,5646.2,111213.0,0.0108131333023022,0.0108131333023022,-0.0120039196472317,-0.0450563204005006,-0.0722946994840787,5650.2,-0.0007079395419631,5735.54,-0.0155765629740182,5890.26,-0.0414345037400726,5950.203333333334,-0.0510912512233476,0.00970499535116,0.0083566210481632,0.0085018014015161,18.889524899828277,5890.26,6255.497551536804,5525.022448463196,0.1658886812526899,107.87142857142857,0.0191051377158847,-0.0450563204005006,-0.0722946994840787,-0.0623422346220274,87367.4,1.2729347559844977,0.3106394512928088,0.680435,1
2023-08-29,5637.4,5817.2,5637.4,5770.6,115104.0,0.0220325174453615,0.0220325174453615,0.006698998639266,-0.0190725504861629,-0.0529131790579352,5657.88,0.0199226565427332,5724.32,0.0080848030857814,5874.14,-0.017626409993633,5945.25,-0.0293763929187165,0.0128286470967664,0.0101161702922332,0.0089418637026652,32.71242663944885,5874.14,6230.04082829198,5518.239171708021,0.3545381300502956,117.12857142857143,0.0202974684484406,-0.0190725504861629,-0.0529131790579352,-0.0489798609051056,92678.6,1.2419695593157427,0.0349869169971135,0.6801476,1
2023-08-30,5788.6,5829.2,5757.2,5771.0,71089.0,6.931688212663545e-05,6.931688212663545e-05,0.0237351876818279,-0.0119165839126117,-0.0492586490939044,5684.64,0.0151918151369303,5717.36,0.0093819525095499,5859.1900000000005,-0.0150515685615247,5940.593333333334,-0.0285482146003375,0.0126984911050923,0.0101305010938053,0.0089383763523321,33.075734157650686,5859.1900000000005,6205.43825836533,5512.941741634671,0.3726491789209946,119.0285714285714,0.020625293957472,-0.0119165839126117,-0.0492586490939044,-0.0461787650403278,90975.2,0.7814107580967121,-0.3823933138726717,0.315696,0
2023-08-31,5772.2,5787.4,5727.2,5741.6,62959.0,-0.0050944377057701,-0.0050944377057701,0.0162843387142452,-0.023404544836032,-0.0562787639710715,5703.04,0.0067613062507014,5703.6,0.0066624587979522,5842.070000000001,-0.0171976713733317,5937.38,-0.0329741401089368,0.0124431895775723,0.0100817554187152,0.0086258612152143,37.687114763721794,5842.070000000001,6175.123908075229,5509.016091924772,0.3491685616592336,114.0428571428571,0.0198625569776468,-0.023404544836032,-0.0562787639710715,-0.0324885413858181,89043.8,0.7070565272371574,-0.1143636849582917,0.4502674,0
2023-09-01,5758.0,5780.4,5731.6,5748.0,60355.0,0.0011146718684686,0.0011146718684686,0.0290379175767123,-0.006739243131156,-0.060845696359715,5735.4800000000005,0.0021829036105085,5699.7,0.0084741302173798,5823.45,-0.0129562372820235,5934.179999999999,-0.0313741746964196,0.0115360207902182,0.0099148171965474,0.0086263791926237,37.97838153666369,5823.45,6131.70170507912,5515.19829492088,0.3776162487395913,111.4142857142856,0.0193831394770851,-0.006739243131156,-0.060845696359715,-0.0323232323232323,84144.0,0.7172822779996197,-0.0413602503216379,0.51232016,0
2023-09-04,5779.6,5837.4,5759.0,5831.4,80473.0,0.0145093945720249,0.0145093945720249,0.0328008217916473,0.0204031637152655,-0.0446592398427261,5772.52,0.0102000512774316,5711.36,0.0210177610936799,5809.82,0.0037144007903859,5932.56,-0.0170516606658847,0.0116094855383911,0.0106683687573917,0.0088390284097492,46.518558656190685,5809.82,6088.531377593337,5531.108622406662,0.5387138842094328,110.52857142857128,0.0189540370114503,0.0204031637152655,-0.0446592398427261,-0.0163951017103533,77996.0,1.0317580388737884,0.3333278104548089,0.2698584,0
2023-09-05,5822.0,5828.4,5772.6,5784.2,65948.0,-0.0080941111911375,-0.0080941111911375,0.0023567739923058,0.0090715606573392,-0.0488077618812695,5775.24,0.0015514506756428,5716.56,0.0118322907482821,5794.98,-0.0018602307514434,5929.33,-0.0244766272074585,0.0120335058328939,0.0107448252926922,0.0088234819303226,46.205597416576914,5794.98,6042.788683421151,5547.171316578848,0.4782493497580972,111.11428571428549,0.0192099660651923,0.0090715606573392,-0.0488077618812695,-0.032418869187019,68164.8,0.9674788160458184,-0.1804953214121506,0.23799095,0
2023-09-06,5771.4,5805.8,5740.0,5780.4,72212.0,-0.0006569620690848,-0.0006569620690848,0.0016288338242937,0.0254026821826438,-0.0432335805084747,5777.12,0.0005677569446367,5730.879999999999,0.0086409068066335,5781.92,-0.0002628884522789,5925.926666666666,-0.0245576219302972,0.0103968684806935,0.0107085554044079,0.0088209477376455,43.02653867871256,5781.92,6000.8520067485015,5562.987993251499,0.4965286025954475,108.34285714285696,0.0187431418488092,0.0254026821826438,-0.0432335805084747,-0.0341209103365305,68389.4,1.0558946269451115,0.0949839267301511,0.24302591,0
2023-09-07,5768.6,5771.6,5687.0,5695.4,87125.0,-0.0147048647152445,-0.0147048647152445,-0.0080465375505086,0.0081067686207871,-0.0560840597964799,5767.879999999999,-0.0125661421527493,5735.46,-0.0069846184961624,5765.0,-0.0120728534258456,5920.763333333334,-0.0380632227038294,0.0117484016314972,0.0110658378557253,0.0089915485518421,43.46833998859095,5765.0,5951.936386590623,5578.063613409377,0.3138404157976502,106.55714285714268,0.0187093343500268,0.0081067686207871,-0.0560840597964799,-0.0515886231932325,73222.6,1.189864877783635,0.2065169223951697,0.2991618,0
2023-09-08,5681.4,5715.8,5676.8,5687.8,70039.0,-0.0013344102257961,-0.0013344102257961,-0.0104732080723729,0.0182605893515701,-0.0374995769452058,5755.839999999999,-0.0118210374159113,5745.660000000001,-0.0100702095146598,5753.92,-0.0114912963683888,5915.493333333334,-0.038491013429142,0.0110012152662439,0.0102433976533277,0.0089913668395616,47.87935909519321,5753.92,5930.818967299303,5577.021032700697,0.313113663099772,101.2714285714284,0.017805026296886,0.0182605893515701,-0.0374995769452058,-0.0526648900732844,75159.4,0.9318727930238933,-0.1961090387374462,0.66713464,1
2023-09-11,5701.0,5799.4,5682.8,5749.4,127669.0,0.0108301979675795,0.0108301979675795,-0.0140618033405357,0.0182777797456696,-0.0276020701552617,5739.4400000000005,0.001735360941137,5755.98,-0.0011431589407885,5745.76,0.0006335106234858,5910.383333333333,-0.0272373760303196,0.0110027586308126,0.0106216918316358,0.0090345640861859,51.2632197414806,5745.76,5906.122935736025,5585.397064263975,0.5113492559340247,102.18571428571406,0.0177732831748902,0.0182777797456696,-0.0276020701552617,-0.0506274768824307,84598.6,1.5091148080464687,0.8228272819429174,0.6453955,1
2023-09-12,5755.2,5780.0,5744.8,5763.2,81457.0,0.0024002504609177,0.0024002504609177,-0.0036305798554683,-0.0012823623193429,-0.0203304548854287,5735.24,0.0048751229242367,5755.24,0.0013830874125144,5739.78,0.0040802957604646,5904.696666666667,-0.0239634099183192,0.0084632874074596,0.0106157578148046,0.0089706806672451,60.50700466977988,5739.78,5887.007909253443,5592.552090746556,0.5795365502327552,96.88571428571406,0.0168110970095978,-0.0012823623193429,-0.0203304548854287,-0.055894109167158,87700.4,0.9288099028054604,-0.3619672747495477,0.22652116,0
2023-09-13,5758.8,5764.8,5670.6,5705.6,120889.0,-0.0099944475291503,-0.0099944475291503,-0.0129402809494151,-0.0113325246924276,-0.0231140636236003,5720.28,-0.0025663079429677,5748.7,-0.0074973472263293,5733.030000000001,-0.004784555461946,5898.39,-0.0326851903655065,0.0090213769680352,0.0107207004606558,0.0090419691083916,54.34243176178661,5733.030000000001,5872.995124979437,5593.064875020565,0.4020113045873736,97.71428571428552,0.0171260315679833,-0.0113325246924276,-0.0231140636236003,-0.0621959237343852,97435.8,1.2407041354409776,0.4840836269442774,0.32599616,0
2023-09-14,5703.8,5705.8,5664.4,5699.0,115178.0,-0.0011567582725743,-0.0011567582725743,0.0006320890543245,-0.0074195346244949,-0.0306504286297455,5721.0,-0.0038454815591679,5744.4400000000005,-0.0079102575707989,5724.02,-0.0043710539096648,5892.043333333333,-0.0327633933445838,0.0089130603631703,0.0105657774462617,0.0090418731130982,59.63240299523488,5724.02,5846.470756589975,5601.569243410024,0.3978364826124408,93.39999999999984,0.0163888401473942,-0.0074195346244949,-0.0306504286297455,-0.0626336392644495,103046.4,1.1177294888516245,-0.0472416845205105,0.65130514,1
2023-09-15,5711.0,5736.4,5669.0,5706.2,98019.0,0.0012633795402701,0.0012633795402701,0.0032349941981082,-0.0072720946416144,-0.0139623293589079,5724.68,-0.0032281280351041,5740.26,-0.0059335291432792,5719.98,-0.002409099332515,5887.863333333333,-0.0308538637955251,0.0089165639112262,0.0100349234474067,0.0086886371736588,55.61377245508984,5719.98,5838.964326256532,5600.995673743467,0.4420932133099204,75.85714285714266,0.0132938107422001,-0.0072720946416144,-0.0139623293589079,-0.0421017290582508,108642.4,0.9022168140615452,-0.1489781034572574,0.62413454,1
2023-09-18,5693.2,5747.2,5663.6,5727.2,74487.0,0.0036802074936035,0.0036802074936035,-0.0038612724806066,-0.0178687793668758,0.0021698047175753,5720.24,0.001216732165084,5729.84,-0.0004607458497969,5720.6,0.0011537251337272,5885.48,-0.0268933035198487,0.0073922855962965,0.0096771467817399,0.0085117394608381,44.96519721577717,5720.6,5839.599902697815,5601.6000973021855,0.5277311151117464,68.98571428571404,0.0120452776724601,-0.0178687793668758,0.0021698047175753,-0.024360328438554,98006.0,0.7600248964349121,-0.2400759036513329,0.29072982,0
2023-09-19,5728.4,5728.4,5679.0,5706.0,56593.0,-0.0037016343064673,-0.0037016343064673,-0.0099250416435313,-0.0135195878427439,-0.0045706709465824,5708.8,-0.0004904708520179,5722.02,-0.002799710591714,5719.289999999999,-0.0023237150065827,5882.246666666667,-0.0299624746553754,0.0070999196801287,0.0096886089259158,0.0084918606892575,42.80655157149177,5719.289999999999,5838.329063026806,5600.250936973192,0.4441779880399165,67.3714285714283,0.0118071203244704,-0.0135195878427439,-0.0045706709465824,-0.0328813559322034,93033.2,0.6083097216907513,-0.2402298387638111,0.21739809,0
2023-09-20,5690.6,5705.4,5667.4,5667.6,41966.0,-0.0067297581493164,-0.0067297581493164,-0.006660123387549,-0.0195142204691715,0.0053927481728519,5701.2,-0.0058934961060828,5710.74,-0.0075541873732649,5720.81,-0.0093011304343264,5878.2266666666665,-0.0358316680540842,0.007292348466678,0.0090406275905723,0.0085250889789348,41.970486111111065,5720.81,5836.15460770361,5605.465392296389,0.2693433570092521,65.8285714285712,0.0116148936813768,-0.0195142204691715,0.0053927481728519,-0.0408204711616572,77248.6,0.5432590364097213,-0.2584595267966003,0.21308182,0
2023-09-21,5657.2,5683.4,5617.0,5621.0,59194.0,-0.0082221751711483,-0.0082221751711483,-0.0136866116862607,-0.0130631737893738,-0.0050623052959501,5685.6,-0.0113620374278881,5703.3,-0.0144302421405151,5719.38,-0.0172011651612588,5873.526666666667,-0.0429940444639166,0.0062448962822413,0.009224318314469,0.0085808022802213,37.32534930139716,5719.38,5839.069134185562,5599.690865814438,0.0890186662747708,67.08571428571408,0.0119348362009809,-0.0130631737893738,-0.0050623052959501,-0.0477723191597493,66051.8,0.8961754259535697,0.4105228041748081,0.61882097,1
2023-09-22,5617.8,5723.4,5616.8,5723.4,77518.0,0.0182173990393168,0.0182173990393168,0.0030142651852371,0.006259010513731,0.0246338930860394,5689.039999999999,0.0060396833209119,5706.86,0.0028982662970529,5726.26,-0.00049945339541,5869.446666666667,-0.0248825272569703,0.0087784625308239,0.0097064129874148,0.0087955866424611,39.615384615384585,5726.26,5828.108109818827,5624.4118901811735,0.4859594841519979,68.31428571428549,0.011935962140386,0.006259010513731,0.0246338930860394,-0.0410173921785462,61951.6,1.2512671182019512,0.3095584011893098,0.135391,0
2023-09-25,5717.6,5717.6,5665.2,5684.4,52711.0,-0.0068141314603208,-0.0068141314603208,-0.0074731107696606,-0.0113055275333078,0.0067656122701993,5680.4800000000005,0.0006900825282369,5700.360000000001,-0.0027998231690631,5728.17,-0.0076411838335804,5864.236666666667,-0.0306666795507912,0.0082650740848448,0.0095931443178344,0.008800911354108,40.25009769441183,5728.17,5825.005858951789,5631.334141048211,0.2739990099029752,68.27142857142839,0.0120103139419161,-0.0113055275333078,0.0067656122701993,-0.0521260630315157,57596.4,0.9151787264481808,-0.3200159962847339,0.18007702,0
2023-09-26,5683.2,5696.2,5668.0,5670.2,40971.0,-0.0024980648793188,-0.0024980648793188,-0.0062740974412899,-0.0161368684064409,-0.0173985374137872,5673.320000000001,-0.0005499425380555,5691.06,-0.0036653980102124,5723.15,-0.009251897993238,5858.556666666666,-0.0321506946819096,0.0081789026287468,0.0081367835463086,0.0087933482468056,39.44848716966678,5723.15,5821.127258370902,5625.172741629097,0.2297842331964817,65.58571428571408,0.011566737378878,-0.0161368684064409,-0.0173985374137872,-0.0566960572284146,54472.0,0.752147892495227,-0.2227239096203828,0.33289677,0
2023-09-27,5667.8,5723.4,5666.4,5697.4,58667.0,0.0047970089238473,0.0047970089238473,0.0052579575128801,-0.0014371845204712,-0.012753422283833,5679.28,0.0031905452803875,5690.24,0.0012582949049599,5719.469999999999,-0.0038587491498337,5853.833333333333,-0.0267232297924436,0.0078208842658281,0.0082328751342222,0.0088073256533887,50.21533161068045,5719.469999999999,5815.387093586542,5623.552906413457,0.384952727533978,62.9857142857141,0.0110551680215035,-0.0014371845204712,-0.012753422283833,-0.0473849652220439,57812.2,1.0147858064560769,0.4319152571330942,0.2288374,0
2023-09-28,5713.2,5720.0,5685.2,5689.2,42639.0,-0.001439252992593,-0.001439252992593,0.0121330724070449,-0.0017195999298122,-0.0091263759230877,5692.92,-0.0006534432242153,5689.26,-1.0546187026116982e-05,5716.85,-0.0048365795849113,5849.65,-0.0274289914781226,0.0078255682142626,0.0081683920852441,0.0087723827544485,50.15053763440857,5716.85,5813.084002088031,5620.615997911969,0.3563397582971379,62.68571428571412,0.0110183706471409,-0.0017195999298122,-0.0091263759230877,-0.0422544695464799,54501.2,0.7823497464276017,-0.2732029931648115,0.18810096,0
2023-10-09,5687.0,5690.0,5630.2,5656.0,60393.0,-0.0058356183646206,-0.0058356183646206,-0.0117762169339902,-0.008797448389471,-0.0160055671537926,5679.44,-0.0041271674672149,5684.24,-0.0049681223875135,5712.25,-0.0098472580856929,5845.176666666666,-0.0323645763772181,0.0080036097163062,0.008246834025267,0.0087940755919923,39.303710490151175,5712.25,5810.977557076536,5613.522442923464,0.2151251298743589,58.62857142857131,0.010365730450596,-0.008797448389471,-0.0160055671537926,-0.0453041658226992,51076.2,1.1824098112232313,0.4163793709983818,0.2516157,0
2023-10-10,5674.2,5694.2,5625.2,5631.2,50789.0,-0.0043847241867044,-0.0043847241867044,-0.0093589472943493,-0.0167621176141918,-0.0343313783996981,5668.8,-0.0066327970646345,5674.639999999999,-0.0076551111612366,5702.24,-0.0124582620163303,5839.976666666667,-0.0357495720587925,0.0079015671430282,0.0074473334303644,0.0087912823284493,35.254691689008,5702.24,5790.100233505066,5614.379766494933,0.0957215388239123,61.04285714285704,0.0108401152761146,-0.0167621176141918,-0.0343313783996981,-0.0524969713285772,50691.8,1.0019174698866482,-0.159025052572318,0.32865998,0
2023-10-11,5651.6,5684.2,5610.8,5618.8,62620.0,-0.0022020173320073,-0.0022020173320073,-0.009064935981094,-0.0152821591307394,-0.0285951384806887,5658.52,-0.0070195033330269,5665.92,-0.0083163899243193,5693.969999999999,-0.0132016852916329,5833.72,-0.0368409865403207,0.0078727150583317,0.0072968892158533,0.0087047905127934,39.2147117296222,5693.969999999999,5780.474252405284,5607.465747594715,0.0655126892038932,59.55714285714274,0.0105996196442554,-0.0152821591307394,-0.0285951384806887,-0.0626272062994227,55021.6,1.138098492228507,0.2329441414479514,0.52339876,0
2023-10-12,5649.6,5674.4,5638.4,5661.2,57434.0,0.007546095251655,0.007546095251655,-0.0063537754063256,-0.0011292257745784,-0.0206214102830253,5651.280000000001,0.0017553545391484,5665.28,-0.0007201762313601,5688.01,-0.0047134234996071,5829.136666666667,-0.0288098695004006,0.0081119673643626,0.0075678065965164,0.0086991434102915,45.68690095846641,5688.01,5765.384656533463,5610.635343466538,0.326752058095367,60.57142857142838,0.0106993974018632,-0.0011292257745784,-0.0206214102830253,-0.046325932414676,54775.0,1.0485440438156093,-0.0828169913765569,0.35799783,0
2023-10-13,5638.4,5641.4,5618.8,5641.4,49110.0,-0.0034974916978732,-0.0034974916978732,-0.0084018842719538,0.0036292474648638,-0.009481335814868,5641.719999999999,-5.672029097503195e-05,5667.32,-0.0045735903389961,5685.31,-0.007723413499,5822.696666666667,-0.0311362032139748,0.007713059831947,0.0068848179674446,0.0084416986387338,42.81277728482693,5685.31,5765.322575327342,5605.297424672657,0.2256056324874055,58.78571428571409,0.0104204123596472,0.0036292474648638,-0.009481335814868,-0.0641029894820665,56069.2,0.8758819458811612,-0.1449315736323432,0.1856358,0
2023-10-16,5643.8,5643.8,5564.6,5588.6,70570.0,-0.0093593788775834,-0.0093593788775834,-0.0119165487977368,-0.0235524338679804,-0.017440838285453,5628.24,-0.0070430543118273,5653.839999999999,-0.0115390601785686,5680.35,-0.0161521737216896,5815.776666666668,-0.0390621373012375,0.0051267104306456,0.0071669106188629,0.0085014897382383,35.6402818068794,5680.35,5771.2682976198585,5589.431702380142,-0.004573899874475,58.471428571428405,0.0104626254467001,-0.0235524338679804,-0.017440838285453,-0.0691562010726539,58104.6,1.2145337890631722,0.436978212176746,0.73148894,1
2023-10-17,5596.8,5596.8,5557.4,5589.0,73037.0,7.157427620496648e-05,7.157427620496648e-05,-0.0074939622105412,-0.0167827739075363,-0.0278985633283472,5619.8,-0.0054806220861952,5644.3,-0.0097974948177808,5672.33,-0.0146906121470365,5809.246666666668,-0.0379131201176976,0.0049216191394785,0.0066271127864249,0.0084956214834354,37.33217843222168,5672.33,5765.862614069774,5578.797385930226,0.0545404090928292,57.75714285714275,0.0103340745852822,-0.0167827739075363,-0.0278985633283472,-0.0655096308186196,62554.2,1.1675794750792114,0.0349581975343631,0.23142847,0
2023-10-18,5579.2,5584.0,5517.0,5529.6,91476.0,-0.0106280193236714,-0.0106280193236714,-0.0158752758596141,-0.0247963034813586,-0.0405330372015545,5601.96,-0.0129169076537497,5630.24,-0.017874904089346,5660.65,-0.0231510515576831,5801.89,-0.046931258607109,0.0056841512404992,0.0068704726626939,0.0085842077842773,35.70836785418385,5660.65,5764.208485890773,5557.091514109226,-0.1327342412973395,60.14285714285701,0.0108765294312169,-0.0247963034813586,-0.0405330372015545,-0.0739239658348684,68325.4,1.3388286054673666,0.2524610813697168,0.29110432,0
2023-10-19,5504.2,5531.6,5456.8,5467.2,106502.0,-0.0112847222222223,-0.0112847222222223,-0.0342683529993641,-0.040404394987187,-0.0417835109366238,5563.16,-0.0172491893096728,5607.219999999999,-0.0249713761899835,5648.7300000000005,-0.0321364271260974,5793.583333333333,-0.0563353134933762,0.0056673357656525,0.0069545955308404,0.008681321109342,34.576815082230155,5648.7300000000005,5781.316719982734,5516.143280017267,-0.1845708228683874,60.742857142857055,0.0111104143149797,-0.040404394987187,-0.0417835109366238,-0.0835456617942873,78139.0,1.3629813537414095,0.1642616642616643,0.118778326,0
2023-10-20,5451.6,5474.4,5403.4,5423.6,92582.0,-0.0079748317237341,-0.0079748317237341,-0.0386074378700321,-0.0466849469169653,-0.0483242674153359,5519.6,-0.0173925646785998,5580.66,-0.0281436245892061,5634.96,-0.0375086957139002,5785.553333333332,-0.0625615757870463,0.005702961227614,0.0070715880722193,0.0086497178253457,15.916325602546507,5634.96,5799.030310986967,5470.889689013034,-0.1441140957451768,58.199999999999946,0.0107308798583966,-0.0466849469169653,-0.0483242674153359,-0.0815863447014595,86833.4,1.0662026363127552,-0.1307017708587632,0.22674054,0
2023-10-23,5404.2,5405.8,5222.4,5256.8,100497.0,-0.0307544804189099,-0.0307544804189099,-0.0593708621121569,-0.0705799151343705,-0.0787564403631138,5453.24,-0.0360226214140583,5540.74,-0.0512458624660243,5612.49,-0.0633747231620902,5774.576666666666,-0.0896648700943733,0.0100301129561361,0.0094207200610381,0.0094331366847474,12.332628611698269,5612.49,5844.505152862669,5380.4748471373305,-0.2665232111165901,68.41428571428573,0.0130144357240689,-0.0705799151343705,-0.0787564403631138,-0.1113365114785136,92818.8,1.0827224657073782,0.0854917802596617,0.87798065,1
2023-10-24,5282.2,5339.4,5250.2,5302.2,93544.0,0.0086364328108354,0.0086364328108354,-0.0513150831991412,-0.0584244921153572,-0.0742072915211621,5395.88,-0.0173613942489455,5507.84,-0.0373358703230305,5591.24,-0.0516951517015903,5764.556666666666,-0.0802068039924435,0.0112178381610574,0.0096959502417143,0.009531058051385,19.271877087508216,5591.24,5854.733792196914,5327.746207803086,-0.0484759196603667,72.77142857142859,0.013724761150358,-0.0584244921153572,-0.0742072915211621,-0.1018396178473421,96920.2,0.9651651564895656,-0.0691861448600456,0.77441967,1
2023-10-25,5353.4,5397.8,5336.0,5336.8,71049.0,0.0065255931500132,0.0065255931500132,-0.0348668981481481,-0.0501886523812913,-0.0647038205397826,5357.320000000001,-0.0038302733456281,5479.64,-0.026067405887978,5572.780000000001,-0.0423451132110006,5753.3966666666665,-0.0724088205286268,0.0118623689582297,0.0099674603841812,0.0092587199147094,20.257340811613275,5572.780000000001,5853.584135522097,5291.975864477904,0.0798138806587642,75.52857142857147,0.0141524080776067,-0.0501886523812913,-0.0647038205397826,-0.1114810868407031,92834.8,0.7653272264280205,-0.2404750705550329,0.775301,1
2023-10-26,5316.4,5386.6,5313.6,5365.0,71616.0,0.0052840653575176,0.0052840653575176,-0.0186932982148082,-0.0523210626722249,-0.0533912061542805,5336.88,0.0052689961175818,5450.02,-0.0155999427525037,5557.65,-0.0346639316977498,5742.886666666666,-0.0658008225828357,0.0116139887329527,0.0101103330280611,0.0093054017291553,24.113701692749856,5557.65,5849.340329666668,5265.959670333331,0.1697696488256024,78.25714285714288,0.0145866063107442,-0.0523210626722249,-0.0533912061542805,-0.1051771298952566,85857.6,0.8341253424274613,0.0079804078875143,0.57726413,1
2023-10-27,5357.6,5507.0,5352.8,5475.0,96146.0,0.0205032618825722,0.0205032618825722,0.0094771000811268,-0.0294962243414754,-0.0259740259740259,5347.160000000001,0.0239080184621367,5433.38,0.0076600569074867,5550.35,-0.0135757204500617,5734.8933333333325,-0.045317901873211,0.0142159078255836,0.0112583789351158,0.009715316349273,37.12660028449499,5550.35,5842.67189539327,5258.028104606731,0.3711181044125521,85.0,0.0155251141552511,-0.0294962243414754,-0.0259740259740259,-0.0805427736539818,86570.4,1.1106105551089056,0.3425212243074174,0.70551467,1
2023-10-30,5466.0,5549.2,5464.8,5517.4,77452.0,0.0077442922374428,0.0077442922374428,0.049573885253386,-0.0127402211645135,-0.0359925918160534,5399.28,0.0218769910062082,5426.26,0.0167960989705615,5540.05,-0.0040884107544156,5726.1900000000005,-0.036462289934494,0.0143800998915976,0.0105246792062484,0.0095728188523604,42.10380238689977,5540.05,5820.993908992522,5259.106091007478,0.4596894624246802,86.09999999999998,0.0156051763511799,-0.0127402211645135,-0.0359925918160534,-0.0864626796476588,81961.4,0.9449814180821704,-0.1944334657708069,0.34373802,0
2023-10-31,5513.6,5531.4,5478.8,5502.8,58202.0,-0.0026461739224996,-0.0026461739224996,0.0378333521934293,-0.0154231526212201,-0.0319470832453732,5439.4,0.0116556973195574,5417.64,0.0157190215665861,5530.969999999999,-0.0050931391781187,5716.466666666666,-0.037377400958634,0.0143793382061711,0.0104607862383502,0.0094976333529977,41.97565024903152,5530.969999999999,5803.894412901986,5258.045587098013,0.4483923044837405,84.61428571428567,0.0153765875035047,-0.0154231526212201,-0.0319470832453732,-0.0958561992704807,74893.0,0.7771353798085269,-0.2485410318648969,0.17832689,0
2023-11-01,5518.8,5518.8,5465.2,5493.8,54862.0,-0.0016355310023987,-0.0016355310023987,0.0294183780542647,-0.0064742476851852,-0.0311100137561284,5470.8,0.00420413833443,5414.06,0.014728318489267,5522.15,-0.0051338699600698,5706.48,-0.0372699106980133,0.0140189170189982,0.0104585357015712,0.0094907659488054,37.85900783289816,5522.15,5787.423447795408,5256.876552204592,0.446564572829271,84.4714285714286,0.0153757742494136,-0.0064742476851852,-0.0311100137561284,-0.0983423600853438,71655.6,0.7656345072820546,-0.0573863441118861,0.20070358,0
2023-11-02,5501.2,5516.8,5440.6,5448.0,53540.0,-0.008336670428483,-0.008336670428483,0.0154706430568498,-0.0035118525021948,-0.0437743532137465,5487.4,-0.0071800852862922,5412.14,0.006625844859889,5509.68,-0.0111948425316897,5696.113333333333,-0.043558356165666,0.0137975818303951,0.0104529025052052,0.0095260432622654,36.48308638523901,5509.68,5763.465301718642,5255.894698281359,0.3784799600640748,86.88571428571433,0.0159481854415775,-0.0035118525021948,-0.0437743532137465,-0.1024711696869852,68040.4,0.7868854386511543,-0.0240968247603077,0.6068597,1
2023-11-03,5458.6,5536.6,5456.2,5492.6,73419.0,0.0081864904552129,0.0081864904552129,0.0032146118721461,0.0127221771517074,-0.0345567039302536,5490.92,0.0003059596570338,5419.04,0.0135743600342497,5499.85,-0.0013182177695755,5686.256666666667,-0.0340569689373853,0.0137406121347805,0.0107074690702366,0.0095985100879324,43.21266968325792,5499.85,5739.175750258604,5260.5242497413965,0.4848532805346562,87.55714285714294,0.0159409283139392,0.0127221771517074,-0.0345567039302536,-0.097205785667324,63495.0,1.1562957713205764,0.371292491595069,0.57594717,1
2023-11-06,5535.0,5599.0,5533.6,5584.2,67040.0,0.0166769835779048,0.0166769835779048,0.0121071519193822,0.0622812357327651,-0.0126944837340877,5504.280000000001,0.0145196101942486,5451.780000000001,0.0242893146825438,5496.26,0.0159999708892955,5677.320000000001,-0.0164021052186597,0.0086821344029953,0.0114103174276332,0.0098390643527252,49.69939879759518,5496.26,5727.749096253392,5264.770903746608,0.6899441516323926,92.34285714285716,0.0165364523374623,0.0622812357327651,-0.0126944837340877,-0.0876086530292137,61412.6,1.0916326617013448,-0.086884866315259,0.547443,0
2023-11-07,5576.6,5619.4,5561.0,5587.8,53693.0,0.0006446760502847,0.0006446760502847,0.0154466816893217,0.0538644336313229,-0.0077070606620257,5521.28,0.0120479309145706,5480.34,0.0196082724794446,5494.09,0.017056509813272,5668.716666666666,-0.0142742478456322,0.0087892450825105,0.0113773438584845,0.0098415500801294,53.91866415297602,5494.09,5721.021846017354,5267.158153982647,0.7064716822354541,91.37142857142857,0.0163519504226043,0.0538644336313229,-0.0077070606620257,-0.0845674967234599,60510.8,0.8873292040429146,-0.1990900954653938,0.19299087,0
2023-11-08,5582.4,5612.8,5552.4,5579.8,62052.0,-0.0014316904685206,-0.0014316904685206,0.0156540099748807,0.0455329036126517,-0.0069409838399657,5538.4800000000005,0.0074605306871198,5504.64,0.0136539355888849,5492.139999999999,0.0159609915260718,5660.363333333333,-0.014232890821496,0.0090225325127563,0.0113719576622214,0.0098367388420541,58.180761406567896,5492.139999999999,5715.196928301184,5269.083071698815,0.6964969227085318,90.34285714285716,0.0161910565150824,0.0455329036126517,-0.0069409838399657,-0.0824206544976154,61948.8,1.0016658918332555,0.1556813737358686,0.2915473,0
2023-11-09,5574.6,5621.8,5552.4,5567.8,66829.0,-0.0021506147173734,-0.0021506147173734,0.0219897209985315,0.0378005591798695,-0.0164982689182504,5562.4400000000005,0.0009636058995692,5524.92,0.0077611983521932,5487.469999999999,0.0146388044034866,5652.466666666666,-0.0149787113590525,0.0092539961185842,0.011226218201407,0.0098145921359553,60.98081023454157,5487.469999999999,5699.249598440907,5275.690401559092,0.6896547179033752,90.22857142857148,0.0162054260980228,0.0378005591798695,-0.0164982689182504,-0.0784229343220339,64606.6,1.0343989623351175,0.076983820021917,0.26605803,0
2023-11-10,5548.8,5554.8,5520.4,5543.0,62445.0,-0.0044541829807105,-0.0044541829807105,0.0091759822306374,0.0124200913242009,-0.0174424788173147,5572.52,-0.0052974237867249,5531.719999999999,0.0020391487638564,5482.55,0.011025891236742,5644.286666666666,-0.0179449898008958,0.0074188354637391,0.0112404749091683,0.0098229651511434,77.8080062184221,5482.55,5683.571260986056,5281.528739013945,0.6503572301344611,79.24285714285718,0.0142960232983686,0.0124200913242009,-0.0174424788173147,-0.0813417746693626,62411.8,1.000531950688812,-0.0656002633587214,0.71824783,1
2023-11-13,5563.4,5569.6,5521.6,5565.8,71509.0,0.0041132960490708,0.0041132960490708,-0.0032950109236774,0.0087722477978759,-0.0040797337436925,5568.84,-0.0005458946566968,5536.56,0.0052812576762466,5481.41,0.0153956737408806,5638.56,-0.0129040038591412,0.0071501915876461,0.0111046102669617,0.0095155046651415,76.7886178861789,5481.41,5680.14458523474,5282.67541476526,0.7123183538998036,76.30000000000005,0.0137087211182579,0.0087722477978759,-0.0040797337436925,-0.0581446508951838,63305.6,1.129584112621948,0.1451517335255023,0.7121746,1
2023-11-14,5568.4,5607.2,5558.8,5581.8,83976.0,0.0028746990549426,0.0028746990549426,-0.0010737678513905,0.0143563276877225,-0.0012882447665055,5567.64,0.0025432678836994,5544.460000000001,0.0067346504438663,5481.05,0.0183815144908365,5633.046666666667,-0.0090975043700448,0.007058801750033,0.0111251651449947,0.0095264782391904,75.87663709336715,5481.05,5678.988464653732,5283.111535346268,0.7544982860614011,72.92857142857143,0.0130654218045382,0.0143563276877225,-0.0012882447665055,-0.0559483137705916,69362.2,1.2106882422991196,0.1743416912556461,0.6944955,1
2023-11-15,5648.2,5653.0,5592.0,5614.2,91945.0,0.0058045791680103,0.0058045791680103,0.0061650955231369,0.0219156139648331,0.0152994791666665,5574.52,0.0071181016482135,5556.5,0.0103842346801044,5485.280000000001,0.0235029023130997,5628.569999999999,-0.0025530463332602,0.0070896257533567,0.0109039576525676,0.0095497252127463,76.0887772194305,5485.280000000001,5691.048000171892,5279.51199982811,0.8132654248772992,72.79999999999998,0.0129671190908767,0.0219156139648331,0.0152994791666665,-0.0456585299517237,75340.8,1.22038789075773,0.0948961608078498,0.3382758,0
2023-11-16,5603.8,5610.4,5558.0,5562.8,87407.0,-0.0091553560614155,-0.0091553560614155,-0.0008980207622399,0.0210719530102789,0.0174860989171787,5573.52,-0.0019233805566319,5567.9800000000005,-0.0009303194336186,5490.06,0.01324939982441,5623.9400000000005,-0.0108713819848719,0.0072281005855708,0.0107893762209646,0.0095757693937622,60.47732696897379,5490.06,5698.484025284494,5281.635974715505,0.6745000364058606,65.79999999999998,0.011828575537499,0.0210719530102789,0.0174860989171787,-0.0475636064787864,79456.4,1.1000624241722503,-0.0493555930175648,0.7677521,1
2023-11-17,5549.4,5581.6,5544.2,5570.0,74012.0,0.0012943122168691,0.0012943122168691,0.0048710084791629,0.0140916869970504,0.0269931410871007,5578.92,-0.0015988757680698,5575.72,-0.0010258764787328,5497.38,0.0132099290934954,5618.786666666667,-0.0086827761153653,0.0069058154364491,0.0105841926378051,0.0095308626395994,56.852527357999016,5497.38,5706.258988890701,5288.501011109299,0.6738327066443224,62.44285714285719,0.011210566812003,0.0140916869970504,0.0269931410871007,-0.0525921894135256,81769.8,0.9051263424883024,-0.1532485956502339,0.7332839,1
2023-11-20,5573.6,5618.0,5532.6,5608.4,70101.0,0.0068940754039497,0.0068940754039497,0.0076538862337847,0.0043336556713584,0.066884796834576,5587.4400000000005,0.0037512707071574,5578.139999999999,0.0054247473172062,5514.96,0.0169430059329531,5615.81,-0.0013194890852789,0.004908775414022,0.0074513166470417,0.009380035253301,62.95387634936207,5514.96,5695.899145338399,5334.020854661601,0.758208360123634,64.78571428571435,0.0115515502256818,0.0043336556713584,0.066884796834576,-0.0308622775185761,81488.2,0.8602595222375755,-0.0528427822515268,0.31387353,0
2023-11-21,5622.6,5651.8,5576.6,5589.2,64923.0,-0.0034234362741601,-0.0034234362741601,0.0013257372173849,0.000250545831991,0.0541284749726529,5588.92,5.0099124696778574e-05,5578.280000000001,0.0019575926629711,5529.31,0.0108313695560566,5613.716666666666,-0.0043672789566032,0.0050565850760727,0.0074819735034745,0.009255771791006,61.41694590713257,5529.31,5682.61495099637,5376.005049003629,0.6953296342054156,66.32857142857145,0.0118672746419114,0.000250545831991,0.0541284749726529,-0.021978021978022,77677.6,0.8358007971410033,-0.0738648521419095,0.29731986,0
2023-11-22,5577.8,5598.2,5521.4,5527.8,66923.0,-0.0109854719816788,-0.0109854719816788,-0.0153895479320294,-0.0093193304419513,0.0357892369959527,5571.64,-0.0078684193522913,5573.08,-0.0081247712216583,5538.86,-0.0019968007857211,5610.31,-0.0147068522060277,0.0061492870828747,0.0080122936551313,0.0093459050907909,59.20627595754504,5538.86,5662.6208627874485,5415.099137212551,0.4553170535866644,66.37142857142862,0.0120068433321445,-0.0093193304419513,0.0357892369959527,-0.0356582115069257,72673.2,0.9208759212474475,0.030805723703464,0.76168215,1
2023-11-23,5523.4,5595.0,5496.8,5588.0,69454.0,0.0108904084807699,0.0108904084807699,0.0045300927590421,0.0036280038794496,0.041565703634669,5576.68,0.0020298815782866,5575.1,0.002313859841079,5550.01,0.0068450327116527,5609.49,-0.0038310078099791,0.0071589652777118,0.0082359182254066,0.0092201361986645,60.62360801781737,5550.01,5644.5510609763005,5455.4689390237,0.7009179905941778,67.05714285714286,0.0120002045198895,0.0036280038794496,0.041565703634669,-0.0087277371744837,69082.6,1.0053761728713162,0.0378195837006709,0.11757469,0
2023-11-24,5575.4,5575.4,5506.4,5527.6,69562.0,-0.0108088761632068,-0.0108088761632068,-0.0076122082585277,-0.0027782789103373,0.009607305936073,5568.2,-0.0072914047627599,5573.56,-0.0082460761165216,5552.64,-0.0045095666205624,5607.456666666667,-0.0142411562698954,0.0078818196486822,0.0074898504039002,0.0093174738466459,43.22642412637629,5552.64,5641.12779636346,5464.15220363654,0.3585115630117558,65.28571428571435,0.0118108608230903,-0.0027782789103373,0.009607305936073,-0.0215944491645426,68192.6,1.0200813578012862,0.0015549860339216,0.30678198,0
2023-11-27,5521.4,5537.4,5481.0,5520.2,66381.0,-0.0013387365221797,-0.0013387365221797,-0.0157264103844233,-0.0081928923065867,0.0005074854097943,5550.56,-0.0054697183707589,5569.0,-0.008762794038427,5552.780000000001,-0.0058673313187269,5606.363333333334,-0.0153688457580047,0.007733623037104,0.0073007658469928,0.0092067667068777,41.98292220113845,5552.780000000001,5641.041611134162,5464.518388865839,0.3154350482540031,65.14285714285721,0.0118008146702759,-0.0081928923065867,0.0005074854097943,-0.0117440653084608,67448.6,0.984171650708836,-0.0457289899657858,0.47028875,0
2023-11-28,5515.4,5547.0,5466.6,5534.2,66238.0,0.0025361399949277,0.0025361399949277,-0.0098404064982465,-0.0085277150739905,0.0057061859417022,5539.56,-0.0009675858732461,5564.24,-0.0053987606573404,5554.35,-0.0036277872298289,5604.496666666667,-0.0125429045367738,0.0077164932329124,0.0072919730688996,0.0091010393863186,44.66791393826,5554.35,5639.945068721694,5468.754931278307,0.3822946210516119,66.57142857142857,0.0120290969916932,-0.0085277150739905,0.0057061859417022,-0.0198363501115794,67711.6,0.9782371115141276,-0.0021542308793178,0.22142205,0
2023-11-29,5533.6,5538.8,5483.2,5507.4,56425.0,-0.0048426150121065,-0.0048426150121065,-0.0036904374253773,-0.0190231911937587,0.0024755178564925,5535.48,-0.0050727308200915,5553.56,-0.008311785593385,5555.030000000001,-0.0085742111203721,5600.11,-0.0165550319547295,0.0074286370788368,0.0073718278146928,0.008632940103493,43.17359855334531,5555.030000000001,5638.79621853957,5471.263781460431,0.2156968475454,65.58571428571427,0.0119086527736707,-0.0190231911937587,0.0024755178564925,-0.0456105084393305,65612.0,0.859979881728952,-0.1481475889972523,0.20890473,0
2023-11-30,5500.0,5507.8,5445.0,5480.8,68917.0,-0.0048298652721791,-0.0048298652721791,-0.0191839656406584,-0.0147407780254548,0.0060205580029368,5514.039999999999,-0.0060282478908384,5545.36,-0.011642165702497,5556.67,-0.0136538610354762,5595.273333333333,-0.0204589349820263,0.0070764278610693,0.0071990418405653,0.0086483008450358,42.998649257091394,5556.67,5632.523851166831,5480.816148833169,-0.000106447022269,66.68571428571424,0.0121671497383072,-0.0147407780254548,0.0060205580029368,-0.0502859123202217,65504.6,1.05209405141013,0.2213912272928666,0.68921286,1
2023-12-01,5480.0,5511.2,5440.6,5489.8,79489.0,0.001642096044373,0.001642096044373,-0.0068384108835661,-0.0143985637342908,-0.000509776790591,5506.4800000000005,-0.0030291583734073,5537.339999999999,-0.0085853496444139,5556.53,-0.0120092935699077,5591.076666666666,-0.0181139828166666,0.0070923129631281,0.0069679141583891,0.0086356223977838,41.17100371747208,5556.53,5632.890394804732,5480.169605195268,0.0630588332430657,68.29999999999993,0.0124412546905169,-0.0143985637342908,-0.000509776790591,-0.0438553713250662,67490.0,1.1777893021188324,0.1534019182494885,0.31516653,0
2023-12-04,5497.4,5514.4,5469.8,5471.8,74202.0,-0.0032788079711464,-0.0032788079711464,-0.0087677982681786,-0.0243563226588687,-0.0201282189033343,5496.8,-0.0045481007131421,5523.68,-0.0093922891985053,5550.91,-0.0142517172859945,5586.473333333333,-0.0205269633436001,0.0064683488855545,0.0057815628311922,0.0086385109159399,37.2802960222016,5550.91,5634.863217549062,5466.956782450938,0.0288447405022453,68.02857142857134,0.012432576378627,-0.0243563226588687,-0.0201282189033343,-0.0480514961725817,69054.2,1.074547239704464,-0.0665123476204254,0.25435787,0
2023-12-05,5461.2,5461.2,5369.4,5379.0,88614.0,-0.0169596841989838,-0.0169596841989838,-0.0280438003686169,-0.0376082444714807,-0.0373671212283904,5465.76,-0.01587336436287,5502.66,-0.0224727677159773,5540.469999999999,-0.0291437369031868,5578.933333333333,-0.0358371970747096,0.007944116542291,0.0067730283083441,0.0086495715855,26.13636363636357,5540.469999999999,5652.3825429215,5428.557457078498,-0.2214115405869186,70.25714285714282,0.0130613762515602,-0.0376082444714807,-0.0373671212283904,-0.077579997942175,73529.4,1.2051505928240949,0.1942265707123798,0.8062874,1
2023-12-06,5371.6,5439.4,5358.4,5403.4,87194.0,0.004536159137386,0.004536159137386,-0.0188836837709264,-0.0225044321429864,-0.0316140363453888,5444.960000000001,-0.0076327466133822,5490.22,-0.0158135739551421,5531.65,-0.0231847640396626,5572.586666666667,-0.0303605267691366,0.0078998804473091,0.0069236265956411,0.0086353017875216,32.88965221124934,5531.65,5657.453915929344,5405.846084070656,-0.0097218121255855,72.0285714285714,0.013330231230072,-0.0225044321429864,-0.0316140363453888,-0.0658345147124926,79683.2,1.0942582627203727,-0.0160245559392421,0.8456454,1
2023-12-07,5396.2,5442.2,5347.0,5424.6,103193.0,0.0039234556020284,0.0039234556020284,-0.0102539775215296,-0.029241231209735,-0.0257193146305542,5433.719999999999,-0.0016784081623637,5473.88,-0.0090027549014592,5524.49,-0.0180813070527776,5566.656666666667,-0.0255192075195344,0.0068501806624204,0.0070297811770928,0.0086594762632572,34.84785327219677,5524.49,5657.71244002538,5391.26755997462,0.1251006963204937,76.15714285714277,0.0140392181648679,-0.029241231209735,-0.0257193146305542,-0.0615528337139297,86538.4,1.1924532924112303,0.1834873959217378,0.7048561,1
2023-12-08,5430.2,5474.6,5426.0,5444.8,97729.0,0.0037237768683404,0.0037237768683404,-0.0081970199278662,-0.0149793762211448,-0.0177160382464368,5424.719999999999,0.0037015735374361,5465.6,-0.0038056206088993,5519.58,-0.0135481322854275,5562.48,-0.0211560311228083,0.0065298626043985,0.007073042651859,0.0084910924354793,32.279029462738336,5519.58,5657.099186795307,5382.060813204693,0.2281106667998723,73.62857142857138,0.0135227320431551,-0.0149793762211448,-0.0177160382464368,-0.0440004213927027,90186.4,1.083633452493946,-0.0529493279582917,0.73853683,1
2023-12-11,5424.8,5531.0,5382.0,5504.2,119649.0,0.0109094916250367,0.0109094916250367,0.0059212690522314,-0.0028984457084888,-0.0110675913615293,5431.2,0.0134408602150537,5464.0,0.0073572474377745,5516.5,-0.0022296746125261,5559.419999999999,-0.0099326908202652,0.0076190212029346,0.0074767625533322,0.008622051007513,41.53049023515344,5516.5,5652.410403923826,5380.589596076174,0.4547496010427062,78.89999999999996,0.0143345081937429,-0.0028984457084888,-0.0110675913615293,-0.0322796160202539,99275.8,1.2052181901329428,0.2242937101576809,0.81644505,1
2023-12-12,5502.8,5517.8,5487.6,5511.0,99010.0,0.0012354202245559,0.0012354202245559,0.0245398773006135,-0.0041921144880922,-0.0126840804041706,5457.6,0.0097845206684257,5461.68,0.0090301885134242,5512.96,-0.0003555258880891,5555.446666666668,-0.0080005568109137,0.0075768923916893,0.00744640145673,0.0084962170857787,48.12164579606438,5512.96,5645.35161048313,5380.56838951687,0.4925977182661065,75.57142857142851,0.0137128340721154,-0.0041921144880922,-0.0126840804041706,-0.0414651963683165,101355.0,0.9768634995806816,-0.1724962181046226,0.3223932,0
2023-12-13,5499.6,5499.6,5435.8,5444.0,107357.0,-0.0121575031754672,-0.0121575031754672,0.0075137876152053,-0.0115117841449685,-0.0303159844679562,5465.719999999999,-0.0039738588877584,5455.34,-0.0020786972031074,5504.45,-0.0109820236354222,5550.126666666666,-0.0191214855156457,0.0083660817801486,0.0077103349113458,0.0086141005122685,34.14096916299559,5504.45,5631.201601256372,5377.698398743628,0.2615414740294615,73.92857142857136,0.0135798257583709,-0.0115117841449685,-0.0303159844679562,-0.0553858967240421,105387.6,1.0186872079827227,0.0843046156953843,0.2616329,0
2023-12-14,5469.6,5497.4,5415.2,5426.0,113713.0,-0.0033063923585598,-0.0033063923585598,0.0002580835453305,-0.0099985403590716,-0.0245919321205149,5466.0,-0.0073179656055616,5449.86,-0.004378094116179,5497.61,-0.0130256602414503,5545.466666666666,-0.0215431223101151,0.0083047772871791,0.0075134901390376,0.0085375203978741,37.657920310981496,5497.61,5625.8591965707965,5369.360803429203,0.2208169644927594,73.97142857142846,0.0136327734189879,-0.0099985403590716,-0.0245919321205149,-0.0490044868199663,107491.6,1.0578780109329473,0.0592043369319188,0.3577268,0
2023-12-15,5440.6,5463.8,5369.2,5389.6,108523.0,-0.006708440840398,-0.006708440840398,-0.010138113429327,-0.0182520310393821,-0.0323877917414721,5454.960000000001,-0.0119817560532067,5439.84,-0.0092355657519338,5488.59,-0.0180355974849641,5540.31,-0.0272024489604372,0.0084314491919063,0.0075854442801413,0.0085714562816128,35.17930095324563,5488.59,5620.719089987994,5356.460910012006,0.1254042164030854,76.69999999999995,0.0142311117708178,-0.0182520310393821,-0.0323877917414721,-0.0542902263555008,109650.4,0.9897182317620364,-0.0456412195615276,0.27565476,0
2023-12-18,5373.8,5395.0,5335.2,5350.8,66569.0,-0.0071990500222651,-0.0071990500222651,-0.0278696268304203,-0.0221133813370372,-0.0459311033449824,5424.280000000001,-0.0135464983371065,5427.74,-0.0141753289582772,5475.71,-0.0228116536485679,5534.386666666667,-0.0331719985834022,0.0085969332643896,0.0074056095074747,0.0086049188668149,30.29651912333479,5475.71,5608.881609112784,5342.538390887216,0.0310186576847135,75.22857142857141,0.0140593128931321,-0.0221133813370372,-0.0459311033449824,-0.0622831306298411,99034.4,0.6721805756383641,-0.3865908609234908,0.109905496,0
2023-12-19,5347.0,5366.2,5310.2,5339.0,64053.0,-0.0022052777154818,-0.0022052777154818,-0.0312103066594084,-0.0074363264547313,-0.0447649037429327,5389.88,-0.0094399133190349,5423.74,-0.0156239052756953,5463.2,-0.0227339288329183,5527.916666666667,-0.0341750207281225,0.0068763363840586,0.0074010827565063,0.0085837799354539,31.3055062166963,5463.2,5598.473103873548,5327.926896126452,0.0409286974146001,75.25714285714282,0.0140957375645519,-0.0074363264547313,-0.0447649037429327,-0.0677818131023886,92043.0,0.6959030018578273,-0.0377953702173684,0.13808177,0
2023-12-20,5351.8,5354.6,5277.2,5290.8,64067.0,-0.0090279078479115,-0.0090279078479115,-0.0281410727406318,-0.0208387311692637,-0.0428741995007054,5359.24,-0.0127704674543405,5412.4800000000005,-0.022481376374601,5451.35,-0.0294514202903868,5520.996666666667,-0.0416947664642676,0.0070586476339464,0.0072917699087457,0.0086381654520939,29.872881355932208,5451.35,5603.291477653684,5299.408522346317,-0.0283284145950526,76.29999999999998,0.0144212595448703,-0.0208387311692637,-0.0428741995007054,-0.0727655099894847,83385.0,0.7683276368651436,0.0002185689975489,0.67422545,1
2023-12-21,5270.4,5330.4,5227.6,5303.6,85587.0,0.002419293868602,0.002419293868602,-0.0225580538149648,-0.0223057921321387,-0.0508947745168216,5334.76,-0.0058409375492055,5400.38,-0.0179209611175509,5437.13,-0.0245589125145067,5514.929999999999,-0.0383196160241379,0.0069313517604536,0.0067169892801943,0.0086200173059109,30.432955023118996,5437.13,5588.455499294893,5285.804500705107,0.0587987463375712,78.59999999999998,0.0148201221811599,-0.0223057921321387,-0.0508947745168216,-0.064224715929141,77759.8,1.1006586951098123,0.3358983564081352,0.21002588,0
2023-12-22,5302.8,5335.2,5256.2,5292.6,79285.0,-0.0020740629006712,-0.0020740629006712,-0.0179976250556627,-0.0279532765207169,-0.0425139300962442,5315.360000000001,-0.0042819301044519,5385.16,-0.0171879758447287,5425.38,-0.0244738617387169,5509.456666666667,-0.0393608081135646,0.0066130247014728,0.0064321872592988,0.008569942254809,30.887372013651916,5425.38,5583.470601604893,5267.289398395107,0.0800509370827451,81.05714285714286,0.0153151840035413,-0.0279532765207169,-0.0425139300962442,-0.058423768012809,71912.2,1.1025250235704096,-0.0736326778599554,0.2806663,0
2023-12-25,5289.8,5326.8,5264.4,5285.0,50093.0,-0.0014359671994861,-0.0014359671994861,-0.0122972265829408,-0.0398241342974455,-0.0426071519147857,5302.2,-0.0032439364791972,5363.24,-0.0145881966870772,5413.62,-0.0237585940646,5502.15,-0.039466390411021,0.0046185100383874,0.0064315784390895,0.0081915068644728,37.74765380604798,5413.62,5576.91810776616,5250.32189223384,0.1061803723280687,78.20000000000002,0.0147965941343424,-0.0398241342974455,-0.0426071519147857,-0.0765978264667853,68617.0,0.7300377457481382,-0.3681907044207605,0.15623316,0
2023-12-26,5280.2,5282.0,5211.2,5241.8,62705.0,-0.0081740775780511,-0.0081740775780511,-0.0182056564899794,-0.0488477590273996,-0.0528350981171623,5282.76,-0.007753522779759,5336.320000000001,-0.0177125809546654,5399.0,-0.0291165030561214,5494.773333333333,-0.0460389024236363,0.0043750515631145,0.0064662124389022,0.008208902334178,29.92047713717703,5399.0,5569.06034842159,5228.93965157841,0.0378111315805036,77.68571428571431,0.0148204270070804,-0.0488477590273996,-0.0528350981171623,-0.0778622194075011,68347.4,0.9174452868726536,0.2517717046293892,0.7477803,1
2023-12-27,5252.4,5266.8,5202.8,5249.2,58841.0,0.0014117287954518,0.0014117287954518,-0.0078627050729569,-0.0357825128581925,-0.0468823764389729,5274.4400000000005,-0.0047853421405875,5316.84,-0.0127218422973044,5386.089999999999,-0.0254154683638779,5487.756666666667,-0.0434707078241444,0.0039914245225481,0.0065077564175801,0.0082148828504714,27.431806484817187,5386.089999999999,5560.644228039099,5211.535771960899,0.1078868969895815,75.4571428571429,0.0143749795887264,-0.0357825128581925,-0.0468823764389729,-0.0742478219463158,67302.2,0.8742804841446491,-0.0616218802328363,0.58106595,1
2023-12-28,5250.0,5372.6,5237.6,5356.8,79538.0,0.0204983616551093,0.0204983616551093,0.0100309223923371,-0.0127534095097677,-0.0226244343891403,5285.08,0.0135702770818986,5309.92,0.0088287582487118,5379.89,-0.004291909314131,5482.08,-0.0228526398739163,0.0086203276722342,0.0082394947369226,0.0086494272297662,40.7563025210084,5379.89,5549.003924852326,5210.776075147674,0.4317324105032662,81.52857142857147,0.0152196407236729,-0.0127534095097677,-0.0226244343891403,-0.059781654789904,66092.4,1.2034364011595888,0.3517445318740333,0.51383805,0
2023-12-29,5358.0,5423.2,5354.8,5400.6,74378.0,0.008176523297491,0.008176523297491,0.0204058496769072,0.0020409677898174,-0.0162483150570147,5306.68,0.0176984479938493,5311.02,0.0168668165437146,5375.43,0.0046824161043861,5477.27,-0.0139978492935349,0.008854912617141,0.0084804562895427,0.008729673937243,38.74891398783674,5375.43,5536.869955923037,5213.990044076963,0.5779546793607877,75.77142857142859,0.0140301871220658,0.0020409677898174,-0.0162483150570147,-0.0507276945792025,65111.0,1.1423261814439956,-0.0648746511101612,0.3513153,0
2024-01-02,5407.6,5407.6,5364.8,5366.6,51440.0,-0.0062955967855423,-0.0062955967855423,0.0154399243140965,0.0029528294834417,-0.0192258488979859,5323.0,0.0081908698102575,5312.6,0.0101645145503144,5370.17,-0.0006647834239883,5472.446666666667,-0.0193417447649861,0.0087748385238261,0.0085536674507246,0.008734345281155,35.192780968006616,5370.17,5525.113807810957,5215.226192189043,0.4884796945084911,76.6714285714286,0.014286779072677,0.0029528294834417,-0.0192258488979859,-0.0511669024045261,65380.4,0.786780135942882,-0.308397644464761,0.15182613,0
2024-01-03,5357.0,5391.2,5329.8,5356.0,59730.0,-0.0019751798158984,-0.0019751798158984,0.0217864092487312,0.0031841168758195,-0.0042758877114705,5345.84,0.0019005432261347,5314.3,0.007846753100126,5369.02,-0.0024250235610968,5467.86,-0.0204577293493248,0.0087677525803067,0.0076887430404584,0.0087232912083374,39.79591836734696,5369.02,5524.029264239308,5214.010735760693,0.458002510159974,75.68571428571431,0.0141310146164515,0.0031841168758195,-0.0042758877114705,-0.0488705782071317,64785.4,0.9219669863889086,0.1611586314152411,0.13106886,0
2024-01-04,5350.8,5350.8,5273.2,5311.2,67510.0,-0.0083644510828977,-0.0083644510828977,0.0118113236302674,0.0038557496030844,-0.0170633304956138,5358.24,-0.008779002060378,5316.339999999999,-0.000966830563884,5364.410000000001,-0.0099190777736976,5462.733333333334,-0.0277394710828523,0.0086910604463829,0.0078118629178949,0.0087762285156473,37.46724890829695,5364.410000000001,5520.593777040186,5208.226222959816,0.3296558035399852,75.72857142857148,0.0142582790007101,0.0038557496030844,-0.0170633304956138,-0.0547447853634228,66519.2,1.014894947624145,0.1302528042859534,0.32018533,0
2024-01-05,5298.4,5321.8,5216.8,5243.4,77135.0,-0.0127654767284229,-0.0127654767284229,-0.0211693548387097,-0.0113507806018554,-0.0334033845813517,5335.56,-0.017272788610755,5310.32,-0.0126018770996851,5355.35,-0.0209043293155444,5455.77,-0.0389257611666182,0.0095833878286582,0.0081607853540112,0.008836449837439,35.063342868818935,5355.35,5517.731895542615,5192.968104457385,0.1552879259540946,76.4714285714286,0.0145843209694909,-0.0113507806018554,-0.0334033845813517,-0.0738006076450222,66038.6,1.168029001220498,0.1425714708932011,0.3652586,0
2024-01-08,5227.8,5232.0,5066.6,5077.2,102613.0,-0.0316969905023457,-0.0316969905023457,-0.0598822353071881,-0.0406983335222764,-0.0675139582721129,5270.879999999999,-0.0367452873144521,5288.780000000001,-0.0400054454902644,5336.969999999999,-0.0486736856306105,5446.366666666667,-0.067782191185561,0.013638417225855,0.0104515613399297,0.009669322505642,27.82101167315176,5336.969999999999,5535.838939650988,5138.10106034901,-0.1531185826602452,84.8285714285714,0.016707746677021,-0.0406983335222764,-0.0675139582721129,-0.1000106356578154,71685.6,1.4314311381923286,0.3303040124457121,0.69057614,1
2024-01-09,5087.6,5154.8,5070.8,5099.4,98511.0,0.0043724887733396,0.0043724887733396,-0.0497894383781166,-0.0351182592242195,-0.0735438392500272,5217.4400000000005,-0.0226241221748598,5270.219999999999,-0.0324123091635643,5316.7300000000005,-0.0408766290558295,5438.213333333333,-0.0623023247831395,0.013884163097884,0.0100747211863844,0.0096476492637151,30.899234693877546,5316.7300000000005,5526.058521455517,5107.401478544484,-0.0191122511372273,86.8285714285714,0.0170272132855966,-0.0351182592242195,-0.0735438392500272,-0.0875353397988764,81099.8,1.21468856889906,-0.0399754417081655,0.36506924,0
2024-01-10,5084.4,5149.6,5029.8,5085.6,93698.0,-0.0027062007294974,-0.0027062007294974,-0.0504854368932038,-0.0297989240337288,-0.0771910724006531,5163.36,-0.0150599609556566,5254.6,-0.0321622958931222,5295.46,-0.0396301737714948,5429.823333333333,-0.0633949416402128,0.0137861377767912,0.0100101290385247,0.0096467442533666,32.69230769230772,5295.46,5508.097337910588,5082.822662089412,0.006530691970373,89.85714285714279,0.0176689363805928,-0.0297989240337288,-0.0771910724006531,-0.0900697799248523,87893.4,1.0660413637428978,-0.0488574879962643,0.8459545,1
2024-01-11,5086.8,5195.8,5076.4,5158.0,90077.0,0.0142362749724711,0.0142362749724711,-0.0288447055279409,-0.0173740760496837,-0.0525349008082292,5132.719999999999,0.0049252637977525,5245.4800000000005,-0.0166772154311903,5281.16,-0.0233206341031136,5423.63,-0.0489764235392163,0.0147949568454705,0.0105953370969488,0.0097822172661784,38.84120171673816,5281.16,5490.173143882886,5072.146856117114,0.2053773803120035,91.04285714285716,0.0176508059602282,-0.0173740760496837,-0.0525349008082292,-0.0672019675925926,92406.8,0.9747875697459494,-0.038645435334799,0.1919882,0
2024-01-12,5149.2,5202.6,5137.6,5137.6,76744.0,-0.0039550213260952,-0.0039550213260952,-0.0201777472632259,-0.0409199522102747,-0.0531514928123847,5111.56,0.0050943351931702,5223.56,-0.0164562099411127,5266.74,-0.0245199117480641,5418.136666666667,-0.0517773330437709,0.0125825457442435,0.0105984731741636,0.009698427659789,38.28951344817165,5266.74,5473.460237086436,5060.019762913564,0.1876454820773014,90.04285714285717,0.0175262490545891,-0.0409199522102747,-0.0531514928123847,-0.0602868012876791,92328.6,0.8312050653860233,-0.1480178069873552,0.20480096,0
2024-01-15,5120.2,5178.6,5098.2,5122.2,87365.0,-0.0029975085643102,-0.0029975085643102,0.0088631529189318,-0.0515498277969115,-0.0496140715451982,5120.56,0.0003202774696515,5195.719999999999,-0.0141501081659518,5253.37,-0.0249687343552805,5413.113333333334,-0.0537423318927986,0.0118460476903911,0.0105565154782923,0.0096588706661097,37.84348864994024,5253.37,5461.218660530279,5045.521339469721,0.184457913596004,91.32857142857144,0.0178299503003731,-0.0515498277969115,-0.0496140715451982,-0.0555719448336898,89279.0,0.9785615878314048,0.1383951839883248,0.2865537,0
2024-01-16,5115.2,5139.2,5041.2,5113.2,111773.0,-0.0017570575143492,-0.0017570575143492,0.0027062007294975,-0.0472179778630791,-0.0444045750168199,5123.32,-0.0019752816533029,5170.38,-0.0110591484571733,5241.49,-0.0244758646873313,5410.72,-0.0549871366472485,0.0118869084546563,0.0104986687049099,0.0088299698311366,39.880390305319445,5241.49,5453.019466903414,5029.960533096586,0.196756196954398,93.05714285714286,0.0181993942848202,-0.0472179778630791,-0.0444045750168199,-0.0273169989347131,91931.4,1.2158304996986884,0.2793796142620042,0.2984717,0
2024-01-17,5105.4,5105.4,4910.6,4926.8,119430.0,-0.036454666353751,-0.036454666353751,-0.031225420795973,-0.0801344286781179,-0.0772054691889866,5091.56,-0.0323594340437901,5127.46,-0.0391343862263187,5220.88,-0.0563276688987297,5404.463333333334,-0.0883831203714955,0.0154543685954758,0.0129936569847849,0.0098998769647843,30.206286836935178,5220.88,5469.481796157338,4972.278203842662,-0.0914679711603515,102.95714285714284,0.0208973660098122,-0.0801344286781179,-0.0772054691889866,-0.0708007996680623,97077.8,1.2302503765021455,0.0685049162141124,0.7901783,1
2024-01-18,4917.0,4950.2,4751.0,4938.2,191631.0,0.0023138751319313,0.0023138751319313,-0.0426134160527336,-0.0702289501430938,-0.0666439857866485,5047.6,-0.021673666693082,5090.16,-0.029853678469832,5203.25,-0.0509393167731706,5397.820000000001,-0.085149189858128,0.0158073073063639,0.0130068680008887,0.0098592011817385,20.857699805068165,5203.25,5479.452210441293,4927.047789558707,0.0201884887587872,107.5428571428571,0.0217777443487216,-0.0702289501430938,-0.0666439857866485,-0.0746889521810824,117388.6,1.6324498290293945,0.6045465963325798,0.14391254,0
2024-01-19,4929.2,4959.8,4882.0,4903.4,127226.0,-0.0070471021829816,-0.0070471021829816,-0.0455854873871069,-0.0648434222069649,-0.0754581793498756,5000.76,-0.0194690407058127,5056.16,-0.0302126514983703,5183.24,-0.0539893965936364,5390.126666666667,-0.0902996713744513,0.0156841855934423,0.0129575929690004,0.0098493166170366,14.946418499717891,5183.24,5485.581141584738,4880.898858415261,0.037211511253145,108.21428571428572,0.0220692347583892,-0.0648434222069649,-0.0754581793498756,-0.0860391425908667,127485.0,0.9979683884378554,-0.3360886286665518,0.5519298,1
2024-01-22,4887.8,4895.4,4474.2,4554.0,161017.0,-0.0712566790390341,-0.0712566790390341,-0.1109288977392526,-0.1030489246041125,-0.1395533386237388,4887.12,-0.0681628443746009,5003.839999999999,-0.0898989576005626,5146.31,-0.1150941159782447,5374.776666666668,-0.1527089807762556,0.0249677815022774,0.019859272958688,0.013002065626532,10.345500683193364,5146.31,5554.361895048486,4738.258104951515,-0.2257777836439416,135.8142857142857,0.0298230754752493,-0.1030489246041125,-0.1395533386237388,-0.1682191780821917,142215.4,1.132205091712993,0.2655982267775454,0.88967335,1
2024-01-23,4557.4,4786.4,4520.8,4735.8,173266.0,0.0399209486166007,0.0399209486166007,-0.0738089650316826,-0.0713025061771972,-0.1039167455061494,4811.64,-0.0157617776891039,4967.4800000000005,-0.0466393422822034,5118.85,-0.0748312609277475,5361.75,-0.1167436005035669,0.0294524317646249,0.0224813475088277,0.0140714714290219,24.067569827730367,5118.85,5560.165657408295,4677.534342591706,0.0660135850951556,150.39999999999995,0.0317580978926474,-0.0713025061771972,-0.1039167455061494,-0.1416609272483415,154514.0,1.121361171156012,0.0760727128191434,0.8693869,1
2024-01-24,4779.2,4830.4,4604.2,4820.6,162081.0,0.0179061615777693,0.0179061615777693,-0.0215555735974668,-0.0521079125373603,-0.0803540768438322,4790.4,0.0063042752171009,4940.98,-0.0243635877902762,5097.79,-0.0543745426939908,5350.380000000001,-0.0990172660633451,0.030487121227086,0.0230505104282185,0.0143145030774047,30.15050979122836,5097.79,5554.338506214124,4641.241493785876,0.196428751570599,160.64285714285708,0.0333242453517937,-0.0521079125373603,-0.0803540768438322,-0.1239732499818273,163044.2,0.9940923994843116,-0.064553922870038,0.5975017,1
2024-01-25,4810.0,5004.0,4781.4,5002.2,150417.0,0.0376716591295687,0.0376716591295687,0.0129601879227247,-0.0302055060100814,-0.0470547893012268,4803.2,0.0414307128580946,4925.4,0.0155926422219514,5085.4400000000005,-0.0163682985149762,5342.1866666666665,-0.0636418545214942,0.0329255623971307,0.0248479832999847,0.0152077585017778,41.06401896858328,5085.4400000000005,5538.089642136552,4632.790357863449,0.4080525065621398,169.04285714285712,0.0337937021996036,-0.0302055060100814,-0.0470547893012268,-0.0894826895773418,154801.4,0.9716772587328022,-0.0719640179910044,0.17200428,0
2024-01-26,4986.6,4996.4,4900.4,4926.0,111364.0,-0.0152332973491663,-0.0152332973491663,0.0046090467838644,-0.041186546247275,-0.080421146953405,4807.719999999999,0.0246020982919139,4904.24,0.004436976983182,5063.9,-0.0272319753549634,5333.486666666667,-0.0764015534553381,0.0331706956024872,0.0244178058441775,0.015286583547898,43.998094633216894,5063.9,5502.975823688122,4624.824176311878,0.3429656194211791,163.6857142857143,0.0332289310364828,-0.041186546247275,-0.080421146953405,-0.0958149779735683,151629.0,0.734450533868851,-0.2596315576031964,0.25150836,0
2024-01-29,4943.8,4961.8,4812.2,4821.0,112133.0,-0.0213154689403166,-0.0213154689403166,0.0586297760210803,-0.05880285814689,-0.1073214087323631,4861.12,-0.0082532420512144,4874.120000000001,-0.0108983775532816,5034.92,-0.0424872689139053,5322.293333333333,-0.0941874680588817,0.0336305993669492,0.0245406175306713,0.0154414354152169,39.63051251489869,5034.92,5456.590290754873,4613.249709245127,0.2463421010559685,168.37142857142862,0.034924585889116,-0.05880285814689,-0.1073214087323631,-0.1222736044860358,141852.2,0.7904917935710549,0.0069052835745841,0.2498787,0
2024-01-30,4793.2,4836.2,4664.8,4682.8,117441.0,-0.028666251814976,-0.028666251814976,-0.0111913509861057,-0.0841742939841977,-0.1274177318972906,4850.52,-0.0345777359953158,4831.08,-0.0306929299452709,5000.73,-0.0635767177992011,5307.27,-0.1176631300084601,0.0343641541910219,0.0250887206435146,0.0156178306928224,36.26943005181345,5000.73,5420.046602405236,4581.413397594763,0.1208950490198509,172.05714285714288,0.0367423641533148,-0.0841742939841977,-0.1274177318972906,-0.1614197199240714,130687.2,0.898641948102033,0.0473366448770655,0.14998052,0
2024-01-31,4663.0,4710.0,4559.4,4573.4,163954.0,-0.0233620910566328,-0.0233620910566328,-0.0512799236609552,-0.0717301290898758,-0.146116504854369,4801.08,-0.0474226632341057,4795.74,-0.0463619795902197,4961.6,-0.0782408900354725,5290.363333333333,-0.1355225129464957,0.0334047538763132,0.0253407434618609,0.0158338950515429,30.5625748104801,4961.6,5387.336879452977,4535.863120547024,0.0440845992731549,174.28571428571428,0.03810856568105,-0.0717301290898758,-0.146116504854369,-0.1815383514084255,131061.8,1.250967101016467,0.3960541889118791,0.08367412,0
2024-02-01,4561.6,4677.2,4510.2,4559.4,150648.0,-0.0030611798661827,-0.0030611798661827,-0.0885210507376754,-0.0767081122676279,-0.1415499322187077,4712.52,-0.0324921697945048,4757.86,-0.0417120301984506,4924.01,-0.0740473719590335,5273.356666666668,-0.1353894135740235,0.0332829232025487,0.0253595984429816,0.0158321937095409,30.69320154935218,4924.01,5352.527885888514,4495.492114111486,0.0745685162662497,181.57142857142856,0.0398235356782534,-0.0767081122676279,-0.1415499322187077,-0.1828739381339833,131108.0,1.1490374347865882,-0.0811569098649621,0.27022168,0
2024-02-02,4586.2,4629.2,4239.4,4416.8,190040.0,-0.0312760450936525,-0.0312760450936525,-0.1033698741372309,-0.0992372639393073,-0.1576458023419917,4610.68,-0.0420501965002992,4709.2,-0.0620912256858914,4882.68,-0.0954148131763703,5254.173333333334,-0.1593729936583745,0.0341221099298555,0.0259018325919129,0.0162396295684882,28.290040625384705,4882.68,5339.976318076545,4425.383681923456,-0.0093852515143351,203.67142857142852,0.0461128936269309,-0.0992372639393073,-0.1576458023419917,-0.2067243794676533,146843.2,1.2941695631803174,0.2614837236471774,0.22637387,0
2024-02-05,4375.6,4472.2,4095.4,4249.0,246996.0,-0.03799130592284,-0.03799130592284,-0.1186475834889027,-0.0669740887132192,-0.1631214054990939,4496.280000000001,-0.0549965749464003,4678.7,-0.0918417509137152,4841.27,-0.1223377336938449,5232.606666666668,-0.1879764196557229,0.0286560169932651,0.0262381772047433,0.0168316660911922,25.770999214982595,4841.27,5368.973302204891,4313.56669779511,-0.0611770833395697,223.58571428571423,0.0526207847224556,-0.0669740887132192,-0.1631214054990939,-0.2334475915569186,173815.8,1.4210215642076267,0.2997053251946959,0.7804377,1
2024-02-07,4759.6,5099.6,4759.6,5094.8,301874.0,0.0709210913524194,0.1990586020240057,0.0879815495002989,0.0758055661134338,-0.0009020669098324,4578.679999999999,0.1127224440231684,4714.6,0.080643108641242,4841.039999999999,0.0524184885892289,5224.756666666666,-0.024873247685538,0.0706874266691675,0.0533671269498132,0.0311795332554472,53.43867692811528,4841.039999999999,5368.273392441444,4313.806607558554,0.7406524355607691,269.87142857142857,0.0529699749885036,0.0758055661134338,-0.0009020669098324,-0.0846239534298752,210702.4,1.4327031870543478,0.2221817357366111,0.17100124,0
2024-02-08,5140.6,5384.2,5044.6,5070.8,306905.0,-0.0047106854047264,-0.0047106854047264,0.1087593475313772,0.0519022528315977,-0.0029101777568035,4678.16,0.0839304341878004,4739.620000000001,0.0698748000894584,4840.3,0.047621015226329,5216.24,-0.0278821526616872,0.0707458654572748,0.053376733044752,0.0311788081002401,52.70017105155984,4840.3,5366.127788499189,4314.472211500812,0.7191782224536767,279.9,0.0551983907864636,0.0519022528315977,-0.0029101777568035,-0.09154752947078,239292.6,1.2825511528563776,0.0166658937172463,0.29729906,0
2024-02-19,5158.6,5179.4,4974.2,5038.0,158257.0,-0.0064684073518971,-0.0064684073518971,0.1049699521866913,0.0071568509855663,-0.0232648313299728,4773.88,0.0553260660092,4743.2,0.0621521335807051,4834.3,0.0421364003061457,5206.636666666666,-0.0323887909725471,0.0700003523235915,0.0533093108340526,0.0311726199418938,52.74313198010924,4834.3,5347.449737047221,4321.15026295278,0.6984800783219101,288.99999999999994,0.057364033346566,0.0071568509855663,-0.0232648313299728,-0.1026326101670763,240814.4,0.6571741556983304,-0.4843453185839266,0.7488477,1
2024-02-20,5023.8,5071.6,4987.0,5048.0,113213.0,0.0019849146486701,0.0019849146486701,0.1429088933164282,0.0247665448639871,-0.0174400498287138,4900.12,0.0301788527627895,4755.4,0.0615300500483662,4829.82,0.0451735261355497,5198.056666666666,-0.0288678397118923,0.0697215058681464,0.0533022761403147,0.0311585856864311,61.68401135288553,4829.82,5333.293825588466,4326.346174411534,0.7166746203191289,264.3857142857143,0.0523743491057278,0.0247665448639871,-0.0174400498287138,-0.092543323506148,225449.0,0.5021667871669424,-0.284625640571981,0.7856849,1
2024-02-21,5018.4,5206.4,5011.2,5064.0,150858.0,0.0031695721077653,0.0031695721077653,0.191809837608849,0.0504044803982577,-0.0113623052594588,5063.12,0.0001738058746385,4779.7,0.0594807205473146,4826.91,0.0491183800816672,5189.623333333333,-0.0242066379897833,0.0691448814590256,0.0532996511076252,0.0311620458502974,58.42315983985217,4826.91,5323.899428670851,4329.9205713291485,0.7385262002796253,259.3571428571429,0.0512158654931166,0.0504044803982577,-0.0113623052594588,-0.0908438061041292,206221.4,0.7315341666771732,0.3325148172029715,0.74841446,1
2024-02-22,5066.8,5130.6,5051.2,5113.0,111561.0,0.0096761453396525,0.0096761453396525,0.0035722697652507,0.0918681130947296,-3.911444887738647e-05,5066.76,0.0091261476762269,4822.72,0.0601901001924225,4826.9,0.0592719965195054,5181.366666666667,-0.0131947169665661,0.0680092660695776,0.0533335375605241,0.031176276487927,57.64484417485881,4826.9,5323.865181455401,4329.934818544598,0.7878471276017104,248.87142857142865,0.0486742477159062,0.0918681130947296,-3.911444887738647e-05,-0.0883317880322372,168158.8,0.6634264754505861,-0.2604899972159249,0.5270839,0
2024-02-23,5131.6,5144.6,5044.0,5139.0,115111.0,0.0050850772540582,0.0050850772540582,0.0134495543109567,0.1236716665937815,0.0430705528943735,5080.4,0.0115345248405638,4879.280000000001,0.0532291649587641,4837.51,0.0623233853780147,5173.863333333333,-0.0067383560575945,0.0670137701929299,0.052591891383948,0.0311848709567104,53.89344262295084,4837.51,5352.200160858223,4322.819839141777,0.7928849460588858,240.15714285714293,0.0467322714257915,0.1236716665937815,0.0430705528943735,-0.0805482001001931,129800.0,0.8868335901386749,0.0318211561387939,0.26900637,0
2024-02-26,5131.8,5198.4,5093.6,5119.4,118090.0,-0.0038139715898035,-0.0038139715898035,0.0161572052401746,0.1228231784883975,0.0366935320562147,5096.68,0.0044578039037175,4935.28,0.0373069005203352,4846.570000000001,0.0562934198825146,5167.056666666667,-0.0092231747668081,0.0670349188334664,0.052615905405297,0.031159513689086,55.687566168686025,4846.570000000001,5374.920988204711,4318.2190117952905,0.7581901104482185,240.3714285714286,0.0469530469530469,0.1228231784883975,0.0366935320562147,-0.0738811100256884,121766.6,0.9698061701648892,0.0258793686094291,0.7520963,1
2024-02-27,5111.0,5260.0,5098.6,5259.2,117799.0,0.0273078876430832,0.0273078876430832,0.0418383518225038,0.1907263176960694,0.072561895827385,5138.92,0.023405696138488,5019.52,0.0477495856177481,4864.36,0.0811699791956188,5161.576666666667,0.0189134715296939,0.0652252772541243,0.0528305248560346,0.0313358278460971,62.62824207492794,4864.36,5423.812613674669,4304.907386325331,0.852880646500658,241.2142857142857,0.0458652049198139,0.1907263176960694,0.072561895827385,-0.0588403722261989,122683.8,0.9601838221509278,-0.0024642222034041,0.23708114,0
2024-02-28,5268.0,5331.8,5124.4,5127.2,163503.0,-0.0250988743535138,-0.0250988743535138,0.0124802527646128,0.2066839256295598,0.1258673693456302,5151.56,-0.0047286647151542,5107.34,0.0038885212263133,4893.02,0.0478600128346093,5154.903333333334,-0.0053741712583036,0.0640838062564983,0.050283074419011,0.0314690403807493,62.85284590467375,4893.02,5444.195385593604,4341.844614406395,0.7124369176498994,243.7857142857143,0.0475475336023003,0.2066839256295598,0.1258673693456302,-0.0724365004703669,125212.8,1.3058010043701602,0.3879829200587441,0.80215704,1
2024-02-29,5133.0,5314.4,5131.4,5301.4,141718.0,0.0339756592292088,0.0339756592292088,0.0368472521024838,0.0405511501923527,0.1194307192026689,5189.24,0.0216139550300236,5128.0,0.0338143525741028,4921.3,0.0772356897567714,5151.256666666666,0.0291469330784657,0.0169085369259087,0.0500956766939406,0.0317874585888486,70.2943800178412,4921.3,5496.046420972849,4346.553579027152,0.8306675658428812,246.4,0.046478288753914,0.0405511501923527,0.1194307192026689,-0.0396362450635846,131244.2,1.0798039075250565,-0.1332391454591047,0.77439564,1
2024-03-01,5301.2,5349.2,5272.8,5340.2,110761.0,0.0073188214433923,0.0073188214433923,0.039151585911656,0.0531277116036916,0.1077874123553084,5229.4800000000005,0.0211722771671369,5154.94,0.0359383426383237,4947.280000000001,0.0794214194466451,5148.0233333333335,0.0373301856311192,0.0166369439103377,0.0500273857972166,0.0318004631165985,71.4694236691597,4947.280000000001,5549.192984094128,4345.367015905874,0.8263926932821859,239.9285714285714,0.0449287613626027,0.0531277116036916,0.1077874123553084,-0.0350547504607712,130374.2,0.8495622600177029,-0.2184408473165018,0.2498309,0
2024-03-04,5345.4,5358.0,5270.0,5328.2,94137.0,-0.0022471068499306,-0.0022471068499306,0.0407860296128452,0.0576022231044064,0.0651713246171683,5271.24,0.0108058066033798,5183.96,0.0278242887676603,4963.58,0.0734590759089206,5145.036666666667,0.0356000054421379,0.0163559607929203,0.0494997401160352,0.0317957133304739,76.99964450764305,4963.58,5588.95423440103,4338.20576559897,0.7915214442350869,218.3714285714285,0.04098409004381,0.0576022231044064,0.0651713246171683,-0.0325380397283654,125583.6,0.7495962848652212,-0.1500889302191204,0.21622883,0
2024-03-05,5299.6,5324.8,5257.4,5278.8,100419.0,-0.0092714237453548,-0.0092714237453548,0.0037268025555217,0.0457210776545167,0.0716199756394642,5275.160000000001,0.0006900264636522,5207.039999999999,0.0137813421828911,4981.22,0.0597403848856303,5141.67,0.026670323066241,0.0170167710427023,0.049394284904805,0.0318121017703388,82.80871670702179,4981.22,5621.847888050006,4340.592111949994,0.7322565139224563,196.5142857142857,0.0372270754175732,0.0457210776545167,0.0716199756394642,-0.0368559334403736,122107.6,0.8223812440830873,0.0667325281239046,0.79511416,1
2024-03-06,5262.6,5357.6,5237.0,5283.6,109156.0,0.000909297567629,0.000909297567629,0.0305039787798409,0.0433649289099526,0.0959551960174238,5306.4400000000005,-0.0043042039484099,5229.0,0.0104417670682732,5004.35,0.0558014527361194,5138.233333333334,0.0282911766041507,0.0170530048181308,0.0490312557804847,0.0318115372788671,62.95991213618891,5004.35,5653.962469092182,4354.737530907819,0.7149358373541116,144.37142857142857,0.0273244432908298,0.0433649289099526,0.0959551960174238,-0.0375605668694669,111238.2,0.981281610094374,0.087005447176331,0.35959634,0
2024-03-07,5289.8,5324.6,5212.4,5215.0,97415.0,-0.0129835718071013,-0.0129835718071013,-0.0162975817708529,0.0199491492274594,0.1136499530195609,5289.16,-0.014021130009302,5239.2,-0.0046190258054664,5030.96,0.0365814874298344,5133.953333333333,0.0157864050186147,0.0177624168839273,0.0485772739113095,0.0318522257171803,59.3272962483829,5030.96,5668.603670167988,4393.316329832012,0.6443125750401588,128.12857142857152,0.0245692370908094,0.0199491492274594,0.1136499530195609,-0.046931539895464,102377.6,0.9515265057981432,-0.1075616548792554,0.86727285,1
2024-03-08,5236.6,5307.0,5204.8,5285.8,96050.0,0.0135762224352828,0.0135762224352828,-0.0101868843863525,0.028565868846079,0.1557703240477546,5278.28,0.0014247065331889,5253.879999999999,0.0060755099088676,5066.58,0.0432678453710393,5132.4,0.0298885511651469,0.0181193738957152,0.0480854665678278,0.0318260834191632,65.2774352651048,5066.58,5675.549184597637,4457.610815402363,0.6799926872694265,120.77142857142864,0.0228482781360302,0.028565868846079,0.1557703240477546,-0.017326640639524,99435.4,0.9659537750137276,-0.0140122157778576,0.6546494,1
2024-03-11,5279.6,5397.4,5277.8,5396.4,106656.0,0.020923985016459,0.020923985016459,0.012799819826583,0.0541079032699145,0.1835767864192656,5291.92,0.0197433067771242,5281.58,0.0217397066786833,5108.429999999999,0.0563715270640883,5132.283333333334,0.0514618249836815,0.0187677795201257,0.0480874300273217,0.0319343162406876,69.10925844668712,5108.429999999999,5684.8121287269605,4532.047871273038,0.7498082310740892,123.2714285714286,0.0228432711754926,0.0541079032699145,0.1835767864192656,-0.0012954806233111,101939.2,1.0462707182320443,0.1104216553878187,0.1855613,0
2024-03-12,5361.6,5423.4,5327.2,5365.6,127206.0,-0.0057075087095098,-0.0057075087095098,0.0164431310146244,0.0202312138728324,0.2148161564933888,5309.280000000001,0.010607841364554,5292.219999999999,0.0138656367271203,5155.87,0.0406779069293834,5131.300000000001,0.0456609436205248,0.0173435824981992,0.0472806571934784,0.0319407350864854,66.27806563039726,5155.87,5641.62518676975,4670.11481323025,0.7158803505472534,116.20000000000002,0.0216564783062472,0.0202312138728324,0.2148161564933888,-0.0108763779817866,107296.6,1.1855548078876683,0.1926755175517551,0.2512174,0
2024-03-13,5360.2,5405.6,5327.0,5354.0,111946.0,-0.0021619203816908,-0.0021619203816908,0.0133242486183662,0.0442346699953191,0.2600611908684396,5323.36,0.0057557632773286,5314.9,0.0073566765131987,5211.12,0.0274182901180553,5129.786666666667,0.0437081204156637,0.0146483187667814,0.0459986639812873,0.0319390285116602,63.554555680539934,5211.12,5452.428726476504,4969.811273523496,0.7960522855643856,116.14285714285714,0.0216927263994877,0.0442346699953191,0.2600611908684396,-0.0166764619453423,107854.6,1.0379344042813194,-0.1199628948320047,0.3156787,0
2024-03-14,5363.8,5392.0,5294.2,5337.0,119045.0,-0.0031751961150541,-0.0031751961150541,0.0233940556088207,0.006715207303731,0.0475386668760304,5347.76,-0.0020120573847742,5318.46,0.003485971503029,5223.2300000000005,0.0217815413068158,5127.0,0.0409596255119952,0.0104257946559053,0.0137819677305558,0.0319106205035989,61.25,5223.2300000000005,5464.269163448218,4982.190836551783,0.7359989936333329,115.94285714285714,0.021724350223507,0.006715207303731,0.0475386668760304,-0.0303768031684894,112180.6,1.0611906158462336,0.0634145034212925,0.6923308,1
2024-03-15,5320.8,5402.8,5292.6,5399.8,111350.0,0.0117669102492037,0.0117669102492037,0.0215672178289001,0.0111606306879892,0.0648812810601877,5370.56,0.0054444974080913,5324.42,0.0141574105724191,5239.68,0.0305591181140831,5125.1466666666665,0.0535893606947184,0.0108259069420425,0.0138260539600866,0.0319467505659262,65.18630849220108,5239.68,5481.821512343559,4997.538487656441,0.8306331046880056,116.32857142857144,0.0215431259358812,0.0111606306879892,0.0648812810601877,-0.02017782616585,115240.6,0.9662393288476456,-0.0646394220672854,0.44949564,0
2024-03-18,5413.6,5485.8,5395.8,5482.8,76831.0,0.0153709396644319,0.0153709396644319,0.0160106737825218,0.0290154273488232,0.0882890035728463,5387.84,0.0176248737898676,5339.879999999999,0.0267646463965485,5261.92,0.0419770730075714,5125.793333333334,0.0696490559510136,0.0116141705357733,0.0138813911776325,0.0319650170793898,62.90397045244693,5261.92,5507.746036906341,5016.093963093659,0.9492607918585833,111.22857142857148,0.0202868190392812,0.0290154273488232,0.0882890035728463,0.0071271124173402,109275.6,0.7030938288144837,-0.3100044903457566,0.24090816,0
2024-03-19,5461.4,5475.6,5414.0,5421.6,72764.0,-0.0111621799080761,-0.0111621799080761,0.0104368570150588,0.0270516026369629,0.0740095087163232,5399.04,0.004178520625889,5354.160000000001,0.0125958133488726,5280.6,0.02670151119191,5125.719999999999,0.0577245733282349,0.0118478228097495,0.0143031851636397,0.0319972992694716,68.50175967823031,5280.6,5514.469815338234,5046.730184661767,0.8014497612615783,101.32857142857144,0.0186897911001496,0.0270516026369629,0.0740095087163232,-0.0008109104312568,98387.2,0.7395677486502309,-0.0529343624318309,0.7094956,1
2024-03-20,5434.4,5451.4,5401.8,5435.2,70593.0,0.0025084845801977,0.0025084845801977,0.0151662308554352,0.0286925581043226,0.073301737756714,5415.280000000001,0.0036784801524574,5369.32,0.0122697101308917,5299.160000000001,0.0256719932970506,5126.48,0.0602206582294284,0.0118312124677135,0.0143051733992843,0.0319844518515225,60.535433070866176,5299.160000000001,5519.158951193725,5079.161048806276,0.8091832921517116,91.5,0.0168347070944951,0.0286925581043226,0.073301737756714,0.0084607392014248,90116.6,0.7833517909020091,-0.0298361827277224,0.13161366,0
2024-03-21,5435.4,5460.4,5397.4,5407.6,70748.0,-0.0050780100088312,-0.0050780100088312,0.0132284054712386,0.0369319271332695,0.0576178368863682,5429.4,-0.004015176630935,5388.58,0.0035296868562775,5313.89,0.017634915288047,5127.426666666667,0.0546420946699708,0.0108780033081177,0.0143578379460085,0.031976848407134,55.40237255530625,5313.89,5520.446753001563,5107.333246998438,0.7268383837329473,90.54285714285716,0.0167436306573816,0.0369319271332695,0.0576178368863682,0.010615235105031,80457.2,0.8793246595705543,0.0021956851245874,0.18177979,0
2024-03-22,5416.6,5416.6,5291.4,5313.2,96976.0,-0.0174569124935277,-0.0174569124935277,-0.0160376310233713,0.0051836997237881,0.0338976454563144,5412.08,-0.0182702399077618,5391.320000000001,-0.0144899579323803,5322.6,-0.0017660541840455,5126.996666666667,0.036318208385806,0.0121009183490987,0.0150457601374235,0.0320603857128789,48.93797790994053,5322.6,5512.091685694624,5133.108314305377,0.4751968009426304,93.20000000000007,0.0175412180983211,0.0051836997237881,0.0338976454563144,-0.0048323656115377,77582.4,1.2499742209573306,0.3707242607564878,0.14333688,0
2024-03-25,5332.2,5336.4,5226.4,5241.6,87965.0,-0.0134758714145899,-0.0134758714145899,-0.0439921208141824,-0.0286857905270179,0.0238699847638397,5363.84,-0.0227896432406633,5375.84,-0.0249709812792047,5328.71,-0.0163472960622739,5126.176666666667,0.0225164563843227,0.0104532903807413,0.0153859289856543,0.0320876600018615,47.44645799011533,5328.71,5497.347161416301,5160.072838583699,0.2417235938140636,96.00000000000009,0.0183150183150183,-0.0286857905270179,0.0238699847638397,-0.0092991608074393,79809.2,1.102191226074187,-0.0929198977066491,0.2901521,0
2024-03-26,5260.6,5265.0,5186.2,5213.2,92255.0,-0.005418192918193,-0.005418192918193,-0.0384388372436181,-0.0284031608766961,-0.0087465774262245,5322.160000000001,-0.0204728907060293,5360.6,-0.0274969219863449,5326.41,-0.021254465953616,5124.67,0.0172752586995845,0.0104449218396391,0.0141652998218102,0.0320948994562041,45.31914893617017,5326.41,5500.214462422333,5152.605537577667,0.1743179132969916,93.01428571428576,0.0178420712257894,-0.0284031608766961,-0.0087465774262245,-0.0170450260200619,83707.4,1.1021128359022023,0.0487693969192293,0.35702068,0
2024-03-27,5228.6,5228.6,5093.4,5096.6,89652.0,-0.0223663009284124,-0.0223663009284124,-0.0622976155431261,-0.0480762047067612,-0.0059681697612731,5254.4400000000005,-0.0300393571912516,5334.860000000001,-0.0446609657985401,5324.88,-0.0428704496627153,5121.403333333334,-0.0048430736106834,0.012121328755854,0.0139251098643426,0.0322257482356283,42.60000000000001,5324.88,5506.434197794663,5143.325802205337,-0.1286827921714682,94.65714285714292,0.0185726058268537,-0.0480762047067612,-0.0059681697612731,-0.0370328383025355,87519.2,1.0243695097761405,-0.0282152728849385,0.8617564,1
2024-03-28,5136.6,5222.0,5106.4,5158.8,100678.0,0.0122042145744221,0.0122042145744221,-0.0460093202159923,-0.0333895446880269,-0.0268985550986531,5204.679999999999,-0.008815143294112,5317.04,-0.0297609196094067,5317.750000000001,-0.0298904611912934,5119.3,0.0077158986580196,0.0132777428100368,0.0118012467382752,0.0322646405313423,41.97624462977001,5317.750000000001,5513.807816392113,5121.692183607889,0.0946348813706467,96.31428571428576,0.018669901084416,-0.0333895446880269,-0.0268985550986531,-0.0238789025543991,93505.2,1.0767101722684942,0.1229866595279525,0.7748925,1
2024-03-29,5162.4,5236.2,5142.6,5231.4,79011.0,0.0140730402419166,0.0140730402419166,-0.0153956184596854,-0.0311863402348235,-0.0203737687727051,5188.320000000001,0.0083032657970207,5300.2,-0.0129806422399154,5312.31,-0.0152306623672187,5119.126666666667,0.0219321264434426,0.0135851811423752,0.01215217965272,0.0322960720798297,39.049641624634965,5312.31,5511.753498396548,5112.866501603451,0.2971605977369877,94.4571428571429,0.0180558058755099,-0.0311863402348235,-0.0203737687727051,-0.0019840512800947,89912.2,0.8787572765431165,-0.2152108702993702,0.49134004,0
2024-04-01,5256.6,5358.2,5256.6,5349.6,80997.0,0.0225943342126391,0.0225943342126391,0.0206043956043955,-0.0242941562705186,0.0040163657520364,5209.92,0.0268103924820344,5286.88,0.0118633296008232,5313.38,0.0068167531778264,5120.8,0.044680518668958,0.0148119020431071,0.0132348370100695,0.0324223608686949,49.04852521408183,5313.38,5513.411193356966,5113.348806643035,0.5905358794099775,96.6428571428572,0.0180654361340767,-0.0242941562705186,0.0040163657520364,0.0191267240722396,88518.6,0.9150280280076728,0.0251357405930818,0.114721164,0
2024-04-02,5340.0,5355.0,5296.8,5329.0,66292.0,-0.0038507551966502,-0.0038507551966502,0.0222128443182689,-0.017079828832817,0.0095097370614534,5233.08,0.0183295497106865,5277.62,0.0097354489334207,5315.89,0.0024661909858931,5120.336666666667,0.0407518776434621,0.0145063097753297,0.0130835039457917,0.0323238227888619,48.52906566250883,5315.89,5515.353215445384,5116.4267845546165,0.5328632022970405,95.18571428571433,0.0178618341688336,-0.017079828832817,0.0095097370614534,-0.0051896654719235,83326.0,0.7955740105129251,-0.1815499339481708,0.28877655,0
2024-04-03,5317.4,5326.0,5287.8,5317.2,66199.0,-0.0022142991180333,-0.0022142991180333,0.043283757799317,-0.0217103326464527,0.0063593004769473,5277.2,0.0075797771545516,5265.82,0.0097572647754766,5317.570000000001,-6.958065432161042e-05,5118.946666666667,0.0387293219177904,0.014433422770362,0.0130976821452571,0.0323092371412736,48.82784750177598,5317.570000000001,5516.453251656583,5118.686748343418,0.4990698060371627,91.14285714285714,0.0171411376556941,-0.0217103326464527,0.0063593004769473,-0.0154427285857128,78635.4,0.8418473104988339,-0.001402884209256,0.25344965,0
2024-04-08,5315.6,5321.6,5225.8,5231.8,81429.0,-0.0160610847814638,-0.0160610847814638,0.0141505776537178,-0.0325098010207856,0.0032214765100671,5291.8,-0.0113382969877924,5248.24,-0.0031324786976204,5318.410000000001,-0.0162849423041849,5116.7,0.0224949674594954,0.0150883269544102,0.0132799809934469,0.0323671511445722,40.31365313653135,5318.410000000001,5515.603934998067,5121.216065001934,0.2803938544031546,90.11428571428574,0.0172243368848743,-0.0325098010207856,0.0032214765100671,-0.0251183244512354,74785.6,1.088832609486318,0.2300638982461971,0.8274174,1
2024-04-09,5242.0,5281.0,5228.6,5278.2,70077.0,0.0088688405520087,0.0088688405520087,0.0089459800435829,-0.0065873673116012,-0.0014378145219267,5301.16,-0.0043311275268054,5244.74,0.0063797252104011,5318.030000000001,-0.0074896155155199,5115.403333333334,0.0318247958290678,0.0146130192821643,0.013071335484566,0.0323858910761716,37.68360221526603,5318.030000000001,5515.5175996107655,5120.542400389236,0.399158225431614,87.42857142857143,0.016564088406762,-0.0065873673116012,-0.0014378145219267,-0.0145257654966393,72998.8,0.9599746845153618,-0.139409792580039,0.17384382,0
2024-04-10,5264.6,5274.2,5168.6,5213.6,83413.0,-0.0122390208783296,-0.0122390208783296,-0.0254224614924479,-0.0053418803418803,-0.0338744348083907,5273.960000000001,-0.0114449104657601,5241.9400000000005,-0.0054063953421824,5308.89,-0.017949138143755,5113.776666666667,0.0195204718234991,0.0144963643133329,0.0123627899516149,0.0324071867349838,37.52997601918463,5308.89,5508.019367101208,5109.760632898792,0.2607334332771506,90.34285714285708,0.017328306188211,-0.0053418803418803,-0.0338744348083907,-0.0183762614851633,73482.0,1.1351487439100731,0.1903049502689897,0.7242786,1
2024-04-11,5205.6,5302.2,5178.0,5246.2,91247.0,0.0062528770906857,0.0062528770906857,-0.0155376243197598,0.0063300851684187,-0.0222528701356792,5257.4,-0.0021303305816563,5245.24,0.0001830230837864,5302.92,-0.0106959939052446,5113.823333333333,0.0258860461220471,0.0145209180441309,0.0124451409756044,0.0323714952032901,38.92145369284874,5302.92,5502.0499982688425,5103.790001731158,0.3575804738283997,95.67142857142856,0.0182363288802235,0.0063300851684187,-0.0222528701356792,0.0005340046534692,78473.0,1.1627821033986212,0.093918214187237,0.18137626,0
2024-04-12,5247.4,5282.4,5200.8,5206.0,83766.0,-0.0076626891845525,-0.0076626891845525,-0.0209132626194237,0.0214652905858807,-0.0276428838251774,5235.16,-0.0055700303333613,5256.18,-0.0095468572233067,5295.52,-0.0169048554249631,5115.97,0.0175978357965351,0.0125308696334783,0.0125314687138814,0.0321141549042537,38.354898336414,5295.52,5497.634981345357,5093.405018654644,0.2785418987644553,96.99999999999991,0.0186323472915866,0.0214652905858807,-0.0276428838251774,0.02536831324352,81986.4,1.0217060390503792,-0.0819862570824245,0.7353146,1
2024-04-15,5223.6,5319.6,5156.8,5282.2,120420.0,0.0146369573568958,0.0146369573568958,0.0096333957720096,0.0239202915406682,-0.0102679407907064,5245.24,0.0070463887257781,5268.52,0.0025965546301429,5292.780000000001,-0.0019989495123546,5119.016666666666,0.0318778671684991,0.0127681149128079,0.0130166914059194,0.0321603325151719,48.17087561954212,5292.780000000001,5494.011153808702,5091.548846191299,0.4737118239403959,99.68571428571418,0.018872006793706,0.0239202915406682,-0.0102679407907064,0.0358473545907362,89784.6,1.3412099625102745,0.4375761048635485,0.1311413,0
2024-04-16,5248.0,5290.6,5116.0,5136.4,129502.0,-0.0276021354738555,-0.0276021354738555,-0.0268652192035163,-0.0181595748747944,-0.048779584429053,5216.88,-0.0154268451641594,5259.02,-0.023316131142304,5279.61,-0.0271251096198393,5119.863333333334,0.0032299039232166,0.0151317476287512,0.0140129396459546,0.0323696715101527,44.29253472222217,5279.61,5485.767240959477,5073.452759040522,0.152668033066688,104.29999999999993,0.0203060509306128,-0.0181595748747944,-0.048779584429053,0.0099889885165957,101669.6,1.2737534130162802,0.0754193655538946,0.75437284,1
2024-04-17,5154.0,5291.2,5154.0,5287.8,134764.0,0.0294758975157698,0.0294758975157698,0.0142320085929108,-0.0115522655899507,-0.0355657693149485,5231.72,0.0107192280932466,5252.84,0.0066554473389632,5269.86,0.0034042650089376,5122.026666666668,0.0323647931027299,0.0164590252216053,0.0152545348094818,0.0325374786416869,53.57074478269196,5269.86,5452.679144454217,5087.040855545783,0.5490648833675436,109.72857142857136,0.0207512711200445,-0.0115522655899507,-0.0355657693149485,0.025164792555254,111939.8,1.203897094688395,0.0406325771030562,0.6733292,1
2024-04-18,5266.6,5367.4,5243.4,5301.6,124795.0,0.0026097810053331,0.0026097810053331,0.0105600243986123,-0.0051416776130605,-0.0221336874723329,5242.8,0.0112153810940718,5250.1,0.0098093369650102,5263.860000000001,0.0071696435695478,5124.759999999999,0.0345069817903669,0.0164632127854886,0.0151150611188913,0.0325319159880017,60.88341473773627,5263.860000000001,5433.081678342574,5094.638321657427,0.6115105356761638,108.9285714285713,0.0205463579727952,-0.0051416776130605,-0.0221336874723329,0.0319215197757707,118649.4,1.0517963006976858,-0.0739737615386898,0.27494124,0
2024-04-19,5313.2,5322.4,5235.2,5250.6,109420.0,-0.0096197374377546,-0.0096197374377546,0.0085670380330389,-0.0125253893026403,-0.0339637915808065,5251.72,-0.0002132634641602,5243.4400000000005,0.0013655157682741,5254.629999999999,-0.0007669426772196,5126.9,0.0241276404845034,0.016718787359406,0.015209464697509,0.0325569617484606,54.93230174081239,5254.629999999999,5403.404263478968,5105.855736521031,0.4864559907548507,106.19999999999987,0.0202262598560164,-0.0125253893026403,-0.0339637915808065,0.0250673538713834,123780.2,0.8839862918301958,-0.1232020513642373,0.508784,0
2024-04-22,5249.6,5289.8,5200.4,5206.0,85051.0,-0.00849426732183,-0.00849426732183,-0.0144258074287227,-0.0049313811690049,-0.0372808639692285,5236.4800000000005,-0.0058207039843559,5240.86,-0.0066515800841846,5244.55,-0.0073504876490834,5128.446666666668,0.0151221877449569,0.0161289633709828,0.015269451651549,0.0325778862716738,48.59295368934192,5244.55,5375.994116602835,5113.105883397166,0.3533597356948236,105.89999999999996,0.0203419131771033,-0.0049313811690049,-0.0372808639692285,0.0181491042791206,116706.4,0.7287603764660722,-0.2227106561871686,0.47016248,0
2024-04-23,5217.4,5237.4,5133.8,5143.4,84599.0,-0.0120245870149827,-0.0120245870149827,0.0013628222101083,-0.0255390095108181,-0.0319581419859972,5237.879999999999,-0.0180378321000098,5227.379999999999,-0.0160654094402931,5236.06,-0.0176965122630375,5132.056666666666,0.0022102899617242,0.0161513800823665,0.0150223628666781,0.0322556265104024,37.82762691853596,5236.06,5370.729410428982,5101.390589571019,0.1559723559164714,104.24285714285703,0.0202673051177931,-0.0255390095108181,-0.0319581419859972,0.0439636275066979,107725.8,0.7853179089874477,-0.0053144583837932,0.88060546,1
2024-04-24,5147.2,5205.8,5119.2,5203.8,72624.0,0.0117432048839289,0.0117432048839289,-0.0158856235107227,-0.0018796992481203,-0.0072115384615385,5221.08,-0.0033096600703301,5226.4,-0.0043242002142965,5234.17,-0.0058022570913821,5136.483333333334,0.0131055942944102,0.0163187409999437,0.0150240273872475,0.0322841377464819,42.940911141181786,5234.17,5369.5710510727495,5098.768948927251,0.387851682984047,106.27142857142852,0.0204218894983336,-0.0018796992481203,-0.0072115384615385,0.0537847798793083,95297.8,0.7620742556491336,-0.1415501365264364,0.8150926,1
2024-04-25,5187.8,5243.4,5166.6,5204.0,81284.0,3.843345247700469e-05,3.843345247700469e-05,-0.0184095367436246,-0.008043917502192,-0.0017647510166499,5201.56,0.0004690900422179,5222.18,-0.0034813047424638,5233.71,-0.0056766614886953,5141.493333333333,0.0121572980093982,0.0161689065132488,0.0149747894584018,0.0322658542651113,43.5329067641682,5233.71,5369.473042797,5097.946957203,0.3905814152809464,108.81428571428562,0.0209097397606236,-0.008043917502192,-0.0017647510166499,0.0613044010278582,86595.6,0.9386620105409512,0.1192443269442609,0.8157435,1
2024-04-26,5197.2,5352.8,5197.2,5336.2,105800.0,0.025403535741737,0.025403535741737,0.0163028987163371,0.0250096043027276,0.0470117333124042,5218.679999999999,0.022519104447868,5235.2,0.0192924816625916,5245.6900000000005,0.0172541648477129,5154.53,0.0352447264833069,0.0178755352918831,0.0150261172356268,0.0309598636689024,55.66160520607373,5245.6900000000005,5372.500889454481,5118.87911054552,0.8568699832851837,113.0857142857142,0.0211921806314819,0.0250096043027276,0.0470117333124042,0.1717610891523935,85871.6,1.232072070393471,0.3016091727769303,0.8590142,1
2024-04-29,5334.0,5478.0,5334.0,5454.8,110215.0,0.0222255537648514,0.0222255537648514,0.0477910103726468,0.0326757790314642,0.0573776847328835,5268.44,0.0353728997578031,5252.460000000001,0.0385229016498933,5260.49,0.0369376236814442,5166.513333333333,0.0557990753273969,0.0185893476417608,0.0155287095035208,0.0306860350046837,58.88151277408973,5260.49,5411.403762757075,5109.576237242924,1.1437782626650812,119.62857142857138,0.0219308813207764,0.0326757790314642,0.0573776847328835,0.1518222897926433,90904.4,1.2124275612621611,0.0417296786389413,0.19422935,0
2024-04-30,5459.6,5465.0,5405.4,5408.4,74607.0,-0.0085062697074137,-0.0085062697074137,0.0515223393086285,0.0529553773070632,0.0338341552930381,5321.4400000000005,0.0163414414143538,5279.660000000001,0.0243841459487919,5269.34,0.0263904018340057,5176.31,0.0448369591465735,0.0158295411632378,0.0154949871446465,0.0306548635406679,59.979508196721255,5269.34,5433.269232485188,5105.4107675148125,0.9241464377397264,116.05714285714286,0.0214586833180132,0.0529553773070632,0.0338341552930381,0.1219350288345848,88906.0,0.8391672103120149,-0.3230776210134737,0.7647482,1
2024-05-06,5416.4,5515.8,5416.4,5485.6,85833.0,0.0142740921529473,0.0142740921529473,0.0541527345401438,0.0374068610764402,0.025422461492448,5377.8,0.0200453717133399,5299.4400000000005,0.0351282399649774,5276.139999999999,0.0396994772693675,5184.366666666667,0.058104172158605,0.0138550785892714,0.0150108403906418,0.030345102488475,61.72839506172839,5276.139999999999,5463.671155587049,5088.60884441295,1.0584672033409737,114.85714285714292,0.0209379362070043,0.0374068610764402,0.025422461492448,0.0966374795090161,91547.8,0.9375757800842838,0.1504684547026418,0.21805838,0
2024-05-07,5489.8,5503.2,5459.0,5478.0,59005.0,-0.0013854455301153,-0.0013854455301153,0.052651806302844,0.033272974196469,0.0279602176768625,5432.6,0.0083569561535912,5317.08,0.0302647317700692,5283.589999999999,0.0367950579057043,5193.566666666667,0.0547664739068205,0.013949372710007,0.0149758568437723,0.0302647175074363,63.76518218623477,5283.589999999999,5490.772054699479,5076.40794530052,0.9691767351231148,112.18571428571438,0.0204793198769102,0.033272974196469,0.0279602176768625,0.1120584652862362,87092.0,0.6775019519588481,-0.3125604371279111,0.22058024,0
2024-05-08,5478.0,5478.0,5398.4,5404.8,66191.0,-0.0133625410733844,-0.0133625410733844,0.0128555901203104,0.0293680722203175,0.0164748363800497,5446.320000000001,-0.0076234962323183,5332.5,0.0135583684950773,5287.969999999999,0.0220935444036181,5203.296666666667,0.0387260896777619,0.0143800584738245,0.0153242529908147,0.0301773383006996,56.2233502538071,5287.969999999999,5501.742856334211,5074.197143665788,0.7732573302415656,106.24285714285725,0.0196571301700076,0.0293680722203175,0.0164748363800497,0.1210952084629746,79170.2,0.8360595274484591,0.1217862892975172,0.82615227,1
2024-05-09,5409.0,5525.0,5409.0,5503.0,81831.0,0.0181690349319123,0.0181690349319123,0.0088362543081321,0.0570495582020744,0.0518368439160517,5455.960000000001,0.0086217640891794,5362.2,0.0262578792286747,5301.53,0.0380022370900476,5216.966666666666,0.0548275179063186,0.0144853712806898,0.0152381482647427,0.0299673100611856,69.55408576914866,5301.53,5533.897595349362,5069.162404650638,0.9335156967499972,102.35714285714292,0.0186002440227408,0.0570495582020744,0.0518368439160517,0.1751516186896728,73493.4,1.1134469217644034,0.2362858998957562,0.08672017,0
2024-05-10,5505.4,5532.8,5435.4,5484.6,85628.0,-0.0033436307468652,-0.0033436307468652,0.0140891945861993,0.0663374421588833,0.0391042400818462,5471.2,0.0024491884778476,5396.320000000001,0.0163592967059031,5311.85,0.0325216261754379,5232.153333333334,0.0482490956559631,0.013537035878801,0.015220090769727,0.029778564518291,62.23272003978118,5311.85,5557.791845929014,5065.908154070987,0.8512009096041772,98.25714285714297,0.01791509733748,0.0663374421588833,0.0391042400818462,0.199239078147549,75697.6,1.1311851366489822,0.0464005083648007,0.108859874,0
2024-05-13,5476.4,5476.8,5398.6,5447.6,86359.0,-0.006746161980819,-0.006746161980819,-0.006927227650576,0.0468503785695069,0.0448826147000154,5463.6,-0.0029284720696975,5420.7,0.0049624587230432,5323.55,0.0233021198260559,5246.956666666666,0.0382399448061006,0.0139999704019049,0.0149969919849134,0.0297959778816167,58.82068632189461,5323.55,5572.06233581586,5075.03766418414,0.7495851958268934,95.54285714285724,0.017538522861968,0.0468503785695069,0.0448826147000154,0.1948063341667765,75802.8,1.1392587081215997,0.0085369271733544,0.20877877,0
2024-05-14,5445.2,5495.4,5422.4,5437.4,83499.0,-0.0018723841691755,-0.0018723841691755,-0.0074114640379701,0.0448501152959261,0.0364454271663299,5455.48,-0.0033140988510634,5444.04,-0.0012196824417161,5333.11,0.0195551938737434,5263.966666666666,0.0329472704361095,0.0140831035614292,0.0149944458313732,0.0294563499111768,61.87086934417886,5333.11,5583.79463644067,5082.4253635593295,0.7080103541261141,94.52857142857154,0.0173848845824422,0.0448501152959261,0.0364454271663299,0.2310722695163918,80701.6,1.0346635010953933,-0.0331175673641427,0.23647569,0
2024-05-15,5442.6,5442.6,5373.4,5387.6,83318.0,-0.0091587891271561,-0.0091587891271561,-0.0031823564239193,0.0096323226265884,0.034882827506723,5452.04,-0.0118194290577471,5449.18,-0.0113007828700831,5342.19,0.0085002592569716,5282.943333333333,0.0198102951448153,0.0125350913876393,0.0150482873651549,0.0289935672525285,61.46464646464647,5342.19,5586.5652584599975,5097.814741540002,0.5929103876680585,93.0857142857144,0.0172777701176246,0.0096323226265884,0.034882827506723,0.2679689338667923,84127.0,0.990383586720078,-0.0021676906310255,0.29852566,0
2024-05-16,5392.6,5425.6,5338.4,5357.2,96294.0,-0.0056425866805257,-0.0056425866805257,-0.0264946392876612,-0.0178924983500771,0.0141986293589793,5422.88,-0.0121116454725165,5439.42,-0.0151155821760409,5345.9400000000005,0.0021062713012116,5287.316666666667,0.0132171643461238,0.0101747441872542,0.0148209376851195,0.0137059661842795,64.06949197157144,5345.9400000000005,5588.735893488254,5103.144106511747,0.52318820108163,91.91428571428592,0.0171571503237299,-0.0178924983500771,0.0141986293589793,0.0515034937583418,87019.6,1.106578288109805,0.1557406562807557,0.5576685,1
2024-05-17,5362.8,5443.0,5347.4,5436.2,100187.0,0.0147465093705667,0.0147465093705667,-0.00882470918572,0.0051401523555949,0.0583677283700647,5413.2,0.0042488731249539,5442.200000000001,-0.0011024953143951,5360.93,0.0140404743206867,5293.406666666667,0.0269756968102456,0.0110779789248769,0.0135159372263907,0.013800117350004,64.92805755395679,5360.93,5585.597062210123,5136.2629377898775,0.6675145418726361,92.55714285714306,0.0170260738856449,0.0051401523555949,0.0583677283700647,0.0720596355604636,89931.4,1.1140380334343734,0.0404282717510955,0.52942735,0
2024-05-20,5404.6,5486.6,5404.6,5448.8,72403.0,0.0023177955189286,0.0023177955189286,0.0002202804904911,-0.0067084730931894,0.0304474450622187,5413.44,0.0065318909972218,5438.52,0.0018902201334187,5368.9800000000005,0.0148668834676233,5300.253333333333,0.0280263333324948,0.0100299524905212,0.0119858502944939,0.0137633552308734,65.47799696509861,5368.9800000000005,5594.151145202046,5143.808854797955,0.677242958746729,92.92857142857169,0.0170548692241542,-0.0067084730931894,0.0304474450622187,0.0815402937673679,87140.2,0.8308794333728865,-0.277321408965235,0.22308409,0
2024-05-21,5452.0,5452.0,5389.2,5415.8,53251.0,-0.0060563793862868,-0.0060563793862868,-0.0039724868503328,-0.0113545089448703,0.0215406669684623,5409.120000000001,0.001234951341438,5432.3,-0.0030373874786002,5374.69,0.0076488132338796,5306.383333333333,0.02061981952554,0.0101768420194319,0.0121023100789675,0.0137966747886075,55.75477154424524,5374.69,5598.454292339813,5150.925707660186,0.5918600541000751,86.30000000000025,0.0159348572694708,-0.0113545089448703,0.0215406669684623,0.0728605388272582,81090.6,0.656685238486335,-0.2645194259906357,0.12242663,0
2024-05-22,5403.6,5422.2,5384.8,5397.0,49366.0,-0.003471324642712,-0.003471324642712,0.0017447471972678,-0.001443161634103,0.0278825277111187,5411.0,-0.0025873221216041,5431.52,-0.0063554953309571,5382.01,0.0027852047840861,5311.933333333333,0.0160142572070431,0.0092944550106803,0.0118909799260678,0.0138077785994417,45.116593443731,5382.01,5598.130063122867,5165.889936877134,0.5346797973853029,78.68571428571451,0.0145795283093782,-0.001443161634103,0.0278825277111187,0.0657582938388625,74300.2,0.6644127472066025,-0.0729563764060768,0.11859646,0
2024-05-23,5405.8,5405.8,5274.4,5301.2,73219.0,-0.0177506021863999,-0.0177506021863999,-0.0104532218323004,-0.036670906778121,0.0182865923933921,5399.8,-0.0182599355531687,5411.34,-0.0203535538332465,5386.77,-0.0158852150732258,5315.070000000001,-0.0026095611158462,0.0083388652421769,0.012464408316271,0.0139739015152552,41.64067373674364,5386.77,5590.400223173023,5183.139776826978,0.2898887535783607,83.81428571428594,0.0158104364510461,-0.036670906778121,0.0182865923933921,0.0368081361236065,69685.2,1.0507109113556394,0.4831868087347566,0.23144777,0
2024-05-24,5292.0,5341.2,5239.4,5243.8,73984.0,-0.0108277371161246,-0.0108277371161246,-0.03539236966999,-0.0439047514859789,0.019520161760703,5361.320000000001,-0.0219199749315467,5387.26,-0.0266294925435193,5391.789999999999,-0.0274472855953216,5316.816666666667,-0.0137331548639693,0.0086341705635662,0.0124014007549222,0.0140400816480963,30.543933054393307,5391.789999999999,5573.979882439116,5209.600117560883,0.0938577981972911,83.41428571428592,0.0159072210447167,-0.0439047514859789,0.019520161760703,0.0203930725822145,64444.6,1.1480248151125152,0.0104481077315996,0.71033704,1
2024-05-27,5261.8,5300.0,5210.0,5292.4,69867.0,0.009268088027766,0.009268088027766,-0.0287035677580386,-0.028489610103532,0.0170260194473268,5330.04,-0.0070618606989817,5371.74,-0.0147698883415802,5396.22,-0.019239393501377,5319.7,-0.0051318683384401,0.0095921569516138,0.0123009096618366,0.0140745461465239,35.99033816425117,5396.22,5562.803699208916,5229.636300791085,0.1883848765124422,86.68571428571451,0.0163792824211538,-0.028489610103532,0.0170260194473268,0.0337930226198381,63937.4,1.0927407120089336,-0.0556471669550172,0.30089614,0
2024-05-28,5283.0,5290.8,5230.2,5248.8,64245.0,-0.0082382284029928,-0.0082382284029928,-0.0308357029432401,-0.0346856953691101,0.0086087624903921,5296.639999999999,-0.009032141130981,5352.879999999999,-0.0194437386976727,5398.460000000001,-0.0277227209241155,5319.526666666667,-0.013295669163547,0.0097306908835478,0.0124700465111164,0.0136759431616601,37.673830594184565,5398.460000000001,5555.066706853826,5241.853293146176,0.0221788293534204,85.44285714285732,0.0162785507435713,-0.0346856953691101,0.0086087624903921,-0.0019774870702767,66136.2,0.971404465330636,-0.0804671733436386,0.5762466,1
2024-05-29,5241.2,5303.6,5234.6,5258.2,72244.0,0.0017908855357413,0.0017908855357413,-0.0257179914767463,-0.024018115673027,-0.014617143285484,5268.879999999999,-0.0020269962496772,5339.9400000000005,-0.01530728809687,5394.56,-0.0252773164076401,5321.71,-0.0119341339531842,0.0096364480735294,0.0110220878526711,0.0132721849299016,27.499999999999943,5394.56,5561.254961247436,5227.865038752563,0.0909894366945156,81.78571428571448,0.0155539375234328,-0.024018115673027,-0.014617143285484,0.0255500078015291,70711.8,1.0216682364188154,0.1245077437932913,0.20528315,0
2024-05-30,5252.2,5291.2,5229.2,5254.6,68812.0,-0.0006846449355291,-0.0006846449355291,-0.008790462536784,-0.0191517957141789,-0.0367016205910391,5259.56,-0.000943044665333,5329.68,-0.0140871496975427,5384.55,-0.0241338644826401,5320.929999999999,-0.0124658659294519,0.0095776642172531,0.0096174244622166,0.0125239675503848,28.269085411942516,5384.55,5559.836346182229,5209.263653817771,0.1293208146831275,79.25714285714301,0.015083382723165,-0.0191517957141789,-0.0367016205910391,-0.0088278567925452,69830.4,0.985416093850243,-0.0475056752117822,0.27635905,0
2024-05-31,5247.8,5307.6,5247.8,5250.8,62684.0,-0.0007231758839874,-0.0007231758839874,0.001334909798238,-0.0341047054928074,-0.0291398565194881,5260.96,-0.0019312064718226,5311.139999999999,-0.0113610260697325,5376.67,-0.0234104008614997,5319.4400000000005,-0.0129036139142466,0.0076465267404423,0.0094894199241351,0.0124865189777961,30.1612903225806,5376.67,5561.359521544788,5191.9804784552125,0.1592389244739145,77.38571428571446,0.0147378902806647,-0.0341047054928074,-0.0291398565194881,-0.0167409460319837,67570.4,0.9276843114736631,-0.0890542347265012,0.31025863,0
2024-06-03,5258.8,5259.4,5160.6,5205.2,80800.0,-0.0086843909499505,-0.0086843909499505,-0.0164764568059858,-0.0447070914696814,-0.0511156482426717,5243.52,-0.0073080678628097,5286.780000000001,-0.0154309428423351,5362.65,-0.0293604840890231,5317.389999999999,-0.0210986969170964,0.0075168348567481,0.0088566436048696,0.0125319366805356,28.152051185547577,5362.65,5554.937367185079,5170.36263281492,0.0905867288503359,79.22857142857154,0.0152210426935701,-0.0447070914696814,-0.0511156482426717,-0.0230847190420779,69757.0,1.1583066932350876,0.2890051687831025,0.6985749,1
2024-06-04,5186.8,5295.2,5183.8,5270.4,85942.0,0.0125259356028586,0.0125259356028586,0.0041152263374484,-0.0268473725026774,-0.0378970427163198,5247.84,0.0042989115521814,5272.24,-0.000348997769449,5352.27,-0.015296313526784,5317.25,-0.0088109455075462,0.0092066291419749,0.0094799680385927,0.0125836505256406,39.28310168251637,5352.27,5540.714101442427,5163.825898557574,0.2827737791383888,82.24285714285718,0.0156046708300806,-0.0268473725026774,-0.0378970427163198,-0.0015912707433508,74096.4,1.1598674159608295,0.063638613861386,0.13095573,0
2024-06-05,5270.4,5280.8,5210.6,5211.6,65210.0,-0.0111566484517302,-0.0111566484517302,-0.0088623483321287,-0.0343524180100054,-0.0357460035523978,5238.52,-0.0051388560127669,5253.7,-0.0080134000799435,5342.61,-0.0245217225288761,5316.05,-0.0196480469521542,0.00959274332892,0.0093513919098936,0.0126658476946437,37.34353268428374,5342.61,5539.341416162456,5145.878583837543,0.1670333529958066,81.0285714285714,0.0155477341754108,-0.0343524180100054,-0.0357460035523978,-0.0136270724506019,72689.6,0.8971021989390504,-0.2412324591003234,0.23631154,0
2024-06-06,5226.4,5249.4,5150.8,5174.8,95135.0,-0.0070611712334024,-0.0070611712334024,-0.0151866935637346,-0.023843658039689,-0.0596401962565872,5222.56,-0.0091449404123646,5241.06,-0.012642480719549,5326.2,-0.0284255191318387,5315.380000000001,-0.0264477798388828,0.0083350119234136,0.0081427268812445,0.0125869701529889,25.478424015009324,5326.2,5521.346325666346,5131.053674333653,0.1120859578497587,81.24285714285705,0.0156997095815987,-0.023843658039689,-0.0596401962565872,-0.0077085330776605,77954.2,1.2203960787231478,0.4589020088943414,0.40079334,0
2024-06-07,5175.4,5215.6,5114.4,5143.2,86150.0,-0.0061065161938625,-0.0061065161938625,-0.0204921154871638,-0.0191845608146764,-0.0622470189257193,5201.04,-0.0111208527525265,5231.0,-0.0167845536226343,5309.129999999999,-0.0312537082346824,5313.003333333332,-0.0319599523433385,0.0079270077473942,0.0081715628126687,0.0124818357417527,22.318840579710027,5309.129999999999,5505.65810807409,5112.601891925909,0.0778466458918838,82.61428571428567,0.0160628180343532,-0.0191845608146764,-0.0622470189257193,-0.0269779408982557,82647.4,1.0423800385735065,-0.0944447364271824,0.5199047,0
2024-06-11,5120.0,5179.2,5100.0,5160.8,75357.0,0.003421994089283,0.003421994089283,-0.0085299316068546,-0.0248658453631621,-0.0526470372274029,5192.16,-0.0060398755046068,5217.839999999999,-0.0109317265381841,5294.79,-0.0253060083591605,5309.076666666667,-0.0279288991243298,0.0071928600881339,0.0082536880365501,0.0121763111181954,26.23928438315312,5294.79,5490.628708071135,5098.9512919288645,0.1579072612362977,83.78571428571422,0.0162350244701817,-0.0248658453631621,-0.0526470372274029,-0.043658735453265,81558.8,0.923959155848296,-0.1252814857806151,0.61050445,1
2024-06-12,5160.8,5187.4,5148.0,5168.6,67865.0,0.0015113935823902,0.0015113935823902,-0.0193154219793563,-0.0152796829751561,-0.0494353919152534,5171.8,-0.0006187400904906,5209.820000000001,-0.0079119816039709,5281.35,-0.0213487081901407,5305.793333333333,-0.0258572704804432,0.0069851410275188,0.0083053784957825,0.0121613579086051,28.27245053272448,5281.35,5472.825945995212,5089.874054004788,0.2055765949765319,83.92857142857136,0.0162381634153487,-0.0152796829751561,-0.0494353919152534,-0.0367153719994035,77943.4,0.8706959152410596,-0.0994200936873813,0.23304944,0
2024-06-13,5175.6,5179.2,5118.2,5138.4,71079.0,-0.0058429748868167,-0.0058429748868167,-0.0140455906055723,-0.022783462021224,-0.0462543618679932,5157.16,-0.0036376610382459,5197.839999999999,-0.0114355193695842,5268.89,-0.0247661272108548,5302.2,-0.0308928369356116,0.0070006326367874,0.0081978380912206,0.012178896113128,32.30434782608691,5268.89,5463.658439029865,5074.121560970136,0.1650124613362225,78.89999999999989,0.0153549743110695,-0.022783462021224,-0.0462543618679932,-0.0402689577885693,79117.2,0.8984013589965267,0.0473587268842554,0.48625103,0
2024-06-14,5130.2,5195.4,5107.2,5168.4,102100.0,0.005838393274171,0.005838393274171,-0.0012367627734406,-0.016404673999924,-0.0352422907488987,5155.88,0.0024282954607166,5189.219999999999,-0.0040121636777781,5259.45,-0.0173116960898953,5299.389999999999,-0.0247179392345155,0.0074549619912454,0.0083543825119226,0.0122023128368243,41.28525196486355,5259.45,5454.497821396713,5064.402178603286,0.2665957011260051,77.9285714285713,0.015077890919544,-0.016404673999924,-0.0352422907488987,-0.0315907813378303,80510.2,1.268162294963868,0.4364298878712418,0.19617043,0
2024-06-17,5171.6,5174.2,5143.8,5152.2,87688.0,-0.0031344323194798,-0.0031344323194798,0.0017498833411107,-0.0187780909575684,-0.0522423751885507,5157.679999999999,-0.001062493214003,5179.36,-0.0052438911371288,5245.25,-0.0177398598732186,5295.263333333333,-0.0270172273459488,0.007461446907623,0.0073969659544599,0.0121004197988804,32.483758120939555,5245.25,5427.017086361189,5063.482913638811,0.244040568997457,73.67142857142842,0.0142990234407492,-0.0187780909575684,-0.0522423751885507,-0.0458535501314864,80817.8,1.08500850060259,-0.1411557296767874,0.5413005,0
2024-06-18,5154.0,5200.6,5154.0,5178.8,99315.0,0.0051628430573347,0.0051628430573347,0.0034878313439776,-0.0050718512256973,-0.0495521949787108,5161.280000000001,0.0033945067890135,5176.719999999999,0.0004017988224205,5231.75,-0.0101208964495627,5290.196666666667,-0.0210571881700679,0.0073399742727957,0.0075238635982236,0.0119411993505018,40.86638830897705,5231.75,5388.207191051114,5075.292808948886,0.3307843837529294,72.68571428571418,0.0140352425823963,-0.0050718512256973,-0.0495521949787108,-0.0554461224192018,85609.4,1.160094569054333,0.1325951099352249,0.21863963,0
2024-06-19,5170.0,5194.8,5112.0,5117.8,107558.0,-0.0117787904533869,-0.0117787904533869,-0.0098285802731881,-0.0289541590771097,-0.0550241884855422,5151.120000000001,-0.0064684961717064,5161.46,-0.0084588469154076,5216.85,-0.0189865531882266,5285.133333333333,-0.0316611375304312,0.0065329348877513,0.0077705504058996,0.0119504598425175,33.85464581416751,5216.85,5355.219870465568,5078.480129534433,0.1420824863580094,73.67142857142848,0.0143951363029873,-0.0289541590771097,-0.0550241884855422,-0.0560351187841228,93548.0,1.1497626886731944,0.0829985399989932,0.30863556,0
2024-06-20,5121.0,5132.8,5029.4,5036.8,117161.0,-0.0158271132127085,-0.0158271132127085,-0.0197726918885254,-0.0335405633586615,-0.0667407819158791,5130.8,-0.0183207297107663,5143.9800000000005,-0.0208360063608334,5198.84,-0.0311684914327041,5278.493333333334,-0.0457883183837812,0.0073085455264519,0.0083001018223755,0.0120956204450985,28.738773916438944,5198.84,5332.15508225974,5065.52491774026,-0.107733188373596,76.62857142857138,0.015213741150844,-0.0335405633586615,-0.0667407819158791,-0.0732999705622607,102764.4,1.1400932618688964,0.0892820617713234,0.2948085,0
2024-06-21,5044.4,5073.0,5017.2,5032.0,98281.0,-0.0009529860228717,-0.0009529860228717,-0.0263911461961148,-0.0275952693823916,-0.0507809552554138,5103.52,-0.0140138571025487,5129.7,-0.019045948106127,5185.379999999999,-0.0295793172342238,5272.233333333334,-0.0455657627697307,0.0072215874324143,0.0075928668858841,0.0120849010243236,28.6827747466875,5185.379999999999,5329.131182695455,5041.628817304543,-0.0334912629030062,76.34285714285708,0.0151714739950033,-0.0275952693823916,-0.0507809552554138,-0.0694578001331459,102000.6,0.9635335478418754,-0.1611457737643072,0.3143971,0
2024-06-24,5043.6,5043.6,4919.0,4934.2,92586.0,-0.0194356120826709,-0.0194356120826709,-0.0423120220488335,-0.0406361798102349,-0.0590411533620657,5059.92,-0.024846242628342,5108.8,-0.0341763232070154,5169.9,-0.0455908238070368,5265.916666666667,-0.0629931477583833,0.0089329844510886,0.0082966364146848,0.0121328223574707,26.034665723381732,5169.9,5349.397427045115,4990.402572954884,-0.1565553720743804,78.18571428571431,0.0158456718993381,-0.0406361798102349,-0.0590411533620657,-0.0713317774599111,102980.2,0.8990660340531481,-0.0579460933445935,0.2096438,0
2024-06-25,4942.8,4952.8,4848.2,4889.8,90786.0,-0.0089984191966275,-0.0089984191966275,-0.0558044334594887,-0.0525112385676639,-0.0760713475927744,5002.120000000001,-0.0224544793007765,5081.7,-0.0377629533423853,5149.77,-0.0504818661804312,5260.053333333333,-0.070389653843814,0.0086286263281575,0.0078688105027057,0.0120693948149267,15.056922511935497,5149.77,5359.224038168975,4940.315961831024,-0.1205896106674012,77.70000000000007,0.0158902204589144,-0.0525112385676639,-0.0760713475927744,-0.0671169108669108,101274.4,0.8964358218858863,-0.0194413842265569,0.7571692,1
2024-06-26,4874.6,4967.2,4849.6,4954.0,90665.0,0.0131293713444311,0.0131293713444311,-0.0320059400523662,-0.0415199473745309,-0.056165218716659,4969.36,-0.003090941288214,5060.24,-0.020995051618105,5135.03,-0.0352539323041929,5255.733333333334,-0.0574103201583033,0.010278840949199,0.0086620599299152,0.0121934376313574,26.581818181818235,5135.03,5356.29945802044,4913.76054197956,0.0909286314985299,81.08571428571433,0.0163677259357517,-0.0415199473745309,-0.056165218716659,-0.049719941686488,97895.8,0.9261377914067814,-0.0013328046174519,0.35685855,0
2024-06-27,4947.4,4947.4,4857.4,4871.8,78125.0,-0.0165926524020992,-0.0165926524020992,-0.0327588945362135,-0.0518838548964657,-0.0734852230801413,4936.36,-0.0130784626729005,5033.58,-0.032140146774264,5115.71,-0.0476786213448376,5251.986666666667,-0.072389114976174,0.0110078691162937,0.0091075682128658,0.0120420119297722,24.554921061471347,5115.71,5358.160106858747,4873.259893141253,-0.0030107083889706,80.94285714285726,0.0166145689771454,-0.0518838548964657,-0.0734852230801413,-0.044107836596947,90088.6,0.8672018435184917,-0.1383113660177577,0.86729616,1
2024-06-28,4869.2,4955.2,4861.8,4872.6,86637.0,0.0001642103534629,0.0001642103534629,-0.0316772655007948,-0.0572324123519849,-0.0726982072850455,4904.4800000000005,-0.0065001794277884,5004.0,-0.0262589928057552,5096.610000000001,-0.0439527450599516,5247.216666666666,-0.0713934053927001,0.0105071338906449,0.0091246625336692,0.0119233965966134,26.03613177470787,5096.610000000001,5352.788637508709,4840.431362491292,0.0627855581978704,80.38571428571433,0.0164974991351053,-0.0572324123519849,-0.0726982072850455,-0.0554780181437543,87759.8,0.9872059872515662,0.1089535999999999,0.68252254,1
2024-07-01,4880.2,4956.8,4859.8,4927.2,75809.0,0.0112055165619997,0.0112055165619997,-0.001418669693162,-0.0436706649586584,-0.0616287041974557,4903.08,0.0049193568124525,4981.5,-0.0109003312255344,5080.43,-0.0301608328428893,5242.1466666666665,-0.0600797128911565,0.0118127691733132,0.009702883869151,0.0118680589914392,30.585106382978708,5080.43,5336.480957921779,4824.379042078222,0.2007822168608897,81.65714285714292,0.0165727274835896,-0.0436706649586584,-0.0616287041974557,-0.0581488702832893,84404.4,0.8981640767542924,-0.124981243579533,0.21736686,0
2024-07-02,4937.2,4937.2,4864.2,4885.4,68574.0,-0.0084835200519565,-0.0084835200519565,-0.0008998323039798,-0.0566540511315363,-0.0614385614385615,4902.2,-0.0034270327608013,4952.160000000001,-0.0134809860747635,5064.4400000000005,-0.0353523785453082,5234.410000000001,-0.0666760914792691,0.0113660650617374,0.0096969346618633,0.0114963740906236,27.721837633731862,5064.4400000000005,5327.529133585095,4801.350866414906,0.159735091373336,84.05714285714294,0.0172057851674669,-0.0566540511315363,-0.0614385614385615,-0.0867728428293705,79962.0,0.8575823516170181,-0.095437217216953,0.28495497,0
2024-07-03,4882.6,4893.4,4837.0,4839.2,65362.0,-0.0094567486797395,-0.0094567486797395,-0.0231731933790876,-0.0544374535933409,-0.0818154219793564,4879.24,-0.0082061960469252,4924.3,-0.017281644091546,5042.879999999999,-0.0403896186306236,5226.246666666667,-0.0740582470275035,0.0112525251727537,0.0090546669669507,0.0115389436813804,27.041129527317366,5042.879999999999,5305.5754818997775,4780.184518100221,0.1123267927430402,83.72857142857148,0.0173021514772217,-0.0544374535933409,-0.0818154219793564,-0.0919121786451492,74901.4,0.8726405647958517,-0.0468399101700353,0.36919796,0
2024-07-04,4848.4,4867.4,4755.2,4763.8,75963.0,-0.0155810877831045,-0.0155810877831045,-0.0221683977174761,-0.0542010800508259,-0.0859237086499348,4857.64,-0.0193180227435545,4897.0,-0.0272003267306514,5020.49,-0.0511284755073707,5217.0233333333335,-0.0868739325809673,0.0112277390430539,0.0092842085505158,0.0116803452213034,20.97560975609757,5020.49,5298.52268191088,4742.457318089119,0.0383816063712286,85.44285714285719,0.0179358615271122,-0.0542010800508259,-0.0859237086499348,-0.1040773339351537,74469.0,1.0200620392378037,0.1621890395030751,0.77710015,1
2024-07-05,4770.2,4814.4,4729.0,4797.2,82679.0,0.0070112095386034,0.0070112095386034,-0.015474284776095,-0.0466613672496025,-0.0729690036329907,4842.56,-0.0093669464085111,4873.52,-0.0156601388729296,5001.61,-0.0408688402334448,5209.78,-0.0791933632514232,0.0118512745400631,0.0096029542100433,0.0115810195820748,25.14701764211702,5001.61,5286.714995618012,4716.505004381987,0.1415180317045877,89.37142857142862,0.0186299150695048,-0.0466613672496025,-0.0729690036329907,-0.0830689246530831,73677.4,1.1221758639691413,0.0884114634756394,0.34667078,0
2024-07-08,4797.8,4797.8,4695.4,4716.8,71060.0,-0.0167597765363127,-0.0167597765363127,-0.0427017372950153,-0.0440598273276315,-0.0829055840721728,4800.48,-0.0174315901743157,4851.780000000001,-0.0278207173449744,4980.29,-0.0529065576502573,5200.423333333334,-0.0929969162766878,0.0115068989172268,0.0100273705879627,0.0116689555064215,19.92187499999993,4980.29,5283.980021325468,4676.599978674532,0.0661859437297497,93.22857142857148,0.0197652161271564,-0.0440598273276315,-0.0829055840721728,-0.1063620173544011,72727.6,0.9770706031822856,-0.1405314529687102,0.72743386,1
2024-07-09,4713.6,4834.2,4684.2,4809.2,103989.0,0.0195895522388058,0.0195895522388058,-0.0155974945756743,-0.0164832917501739,-0.068128972252364,4785.24,0.0050070633865804,4843.719999999999,-0.0071267538173138,4962.71,-0.0309326960471194,5193.683333333333,-0.0740290288523559,0.0136070799791154,0.01125647345358,0.0119076423344461,30.69802351763815,4962.71,5263.091525116993,4662.328474883007,0.2444749640640996,98.02857142857148,0.0203835505756823,-0.0164832917501739,-0.068128972252364,-0.0775663648918214,79810.6,1.3029472275612513,0.4633971291866028,0.15526171,0
2024-07-10,4818.0,4838.4,4783.2,4787.8,72630.0,-0.0044498045412957,-0.0044498045412957,-0.0106215903455115,-0.0335486475575292,-0.0736756568509848,4774.96,0.002689027761489,4827.1,-0.0081415342545213,4943.67,-0.0315292080579812,5186.043333333334,-0.0767913624580847,0.0125937935959526,0.0111966278072725,0.011873072702314,33.171127331711205,4943.67,5237.300782123671,4650.0392178763295,0.2345816421686486,94.58571428571427,0.0197555692146109,-0.0335486475575292,-0.0736756568509848,-0.0873775304029582,81264.2,0.8937514920469285,-0.3015607420015578,0.5122299,0
2024-07-11,4794.0,4895.8,4794.0,4883.4,85810.0,0.0199674171853458,0.0199674171853458,0.025106007808892,0.0023810501252103,-0.049626342830453,4798.88,0.0176124429033439,4828.26,0.0114202632004074,4930.92,-0.0096371468204716,5180.666666666667,-0.0573800025736714,0.0135852405272084,0.0123698470581206,0.0121605117644328,41.05465928244636,4930.92,5210.770287795063,4651.069712204937,0.4150974609059545,98.31428571428567,0.0201323433907289,0.0023810501252103,-0.049626342830453,-0.061966961198617,83233.6,1.030953845562369,0.1814677130662261,0.17478105,0
2024-07-12,4878.6,4888.6,4849.0,4863.2,58733.0,-0.0041364623008559,-0.0041364623008559,0.0137580255148836,-0.0019291548659854,-0.0590511570311894,4812.08,0.0106232647836277,4827.320000000001,0.0074326955743557,4915.66,-0.0106720155584397,5173.683333333333,-0.0600120481539586,0.0136586197553829,0.0122174154069461,0.011991884936919,45.285524568393065,4915.66,5173.39661300685,4657.9233869931495,0.3982294378202958,92.24285714285712,0.0189675228538528,-0.0019291548659854,-0.0590511570311894,-0.0793230093521638,78444.4,0.7487213873775567,-0.3155459736627433,0.081778996,0
2024-07-15,4871.0,4871.0,4802.0,4814.0,66946.0,-0.0101167955255798,-0.0101167955255798,0.0206071913161465,-0.0229745088488391,-0.0656418617289701,4831.52,-0.0036261880319236,4816.0,-0.0004152823920265,4898.75,-0.0173003317172748,5168.31,-0.06855432433426,0.0133569741767819,0.0123217423339573,0.0115461932845949,44.99868039060435,4898.75,5134.590441155124,4662.909558844876,0.3203234365045649,89.69999999999995,0.0186331533028666,-0.0229745088488391,-0.0656418617289701,-0.0627676972198426,77621.6,0.8624661176785843,0.1398362079239949,0.5280934,0
2024-07-16,4813.4,4846.8,4781.6,4825.0,82417.0,0.0022850020772746,0.0022850020772746,0.0032853697080594,-0.0123633684038153,-0.0683169846296439,4834.679999999999,-0.0020022007661312,4809.960000000001,0.003126845129689,4881.06,-0.0114852101797559,5160.596666666666,-0.0650305940075404,0.0132313236149035,0.0122339950019761,0.0108412713824212,40.845869997161465,4881.06,5078.384593926996,4683.735406073003,0.3579497900278466,85.95714285714283,0.0178149518874907,-0.0123633684038153,-0.0683169846296439,-0.0875222209614584,73307.2,1.1242688303468145,0.2310967048068593,0.19711496,0
2024-07-17,4823.6,4839.0,4783.2,4793.8,87122.0,-0.0064663212435233,-0.0064663212435233,0.0012531851789965,-0.0093817159861133,-0.0633084528508343,4835.88,-0.0087016220419033,4805.42,-0.0024181028921509,4864.860000000001,-0.0146067923845701,5152.133333333333,-0.069550477472115,0.0130557201935393,0.0121008392663552,0.0108467314316503,44.03304773561809,4864.860000000001,5031.100414365624,4698.6195856343775,0.2862733912473484,83.0428571428571,0.0173229707419702,-0.0093817159861133,-0.0633084528508343,-0.095782405311604,76205.6,1.1432493150109702,0.0570877367533397,0.6292966,1
2024-07-18,4797.0,4824.0,4728.6,4822.6,113563.0,0.0060077600233634,0.0060077600233634,-0.0124503419748533,0.0123430874511945,-0.042527001270648,4823.719999999999,-0.0002321859477745,4811.3,0.0023486375823582,4854.15,-0.00649959313165,5145.0,-0.0626627793974732,0.0121021611334085,0.0118842427589883,0.0108389826341361,46.33215962441312,4854.15,5000.112410445947,4708.1875895540525,0.3919242293149068,83.18571428571424,0.0172491424305798,0.0123430874511945,-0.042527001270648,-0.0815144935816859,81756.2,1.389044500600566,0.3034939510112255,0.09609157,0
2024-07-19,4810.0,4851.6,4779.0,4816.6,96237.0,-0.0012441421639779,-0.0012441421639779,-0.0095821681197564,0.0040440256816476,-0.042806041335453,4814.4,0.0004569624459955,4813.24,0.0006980744778986,4843.38,-0.0055291965528204,5138.509999999999,-0.0626465648602413,0.0119493735966353,0.0118829374884622,0.0107984209010665,41.26382306477094,4843.38,4963.606445991815,4723.153554008185,0.3886268333931167,81.44285714285714,0.0169087856875923,0.0040440256816476,-0.042806041335453,-0.0747983096427198,89257.0,1.078201149489676,-0.1525672974472319,0.34606695,0
2024-07-22,4811.4,4838.6,4771.2,4795.6,66880.0,-0.0043599219366358,-0.0043599219366358,-0.0038221852928956,0.0167062415196743,-0.0280896599246077,4810.72,-0.0031429806764891,4821.120000000001,-0.0052933758130891,4836.45,-0.0084462777450401,5132.713333333333,-0.0656793612735043,0.010521055745751,0.0111842100453578,0.0107136537710221,42.66579549166941,4836.45,4950.451431200766,4722.448568799234,0.3208355826337865,81.04285714285717,0.0168994197061592,0.0167062415196743,-0.0280896599246077,-0.0676206400435508,89243.8,0.7494078019985702,-0.3050489936303084,0.14146441,0
2024-07-23,4792.4,4805.0,4654.0,4655.0,81402.0,-0.0293185419968304,-0.0293185419968304,-0.0352331606217616,-0.0320635448723279,-0.0480183238578265,4776.72,-0.0254819206484785,4805.7,-0.0313585950017687,4824.710000000001,-0.0351751711501833,5123.566666666667,-0.0914532194369807,0.0124717164699303,0.0127303198349947,0.0111800201706372,36.96575148598921,4824.710000000001,4961.634011196499,4687.785988803503,-0.1197232995038828,87.80000000000005,0.0188614393125671,-0.0320635448723279,-0.0480183238578265,-0.1054613935969868,89040.8,0.9142101149136126,0.2171351674641148,0.27352196,0
2024-07-24,4680.4,4680.4,4586.8,4592.6,91226.0,-0.0134049409237377,-0.0134049409237377,-0.0419708790521089,-0.0407702911566898,-0.0729511505853854,4736.4800000000005,-0.0303769888187008,4786.179999999999,-0.0404456163370368,4806.64,-0.0445300667410082,5113.376666666667,-0.1018459426354274,0.0128873495188121,0.0124074464817786,0.0112769550681978,37.65859284890424,4806.64,4965.373492635437,4647.906507364563,-0.1742118391220226,86.4714285714286,0.0188284258527693,-0.0407702911566898,-0.0729511505853854,-0.1174865488086086,89861.6,1.015183348616094,0.1206849954546571,0.3748821,0
2024-07-25,4603.6,4652.2,4565.2,4583.6,96489.0,-0.0019596742585898,-0.0019596742585898,-0.0495583295317878,-0.061391653356268,-0.0591567798349685,4688.68,-0.0224114249639557,4756.2,-0.0362894747907992,4792.2300000000005,-0.0435350557047554,5100.833333333333,-0.1014017317431791,0.0098485702083781,0.0120334114100607,0.0106870549022037,34.04064554692168,4792.2300000000005,4976.352717658438,4608.1072823415625,-0.0665514898249141,86.58571428571433,0.0188903294977123,-0.061391653356268,-0.0591567798349685,-0.1410366927776319,86446.8,1.1161662432848871,0.0576918860851072,0.77919674,1
2024-07-26,4587.2,4681.8,4587.2,4665.0,86962.0,0.0177589667510253,0.0177589667510253,-0.0314744840759042,-0.0407550583977627,-0.0426055904445266,4658.360000000001,0.0014253943447908,4736.38,-0.0150705813300453,4781.85,-0.0244361491891214,5087.67,-0.0830773222319843,0.012462872728019,0.0128878425279814,0.010526434761678,46.13548194568783,4781.85,4970.252609212105,4593.447390787896,0.1898928298056374,86.28571428571429,0.0184964017761445,-0.0407550583977627,-0.0426055904445266,-0.1447899098042091,84591.8,1.0280192642785706,-0.0987366435552239,0.19248205,0
2024-07-29,4658.6,4674.8,4628.4,4637.0,59779.0,-0.0060021436227224,-0.0060021436227224,-0.0330719826507632,-0.0367677606979642,-0.0588975483032959,4626.64,0.0022392059896598,4718.68,-0.0173099256571753,4767.34,-0.0273401939026795,5074.8133333333335,-0.0862718103260284,0.0123084559174554,0.0125223355790874,0.0105073614013573,35.78738857708812,4767.34,4953.292981040718,4581.387018959283,0.1495350618459297,78.88571428571433,0.0170122308142579,-0.0367677606979642,-0.0588975483032959,-0.1426299829894237,83171.6,0.718742936290753,-0.3125848071571491,0.15042728,0
2024-07-30,4641.8,4651.0,4575.8,4632.8,74833.0,-0.0009057580332111,-0.0009057580332111,-0.0047690655209451,-0.0398341968911917,-0.051705080443771,4622.2,0.002293280256155,4699.46,-0.0141846084443744,4754.710000000001,-0.0256398392330974,5060.6,-0.084535430581354,0.0121775802522251,0.0124607758252931,0.0102766707586687,36.833163438668,4754.710000000001,4941.212681228175,4568.207318771827,0.1731682375899685,80.31428571428576,0.0173360140118903,-0.0398341968911917,-0.051705080443771,-0.1554615721160858,81857.8,0.9141828878860658,0.2518275648639154,0.79827356,1
2024-07-31,4629.0,4856.6,4620.8,4855.4,123161.0,0.0480486962528059,0.0480486962528059,0.0572224883508249,0.012849931161083,0.0033476607703752,4674.76,0.0386415559301438,4705.620000000001,0.0318300245238669,4755.52,0.0210029607697999,5050.223333333333,-0.038577171834645,0.0203832408789647,0.016702421565998,0.0121919034361762,48.0435997764114,4755.52,4943.700893934906,4567.339106065095,0.7653829459290087,89.44285714285719,0.0184213158839348,0.012849931161083,0.0033476607703752,-0.1136546184738956,88244.8,1.3956743060214312,0.6458113399168817,0.13721775,0
2024-08-01,4840.6,4901.4,4776.6,4802.8,94216.0,-0.0108332990072906,-0.0108332990072906,0.0478226721354393,-0.0041056691411271,0.0081867416768126,4718.6,0.01784427584453,4703.640000000001,0.0210815453563619,4757.47,0.0095281735880625,5040.19,-0.0470994149030095,0.0206597781689232,0.0164973341004184,0.0121560466829137,45.9625668449198,4757.47,4946.81681185045,4568.123188149551,0.6197009856067779,95.5285714285714,0.019890183107473,-0.0041056691411271,0.0081867416768126,-0.1113824748371817,87790.2,1.0731949579793645,-0.2350175786166075,0.22435474,0
2024-08-02,4807.8,4830.6,4728.0,4736.8,83769.0,-0.0137419838427583,-0.0137419838427583,0.0153912111468381,-0.016567703359216,-0.0125906778954388,4732.96,0.0008113315979851,4695.66,0.0087612816941602,4754.450000000001,-0.0037123116238472,5027.419999999999,-0.0578069864861099,0.0211017682058585,0.0167197609464139,0.0119598694593174,44.95292887029289,4754.450000000001,4943.053951513087,4565.846048486915,0.4532088276560422,97.92857142857144,0.0206739932926387,-0.016567703359216,-0.0125906778954388,-0.1392331455569688,87151.6,0.961187172696772,-0.1108835017406809,0.18665391,0
2024-08-05,4714.2,4811.0,4636.6,4646.6,121600.0,-0.0190423914879243,-0.0190423914879243,0.0020703040759111,-0.0310701476353323,-0.0148829715061058,4734.88,-0.0186446119014631,4680.76,-0.0072979601603158,4750.9400000000005,-0.0219619696312729,5013.453333333334,-0.0731737804148304,0.0218235010296374,0.0168439080388776,0.0121504877365927,39.43127962085308,4750.9400000000005,4945.027385636452,4556.852614363549,0.2312035512822012,105.7285714285714,0.0227539644963137,-0.0310701476353323,-0.0148829715061058,-0.1527914524304415,99515.8,1.221916519788817,0.4516109778080197,0.8311978,1
2024-08-06,4651.6,4735.0,4640.4,4695.0,92537.0,0.0104162183101621,0.0104162183101621,0.0134260058711794,0.0085929108485498,-0.0237461532063544,4747.320000000001,-0.0110209549809157,4684.76,0.0021858110127306,4745.2300000000005,-0.0105853667788495,5000.910000000001,-0.0611708669022239,0.0200307298677241,0.0163833373769564,0.0122548886825558,44.26381792847188,4745.2300000000005,4938.819398361403,4551.640601638598,0.3702666560639116,108.5,0.0231096911608093,0.0085929108485498,-0.0237461532063544,-0.1381525809530803,103056.6,0.8979240533842567,-0.2390049342105262,0.31252933,0
2024-08-07,4681.2,4734.2,4659.2,4691.2,73868.0,-0.0008093716719914,-0.0008093716719914,-0.0338180170531778,0.0214693202107736,-0.0201762813818455,4714.4800000000005,-0.0049379783136211,4694.620000000001,-0.0007284934669901,4740.4,-0.0103788709813517,4988.473333333333,-0.0595920461971666,0.0194082952317054,0.0163640798210136,0.0122564349662697,42.1430279837359,4740.4,4934.337331169343,4546.462668830656,0.3731549008554752,107.04285714285716,0.0228177986747222,0.0214693202107736,-0.0201762813818455,-0.1372347077647404,93198.0,0.7925921157106376,-0.2017463284956288,0.79705435,1
2024-08-08,4698.0,4748.0,4645.6,4709.0,82618.0,0.0037943383356071,0.0037943383356071,-0.0195302740068293,0.027358408238066,-0.0357128230331326,4695.719999999999,0.0028281072977094,4707.160000000001,0.0003908938723136,4731.679999999999,-0.0047932235485069,4977.163333333334,-0.0538787488723497,0.0193534265667195,0.0156635992890897,0.0122491543246711,43.65566037735846,4731.679999999999,4913.872328684864,4549.487671315134,0.4377580819024806,109.17142857142856,0.0231835694566635,0.027358408238066,-0.0357128230331326,-0.125955898730418,90878.4,0.9091049138189052,0.1184545405317594,0.2219529,0
2024-08-09,4714.0,4764.4,4658.0,4660.8,74510.0,-0.0102357188362709,-0.0102357188362709,-0.0160445870629961,-0.0009003215434083,-0.0416186872840926,4680.52,-0.0042132070795553,4706.74,-0.009760471154132,4721.56,-0.0128686281652672,4965.556666666667,-0.0613741191823408,0.0189813086802616,0.0157724974609434,0.0122855360056711,42.29890310786104,4721.56,4895.280821404656,4547.839178595343,0.325121711062867,111.95714285714276,0.0240210141729194,-0.0009003215434083,-0.0416186872840926,-0.1299932800716792,89026.6,0.8369408693581468,-0.0981384201989881,0.64023644,1
2024-08-12,4671.4,4688.8,4638.0,4672.4,70785.0,0.0024888431170613,0.0024888431170613,0.0055524469504582,0.0076342462799223,-0.0294142085583715,4685.679999999999,-0.0028341670792713,4710.28,-0.0080419847652368,4714.4800000000005,-0.0089256927593288,4952.826666666666,-0.0566195196278488,0.0188691408382346,0.0156829575380145,0.0120987008845823,51.16590726346823,4714.4800000000005,4883.824812982996,4545.135187017005,0.3757564543644269,104.79999999999993,0.0224295865080044,0.0076342462799223,-0.0294142085583715,-0.1405025569331518,78863.6,0.8975623735157917,-0.0499932894913434,0.48808095,0
2024-08-13,4666.0,4688.2,4628.6,4682.6,79056.0,0.0021830322746341,0.0021830322746341,-0.0026411075612352,0.0107494387843205,-0.0295129533678756,4683.2,-0.0001281175264774,4715.26,-0.0069264473220989,4707.36,-0.0052598484075998,4940.056666666667,-0.0521161363196238,0.0188612498059804,0.0156817211655532,0.0120978134726281,56.48414985590781,4707.36,4868.935589610343,4545.784410389657,0.4233795152482167,102.3714285714285,0.0218620912679768,0.0107494387843205,-0.0295129533678756,-0.1406181177506973,76167.4,1.0379243613409412,0.1168467895740623,0.29952687,0
2024-08-14,4656.6,4680.8,4602.0,4602.6,87764.0,-0.0170845256908555,-0.0170845256908555,-0.0188864256480216,-0.0520657412365611,-0.0398848512662188,4665.4800000000005,-0.0134777129041384,4689.9800000000005,-0.0186312095147527,4697.8,-0.0202648048022477,4926.503333333333,-0.0657471052829219,0.0101132830828261,0.0160386168233076,0.0122364984323226,51.24183006535947,4697.8,4860.4631003349,4535.1368996651,0.2073706335241474,101.91428571428568,0.0221427640277855,-0.0520657412365611,-0.0398848512662188,-0.1501532552900771,78946.6,1.1116881537646963,0.1101497672535924,0.9068486,1
2024-08-15,4616.8,4709.4,4592.2,4636.4,116290.0,0.0073436753139528,0.0073436753139528,-0.0154172860479933,-0.0346464562338636,-0.0386098784887821,4650.960000000001,-0.0031305364913912,4673.339999999999,-0.0079044109780156,4688.49,-0.0111101868618681,4913.826666666667,-0.056458374600108,0.0106260688230881,0.016076075170173,0.0123034399894275,48.00669082798993,4688.49,4842.142374568575,4534.837625431424,0.3304939961186468,103.27142857142852,0.0222740549934062,-0.0346464562338636,-0.0386098784887821,-0.1409301463776172,85681.0,1.3572437296483468,0.3250307643225012,0.18239541,0
2024-08-16,4634.0,4657.8,4611.2,4615.8,79304.0,-0.0044431024070398,-0.0044431024070398,-0.0096549948506694,-0.0255446715081911,-0.0416891583274509,4641.96,-0.0056355505002196,4661.24,-0.0097484789455165,4678.45,-0.0133911872521881,4902.403333333334,-0.0584618020685092,0.0100165633472899,0.0160856888640863,0.0121419139060012,48.507042253521135,4678.45,4822.816952042844,4534.083047957156,0.2830182077217819,103.28571428571422,0.0223765575383929,-0.0255446715081911,-0.0416891583274509,-0.1292914811740737,86639.8,0.91532990611705,-0.3180497033278872,0.68031216,1
2024-08-19,4617.4,4690.2,4613.0,4632.2,66482.0,0.0035530135621126,0.0035530135621126,-0.0086037154353222,-0.0030990401583954,-0.0340729001584787,4633.92,-0.0003711760237553,4659.8,-0.0059230009871669,4670.28,-0.0081536867168563,4892.210000000001,-0.0531477593970824,0.0082776461403624,0.0161220011245183,0.0121112738771556,49.95846026031568,4670.28,4804.897267993898,4535.662732006102,0.3585619788327379,103.42857142857136,0.022328174825908,-0.0030990401583954,-0.0340729001584787,-0.1166329760860445,85779.2,0.7750363724539282,-0.1616816301825885,0.28224477,0
2024-08-20,4632.6,4640.0,4523.2,4541.4,84154.0,-0.0196019170156729,-0.0196019170156729,-0.03015418784436,-0.0327156549520767,-0.0244038668098819,4605.679999999999,-0.0139566795782598,4644.4400000000005,-0.022185667163318,4664.6,-0.0264116966084981,4879.693333333333,-0.0693267609713178,0.0093424468236183,0.0153720173694714,0.0122292077132274,23.40785907859069,4664.6,4811.0024158559445,4518.197584144056,0.0792419159215717,94.92857142857136,0.0209029311288526,-0.0327156549520767,-0.0244038668098819,-0.1419015947396266,86798.8,0.9695295326663502,0.265816311181974,0.2917835,0
2024-08-21,4535.4,4554.4,4526.4,4540.4,55868.0,-0.0002201964152023,-0.0002201964152023,-0.0135141007256769,-0.0321452933151432,-0.0113661106998216,4593.24,-0.0115038621974902,4629.36,-0.0192164791677467,4661.99,-0.026081137025176,4867.886666666667,-0.0672749160142048,0.0093616052595702,0.0150978916936792,0.0122089465930228,25.649591685226312,4661.99,4815.486317802686,4508.493682197313,0.1039318670943645,88.0142857142857,0.0193846986420327,-0.0321452933151432,-0.0113661106998216,-0.1349641822892853,80419.6,0.6947062656367353,-0.33612187180645,0.21727163,0
2024-08-22,4538.6,4550.4,4465.8,4483.2,75108.0,-0.0125980089859923,-0.0125980089859923,-0.0330428780950737,-0.0479507326396262,-0.0219041801204294,4562.6,-0.0174023583044756,4606.78,-0.0268256786736071,4656.969999999999,-0.0373139616531777,4854.97,-0.0765751384663552,0.0094313786406812,0.0153388131966102,0.0122675935225132,26.07547169811309,4656.969999999999,4826.943485238864,4486.996514761135,-0.0111679617435613,86.72857142857136,0.019345238095238,-0.0479507326396262,-0.0219041801204294,-0.1473888402875508,72183.2,1.0405191235633775,0.3443831889453712,0.89863795,1
2024-08-23,4479.4,4507.4,4469.2,4488.2,69289.0,0.0011152748037115,0.0011152748037115,-0.0276441786905845,-0.0370322691383454,-0.0378992497320471,4537.08,-0.0107734490024421,4589.52,-0.0220763827154039,4648.129999999999,-0.0344073853356079,4842.196666666668,-0.0731066272263486,0.009395702418233,0.0147061450330695,0.0122745068505291,32.194244604316424,4648.129999999999,4833.992485668796,4462.267514331203,0.069762560140857,76.99999999999993,0.017156098213092,-0.0370322691383454,-0.0378992497320471,-0.145853157233662,70180.2,0.9873012616093998,-0.0774751025190392,0.6688133,1
2024-08-26,4489.0,4517.0,4474.6,4495.6,58392.0,0.0016487678802192,0.0016487678802192,-0.029489227580847,-0.0378392260936562,-0.0304938537847745,4509.76,-0.0031398566664301,4571.84,-0.0166759991600755,4641.06,-0.0313419779102186,4829.61,-0.0691587933601262,0.0093375326289049,0.0146913735439796,0.0122843074952575,25.309559187716687,4641.06,4839.065809590565,4443.054190409434,0.1326875451261249,73.27142857142846,0.0162984759701549,-0.0378392260936562,-0.0304938537847745,-0.1438257027500571,68562.2,0.8516646198634233,-0.1572688305503038,0.23711523,0
2024-08-27,4489.4,4489.4,4440.8,4449.0,65934.0,-0.0103656908977667,-0.0103656908977667,-0.0203461487646979,-0.0498868150172981,-0.0396736314971507,4491.280000000001,-0.0094137974029676,4548.4800000000005,-0.0218710426340228,4631.87,-0.039480814444274,4817.006666666667,-0.0763973754101787,0.009285647448199,0.0148247357449105,0.012300535283784,22.88401253918495,4631.87,4847.745023298776,4415.994976701224,0.0764447475081364,71.82857142857132,0.0161448800693574,-0.0498868150172981,-0.0396736314971507,-0.1452777991239529,64918.2,1.0156473839385565,0.1291615289765721,0.8987283,1
2024-08-28,4447.4,4486.6,4435.4,4450.2,64910.0,0.0002697235333781,0.0002697235333781,-0.0198660910932957,-0.0331117194629123,-0.08345347448202,4473.24,-0.005150629074228,4533.24,-0.0183180241946158,4611.61,-0.0350007914806325,4803.336666666667,-0.0735190329500119,0.008365882586183,0.0090888612329236,0.0121469260369418,19.906976744185958,4611.61,4814.8410575106045,4408.378942489395,0.1028904194636263,68.17142857142855,0.0153187336684707,-0.0331117194629123,-0.08345347448202,-0.1556238615664844,66726.6,0.9727754748481114,-0.0155306821973488,0.90148103,1
2024-08-29,4453.8,4543.2,4430.8,4515.2,91142.0,0.0146060851197697,0.0146060851197697,0.0071377587437544,-0.0261409714433611,-0.0598817356542017,4479.64,0.0079381378860801,4521.120000000001,-0.001309410057685,4597.23,-0.0178433534976496,4791.7300000000005,-0.0577098459220366,0.0096170637249038,0.0098738196920673,0.0122988715174485,33.70635631154873,4597.23,4783.491944583528,4410.968055416472,0.2797993568052386,68.59999999999998,0.0151931254429482,-0.0261409714433611,-0.0598817356542017,-0.1336249904060175,69933.4,1.3032685383522038,0.4041287937143738,0.7518513,1
2024-08-30,4524.4,4678.6,4510.6,4595.0,122805.0,0.0176736357193481,0.0176736357193481,0.023795731028029,-0.0045062611031674,-0.029935821651748,4501.0,0.0208842479449011,4519.04,0.0168088797620733,4590.139999999999,0.0010587912351258,4782.066666666667,-0.0391183728095244,0.0115048731983096,0.0105563406162757,0.012549048214946,42.48543689320392,4590.139999999999,4764.444034437215,4415.835965562784,0.5139411575173585,76.97142857142853,0.016751127001399,-0.0045062611031674,-0.029935821651748,-0.112042977506377,80636.6,1.5229436757006125,0.3474029536327927,0.111059554,0
2024-09-02,4618.0,4618.0,4491.0,4495.4,78130.0,-0.0216757344940152,-0.0216757344940152,-4.448794376743504e-05,-0.029532403609516,-0.0325399216631516,4500.96,-0.00123529202659,4505.36,-0.0022107001438287,4582.58,-0.0190242177987073,4771.27,-0.0578189873974854,0.0131868945165038,0.0108007075783999,0.0127960089835591,34.513567174056845,4582.58,4759.666878470295,4405.493121529705,0.2538496337134771,81.78571428571429,0.0181932006686199,-0.029532403609516,-0.0325399216631516,-0.1259527142634936,84584.2,0.9236949690367704,-0.3637881193762469,0.85175776,1
2024-09-03,4507.2,4569.2,4497.2,4538.6,76650.0,0.0096098233750057,0.0096098233750057,0.0201393571589121,-0.0006165499625664,-0.0333120340788071,4518.879999999999,0.0043639131820276,4505.08,0.0074404894030739,4574.76,-0.0079042397852564,4760.9,-0.0466928521918122,0.0122842345963612,0.0107549088628188,0.0128665104478385,44.36222692036645,4574.76,4744.609349967105,4404.910650032895,0.3935527277348926,81.29999999999998,0.0179130128233375,-0.0006165499625664,-0.0333120340788071,-0.1205627034568284,86727.4,0.8838037344599285,-0.0189427876615896,0.18227616,0
2024-09-04,4539.2,4578.0,4494.0,4530.2,80349.0,-0.0018507909928172,-0.0018507909928172,0.017976720147409,-0.0022464981058937,-0.0343195770804911,4534.879999999999,-0.0010320008467697,4504.06,0.0058036527044489,4566.710000000001,-0.0079948146477444,4750.259999999999,-0.0463258853199612,0.0122983901415806,0.0107532098019196,0.0128580203700027,40.20656584286246,4566.710000000001,4728.387442361201,4405.032557638801,0.387090000105163,78.92857142857143,0.0174227564850495,-0.0022464981058937,-0.0343195770804911,-0.1235150717795922,89815.2,0.8946035860299816,0.0482583170254402,0.58236647,1
2024-09-05,4530.0,4588.4,4529.2,4552.4,72419.0,0.0049004458964283,0.0049004458964283,0.0082388377037561,0.015435403283369,-0.0332554682522829,4542.32,0.0022191303122633,4510.9800000000005,0.0091820402661948,4558.88,-0.0014214017477978,4740.493333333333,-0.0396780081960527,0.0115538462378441,0.0107856936722555,0.0128799976895625,44.17065097462299,4558.88,4706.060685231797,4411.699314768203,0.477986241911447,79.8285714285714,0.0175354914832992,0.015435403283369,-0.0332554682522829,-0.1140432819554725,86070.6,0.8413906723085467,-0.0986944454815865,0.12126076,0
2024-09-06,4548.4,4572.0,4470.0,4480.8,80872.0,-0.0157279676654071,-0.0157279676654071,-0.0248531011969531,-0.0016487678802191,-0.0386199794026776,4519.4800000000005,-0.0085585067308628,4510.24,-0.0065273688318137,4549.88,-0.015182818008387,4729.033333333334,-0.0524913477736818,0.0127925571734888,0.0110820690671664,0.0129600671398662,37.362270450751325,4549.88,4692.770485853352,4406.989514146649,0.2582764185192262,81.59999999999998,0.0182110337439742,-0.0016487678802191,-0.0386199794026776,-0.1330392384490363,77684.0,1.0410380515936355,0.1167235117855811,0.29532975,0
2024-09-09,4483.0,4498.6,4431.8,4450.8,83211.0,-0.0066952329941082,-0.0066952329941082,-0.0099212528362324,-0.0099652994038615,-0.047427446280284,4510.56,-0.0132489092263486,4505.76,-0.0121977202514115,4538.8,-0.0193883845950471,4717.343333333333,-0.0565028480013114,0.0129377556711687,0.0110805341621062,0.012972126283714,41.58305462653296,4538.8,4675.939498705887,4401.660501294114,0.1791588097141604,78.0285714285714,0.0175313587284468,-0.0099652994038615,-0.047427446280284,-0.1361360195644578,78700.2,1.057316245702044,0.0289222475022257,0.29966435,0
2024-09-10,4444.0,4478.2,4365.8,4447.4,108865.0,-0.0007639076121147,-0.0007639076121147,-0.0200943022077294,-0.0003596313778377,-0.0502285055311153,4492.32,-0.0099992876731844,4505.6,-0.0129172585227274,4527.04,-0.0175920689898919,4705.153333333334,-0.0547810698340686,0.0125084883655861,0.0110363361465546,0.0129364357332298,41.39844617092123,4527.04,4652.061234407082,4402.018765592918,0.1814941062704434,84.05714285714281,0.0189002884510371,-0.0003596313778377,-0.0502285055311153,-0.1412296284853634,85143.2,1.278610623044471,0.3083005852591605,0.679201,1
2024-09-11,4448.0,4474.6,4417.4,4458.0,83696.0,0.0023834150290058,0.0023834150290058,-0.0159374862036996,0.0017527302143724,-0.0314170251596924,4477.88,-0.0044396008825605,4506.38,-0.0107358900048376,4519.81,-0.0136753536099967,4694.156666666667,-0.0503086461394911,0.0125307416502511,0.0105306566436488,0.0128925116895757,47.44939271255064,4519.81,4643.145842743715,4396.474157256284,0.2494240172808599,82.10000000000004,0.0184163301929116,0.0017527302143724,-0.0314170251596924,-0.1289225839227793,85812.6,0.97533462451901,-0.2311945988150461,0.2006994,0
2024-09-12,4449.4,4520.0,4434.6,4445.4,91581.0,-0.0028263795423957,-0.0028263795423957,-0.0235040857569633,-0.015458894401134,-0.0411957553274091,4456.48,-0.0024862671884536,4499.4,-0.0120016002133618,4510.26,-0.0143805456891621,4684.3,-0.051000149435348,0.011479513000973,0.0103224948403697,0.0127685392154628,45.733652312599695,4510.26,4624.853366208464,4395.666633791537,0.2169993248910676,85.4714285714286,0.0192269376369794,-0.015458894401134,-0.0411957553274091,-0.1174158195679797,89645.0,1.0215962965028724,0.0942099980883195,0.2902502,0
2024-09-13,4447.8,4457.0,4391.8,4392.4,91986.0,-0.0119224366761145,-0.0119224366761145,-0.0197286198893056,-0.0440914036996736,-0.0483989774253651,4438.8,-0.0104532756600884,4479.139999999999,-0.0193653245935603,4499.09,-0.0237136843228298,4673.639999999999,-0.0601757944557133,0.0096585065122654,0.0105467844927414,0.0128316726895658,40.57017543859647,4499.09,4613.9191160585015,4384.260883941499,0.0354401232800321,87.10000000000004,0.0198297058555687,-0.0440914036996736,-0.0483989774253651,-0.1271065182829889,91867.8,1.0012866314421374,0.0044223146722572,0.87256163,1
2024-09-18,4403.4,4415.2,4325.8,4402.0,130063.0,0.0021855932975138,0.0021855932975138,-0.0109643210209401,-0.0207767940561461,-0.0496956089978843,4429.039999999999,-0.006105160486245,4469.8,-0.0151684639133742,4487.58,-0.0190704121152157,4664.77,-0.0563307515697452,0.0076759203114617,0.0105103649650565,0.0126411231921215,45.39396315170523,4487.58,4591.898128817767,4383.261871182233,0.0898124277636359,89.57142857142857,0.0203478938144999,-0.0207767940561461,-0.0496956089978843,-0.1078594301001175,101238.2,1.284722565197722,0.4139434261735482,0.7189944,1
2024-09-19,4397.8,4519.2,4363.2,4472.2,153339.0,0.0159472966833256,0.0159472966833256,0.0055762917659756,-0.0146300621336977,-0.0152375919320033,4433.999999999999,0.0086152458276953,4463.16,0.0020254707427025,4484.12,-0.0026582696270394,4657.81,-0.0398491995165108,0.0089098918190278,0.0104705447273803,0.0128101987257034,51.89917127071822,4484.12,4585.470161114499,4382.769838885501,0.4411939760681111,97.0571428571428,0.021702326116261,-0.0146300621336977,-0.0152375919320033,-0.0854022659413473,110133.0,1.3923074827708315,0.1789594273544359,0.25237322,0
2024-09-20,4458.0,4460.4,4413.4,4437.4,110158.0,-0.0077814051249944,-0.0077814051249944,-0.0046209062359803,-0.0204847468102954,-0.02268522597128,4429.88,0.0016975629136679,4453.879999999999,-0.0037001445930289,4478.969999999999,-0.0092811516933579,4649.2,-0.0455562247268347,0.0091350279879353,0.0105875789579999,0.0126919368713004,42.91438979963572,4478.969999999999,4578.734123917834,4379.205876082165,0.2916585724030585,93.2285714285714,0.0210097289918807,-0.0204847468102954,-0.02268522597128,-0.1042793702058942,115425.4,0.9543653303345712,-0.2816048102570122,0.8818706,1
2024-09-23,4435.6,4500.0,4417.4,4444.6,76859.0,0.0016225717762654,0.0016225717762654,-0.0001799613083185,-0.0236798172392582,-0.0086099214846536,4429.719999999999,0.0033591287936938,4443.1,0.0003376021246426,4477.04,-0.0072458588710396,4642.08,-0.0425412746010408,0.0089148689904936,0.0102463041976169,0.0125480453586422,34.21494542401358,4477.04,4577.946510144362,4376.133489855638,0.3392571502394184,87.12857142857145,0.0196032424579425,-0.0236798172392582,-0.0086099214846536,-0.0876883287491275,112481.0,0.6833065139890293,-0.3022839920840974,0.7998618,1
2024-09-24,4441.2,4675.0,4441.2,4674.2,159022.0,0.0516581919632812,0.0516581919632812,0.0641562699207722,0.043161935368684,0.0414420034757809,4486.08,0.041934160781796,4462.4400000000005,0.0474538593235986,4486.34,0.0418737768425931,4638.7733333333335,0.0076370764684916,0.0182578952735115,0.0155139896260398,0.0142992121370863,64.7427440633245,4486.34,4620.41210000608,4352.26789999392,1.2005931882601977,94.75714285714288,0.0202723766328233,0.043161935368684,0.0414420034757809,-0.0407174814267538,125888.2,1.2632002046260091,1.0690094849009224,0.8123073,1
2024-09-25,4638.0,4820.0,4638.0,4700.8,152730.0,0.0056908134012239,0.0056908134012239,0.0678782371649251,0.0561696773613731,0.0456446303051871,4545.84,0.0340883093113704,4487.4400000000005,0.0475460396127858,4496.6,0.0454120891340124,4635.0,0.0141963322545848,0.0178383282673987,0.0155335034565717,0.0142396872644831,63.75042387249909,4496.6,4661.514523314474,4331.685476685527,1.1191086021290348,102.4857142857143,0.0218017601867159,0.0561696773613731,0.0456446303051871,-0.0459490176976781,130421.6,1.1710483539536396,-0.0395668523852045,0.8710238,1
2024-09-26,4709.2,4977.8,4693.4,4970.2,161088.0,0.0573093941456772,0.0573093941456772,0.1113545905818165,0.1175518280343572,0.1171499213306359,4645.4400000000005,0.0699094165461182,4539.719999999999,0.0948252315120756,4522.66,0.0989550397332543,4636.413333333333,0.0719924309308057,0.0239390766227282,0.0194865330889149,0.0160474690544325,75.8580159849553,4522.66,4789.269719884481,4256.050280115519,1.3393167364526586,116.80000000000004,0.023500060359744,0.1175518280343572,0.1171499213306359,0.017357841732509,131971.4,1.220628105786557,0.0547240227853074,0.86163414,1
2024-09-27,4911.6,5402.6,4911.6,5401.8,253379.0,0.0868375518087805,0.0868375518087805,0.2173344751431019,0.2117092866756393,0.2138330861534314,4838.32,0.1164619123993453,4634.1,0.165663235579724,4570.24,0.1819510572748914,4645.79,0.1627301277070207,0.0334156966164758,0.0265454740477206,0.0194898071589165,83.70099984129502,4570.24,5042.634368699485,4097.8456313005145,1.3801544377945358,147.6428571428572,0.0273321591215626,0.2117092866756393,0.2138330861534314,0.1162588857662423,160615.6,1.5775491297233892,0.5729228744537147,0.89915055,1
2024-09-30,5351.2,5885.8,5351.2,5885.8,252295.0,0.0895997630419489,0.0895997630419489,0.3242586509472167,0.3240203356278401,0.3035524450744153,5126.56,0.1480993102587309,4778.14,0.2318182388963068,4638.77,0.268827728039976,4664.49,0.2618314113654441,0.0387899504676029,0.0319649716581305,0.0223940457179886,92.0004782972617,4638.77,5391.831761918102,3885.7082380819,1.3279732573485918,178.54285714285723,0.0303345096916064,0.3240203356278401,0.3035524450744153,0.2355262605483017,195702.8,1.289174196792279,-0.0042781761708744,0.8169681,1
2024-10-08,5882.2,6470.2,5870.6,6063.6,344969.0,0.0302082979374087,0.0302082979374087,0.2972487270548971,0.3804753665422093,0.319608269858542,5404.4400000000005,0.1219663831960387,4945.26,0.2261438225694907,4712.2,0.2867874877976317,4685.596666666667,0.2940934594598055,0.0360271332755304,0.0321669831070927,0.0226497439167686,94.2979564930784,4712.2,5697.793062176556,3726.606937823444,1.1855770661654244,216.60000000000005,0.0357213536512962,0.3804753665422093,0.319608269858542,0.2639873259401319,232892.2,1.4812389594842592,0.3673239659921916,0.26712242,0
2024-10-09,6083.6,6085.2,5666.8,5772.4,304768.0,-0.0480242760076523,-0.0480242760076523,0.2279611980939413,0.3113130395274874,0.2840681585620856,5618.76,0.0273441115121484,5082.3,0.1357849792416818,4776.05,0.2086138126694652,4703.19,0.2273371902899947,0.0435606981573009,0.0341991608749419,0.0234833739181034,81.42491224741482,4776.05,5862.774227837244,3689.325772162757,0.9584189688965048,238.45714285714288,0.041309878535296,0.3113130395274874,0.2840681585620856,0.2237957937584802,263299.8,1.1574942328098996,-0.1165351089518188,0.23372273,0
2024-10-10,5825.8,5903.2,5624.0,5693.8,220550.0,-0.0136165199916844,-0.0136165199916844,0.1455877027081407,0.2731541523187692,0.2545278279645704,5763.4800000000005,-0.0120899178968262,5204.46,0.0940232031757377,4833.81,0.1779114197703262,4717.933333333333,0.2068419788325397,0.0454547595688421,0.0347150243223619,0.0234922799116286,78.39353000643321,4833.81,5988.093879887634,3679.526120112365,0.872521012804804,254.3142857142857,0.0446651244712293,0.2731541523187692,0.2545278279645704,0.1839391166930051,275192.2,0.801439866391562,-0.2763347858042839,0.24108836,0
2024-10-11,5710.0,5710.0,5377.8,5458.0,197494.0,-0.0414134672801995,-0.0414134672801995,0.010403939427598,0.2299995492856177,0.2048033199417245,5774.72,-0.054845949240829,5306.52,0.0285460150908691,4880.2,0.1183967870169255,4729.103333333333,0.1541299936351572,0.0492632441142243,0.0366182257581255,0.0241680743470589,71.10110861048595,4880.2,6057.454347154754,3702.9456528452456,0.7454015147178923,271.9428571428571,0.0498246348741035,0.2299995492856177,0.2048033199417245,0.139980784493922,264015.2,0.7480402643484163,-0.1045386533665835,0.8061877,1
2024-10-14,5434.0,5613.0,5379.4,5575.6,167597.0,0.0215463539758153,0.0215463539758153,-0.0527031159740392,0.2544660936867209,0.224760565855373,5712.68,-0.0239957428037278,5419.62,0.0287806156151169,4931.36,0.1306414457674962,4740.64,0.1761281177225016,0.0487483153674068,0.0366858398720706,0.0241883057116467,74.00974025974025,4931.36,6137.217497734344,3725.502502265656,0.767129408412871,283.9714285714286,0.0509310977422032,0.2544660936867209,0.224760565855373,0.1417455051808167,247075.6,0.6783227481790999,-0.1513818141310622,0.14925833,0
2024-10-15,5554.4,5639.0,5420.4,5423.0,148420.0,-0.0273692517397231,-0.0273692517397231,-0.105646810475625,0.1601985366479825,0.2102749509016246,5584.56,-0.0289297634907673,5494.5,-0.013013013013013,4978.469999999999,0.0892904848276681,4749.97,0.1416914212089759,0.0501482827050787,0.0372175695656981,0.024480404788021,69.58189489835058,4978.469999999999,6183.831442363604,3773.108557636395,0.6843969718860086,293.2000000000001,0.0540660151207818,0.1601985366479825,0.2102749509016246,0.1151093929922684,207765.8,0.7143620364853118,-0.1144232891996873,0.9107647,1
2024-10-16,5473.6,5538.0,5376.8,5439.2,155601.0,0.0029872764152683,0.0029872764152683,-0.0577229575220011,0.157079646017699,0.2220724364159252,5517.92,-0.014266245251834,5568.339999999999,-0.023191830958598,5027.89,0.0818056878730439,4760.39,0.1425954596157037,0.0502177355564105,0.0370484256859396,0.0244279222920289,68.9385037211124,5027.89,6223.165502969932,3832.614497030068,0.6720565672842818,293.5714285714286,0.0539732733805391,0.157079646017699,0.2220724364159252,0.1298712089738263,177932.4,0.874495032945096,0.0483829672550868,0.29474995,0
2024-10-17,5427.0,5531.2,5382.8,5386.2,156430.0,-0.0097440800117664,-0.0097440800117664,-0.0540236748744248,0.0836988451168967,0.2110896253991097,5456.4,-0.0128656256872663,5609.9400000000005,-0.0398827794949679,5074.83,0.0613557498477781,4769.743333333333,0.1292431528461,0.0485078635054128,0.0372487164031473,0.0244775508037019,68.4505289359054,5074.83,6247.64459942806,3902.015400571939,0.632744766373067,299.9714285714286,0.055692590058191,0.0836988451168967,0.2110896253991097,0.1163108808290154,165108.4,0.9474381678945468,0.0053277292562388,0.8885519,1
2024-10-18,5414.8,5846.8,5389.2,5601.8,235795.0,0.0400282202666073,0.0400282202666073,0.0263466471234885,0.0370246954718798,0.2565724540152534,5485.16,0.0212646486155372,5629.94,-0.004998277068672,5132.02,0.0915390041348243,4783.210000000001,0.1711382105322574,0.041994101359382,0.0377769242448601,0.0249327680653947,70.81594474025039,5132.02,6289.640164229873,3974.3998357701257,0.7029076611293004,326.9714285714286,0.0583689936397994,0.0370246954718798,0.2565724540152534,0.1685510450999208,172768.6,1.3648024004361905,0.5073515310362462,0.8755036,1
2024-10-21,5716.8,5783.8,5619.2,5673.2,154610.0,0.012745903102574,0.012745903102574,0.0175048425281583,-0.0361208331917497,0.2761956179421425,5504.68,0.0306139503113713,5608.68,0.011503597994537,5193.41,0.0923843871367753,4797.386666666666,0.1825605051639225,0.0299900976262613,0.0376122051681326,0.0249621731741442,69.05470359349965,5193.41,6327.703681269732,4059.116318730268,0.7114928470124782,323.2714285714286,0.0569822020326145,-0.0361208331917497,0.2761956179421425,0.1763778874466055,170171.2,0.9085556192822286,-0.344303314319642,0.7996709,1
2024-10-22,5682.0,5753.6,5645.8,5732.4,124213.0,0.0104350278502431,0.0104350278502431,0.0570532915360499,-0.0546210172174946,0.3050723977779801,5566.56,0.0297921876347331,5575.56,0.0281299098207175,5260.41,0.0897249453939901,4812.65,0.1911109264126833,0.0281321847408536,0.0371644305229501,0.0249739741215504,69.43481537302183,5260.41,6353.023326700818,4167.796673299182,0.7159913248656729,317.9714285714286,0.0554691627540696,-0.0546210172174946,0.3050723977779801,0.1901341195033838,165329.8,0.7513043625529094,-0.1966043593557984,0.7750886,1
2024-10-23,5719.2,5839.4,5705.2,5748.4,143239.0,0.0027911520480077,0.0027911520480077,0.0568465950875127,-0.0041577160279953,0.3058609722853247,5628.4,0.0213204463080094,5573.16,0.0314435616418691,5327.73,0.0789585808590149,4828.530000000001,0.1905072558314846,0.0238019954869099,0.037154507474502,0.0249543191681738,66.20844788802799,5327.73,6362.005266424203,4293.454733575796,0.7033646233533076,307.24285714285713,0.0534484129745419,-0.0041577160279953,0.3058609722853247,0.1986821252815078,162857.4,0.8795363305566711,0.153172373262058,0.3055115,0
2024-10-24,5755.0,5755.0,5668.0,5700.8,114485.0,-0.0082805650267899,-0.0082805650267899,0.0584085254910697,0.0012294074256209,0.27471937748759,5691.32,0.0016656944258977,5573.86,0.0227741636854892,5389.16,0.057827193848392,4845.960000000001,0.1764026116600217,0.0235250299868406,0.037483686017834,0.024633634311257,57.41346821382525,5389.16,6353.0307107010685,4425.289289298931,0.6616606856812414,278.38571428571424,0.048832745278858,0.0012294074256209,0.27471937748759,0.2246616541353383,154468.4,0.7411548251940203,-0.2007414181891803,0.91280425,1
2024-10-25,5695.2,5829.0,5695.2,5786.6,128361.0,0.0150505192253718,0.0150505192253718,0.0329893962654861,0.0602052033711983,0.3040519222968407,5728.280000000001,0.0101810665679749,5606.719999999999,0.0320829290565609,5456.620000000001,0.060473333308898,4865.86,0.1892245152963712,0.018652925321333,0.0371682539215961,0.0245730919000631,46.93524468610974,5456.620000000001,6324.050139398474,4589.189860601528,0.6902055191607862,249.7571428571428,0.043161293826624,0.0602052033711983,0.3040519222968407,0.259983451639594,132981.6,0.9652538396289412,0.1212036511333363,0.75983644,1
2024-10-28,5781.6,5855.8,5755.6,5845.6,108898.0,0.0101959699996543,0.0101959699996543,0.0303884932665867,0.0484252815840446,0.3152139675111371,5762.76,0.0143750563965878,5633.719999999999,0.0376092528560172,5526.67,0.0577074440847744,4886.893333333334,0.196179167678443,0.0179346068477138,0.0370672530623011,0.0245719891969092,42.731395038676986,5526.67,6266.946958413475,4786.393041586525,0.7154126211651348,214.08571428571423,0.0366233943967623,0.0484252815840446,0.3152139675111371,0.2753294353783053,123839.2,0.8793499958010065,-0.1516270518303846,0.3312472,0
2024-10-29,5838.8,5888.2,5765.6,5787.4,120776.0,-0.0099562063774464,-0.0099562063774464,0.0095945851650267,0.0671952793656647,0.2381584014376792,5773.76,0.0023624120157401,5670.16,0.0206766652087417,5582.33,0.0367355566582412,4905.6,0.1797537508153945,0.0150720070485335,0.0363642387442931,0.0245761682951254,50.59213642823308,5582.33,6211.843045222473,4952.816954777527,0.6628798652834327,192.95714285714283,0.033340903144269,0.0671952793656647,0.2381584014376792,0.240600214362272,123151.8,0.9807083615505416,0.1090745468236331,0.9130099,1
2024-10-30,5781.4,5843.8,5734.6,5801.6,121135.0,0.0024536061098248,0.0024536061098248,0.0092547491475889,0.0666274452125312,0.2341729067392783,5784.4,0.0029735149713021,5706.4,0.0166830225711482,5637.37,0.0291323791058597,4925.01,0.1779874558630338,0.0150872570416374,0.0363979480821973,0.024542708568025,54.483447013808025,5637.37,6117.009746827604,5157.730253172395,0.6712014080215803,180.8142857142857,0.0311662792530139,0.0666274452125312,0.2341729067392783,0.2511537632089713,118731.0,1.0202474501183347,0.0029724448565939,0.6478309,1
2024-10-31,5789.6,5905.2,5770.8,5845.6,153591.0,0.0075841147269719,0.0075841147269719,0.0253999438675274,0.0852920426274554,0.1761297332099314,5813.360000000001,0.0055458461199719,5752.34,0.0162125326388913,5681.14,0.028948415282848,4945.223333333333,0.1820699705507065,0.0139579239567137,0.0347424352671022,0.0245382431692121,69.18052256532066,5681.14,6051.825148851358,5310.454851148643,0.7218324641675185,166.68571428571423,0.0285147314708009,0.0852920426274554,0.1761297332099314,0.2617855292695563,126552.2,1.2136572892450703,0.2679324720353324,0.19580677,0
2024-11-01,5868.4,5882.8,5759.8,5805.2,145047.0,-0.0069111810592583,-0.0069111810592583,0.0032143227456535,0.0363097575779212,0.0746788107667812,5817.08,-0.0020422617533195,5772.68,0.0056334319588127,5701.31,0.0182221278969219,4961.053333333333,0.1701547252062061,0.0091786606040342,0.0295875568241064,0.0238898135473475,62.30175739391336,5701.31,6051.32022481306,5351.299775186939,0.6484099501028686,158.78571428571422,0.0273523245169355,0.0363097575779212,0.0746788107667812,0.1956172508959097,129889.4,1.116696204617159,-0.0556282594683281,0.84202427,1
2024-11-04,5808.0,5900.8,5807.2,5898.4,104071.0,0.0160545717632467,0.0160545717632467,0.0090324346517036,0.0396954099978847,0.0021407455231232,5827.64,0.0121421364394505,5795.2,0.0178078409718387,5701.94,0.0344549398976488,4979.3133333333335,0.1845810064841604,0.0095947479101908,0.0219843007399645,0.023873232474519,77.20302128633548,5701.94,6053.390818001166,5350.489181998833,0.779498566993445,149.99999999999994,0.0254306252543062,0.0396954099978847,0.0021407455231232,0.2281169317897891,128924.0,0.8072275138841488,-0.2825015339855357,0.73793733,1
2024-11-05,5870.0,6100.6,5870.0,6074.6,151258.0,0.0298725077987251,0.0298725077987251,0.0496250475170199,0.0596957644267672,0.0018141038327066,5885.08,0.0322034704710896,5829.42,0.0420590727722482,5702.49,0.065253950467252,5001.610000000001,0.2145289216872166,0.0125653605642761,0.0219604034802736,0.0239967165326574,80.73128264654669,5702.49,6056.350049053003,5348.629950946996,1.0257869615344222,154.95714285714283,0.0255090282252564,0.0596957644267672,0.0018141038327066,0.2824269549062659,135020.4,1.1202603458440354,0.4534116132255863,0.77404463,1
2024-11-06,6067.6,6167.2,6026.2,6078.2,164289.0,0.000592631613604,0.000592631613604,0.0476765030336459,0.0573724862570454,0.0529762317233732,5940.4,0.0231970911049761,5862.4,0.0368108624454148,5717.78,0.0630349541255521,5025.47,0.2094789144099953,0.0126445001996602,0.0187890056664844,0.0238042968818524,85.14831369362042,5717.78,6108.831309596127,5326.728690403873,0.960834666903734,154.42857142857142,0.0254069578869684,0.0573724862570454,0.0529762317233732,0.3080962424138078,143651.2,1.143666046646321,0.0861508151634955,0.82088095,1
2024-11-07,6087.0,6197.6,6036.0,6188.0,135260.0,0.0180645585864236,0.0180645585864236,0.0585739701655945,0.0854616895874262,0.0867961642488319,6008.88,0.0298092156941061,5911.12,0.0468405310668706,5742.49,0.0775813279605188,5050.3533333333335,0.2252608068346373,0.0121508240848913,0.0186714650773643,0.023855534914221,83.35989073526058,5742.49,6186.086658427928,5298.893341572071,1.0021566230670589,133.07142857142858,0.0215047557484532,0.0854616895874262,0.0867961642488319,0.3179978700745474,139985.0,0.9662463835410936,-0.1766947269750257,0.15259498,0
2024-11-08,6171.4,6283.0,6133.6,6154.2,150944.0,-0.0054621848739495,-0.0054621848739495,0.0601185144353337,0.063526077489372,0.1275558812751922,6078.68,0.0124237498930688,5947.88,0.0346879896702689,5777.3,0.0652380869956552,5074.736666666666,0.2127131719806809,0.0126074860247858,0.0154956478504745,0.023881907891224,78.59690844233049,5777.3,6235.909183464414,5318.690816535586,0.9109163243884816,130.7428571428571,0.0212444927273824,0.063526077489372,0.1275558812751922,0.3118605047748977,141164.4,1.069278089943357,0.1159544580807334,0.70973176,1
2024-11-11,6166.6,6247.8,6121.0,6216.4,133828.0,0.010106918852166,0.010106918852166,0.0539129255391293,0.0634323251676474,0.114929334959466,6142.28,0.0120671802653087,5984.96,0.0386702668021172,5809.34,0.0700699218844136,5099.86,0.2189354217566756,0.0126044193253469,0.0151029556737654,0.0238912709349839,78.67298578199046,5809.34,6297.219624497684,5321.460375502316,0.917172576554211,132.09999999999997,0.0212502412972138,0.0634323251676474,0.114929334959466,0.320110426842217,147115.8,0.9096779543733576,-0.1133930464278143,0.19703087,0
2024-11-12,6223.4,6288.8,6127.2,6159.2,154161.0,-0.00920146708706,-0.00920146708706,0.0139268429196983,0.0642430106783702,0.1357551170938593,6159.2,0.0,6022.14,0.0227593513269368,5846.15,0.0535480615447774,5124.833333333333,0.2018342059904387,0.0124984773315265,0.0134768343590131,0.0238805266639849,73.20379575237232,5846.15,6322.245945659784,5370.054054340216,0.8287677650417384,134.05714285714288,0.0217653498599076,0.0642430106783702,0.1357551170938593,0.3214898729831787,147696.4,1.0437695163863168,0.1519338255073676,0.21945104,0
2024-11-13,6154.6,6191.0,6091.6,6158.8,135811.0,-6.494349915564523e-05,-6.494349915564523e-05,0.0132605047546972,0.061569222283508,0.1322988674805119,6175.32,-0.0026751650116916,6057.860000000001,0.0166626498466453,5882.13,0.0470356826523725,5149.606666666668,0.1959748382077075,0.01260982192518,0.0135355064637614,0.0238872265251156,77.32696897374696,5882.13,6337.026268568883,5427.233731431117,0.8041022966295284,134.94285714285712,0.0219105762718154,0.061569222283508,0.1322988674805119,0.3181234483349029,142000.8,0.9564101047318044,-0.1190314022353253,0.19548249,0
2024-11-14,6167.4,6167.4,6003.6,6025.4,138296.0,-0.0216600636487628,-0.0216600636487628,-0.0262766645119586,0.030758177090461,0.1186736474694589,6142.8,-0.0191118056912158,6075.839999999999,-0.008301732764523,5914.09,0.018821154226601,5171.986666666667,0.1650068703451155,0.0153182283480548,0.0145071035186287,0.0241300724397433,63.482384823848165,5914.09,6308.009927209362,5520.170072790638,0.6412850586013132,137.0857142857142,0.0227513051889856,0.030758177090461,0.1186736474694589,0.2867637637210094,142608.0,0.9697632671378884,0.0182974869487744,0.23529911,0
2024-11-15,6021.0,6044.8,5883.2,5886.2,151438.0,-0.023102200683772,-0.023102200683772,-0.0435474960189788,0.0139530076483151,0.0507693955514299,6089.2,-0.0333377126716153,6083.9400000000005,-0.0325019641876811,5928.31,-0.007103204791922,5193.38,0.1334044495107231,0.0172343874803493,0.0134815752409813,0.0242335498773243,52.101884448125865,5928.31,6294.3068242600175,5562.3131757399815,0.4424721784333255,141.47142857142853,0.0240344243436221,0.0139530076483151,0.0507693955514299,0.2788858471298829,142706.8,1.0611827887668983,0.0950280557644471,0.35655385,0
2024-11-18,5915.4,5918.4,5741.2,5790.0,140266.0,-0.0163433114742957,-0.0163433114742957,-0.0685927546489929,-0.0183778651837785,0.0205880279207502,6003.92,-0.0356300550307132,6073.1,-0.0466154023480595,5934.15,-0.0242916003134399,5212.606666666666,0.1107686365490845,0.0172436815277966,0.0138884543148167,0.0243771291405413,50.12950787009366,5934.15,6286.479507854877,5581.820492145122,0.2954329728474313,145.37142857142857,0.0251073279052553,-0.0183778651837785,0.0205880279207502,0.2488137347942369,143994.4,0.9741073263960266,-0.0737727650919848,0.81994236,1
2024-11-19,5778.4,5881.8,5737.0,5857.6,136545.0,0.0116753022452504,0.0116753022452504,-0.0489673983634237,-0.0357225167089191,0.0218407647756613,5943.6,-0.0144693451780065,6051.4,-0.0320256469577286,5940.41,-0.0139401152445706,5233.303333333333,0.1192930405333534,0.0142374452237007,0.0139349697221788,0.0243713756142661,52.64850548618993,5940.41,6281.929662067858,5598.890337932142,0.3787624708068117,147.91428571428574,0.0252516876731572,-0.0357225167089191,0.0218407647756613,0.2690324537458295,140471.2,0.9720497867178468,-0.0265281679095432,0.79907715,1
2024-11-20,5838.4,5940.6,5835.0,5902.8,123394.0,0.0077164709095876,0.0077164709095876,-0.0415665389361563,-0.0288572274686583,0.0268596479020251,5892.4,0.0017649854049284,6033.860000000001,-0.0217207558677199,5948.13,-0.0076208825294672,5254.48,0.1233842359281984,0.0146397128740327,0.0140083997969658,0.0243752445455515,52.70219198790627,5948.13,6278.16163548522,5618.09836451478,0.4313247653768786,145.85714285714292,0.0247098229411707,-0.0288572274686583,0.0268596479020251,0.2742973101334141,137987.8,0.8942384761551384,-0.0963125709473067,0.4590366,0
2024-11-21,5894.8,5921.0,5851.8,5894.2,94331.0,-0.0014569356915362,-0.0014569356915362,-0.0217744880007966,-0.0474789915966387,0.0339250631490315,5866.16,0.0047799582691232,6004.4800000000005,-0.0183662865060755,5957.8,-0.0106750814058881,5277.026666666668,0.1169547497707039,0.0127200547032245,0.0138418281733914,0.0241850741748236,54.33469705825053,5957.8,6268.059762134887,5647.540237865113,0.3975052395412622,142.01428571428576,0.0240939034498805,-0.0474789915966387,0.0339250631490315,0.2978817104857534,129194.8,0.7301454857316239,-0.2355300906040812,0.19647363,0
2024-11-22,5883.4,5897.6,5665.0,5669.8,126565.0,-0.0380713243527535,-0.0380713243527535,-0.0367639563725322,-0.0787104741477364,-0.0201845643382988,5822.879999999999,-0.0262893963124775,5956.04,-0.0480587773084129,5951.96,-0.0474062325687671,5295.85,0.0706118942190583,0.0165252631394787,0.0160741276553792,0.0247997306477901,40.127828640525166,5951.96,6279.693128916608,5624.226871083392,0.0695278031050135,151.80000000000004,0.026773431161593,-0.0787104741477364,-0.0201845643382988,0.2487446039996477,124220.2,1.0188761570179408,0.3417116324432052,0.26194075,0
2024-11-25,5711.4,5711.4,5588.6,5648.8,128168.0,-0.0037038343504179,-0.0037038343504179,-0.0243868739205526,-0.0913068657100572,-0.0336663473381688,5794.640000000001,-0.0251680863694726,5899.28,-0.0424594187765285,5942.120000000001,-0.0493628536616561,5315.276666666667,0.0627480664223814,0.0153773736422548,0.015868498127941,0.024725278639661,28.76521045282263,5942.120000000001,6294.211433101055,5590.028566898946,0.0834604701730782,144.09999999999997,0.0255098427984704,-0.0913068657100572,-0.0336663473381688,0.2599928622412564,121800.6,1.052277246581708,0.0126654288310354,0.36133677,0
2024-11-26,5623.6,5683.0,5588.4,5611.4,110566.0,-0.0066208752301374,-0.0066208752301374,-0.0420308658836384,-0.0889401220937784,-0.0304108926288143,5745.4,-0.0233230062310718,5844.5,-0.0398836512960903,5933.32,-0.0542563016995544,5333.996666666667,0.0520066566720762,0.0154031033338058,0.0157933027523491,0.0247615321670761,27.47973755306832,5933.32,6309.656476545849,5556.983523454151,0.0722976378018189,140.78571428571428,0.0250892316152322,-0.0889401220937784,-0.0304108926288143,0.2502562274408448,116604.8,0.9482113943851368,-0.1373353723238249,0.7277069,1
2024-11-27,5612.4,5744.0,5531.8,5726.8,148402.0,0.0205652778272802,0.0205652778272802,-0.0298163583384156,-0.0701435344547639,-0.0128929950358521,5710.2,0.0029070785611713,5801.3,-0.0128419492182786,5929.58,-0.0341980376350432,5354.516666666666,0.0695269725558798,0.0179311729722924,0.0165294417181837,0.024851042036169,27.86948176583496,5929.58,6312.850972440891,5546.3090275591085,0.2354613125165998,144.39999999999995,0.0252147796326045,-0.0701435344547639,-0.0128929950358521,0.2738677818311237,121606.4,1.2203469554233988,0.3422028471682072,0.2388681,0
2024-11-28,5704.2,5756.8,5657.0,5680.6,108950.0,-0.0080673325417335,-0.0080673325417335,-0.036239014624546,-0.0572244166362397,-0.0282263582865744,5667.4800000000005,0.0023149618525339,5766.820000000001,-0.0149510475444005,5921.33,-0.0406547177745539,5375.043333333333,0.0568472936342219,0.0172053311669704,0.016496118929961,0.024829753527938,27.54172989377849,5921.33,6319.043512865463,5523.616487134537,0.1973575297133128,140.85714285714286,0.0247961734424432,-0.0572244166362397,-0.0282263582865744,0.2768262530905823,124530.2,0.874888179734715,-0.2658454737806768,0.77161425,1
2024-11-29,5687.2,5846.6,5658.6,5779.6,148298.0,0.017427736506707,0.017427736506707,0.019365762460757,-0.0181101559580033,-0.0044098394542823,5689.4400000000005,0.0158469023313365,5756.16,0.0040721592172561,5920.05,-0.0237244617866403,5397.2,0.0708515526569333,0.0174334042128093,0.0169519178508554,0.0248803946554806,29.9853372434018,5920.05,6319.498206246669,5520.601793753332,0.3241949797200132,145.22857142857143,0.0251277893675291,-0.0181101559580033,-0.0044098394542823,0.2987281470495708,128876.8,1.1506958583701643,0.3611564938044975,0.7013842,1
2024-12-02,5782.0,5902.8,5778.4,5866.6,121048.0,0.0150529448404734,0.0150529448404734,0.0385568616343294,0.0132297063903281,-0.0053912925539127,5733.000000000001,0.0233036804465374,5763.82,0.0178319239670914,5918.460000000001,-0.0087624145470275,5419.723333333332,0.082453778390902,0.0173276062969003,0.0169031396115971,0.0248834879718908,36.949152542372914,5918.460000000001,6318.523744394497,5518.396255605505,0.4351853289299038,142.57142857142858,0.0243022242135868,0.0132297063903281,-0.0053912925539127,0.2993001417434444,127452.8,0.9497476712947852,-0.1837516352209739,0.3581585,0
2024-12-03,5866.4,5890.0,5803.8,5856.8,112159.0,-0.0016704735281083,-0.0016704735281083,0.04373240189614,-0.0001365747063644,-0.0358542126230534,5782.08,0.0129226852620509,5763.74,0.0161457664641362,5907.57,-0.008594058132193,5440.753333333332,0.076468577268099,0.0169628009989366,0.01535685739336,0.024837437437367,36.64189667374382,5907.57,6301.549070242914,5513.590929757085,0.4355676432650389,141.62857142857143,0.0241819033309266,-0.0001365747063644,-0.0358542126230534,0.2746028291621327,127771.4,0.877809901120282,-0.073433679201639,0.39019504,0
2024-12-04,5865.2,5865.2,5769.6,5811.4,98519.0,-0.0077516732686792,-0.0077516732686792,0.0147726479010965,-0.0154841770007454,-0.0438945740515284,5799.0,0.0021382997068459,5754.6,0.0098703645779028,5894.2300000000005,-0.0140527261406495,5462.6866666666665,0.0638354997479873,0.0168979696022396,0.0154042498635902,0.0246545347601819,39.73522640061398,5894.2300000000005,6281.899860088517,5506.560139911484,0.39316940968652,136.7571428571429,0.0235325640735696,-0.0154841770007454,-0.0438945740515284,0.2927436935534102,117794.8,0.8363611976080438,-0.1216130671635802,0.7721448,1
2024-12-05,5795.8,5853.4,5778.8,5824.0,97899.0,0.0021681522524692,0.0021681522524692,0.0252438122733513,-0.011910013233348,-0.0588235294117647,5827.68,-0.0006314691266507,5747.58,0.0132960306772589,5876.030000000001,-0.0088546178287042,5484.11,0.0619772396979638,0.016936160174082,0.0147015901369809,0.0246475232668261,46.60406202227562,5876.030000000001,6239.02173892296,5513.038261077041,0.4283317023214082,130.54285714285712,0.022414638932496,-0.011910013233348,-0.0588235294117647,0.2832150883532365,115584.6,0.8469899969373083,-0.0062932023264548,0.702316,1
2024-12-06,5819.4,5951.0,5782.0,5910.0,134772.0,0.0147664835164835,0.0147664835164835,0.0225621150252612,0.0423648100462097,-0.0396802183874427,5853.76,0.0096075001366642,5771.6,0.0239794857578488,5863.820000000001,0.0078754122739099,5507.106666666668,0.0731588032917465,0.0114683733830724,0.0152049445479942,0.0246687996249128,56.62544169611305,5863.820000000001,6203.066220783354,5524.573779216647,0.5680626594651006,129.95714285714283,0.0219893642736282,0.0423648100462097,-0.0396802183874427,0.304578164319456,112879.4,1.1939468140333844,0.3766432752122084,0.311483,0
2024-12-09,5913.4,5933.0,5821.8,5866.2,101734.0,-0.0074111675126903,-0.0074111675126903,-6.818259298413398e-05,0.0384860501345418,-0.0563348561868605,5853.679999999999,0.0021388254909733,5793.34,0.0125765102686878,5846.31,0.0034021459689959,5529.003333333333,0.0609868806976061,0.0118077651411069,0.0149790506339101,0.0247185416950212,50.48763892039008,5846.31,6142.328846483941,5550.291153516058,0.5335958339076214,127.5571428571428,0.0217444244753235,0.0384860501345418,-0.0563348561868605,0.2885950267990511,109016.6,0.9331973295809995,-0.245139940046894,0.6280899,1
2024-12-10,5860.4,6110.0,5860.4,5936.8,142019.0,0.0120350482424738,0.0120350482424738,0.0136593361562629,0.0579890936308231,-0.0361085855305883,5869.68,0.0114350356407844,5825.88,0.019039183779961,5835.1900000000005,0.0174133147335391,5553.27,0.0690638128526075,0.0114383079748295,0.015250700679222,0.0245924595364974,51.873897707231045,5835.1900000000005,6096.379263098416,5574.000736901585,0.6945141212824533,137.8428571428571,0.0232183764221225,0.0579890936308231,-0.0361085855305883,0.3249419746473843,114988.6,1.235070259138732,0.3959836436196355,0.61695987,1
2024-12-11,5940.6,5997.8,5932.4,5978.6,105628.0,0.007040830076809,0.007040830076809,0.0287710362391162,0.0439687085283229,-0.0292589465480288,5903.12,0.012786458686254,5851.06,0.0217977597221701,5826.18,0.0261612239923929,5578.733333333334,0.0716769637074126,0.0102217378824876,0.0153737041761805,0.0245457168841094,54.487452148022136,5826.18,6050.145971099463,5602.214028900537,0.840274907057891,137.57142857142858,0.0230106427209427,0.0439687085283229,-0.0292589465480288,0.3432641322908241,116410.4,0.9073759732807378,-0.2562403622050571,0.6883473,1
2024-12-12,5983.2,6054.8,5959.6,6036.0,107339.0,0.0096009099120195,0.0096009099120195,0.0364010989010989,0.0625638136816533,0.0017592193049424,5945.52,0.0152181810842451,5886.6,0.0253796758740187,5826.710000000001,0.0359190692517732,5605.21,0.0768552828529172,0.0093226164036611,0.0147799843275087,0.0245393611581088,73.67468321696397,5826.710000000001,6052.701987748051,5600.718012251951,0.9630473896121682,127.75714285714282,0.0211658619710309,0.0625638136816533,0.0017592193049424,0.3571974636866484,118298.4,0.9073580031513528,0.0161983564963834,0.20922932,0
2024-12-13,6040.6,6040.6,5907.6,5937.0,143249.0,-0.0164015904572564,-0.0164015904572564,0.0045685279187817,0.0272337185964426,0.0086303557473412,5950.92,-0.0023391341170777,5902.34,0.005872247278198,5829.25,0.0184843676287687,5629.86,0.0545555306881522,0.0107884359759947,0.0142920416361062,0.0246977293228244,66.92506459948314,5829.25,6059.165128505691,5599.334871494309,0.7343255981028946,128.4857142857143,0.0216415216920522,0.0272337185964426,0.0086303557473412,0.3317631224764468,119993.8,1.193803346506236,0.3345475549427514,0.20799267,0
2024-12-16,5934.8,5939.6,5824.2,5846.4,115384.0,-0.0152602324406266,-0.0152602324406266,-0.0033752684872661,-0.0034432209456927,0.0097409326424868,5946.960000000001,-0.0169094798014449,5900.320000000001,-0.0091384874040731,5832.070000000001,0.0024571035670009,5653.21,0.034173504964436,0.0111962427864461,0.0142266542320904,0.0248170671884189,62.98916648242314,5832.070000000001,6061.34074411111,5602.799255888891,0.5312512615937042,129.9714285714286,0.0222310188443193,-0.0034432209456927,0.0097409326424868,0.3151572411931436,122723.8,0.9401925298923272,-0.1945214277237537,0.48729903,0
2024-12-17,5839.6,5863.2,5781.4,5790.0,131261.0,-0.009646962233169,-0.009646962233169,-0.0247271257242959,-0.0114055456904794,-0.0115405626877902,5917.6,-0.0215627957279979,5893.64,-0.0175850577911105,5828.6900000000005,-0.0066378551612799,5676.503333333333,0.0199941160961178,0.0115830971340248,0.0141502856411842,0.0247926934541905,53.73699148533584,5828.6900000000005,6058.36882289016,5599.011177109841,0.4157736888557126,120.65714285714292,0.0208388847767086,-0.0114055456904794,-0.0115405626877902,0.3181859575630636,120572.2,1.0886506176382285,0.1376014005408028,0.66450304,1
2024-12-18,5796.4,5865.8,5790.6,5825.2,119642.0,0.0060794473229706,0.0060794473229706,-0.0256581808450139,0.0023746429431805,-0.0131463034492106,5886.92,-0.0104842600205201,5895.02,-0.0118438953557409,5824.81,6.695497363873315e-05,5700.223333333333,0.0219248719494615,0.011524352269154,0.0141050136977798,0.024790536266948,58.66283249460815,5824.81,6051.823803429146,5597.796196570853,0.5008589786041844,118.9428571428572,0.0204186735464631,0.0023746429431805,-0.0131463034492106,0.3233075874602453,123375.0,0.969742654508612,-0.0885182956095108,0.63695073,1
2024-12-19,5826.0,5864.8,5757.4,5844.6,132280.0,0.0033303577559569,0.0033303577559569,-0.0317097415506957,0.0035370879120879,-0.0084150520851005,5848.64,-0.0006907588772774,5897.08,-0.0088993196632909,5822.33,0.0038249291950129,5723.096666666666,0.021230347906058,0.0115511472245718,0.014129702593731,0.0247493669643045,54.3046357615894,5822.33,6047.22585051518,5597.43414948482,0.5495118072409638,113.18571428571438,0.0193658615278572,0.0035370879120879,-0.0084150520851005,0.3068735745270785,128363.2,1.030513418175926,0.1056318015412647,0.68920875,1
2024-12-20,5843.8,5902.8,5830.2,5849.0,109646.0,0.0007528316736815,0.0007528316736815,-0.0148223008253326,-0.010321489001692,0.0316060531235669,5831.04,0.0030800680496103,5890.98,-0.0071261487901842,5831.29,0.0030370638400765,5746.623333333333,0.0178150995338133,0.0104100620597329,0.0109891836451879,0.0247005145368359,48.69125520523496,5831.29,6044.578259602374,5618.001740397626,0.5415165842531985,109.48571428571437,0.0187187064943946,-0.010321489001692,0.0316060531235669,0.3181142110244739,121642.6,0.901378300036336,-0.1711067432718476,0.33201817,0
2024-12-23,5852.6,5868.4,5757.2,5759.8,94710.0,-0.0152504701658402,-0.0152504701658402,-0.0148125342090857,-0.0181378064164193,0.0196501911910493,5813.72,-0.0092746124684367,5880.34,-0.0204988146943884,5836.839999999999,-0.013198922704751,5768.543333333333,-0.0015156917141992,0.0112117954217721,0.0115711813661591,0.0248342333418158,43.548816174514506,5836.839999999999,6035.402522567628,5638.277477432371,0.306005687770813,111.27142857142864,0.0193186271348707,-0.0181378064164193,0.0196501911910493,0.2959096431624892,117507.8,0.8059890492375825,-0.1362201995512831,0.6482165,1
2024-12-24,5769.6,5847.2,5769.6,5833.2,97665.0,0.0127434980381262,0.0127434980381262,0.007461139896373,-0.017450478372187,0.0395266778344085,5822.36,0.0018617880034901,5869.98,-0.006265779440475,5847.93,-0.0025188399997948,5787.86,0.0078336379940082,0.0113105363719343,0.0117060580096742,0.0240818661536517,51.39779430623239,5847.93,6015.895473895832,5679.964526104169,0.4561517029114695,110.68571428571438,0.0189751275947532,-0.017450478372187,0.0395266778344085,0.2479568696247487,110788.6,0.8815437689437361,0.0312005068102629,0.2839476,0
2024-12-25,5827.2,5833.4,5730.2,5783.8,103908.0,-0.0084687650003427,-0.0084687650003427,-0.0071070521183821,-0.0325828789348677,0.0099532024865545,5814.08,-0.0052080466729043,5850.5,-0.0114007349799162,5850.780000000001,-0.0114480462434068,5805.91,-0.0038081885526988,0.0110387102255705,0.011066025875058,0.0241341139329919,47.53857457751654,5850.780000000001,6011.885805050754,5689.674194949247,0.2921241882659052,112.72857142857154,0.0194903992926054,-0.0325828789348677,0.0099532024865545,0.2303863172226004,107641.8,0.9653127316711536,0.0639225925357087,0.6344672,1
2024-12-26,5778.4,5839.2,5778.4,5823.8,70109.0,0.0069158684601819,0.0069158684601819,-0.0035588406392225,-0.0351557322730284,0.0252086047248529,5809.92,0.0023890174047147,5829.280000000001,-0.000940081793978,5857.9400000000005,-0.0058279873129462,5820.136666666667,0.0006294239367803,0.0107193744539293,0.0109583384439167,0.0230927023378846,44.40695561899819,5857.9400000000005,5998.636020218278,5717.243979781723,0.3786746066198774,105.00000000000011,0.018029465297572,-0.0351557322730284,0.0252086047248529,0.1717435918071708,95207.6,0.7363802889685277,-0.3252781306540401,0.7944022,1
2024-12-27,5824.4,5925.6,5813.8,5845.2,97030.0,0.0036745767368384,0.0036745767368384,-0.0006496837066165,-0.0154623547246084,0.0113502664544258,5809.16,0.0062039950698551,5820.1,0.004312640676277,5861.219999999999,-0.0027332193638865,5827.526666666667,0.0030327331549462,0.0098865248966617,0.0103052574424736,0.0202957719514521,48.59663191659984,5861.219999999999,5997.206061205197,5725.233938794801,0.4410969041311303,105.0428571428573,0.0179707892189929,-0.0154623547246084,0.0113502664544258,0.0820837498611573,92684.4,1.0468859916016071,0.3839877904405997,0.3616892,0
2024-12-30,5843.8,5877.8,5815.0,5845.2,81680.0,0.0,0.0,0.0148269037119344,-0.0002052545155992,-0.0036477687246446,5826.24,0.0032542428736199,5819.98,0.0043333482245644,5860.15,-0.0025511292373061,5826.85,0.0031492144125899,0.0086262210880675,0.0097288559499768,0.0166788437348139,43.24085005903184,5860.15,5996.294497540389,5724.00550245961,0.4450951001689778,91.70000000000014,0.0156880859508656,-0.0002052545155992,-0.0036477687246446,-0.0068979577967311,90078.4,0.9067656619122898,-0.1581984953107286,0.31205365,0
2024-12-31,5848.0,5859.4,5646.4,5646.8,127265.0,-0.0339423800725381,-0.0339423800725381,-0.031955016114654,-0.0247322970639032,-0.0358557574101898,5788.96,-0.0245570879743511,5805.66,-0.0273629527047742,5849.65,-0.034677288384775,5819.903333333333,-0.0297433347976568,0.0136232371095873,0.0123260474873574,0.0167669214271251,30.11268280987767,5849.65,6015.937506256005,5683.3624937439945,-0.1099375851114909,102.24285714285725,0.0181063358261063,-0.0247322970639032,-0.0358557574101898,-0.0687380434065572,95998.4,1.3256991783196388,0.558092556317336,0.30849427,0
2025-01-02,5674.8,5674.8,5428.4,5486.0,127655.0,-0.0284763051639866,-0.0284763051639866,-0.0514886406860541,-0.0582297603515759,-0.0559933922978971,5729.4,-0.0424826334345654,5771.74,-0.0495067345375918,5833.38,-0.0595503807398112,5815.13,-0.0565989066452512,0.015484240668599,0.0136563942432115,0.0160115330929056,20.669795221842943,5833.38,6065.907889442148,5600.852110557852,-0.2469641616611901,113.0428571428573,0.0206056976199156,-0.0582297603515759,-0.0559933922978971,-0.0496154112674104,100747.8,1.267074814536893,0.0030644717715004,0.25488862,0
2025-01-03,5476.2,5518.6,5362.4,5386.2,134187.0,-0.0181917608457893,-0.0181917608457893,-0.0751399429925478,-0.0784313725490196,-0.0751717032967033,5641.88,-0.0453182272575808,5725.9,-0.0593269180390855,5811.49,-0.0731808882059505,5810.003333333333,-0.0729437332508702,0.0155585808804021,0.0140215092236695,0.0160847147485959,20.652173913043427,5811.49,6118.299496181861,5504.680503818138,-0.1930848055431587,114.7000000000002,0.021295161709554,-0.0784313725490196,-0.0751717032967033,-0.0540236748744248,113563.4,1.1816042844789785,0.051169166895147,0.25315076,0
2025-01-06,5389.8,5426.6,5336.4,5370.4,111692.0,-0.0029334224499647,-0.0029334224499647,-0.0812290426332718,-0.0818259531543854,-0.0913028764805414,5546.92,-0.0318230657734383,5678.04,-0.054180667976978,5784.51,-0.0715894691166582,5808.543333333334,-0.0754308452549493,0.015370047231277,0.0133290930255979,0.0151794835082132,22.44094488188972,5784.51,6145.0432535944055,5423.976746405595,-0.0743020870771997,112.90000000000022,0.0210226426336958,-0.0818259531543854,-0.0913028764805414,-0.0160498351044339,116495.8,0.9587641786227488,-0.1676391900854776,0.7873043,1
2025-01-07,5363.2,5431.6,5347.0,5421.0,97522.0,0.0094220169819754,0.0094220169819754,-0.0725723670704167,-0.0588214868571825,-0.0758924005318604,5462.08,-0.0075209444021324,5644.16,-0.0395382129493139,5762.25,-0.0592216582064297,5805.966666666666,-0.0663053525396286,0.0161094099316736,0.0136752224472778,0.0149648629833255,28.49148985777568,5762.25,6155.075444025312,5369.424555974688,0.0656467711164718,113.10000000000024,0.020863309352518,-0.0588214868571825,-0.0758924005318604,-0.0277279575292346,119664.2,0.8149638739071502,-0.1268667406797263,0.4152499,0
2025-01-08,5411.4,5449.6,5258.8,5401.6,138351.0,-0.0035786755211214,-0.0035786755211214,-0.0434228235460791,-0.0739902626345744,-0.0901495755289044,5413.04,-0.002113415012636,5601.0,-0.0356007855740045,5735.49,-0.058214729691796,5805.61,-0.0695895866239721,0.0147796673211259,0.0131565644973234,0.0145463725297535,24.8456057007126,5735.49,6150.538496342041,5320.441503657959,0.0977698956354719,121.31428571428594,0.0224589539607312,-0.0739902626345744,-0.0901495755289044,-0.0039461552646136,121881.4,1.135128083530383,0.4186645064703349,0.39818758,0
2025-01-09,5416.8,5435.4,5380.4,5387.8,82060.0,-0.002554798578199,-0.002554798578199,-0.0179001093693036,-0.0684670977558007,-0.0988191215334693,5393.4,-0.0010383060777986,5561.4,-0.0312151616499442,5705.95,-0.0557575863791305,5804.753333333332,-0.071829638468703,0.0148572868874227,0.0128806512529434,0.0145449254326834,22.6924916307986,5705.95,6132.093931701856,5279.806068298144,0.1267106295173202,117.57142857142875,0.0218217878487376,-0.0684670977558007,-0.0988191215334693,-0.0094499191057507,112762.4,0.7277248444516967,-0.4068709297366842,0.2914443,0
2025-01-10,5398.4,5441.2,5314.4,5315.0,96337.0,-0.0135120086120494,-0.0135120086120494,-0.0132189669897144,-0.0873656375562348,-0.1194499668654738,5379.16,-0.0119275128458717,5510.52,-0.035481225002359,5669.9,-0.0625936965378577,5803.566666666667,-0.0841838639457345,0.0141226569898432,0.0125232784850004,0.0145955182356194,20.490716180371336,5669.9,6100.446883564809,5239.353116435191,0.0878497632342313,121.44285714285732,0.0228490794248085,-0.0873656375562348,-0.1194499668654738,-0.0132189669897144,105192.4,0.9158171122628632,0.1739824518644894,0.8304741,1
2025-01-13,5277.4,5372.6,5272.0,5333.8,114246.0,0.0035371589840076,0.0035371589840076,-0.0068151348130491,-0.0874905905700402,-0.1016001347481893,5371.84,-0.0070813724906176,5459.38,-0.0230026120182145,5639.74,-0.0542471816076627,5799.1,-0.0802365884361366,0.014109004163367,0.0124673664569764,0.0136221737594229,24.472674976030675,5639.74,6075.977194775118,5203.502805224882,0.1493421426871763,120.68571428571452,0.0226265916018063,-0.0874905905700402,-0.1016001347481893,-0.047841765146917,105703.2,1.0808187453170766,0.185899498635,0.8234884,1
2025-01-14,5322.2,5541.4,5319.4,5519.0,151828.0,0.03472196182834,0.03472196182834,0.0180778454159749,-0.0558064736878122,-0.0560002736726874,5391.4400000000005,0.0236597272713783,5426.76,0.0169972506615365,5623.37,-0.0185600449552492,5796.530000000001,-0.0478786446373952,0.0197293433369805,0.0150921917374699,0.014270525946719,33.39674487423379,5623.37,6051.449919247749,5195.290080752251,0.3780951928515988,130.30000000000024,0.0236093495198405,-0.0558064736878122,-0.0560002736726874,-0.0271804272720862,116564.4,1.3025246130036272,0.328956812492341,0.29962632,0
2025-01-15,5515.6,5517.4,5456.2,5471.8,101214.0,-0.0085522739626743,-0.0085522739626743,0.0129961492890995,-0.0309910037543387,-0.0549568221070811,5405.4800000000005,0.0122690306873765,5409.26,0.011561655383546,5607.46,-0.0241927717718896,5792.1866666666665,-0.055313594865727,0.0171324424495444,0.0150678998572311,0.0142376003264118,33.47457627118645,5607.46,6033.109801201833,5181.810198798167,0.3406436469405595,127.41428571428598,0.0232856255188943,-0.0309910037543387,-0.0549568221070811,-0.0454608889819272,109137.0,0.9274031721597624,-0.3333640698685354,0.75964206,1
2025-01-16,5468.8,5589.8,5445.8,5482.8,130571.0,0.0020103073942761,0.0020103073942761,0.0176324288206688,-0.0005833029529711,-0.0587790977133831,5424.4800000000005,0.0107512609503583,5408.9400000000005,0.0136551708837591,5590.34,-0.0192367548306543,5787.759999999999,-0.0526905054805312,0.0146269275955572,0.0149700678668524,0.0142347347392508,31.36612021857924,5590.34,6006.553975333794,5174.126024666206,0.3708116421201915,133.35714285714312,0.0243228173300399,-0.0005833029529711,-0.0587790977133831,-0.0462041611578872,118839.2,1.0987199509926018,0.2900488074772265,0.65929097,1
2025-01-17,5479.0,5572.0,5456.2,5536.2,122039.0,0.0097395491354781,0.0097395491354781,0.041618062088429,0.0278489473097915,-0.0527666564007802,5468.719999999999,0.0123392676896971,5423.9400000000005,0.020697131605438,5574.92,-0.0069453911446263,5785.016666666666,-0.0430105358382718,0.0133723071151495,0.0151780111888142,0.0142619055628066,33.68532206969377,5574.92,5973.968687703515,5175.8713122964855,0.4514846167984789,133.6428571428574,0.0241398174095692,0.0278489473097915,-0.0527666564007802,-0.0288731406118439,123979.6,0.9843474248989348,-0.0653437593340021,0.7092391,1
2025-01-20,5538.2,5623.8,5538.2,5560.0,91302.0,0.004298977638091,0.004298977638091,0.0424087892309421,0.0353046328020258,-0.0494101555821507,5513.960000000001,0.008349715993587,5442.9,0.0215142662918665,5560.469999999999,-8.452522898227954e-05,5781.240000000001,-0.0382686067348874,0.0132206813633765,0.0152397919644142,0.0141315915925412,35.311083642356834,5560.469999999999,5938.084680245411,5182.855319754588,0.4993776724997901,135.414285714286,0.0243550873586845,0.0353046328020258,-0.0494101555821507,-0.0391594373207064,119390.8,0.7647322909302894,-0.2518621096534714,0.5857324,1
2025-01-21,5559.6,5601.0,5517.2,5575.2,86212.0,0.0027338129496401,0.0027338129496401,0.0101830041674215,0.0284449363586054,-0.0320497239487482,5525.2,0.0090494461738941,5458.320000000001,0.0214131820780019,5551.24,0.0043161527874853,5776.733333333334,-0.0348870757406146,0.0130589824532904,0.0149710906164178,0.0140679559561402,45.45454545454543,5551.24,5917.184110774485,5185.295889225515,0.5327372395053592,126.18571428571455,0.0226333968800607,0.0284449363586054,-0.0320497239487482,-0.0462570138223622,106267.6,0.8112726738911954,-0.0557490525946857,0.41007334,0
2025-01-22,5566.6,5566.6,5490.8,5553.2,88153.0,-0.0039460467785908,-0.0039460467785908,0.0148762747176431,0.0280657582938388,-0.0480010971679352,5541.48,0.0021149584587512,5473.4800000000005,0.0145647741473431,5537.24,0.0028823023744681,5772.83,-0.0380454647027541,0.0130796847018764,0.0145945694291664,0.0140221919971323,55.17879161528976,5537.24,5878.3462770025335,5196.133722997466,0.5233944683461241,114.61428571428594,0.020639322501312,0.0280657582938388,-0.0480010971679352,-0.0404672218958426,103655.4,0.8504429098725199,0.0225142671553844,0.4003137,0
2025-01-23,5542.6,5680.0,5517.6,5521.0,130725.0,-0.0057984585464236,-0.0057984585464236,0.006967243014518,0.0247225212517168,-0.045437255783395,5549.12,-0.0050674701574303,5486.8,0.0062331413574396,5524.1,-0.0005611773863616,5768.153333333333,-0.0428479131969444,0.013267420695839,0.0145478358426509,0.0140322865157108,61.59669649002066,5524.1,5844.854964682426,5203.345035317575,0.4951676507905815,115.057142857143,0.0208399099542008,0.0247225212517168,-0.045437255783395,-0.0483659680088252,103686.2,1.2607753008597091,0.4829330822547162,0.6828743,1
2025-01-24,5530.8,5625.4,5521.2,5615.0,116184.0,0.0170259011048723,0.0170259011048723,0.0142335898269572,0.0564440263405456,-0.0358528795631718,5564.88,0.0090064835180632,5516.8,0.017800174013921,5513.660000000001,0.0183798057914341,5764.31,-0.0259024930997811,0.0126673601248191,0.015049065815794,0.0141792627230435,68.54716408856541,5513.660000000001,5805.644371607731,5221.675628392271,0.6735366852718844,116.07142857142864,0.0206716702709579,0.0564440263405456,-0.0358528795631718,-0.0394484740659641,102515.2,1.133334373829442,-0.1112335054503729,0.27823144,0
2025-01-27,5606.2,5635.6,5507.2,5512.6,93397.0,-0.0182368655387354,-0.0182368655387354,-0.008525179856115,0.0335220668191533,-0.0569013891740229,5555.4,-0.0077042157180399,5534.679999999999,-0.0039893905338699,5497.03,0.0028324386077573,5759.433333333333,-0.0428572255372344,0.014756130227416,0.0154287569501799,0.0143395713244459,56.43982002249723,5497.03,5743.91026588655,5250.149734113449,0.5315335046000711,119.20000000000007,0.0216231905090157,0.0335220668191533,-0.0569013891740229,-0.0504030868876178,102934.2,0.9073466350348088,-0.1961285547063278,0.7387007,1
2025-02-05,5543.6,5588.8,5518.4,5544.2,93531.0,0.0057323223161482,0.0057323223161482,-0.0055603386425598,0.0045660445732922,-0.0514952439608568,5549.2,-0.0009010307792114,5537.2,0.0012641768402803,5481.98,0.0113499137173065,5753.530000000001,-0.0363828814658132,0.0100000375171419,0.0155366046018311,0.0141956160913595,59.85623444843792,5481.98,5668.913408914576,5295.046591085423,0.6664228999013039,111.01428571428576,0.0200234994614706,0.0045660445732922,-0.0514952439608568,-0.0600501831005018,104398.0,0.8959079675855859,0.0014347355910788,0.6542313,1
2025-02-06,5542.8,5703.2,5529.0,5688.6,109202.0,0.0260452364633312,0.0260452364633312,0.0243823381113592,0.0396213311890054,0.0074024226110362,5576.280000000001,0.0201424605651079,5558.88,0.0233356359554444,5484.07,0.0372952934590551,5747.096666666666,-0.0101784727244885,0.0122514100053505,0.014930756718908,0.0140628269857891,67.61124121779864,5484.07,5679.503823501523,5288.636176498477,1.023271755972187,119.52857142857148,0.0210119487094489,0.0396213311890054,0.0074024226110362,-0.0635432785697823,108607.8,1.0054710619310951,0.1675487271599791,0.8218019,1
2025-02-07,5686.0,5850.0,5681.2,5783.0,141171.0,0.0165945926941601,0.0165945926941601,0.047455171164644,0.0547530458889617,0.0541378053226393,5628.68,0.0274167300326186,5588.9,0.0347295532215643,5498.92,0.0516610534432215,5742.176666666666,0.0071093830272261,0.0128470537173777,0.0136801365783244,0.0142440362005104,76.72453174965742,5498.92,5735.726948688952,5262.113051311048,1.0998134800789603,122.52857142857148,0.0211877176947209,0.0547530458889617,0.0541378053226393,-0.0485670099700569,110697.0,1.275292013333695,0.2927510485155948,0.53614587,0
2025-02-10,5753.4,5836.0,5753.4,5817.4,92141.0,0.0059484696524294,0.0059484696524294,0.0360463045414067,0.050792962681984,0.0800564405332144,5669.16,0.0261484946623484,5617.02,0.0356737202288757,5520.48,0.053785178100455,5736.0,0.0141910739191073,0.0127610358596849,0.0127720502093438,0.0140577486856695,77.13195691202876,5520.48,5790.292922323291,5250.667077676708,1.050233097516783,121.24285714285718,0.0208414166367891,0.050792962681984,0.0800564405332144,-0.0598901098901099,105888.4,0.8701708591309342,-0.3473092915683816,0.284241,0
2025-02-11,5821.4,5821.4,5756.0,5795.0,85636.0,-0.0038505174132773,-0.0038505174132773,0.0512280956354531,0.0422661870503597,0.0790630120661404,5725.639999999999,0.0121139296218415,5640.52,0.0273875458291079,5541.71,0.0457061087642622,5730.013333333334,0.0113414512124461,0.0130700834405207,0.0127996234731678,0.0140504822849118,68.94563426688639,5541.71,5828.109896354001,5255.310103645999,0.9421963890778164,110.05714285714286,0.0189917416492049,0.0422661870503597,0.0790630120661404,-0.0583666439179746,104336.2,0.820769780766407,-0.0705983221367252,0.73773783,1
2025-02-12,5791.6,5886.2,5781.8,5875.8,102061.0,0.0139430543572045,0.0139430543572045,0.0598102521554058,0.0539173482565649,0.0838959601549529,5791.960000000001,0.0144752380886608,5670.58,0.0361903015211848,5564.45,0.0559534185768584,5724.336666666667,0.0264595432018033,0.0134043916703249,0.0129416185106129,0.0141100394650453,76.50918635170609,5564.45,5881.117300091707,5247.782699908293,0.9916042798069664,113.0285714285714,0.0192362863658687,0.0539173482565649,0.0838959601549529,-0.0547905540184028,106042.2,0.962456456014681,0.1918001774954458,0.30876413,0
2025-02-13,5859.0,5885.8,5821.0,5843.4,104672.0,-0.0055141427550291,-0.0055141427550291,0.027212319375593,0.0522581574587623,0.0817905805687202,5822.92,0.0035171357325876,5699.6,0.0252298406905746,5586.539999999999,0.0459783694379707,5719.073333333333,0.0217389530471721,0.0135337167199317,0.0130092377669382,0.0140810065170824,73.01506254786827,5586.539999999999,5916.724945941389,5256.355054058609,0.8889638264210796,107.37142857142857,0.0183748209212835,0.0522581574587623,0.0817905805687202,-0.0512728925834524,105136.2,0.9955847747968826,0.0255827397340806,0.74874806,1
2025-02-14,5850.6,5900.2,5824.6,5892.6,107886.0,0.0084197556217271,0.0084197556217271,0.0189521009856477,0.0673066473464951,0.0936931586176175,5844.839999999999,0.0081713100786335,5736.76,0.0271651594279698,5611.780000000001,0.0500411634098272,5714.636666666667,0.0311416707157234,0.0129869692329469,0.0129487044016802,0.0141308159003543,72.86960985626287,5611.780000000001,5954.9199751214055,5268.640024878596,0.9091916132777068,104.49999999999991,0.0177341071852832,0.0673066473464951,0.0936931586176175,-0.0432227057218937,98479.2,1.095520678478298,0.0307054417609293,0.22698875,0
2025-02-17,5881.8,5926.2,5828.0,5875.2,108748.0,-0.002952856124631,-0.002952856124631,0.0099357101110462,0.0463401602849509,0.1053998118532455,5856.4,0.0032101632402159,5762.780000000001,0.0195079458178168,5639.79,0.0417409158851658,5712.133333333333,0.0285474195280222,0.0127411218281286,0.0123753405825022,0.0138629498322268,70.39337474120082,5639.79,5972.216320447582,5307.363679552418,0.8540784611805732,105.25714285714275,0.0179154995331465,0.0463401602849509,0.1053998118532455,-0.0249278056228632,101800.6,1.0682451773368722,0.0079899152809446,0.4000571,0
2025-02-18,5862.4,5883.0,5750.2,5786.4,115860.0,-0.0151143790849673,-0.0151143790849673,-0.0014840379637619,0.0496680332329571,0.0848550751809216,5854.68,-0.0116624648998751,5790.16,-0.0006493775646959,5662.42,0.0218952320739187,5710.47,0.0132966288238971,0.0121431480493573,0.0131757953183321,0.013677629726872,62.47637051039696,5662.42,5967.648732868358,5357.191267131642,0.703093592852333,108.75714285714275,0.0187953032726985,0.0496680332329571,0.0848550751809216,-0.0169549114878869,107845.4,1.0743156407227383,0.0653989038878875,0.71808326,1
2025-02-19,5780.6,5885.0,5771.0,5875.0,115182.0,0.0153117655191483,0.0153117655191483,-0.0001361516729636,0.0596659572165507,0.0645044392100018,5854.52,0.0034981518553187,5823.24,0.0088885225407162,5680.22,0.0342909253514829,5711.886666666667,0.0285568224392873,0.0125837550219632,0.0114017879200379,0.0136545889352767,67.62322015334064,5680.22,5991.690506164755,5368.749493835246,0.8126780805001316,110.8714285714285,0.0188717325227963,0.0596659572165507,0.0645044392100018,0.0146804835924005,110469.6,1.0426578895913443,-0.0058518902123252,0.23629461,0
2025-02-20,5872.6,5904.6,5839.8,5874.6,104413.0,-6.8085106382898e-05,-6.8085106382898e-05,0.0053393572235342,0.0326969728931547,0.0736138016740377,5860.76,0.0023614684784909,5841.84,0.0056078221930078,5700.36,0.0305664905374398,5712.17,0.0284357783469328,0.0104662006536286,0.0110955591445536,0.0135732035347071,70.0635497049478,5700.36,6007.14235316023,5393.577646839769,0.7839798283785184,103.89999999999996,0.0176863105573145,0.0326969728931547,0.0736138016740377,0.0029022125102431,110417.8,0.945617463850937,-0.093495511451442,0.7016478,1
2025-02-21,5886.0,5999.6,5864.8,5981.8,122479.0,0.0182480509311271,0.0182480509311271,0.0151376302481076,0.0343766211309009,0.0910118917341504,5878.6,0.0175552002177388,5861.719999999999,0.0204854547811905,5725.31,0.0447993209101342,5713.486666666667,0.0469614001024476,0.0107102765436471,0.0115563807513257,0.0137399249563983,70.50536672629696,5725.31,6038.686947393864,5411.933052606135,0.9092355901304282,106.07142857142856,0.0177323595859822,0.0343766211309009,0.0910118917341504,0.0133834790269025,113336.4,1.0806678172237694,0.1730244318236236,0.19109336,0
2025-02-24,5984.4,5984.4,5905.8,5940.6,102600.0,-0.0068875589287504,-0.0068875589287504,0.0111315359477124,0.0211778457730258,0.0730464939850439,5891.68,0.0083032343915487,5874.039999999999,0.0113312132705942,5745.530000000001,0.0339516110785254,5714.259999999999,0.0396096782435522,0.0111365551776568,0.0117505997533276,0.0137696479619606,75.68410945751319,5745.530000000001,6059.715497336914,5431.344502663087,0.8104376262644905,102.51428571428563,0.0172565541720172,0.0211778457730258,0.0730464939850439,0.0078721454989652,112106.8,0.9151987212194086,-0.1623053747989451,0.44196495,0
2025-02-25,5929.6,5942.4,5863.8,5894.2,98338.0,-0.0078106588560079,-0.0078106588560079,0.0186298907783768,0.0171182053494391,0.0601079136690647,5913.24,-0.0032198929859096,5883.96,0.0017403245433347,5762.24,0.0229008163491974,5718.0,0.030814970269325,0.0114400552860377,0.0120213770080029,0.0128678678853745,70.63679245283014,5762.24,6070.36895728216,5454.11104271784,0.71413112413054,102.68571428571418,0.0174214845586702,0.0171182053494391,0.0601079136690647,0.0395781156301808,108602.4,0.9054864349222486,-0.0415399610136452,0.6772398,1
2025-02-26,5898.0,5967.6,5864.2,5930.8,117204.0,0.006209494078925,0.006209494078925,0.0094978723404255,0.0093604275162531,0.0637824652030421,5924.4,0.0010802781716292,5889.460000000001,0.0070193192584717,5780.02,0.0260864149258999,5722.7,0.0363639540776208,0.0107663334374377,0.0120425647733298,0.0128736338419276,66.3604431234801,5780.02,6083.71214051491,5476.327859485091,0.7482448175055707,97.62857142857138,0.0164612820241065,0.0093604275162531,0.0637824652030421,0.0499221073502336,109006.8,1.075198978412356,0.1918485224430026,0.25570983,0
2025-02-27,5923.8,5944.8,5823.8,5914.8,123943.0,-0.0026977810750657,-0.0026977810750657,0.0068430190991726,0.012218913646165,0.0651156090182238,5932.4400000000005,-0.0029734814005705,5896.6,0.0030865244378115,5798.1,0.0201272830754901,5727.756666666666,0.0326556004765101,0.010613205109072,0.0120069527730681,0.0128447505309341,59.957691145361125,5798.1,6087.661541499887,5508.538458500114,0.7015115671016097,94.21428571428564,0.0159285665980735,0.012218913646165,0.0651156090182238,0.0540685034037853,112912.8,1.097687773219688,0.0574980376096379,0.39704764,0
2025-02-28,5894.2,5895.6,5742.0,5771.8,124661.0,-0.0241766416446879,-0.0241766416446879,-0.0351064896853789,-0.0205002884974374,0.0454265531606592,5890.4400000000005,-0.0201411100019693,5884.52,-0.0191553431715756,5810.639999999999,-0.0066842895102775,5728.506666666667,0.0075575251723543,0.0129256235567441,0.0133609755081033,0.0129852019846718,47.04049844236765,5810.639999999999,6069.800672780016,5551.479327219983,0.4250657910720739,100.65714285714276,0.0174394717171667,-0.0205002884974374,0.0454265531606592,0.0078577914367534,113349.2,1.0997960285560022,0.0057929854852634,0.7710311,1
2025-03-03,5762.2,5865.4,5755.2,5779.0,118508.0,0.0012474444713954,0.0012474444713954,-0.0272026394640272,-0.0163739106753811,0.0292074799643811,5858.12,-0.0135060394802427,5874.9,-0.0163236821052272,5818.839999999999,-0.0068467254641817,5730.146666666667,0.0085256689183055,0.0129592003775231,0.0129042471415891,0.0129401258200558,48.940677966101696,5818.839999999999,6061.809128643301,5575.8708713566975,0.4180142756767927,103.8571428571428,0.0179714730675104,-0.0163739106753811,0.0292074799643811,0.0173221138612118,116530.8,1.0169671880738826,-0.0493578585122853,0.6829652,1
2025-03-04,5777.4,5847.8,5744.0,5825.0,98810.0,0.0079598546461325,0.0079598546461325,-0.0117403549251806,0.0066708143232407,0.0566701737836954,5844.280000000001,-0.0032989521378169,5878.76,-0.0091447856350659,5834.46,-0.0016214011236687,5730.903333333334,0.0164191683568208,0.012318778557511,0.0120976753750322,0.0127853765002211,46.47418101054969,5834.46,6030.089514509875,5638.830485490125,0.4758216442347647,103.81428571428567,0.0178221949724095,0.0066708143232407,0.0566701737836954,0.0078552148937642,116625.2,0.847243991864537,-0.1662166267256218,0.6017583,1
2025-03-05,5830.0,5845.8,5762.6,5826.8,106847.0,0.0003090128755365,0.0003090128755365,-0.0175355769879274,-0.0082042553191489,0.0509721871505357,5823.4800000000005,0.0005701058473626,5873.9400000000005,-0.0080252777522412,5848.59,-0.0037256843102354,5730.240000000001,0.0168509521416204,0.0112097155480743,0.012089960394459,0.0126360966802695,48.79675268193684,5848.59,5988.966544749434,5708.213455250566,0.4223873189110969,105.12857142857138,0.0180422481342368,-0.0082042553191489,0.0509721871505357,-0.0067841680019091,114553.8,0.9327233142855148,0.08133792126303,0.66368836,1
2025-03-06,5825.4,5966.0,5825.4,5943.0,119388.0,0.0199423354156655,0.0199423354156655,0.0047677013593021,0.0116433459299356,0.0447210209893469,5829.120000000001,0.0195363965744399,5880.78,0.0105802291532757,5861.31,0.0139371573931426,5731.676666666667,0.036869374464598,0.0129925336264363,0.0115300084083624,0.0128941008036537,53.32980972515853,5861.31,5985.857144318507,5736.762855681492,0.8279481053017659,109.7714285714286,0.0184707098387058,0.0116433459299356,0.0447210209893469,0.0147179347083732,113642.8,1.050554896570658,0.1173734405271089,0.21642828,0
2025-03-07,5948.2,5952.4,5888.0,5911.2,100408.0,-0.0053508329126703,-0.0053508329126703,0.0241519110156276,-0.0118024674847037,0.0221684246930657,5857.0,0.0092538842410789,5873.72,0.0063809647037991,5867.719999999999,0.0074100331985849,5733.34,0.0310220569510966,0.0116307136404849,0.0111306602314019,0.0128723174587487,52.33402489626555,5867.719999999999,5988.4343230502245,5747.005676949774,0.680094618854425,107.35714285714286,0.0181616495562902,-0.0118024674847037,0.0221684246930657,0.0171731424441614,108792.2,0.9229338132697014,-0.1589774516701846,0.45784515,0
2025-03-10,5905.2,5925.4,5832.8,5875.2,103292.0,-0.0060901339829476,-0.0060901339829476,0.0166464786295206,-0.0110089889910111,0.0099357101110462,5876.24,-0.0001769839216914,5867.18,0.0013669258485335,5870.610000000001,0.0007818608287724,5734.193333333333,0.0245904974718909,0.011589479088343,0.011183228900388,0.0128968423697008,56.1804008908686,5870.610000000001,5988.997017424789,5752.222982575212,0.5193855715763567,104.48571428571424,0.0177841970121381,-0.0110089889910111,0.0099357101110462,0.0087912087912087,105749.0,0.9767657377374728,0.0287228109313999,0.63680965,1
2025-03-11,5874.0,5917.2,5815.4,5916.8,106285.0,0.0070806100217866,0.0070806100217866,0.0157596566523605,0.0038342777645821,0.0210181190681622,5894.6,0.003766158857259,5869.4400000000005,0.0080689128775486,5876.7,0.0068235574386985,5734.306666666667,0.0318248297382071,0.0115803674305918,0.0112236897818292,0.0127876969853569,53.112898421209415,5876.7,5991.176786890803,5762.223213109197,0.6751446781881244,103.61428571428569,0.0175118790079579,0.0038342777645821,0.0210181190681622,0.0011505922165822,107244.0,0.991057774793928,0.0289761065716609,0.41829214,0
2025-03-12,5903.4,5979.0,5902.6,5919.2,108918.0,0.0004056246619794,0.0004056246619794,0.0158577606919749,-0.0019558912794227,0.0073862282582797,5913.08,0.0010349936073923,5868.280000000001,0.0086771592357555,5878.870000000001,0.006860161901862,5735.19,0.0320843773266448,0.0114033549828263,0.0108089614184908,0.0127496422375409,53.31155331155327,5878.870000000001,5994.909650210836,5762.830349789166,0.6737768078700793,104.44285714285706,0.0176447589442588,-0.0019558912794227,0.0073862282582797,0.0090348095871262,107658.2,1.0117018489998904,0.0247730159476877,0.32271194,0
2025-03-13,5926.4,5926.4,5816.8,5869.6,121768.0,-0.0083795107446951,-0.0083795107446951,-0.0123506646474843,-0.0076418475688103,0.0044836910018142,5898.4,-0.0048826800488266,5863.76,0.0009959479924144,5880.179999999999,-0.0017992646483608,5734.070000000001,0.0236359165479318,0.011683231789933,0.010910319652549,0.0127015714960999,40.88989931796039,5880.179999999999,5995.119977013177,5765.240022986822,0.4539759782673959,102.642857142857,0.0174871979594618,-0.0076418475688103,0.0044836910018142,-0.0113192292143915,108134.2,1.1260822200561895,0.1179786628472796,0.5666794,1
2025-03-14,5851.6,6005.8,5851.6,6005.2,143707.0,0.0231020853209757,0.0231020853209757,0.0159020165110299,0.040437991614401,0.0191087126226112,5917.2,0.0148718988710876,5887.1,0.0200608109255828,5885.81,0.0202843788705378,5734.513333333334,0.0472030756460586,0.0106501635223369,0.0119328642840228,0.013020090227117,54.54801464376228,5885.81,6013.621537243833,5757.998462756166,0.9670548628651312,108.04285714285705,0.0179915501803198,0.040437991614401,0.0191087126226112,0.0044492021543505,116794.0,1.2304313577752282,0.1801704881413837,0.16583645,0
2025-03-17,6024.2,6024.2,5981.2,5981.2,101577.0,-0.0039965363351761,-0.0039965363351761,0.0180419389978212,0.0349887523793044,0.0180419389978212,5938.4,0.0072073285733531,5907.32,0.0125065173378113,5891.110000000001,0.0152925340046272,5733.6,0.0431840379517229,0.0109274856670338,0.0119533911330678,0.0129711776074051,56.324512939808095,5891.110000000001,6025.681349105224,5756.538650894777,0.8347294970252405,105.49999999999991,0.0176386009496422,0.0349887523793044,0.0180419389978212,-0.0090788601722995,116451.0,0.8722724579436845,-0.293165955729366,0.6141721,1
2025-03-18,5990.6,6056.4,5987.4,6005.2,104494.0,0.0040125727278808,0.0040125727278808,0.0149405083829097,0.0309356223175965,0.0378128024332919,5956.08,0.0082470349625929,5925.339999999999,0.0134777076083398,5902.05,0.017476978338035,5734.736666666667,0.0471622934153908,0.0108191702418727,0.0113493419512594,0.0128021486148371,55.50947867298577,5902.05,6036.354093287153,5767.745906712848,0.8840165905422438,103.48571428571417,0.0172326840547715,0.0309356223175965,0.0378128024332919,0.0114872831396328,116092.8,0.9000902726094986,0.0287171308465499,0.37991217,0
2025-03-19,6005.6,6005.6,5951.0,5983.8,112023.0,-0.0035635782321986,-0.0035635782321986,0.01091363697797,0.0269444635134208,0.0185191489361702,5969.0,0.0024794772993801,5941.04,0.0071973930490285,5907.49,0.0129174996487511,5737.026666666667,0.0430141513490147,0.0109981374990565,0.0109549447604993,0.0126497875335825,55.069056714663546,5907.49,6045.930972030834,5769.049027969166,0.7756048259434511,98.74285714285703,0.0165016974402314,0.0269444635134208,0.0185191489361702,0.0235016420361249,116713.8,0.9598093798676764,0.0720519838459623,0.34477603,0
2025-03-20,5969.8,5982.0,5926.2,5931.8,114269.0,-0.0086901300177144,-0.0086901300177144,0.0105969742401526,-0.0018845700824499,0.0097368331460865,5981.44,-0.0082990049218916,5939.92,-0.001367021778071,5910.35,0.0036292266955424,5739.39,0.0335244686281992,0.0096610196907045,0.0111657643073513,0.0126374195030664,63.56852103120764,5910.35,6048.2925280782965,5772.407471921704,0.5777497712229285,90.51428571428563,0.0152591600718644,-0.0018845700824499,0.0097368331460865,0.0244905008635578,115214.0,0.9917978717864148,0.0200494541299554,0.3328526,0
2025-03-21,5935.6,5943.6,5802.4,5823.2,142929.0,-0.0183081020937996,-0.0183081020937996,-0.0303070672084193,-0.0148869941805386,-0.0265137584004815,5945.04,-0.02049439532787,5931.12,-0.0181955515990234,5902.42,-0.0134216135076798,5739.356666666666,0.0146084898017027,0.0111851827822665,0.0111069900421952,0.0128448210201684,53.19826338639652,5902.42,6041.299722289317,5763.540277710683,0.2147891762234106,92.7285714285714,0.0159239887739681,-0.0148869941805386,-0.0265137584004815,-0.0003433358511295,115058.4,1.242230032748587,0.2508116812083767,0.26599038,0
2025-03-24,5813.2,5842.0,5749.2,5813.8,102837.0,-0.0016142327242752,-0.0016142327242752,-0.0279876947769677,-0.0104507080610021,-0.0213446453220214,5911.56,-0.0165370900405308,5924.9800000000005,-0.0187646203025158,5896.08,-0.0139550345314174,5738.843333333334,0.0130612847071969,0.0110674815203382,0.011029289695144,0.0128394446893298,49.14425427872862,5896.08,6039.135287067255,5753.0247129327445,0.2124188777401951,91.94285714285714,0.0158145889337192,-0.0104507080610021,-0.0213446453220214,-0.0052698217157718,115310.4,0.8918276235274529,-0.28050290703776,0.45741397,0
2025-03-25,5790.6,5842.4,5774.0,5807.2,93307.0,-0.0011352299700713,-0.0011352299700713,-0.0329714247652035,-0.0185235262303948,-0.0147602728105595,5871.96,-0.0110286854815088,5914.02,-0.0180621641455388,5891.7300000000005,-0.0143472290821202,5738.1466666666665,0.0120340830140277,0.0107002312634208,0.0109133853898787,0.0128398646001695,48.51334951456308,5891.7300000000005,6040.213947032385,5743.246052967616,0.2153564351924023,90.88571428571426,0.0156505225040835,-0.0185235262303948,-0.0147602728105595,-0.0071465207727816,113073.0,0.8251925747083743,-0.0926709258340869,0.64856684,1
2025-03-26,5800.4,5856.2,5800.4,5807.6,88005.0,6.88800110208998e-05,6.88800110208998e-05,-0.0294461713292556,-0.0188538991755641,-0.0207729142780063,5836.72,-0.0049891034690716,5902.86,-0.0161379399138721,5885.57,-0.0132476548575583,5738.943333333334,0.0119632940558744,0.0106929877576932,0.0107948961704121,0.0126836074361051,37.54140596245862,5885.57,6037.413424896209,5733.72657510379,0.243255264252322,84.8285714285714,0.0146064762429525,-0.0188538991755641,-0.0207729142780063,0.0082988992673356,108269.4,0.8128335429955279,-0.0568231751101203,0.6028233,1
2025-03-27,5820.2,5874.8,5746.0,5832.0,103103.0,0.004201391280391,0.004201391280391,-0.0168245726423682,-0.0064058879651084,-0.0139987827145465,5816.76,0.0026200152662305,5899.1,-0.0113746164669187,5881.429999999999,-0.0084044186532865,5738.923333333334,0.0162184892985151,0.0105789430122231,0.0108476804098197,0.0125881998882359,42.61194029850747,5881.429999999999,6034.428508420662,5728.431491579337,0.338462477476925,89.42857142857143,0.015334117185969,-0.0064058879651084,-0.0139987827145465,-0.0002057189878625,106036.2,0.9723377488065396,0.1715584341798761,0.3830401,0
2025-03-28,5833.4,5849.4,5763.2,5777.8,88771.0,-0.0092935528120713,-0.0092935528120713,-0.0077964006044786,-0.0378671817757942,0.0010395370594962,5807.68,-0.0051449115653755,5876.36,-0.0167722876066135,5881.7300000000005,-0.0176699712499553,5738.823333333334,0.0067917523162412,0.0068033264930594,0.009585809202921,0.0125981337791141,41.21255864308915,5881.7300000000005,6033.844376634648,5729.615623365353,0.1583820599363132,88.9714285714286,0.0153988418725862,-0.0378671817757942,0.0010395370594962,-0.0010373802690273,95204.6,0.9324234333214992,-0.1390066244435176,0.3336353,0
2025-03-31,5755.8,5783.4,5659.0,5724.4,112190.0,-0.0092422721451072,-0.0092422721451072,-0.0153772059582374,-0.0429345281883234,-0.0094480013843225,5789.8,-0.0112957269681164,5850.68,-0.021583815898323,5879.0,-0.0262969892838919,5737.166666666667,-0.002225256369288,0.0070163381954958,0.0098039471120154,0.012621791606117,33.00353356890452,5879.0,6040.544805582002,5717.455194417998,0.021494982636492,90.58571428571427,0.0158244906515467,-0.0429345281883234,-0.0094480013843225,-0.0170678938150349,97075.2,1.1557019712552743,0.2638136328305416,0.69482464,1
2025-04-01,5715.0,5794.0,5715.0,5749.6,85720.0,0.0044022080916779,0.0044022080916779,-0.0099187215869953,-0.0425631119696262,-0.0129442060085835,5778.280000000001,-0.0049634147185668,5825.120000000001,-0.0129645397863048,5875.2300000000005,-0.0213829926658191,5735.573333333334,0.0024455561548046,0.0070688625870054,0.0096751565378792,0.0126259346814565,35.59782608695657,5875.2300000000005,6045.371453224262,5705.088546775739,0.130807197131411,90.7714285714286,0.0157874336599813,-0.0425631119696262,-0.0129442060085835,-0.0163553000752753,95557.8,0.8970486972282744,-0.2359390319992869,0.608939,1
2025-04-02,5753.0,5806.4,5743.6,5770.4,71593.0,0.0036176429664671,0.0036176429664671,-0.0064053998209244,-0.0356629566496207,-0.0096794123704263,5770.839999999999,-7.62453992831924e-05,5803.780000000001,-0.0057514240718981,5872.41,-0.0173710623066168,5734.326666666667,0.0062907705525436,0.0075052568153223,0.0097198261903993,0.0126355228012989,41.14285714285708,5872.41,6047.72226756247,5697.09773243753,0.2090620028525658,87.42857142857143,0.0151512150680319,-0.0356629566496207,-0.0096794123704263,-0.01279682474509,92275.4,0.7758622558124918,-0.1648040130657956,0.32804748,0
2025-04-03,5769.4,5786.6,5692.6,5726.6,104762.0,-0.0075904616664355,-0.0075904616664355,-0.0180727023319615,-0.0345932094811017,-0.0364125862359077,5749.76,-0.0040279942119323,5783.26,-0.0097972423857823,5861.59,-0.0230295875351226,5735.656666666667,-0.0015790112960037,0.0074300583242077,0.008561626341473,0.0118756697578435,20.24775736864593,5861.59,6045.079290093313,5678.100709906687,0.1321583675773361,83.12857142857145,0.0145162175511772,-0.0345932094811017,-0.0364125862359077,0.0141318977119784,92607.2,1.1312511338211284,0.4632994845864819,0.36186925,0
2025-04-08,5151.2,5250.8,5076.6,5165.2,191988.0,0.0027178133250505,-0.0980337372961269,-0.1060265152826336,-0.1129962906992718,-0.126201109757748,5627.24,-0.082107747314847,5717.46,-0.0965918432310851,5824.29,-0.1131622910260307,5730.31,-0.0986177013110984,0.0308765936388091,0.023179137218502,0.0170154957022644,9.427207637231518,5824.29,6183.996487950503,5464.583512049497,-0.4161497249539365,126.4857142857143,0.0244880574393468,-0.1129962906992718,-0.126201109757748,-0.0584761210353628,113250.6,1.6952492966924677,0.8326110612626716,0.8114683,1
2025-04-09,5125.2,5329.2,4993.2,5283.6,194816.0,0.022922636103152,0.022922636103152,-0.0770037034449023,-0.0911968075957204,-0.1006944444444443,5539.08,-0.0461231829112415,5664.4400000000005,-0.0672334776253257,5794.71,-0.0882028608851865,5728.6,-0.0776804105715183,0.0326690340626473,0.0240928528933138,0.0171329983299029,17.200000000000045,5794.71,6226.804267979865,5362.615732020136,-0.0914334415838828,145.11428571428573,0.027465040070082,-0.0911968075957204,-0.1006944444444443,-0.0190486799598974,129775.8,1.5011735624053175,0.0147300872971227,0.7306516,1
2025-04-10,5300.2,5488.4,5300.2,5399.0,135247.0,0.0218411688999924,0.0218411688999924,-0.0609781550020871,-0.0702920512467282,-0.0875135208220659,5468.96,-0.0127921944940171,5623.620000000001,-0.0399422436082097,5768.820000000001,-0.0641066977302118,5729.076666666666,-0.057614286886252,0.0340625287276239,0.0247008511330778,0.0173622970517726,25.510887772194323,5768.820000000001,6231.108474986417,5306.5315250135845,0.1000116593747362,155.8428571428571,0.0288651337549281,-0.0702920512467282,-0.0875135208220659,0.0053254878593773,139681.2,0.9682548546261056,-0.3057705732588699,0.8843875,1
2025-04-11,5417.6,5504.0,5381.6,5442.6,107233.0,0.0080755695499166,0.0080755695499166,-0.0568071537501732,-0.062848681038639,-0.0805176375185835,5403.400000000001,0.0072546914905429,5587.120000000001,-0.0258666361202194,5744.99,-0.0526354266935189,5729.4366666666665,-0.0500636769990766,0.034332624066331,0.0248363292911722,0.0173510972025382,29.369095816464267,5744.99,6223.490613869708,5266.489386130292,0.1840233938734948,160.47142857142848,0.0294843325931408,-0.062848681038639,-0.0805176375185835,0.0039845047039293,146809.2,0.7304242513411966,-0.2071321360178044,0.5451892,0
2025-04-14,5493.2,5514.0,5453.6,5455.0,85546.0,0.0022783228603975,0.0022783228603975,-0.0474277931058569,-0.0646433470507544,-0.0706351369769661,5349.08,0.0198015359650631,5549.42,-0.0170143906930814,5724.26,-0.0470383944824309,5730.326666666667,-0.0480472899159908,0.0342750321889975,0.0248490443235272,0.0173458415213764,33.10078942537177,5724.26,6215.77652925036,5232.74347074964,0.2260926296714129,155.4857142857141,0.0285033390074636,-0.0646433470507544,-0.0706351369769661,0.0098859597156397,142966.0,0.5983660450736539,-0.202241847192562,0.30228883,0
2025-04-15,5463.2,5468.6,5399.2,5435.2,92479.0,-0.0036296975252062,-0.0036296975252062,0.0522729032757685,-0.0592959257849008,-0.0949177379604343,5403.08,0.0059447574346482,5515.16,-0.0144982194532887,5695.76,-0.0457463095355141,5731.116666666667,-0.0516333349812573,0.0342632320467921,0.0240578328953288,0.017349412647371,32.787779596290235,5695.76,6184.78239061859,5206.73760938141,0.2335909306009441,153.81428571428555,0.0282996551579124,-0.0592959257849008,-0.0949177379604343,0.0087976539589442,123064.2,0.7514695581655754,0.0810441166156219,0.13974592,0
2025-04-16,5427.0,5427.0,5333.2,5384.8,113850.0,-0.0092728878422136,-0.0092728878422136,0.0191536073889013,-0.0593249947592759,-0.0997124322878351,5423.320000000001,-0.0071026603630249,5481.2,-0.0175873896227103,5665.94,-0.0496193041225285,5732.280000000001,-0.0606181135603983,0.0342636013948061,0.0240788200770626,0.017300779342506,31.532004197271803,5665.94,6154.410060064026,5177.469939935973,0.2122239181218712,156.21428571428558,0.0290102298533437,-0.0593249947592759,-0.0997124322878351,0.0131326434619003,106871.0,1.0653030288852916,0.2310903015819807,0.7269402,1
2025-04-17,5371.8,5459.4,5367.6,5410.8,117247.0,0.0048284058832268,0.0048284058832268,0.0021855899240601,-0.0589258383191874,-0.09898088323453,5425.68,-0.0027425133808112,5447.32,-0.0067042141823868,5636.219999999999,-0.0399948901923628,5733.5633333333335,-0.0562936719399047,0.0342776031213679,0.0240954837304047,0.0173055884420448,33.03113239822099,5636.219999999999,6109.883827491281,5162.556172508717,0.2620464273217611,158.78571428571408,0.0293460697652314,-0.0589258383191874,-0.09898088323453,0.0144362368292774,103271.0,1.135333249411742,0.0298375054896793,0.28992903,0
2025-04-18,5426.4,5442.2,5370.2,5400.0,97876.0,-0.0019960079840319,-0.0019960079840319,-0.0078271414397531,-0.0641896575627338,-0.0975634212373408,5417.16,-0.0031677114945838,5410.280000000001,-0.0019000865019925,5607.03,-0.0369232909401233,5731.58,-0.057851412699465,0.0341575165293526,0.024102631707321,0.0167099683786005,31.30841121495328,5607.03,6062.093827102143,5151.966172897856,0.2725264153400509,154.72857142857123,0.0286534391534391,-0.0641896575627338,-0.0975634212373408,-0.0215618771516579,101399.6,0.9652503560171836,-0.165215314677561,0.7925119,1
2025-04-21,5414.6,5507.6,5368.4,5485.2,87317.0,0.0157777777777776,0.0157777777777776,0.0055362053162235,-0.0421541577899626,-0.0752891196601369,5423.2,0.0114323646555538,5386.14,0.0183916496786193,5584.7,-0.0178165344602216,5731.803333333333,-0.0430236906244166,0.0348336574716003,0.024513769527501,0.0167993266037248,37.67065565481206,5584.7,6015.864660205975,5153.535339794024,0.3846148476634576,158.51428571428556,0.0288985425716994,-0.0421541577899626,-0.0752891196601369,0.0024489199166635,101753.8,0.8581202864168218,-0.107881400956312,0.3158711,0
2025-04-22,5493.6,5500.2,5454.8,5471.4,72371.0,-0.0025158608619558,-0.0025158608619558,0.0066602884898439,0.0592813443816309,-0.0604135183404314,5430.4400000000005,0.0075426668925535,5416.76,0.0100872108049829,5567.11,-0.0171920439869159,5731.613333333333,-0.0453996664115513,0.0111286271946959,0.0242683590209012,0.0168011529249992,38.97122929380994,5567.11,5985.831250827738,5148.388749172262,0.3857115565417348,152.87142857142842,0.0279400936819513,0.0592813443816309,-0.0604135183404314,-0.0020792295907201,97732.2,0.7405031299817256,-0.1711694171810758,0.37511224,0
2025-04-23,5482.6,5546.0,5461.2,5480.8,87116.0,0.0017180246372043,0.0017180246372043,0.0178279601842221,0.0373230373230373,-0.0572775121263201,5449.639999999999,0.0057178088827887,5436.48,0.008152333863088,5550.460000000001,-0.0125503111453826,5730.69,-0.0436055693118977,0.0093952922337567,0.0242884706529589,0.0167550762008692,38.11881188118811,5550.460000000001,5954.089472608114,5146.830527391888,0.4137079862505058,153.28571428571416,0.0279677627874971,0.0373230373230373,-0.0572775121263201,-0.0100068639138758,92385.4,0.9429628491081924,0.2037418302911386,0.47986192,0
2025-04-24,5481.4,5500.0,5428.0,5463.0,75303.0,-0.0032477010655379,-0.0032477010655379,0.0096473719228209,0.0118540470457491,-0.0592712494833999,5460.08,0.0005347906990373,5442.879999999999,0.0036965724028457,5533.25,-0.0126959743369629,5729.073333333333,-0.0464426475020391,0.0070804345975069,0.0242861349150992,0.0167503977073747,36.37652898422268,5533.25,5919.776967807053,5146.723032192947,0.4091266511123907,153.94285714285706,0.0281791794147642,0.0118540470457491,-0.0592712494833999,-0.0174460431654676,83996.6,0.8965005726422259,-0.1356008081179117,0.50512135,0
2025-04-25,5460.4,5527.6,5450.8,5481.6,80942.0,0.0034047226798463,0.0034047226798463,0.015111111111111,0.0071656928673795,-0.0561333425167022,5476.4,0.0009495288875904,5446.780000000001,0.006392767837144,5516.95,-0.0064075258974614,5727.513333333333,-0.042935444934218,0.0067215536146294,0.0243179799635107,0.0167525792407669,38.8939256572983,5516.95,5881.641855507761,5152.258144492239,0.4515344263024717,152.71428571428564,0.0278594362438495,0.0071656928673795,-0.0561333425167022,-0.0167886353852775,80609.8,1.004121087014234,0.0748841347622273,0.41693395,0
2025-04-28,5483.2,5491.2,5429.2,5454.2,68008.0,-0.0049985405720958,-0.0049985405720958,-0.0056515715014949,-0.0001466544454629,-0.0647805212620027,5470.2,-0.0029249387590947,5446.7,0.0013769805570345,5498.06,-0.0079773592867301,5725.863333333334,-0.0474449558989358,0.0069266216025592,0.0242697635268828,0.0167571837347038,75.39543057996477,5498.06,5831.872152659497,5164.247847340502,0.4343043690132835,110.71428571428564,0.0202989046449132,-0.0001466544454629,-0.0647805212620027,-0.0178275588849672,76748.0,0.886120810965758,-0.159793432334264,0.40042993,0
2025-04-29,5457.6,5486.8,5424.6,5468.6,64920.0,0.00264016721059,0.00264016721059,-0.0005117520195926,0.0061451280541655,-0.0535151787877739,5469.64,-0.0001901404845656,5450.04,0.0034054795928104,5482.6,-0.0025535329952941,5724.990000000001,-0.0447843577019348,0.0068441530181032,0.0242548180460949,0.0167444348267643,69.8924731182795,5482.6,5789.4098399575005,5175.7901600425,0.4771845648725945,91.15714285714276,0.0166691919059983,0.0061451280541655,-0.0535151787877739,-0.0094910342329287,75257.8,0.8626348365219286,-0.0454064227737913,0.29634145,0
2025-04-30,5468.0,5511.0,5465.4,5475.8,72439.0,0.0013166075412354,0.0013166075412354,-0.0009122755802072,0.016899420591294,-0.0434281322059952,5468.640000000001,0.0013092834781589,5459.14,0.0030517627318589,5470.17,0.0010292184703584,5722.67,-0.0431389543692017,0.0058943634488594,0.0242140969295242,0.0165956063598754,60.76233183856499,5470.17,5755.095557036644,5185.244442963356,0.5098797736127195,79.78571428571429,0.0145706041648187,0.016899420591294,-0.0434281322059952,-0.0247907390917185,72322.4,1.0016122252580115,0.1158194701170671,0.26682538,0
2025-05-06,5488.6,5599.2,5488.6,5595.8,86203.0,0.0219146060849555,0.0219146060849555,0.0243089877356763,0.0341908775042507,-0.0267496869347433,5495.200000000001,0.0183068860096082,5477.64,0.0215713336400347,5462.4800000000005,0.0244064966828252,5724.056666666666,-0.0224066032423391,0.0087087992583185,0.0247652336823912,0.0166685130051272,67.68236380424737,5462.4800000000005,5722.8992053715065,5202.060794628495,0.7559719046254855,79.85714285714286,0.0142709072620792,0.0341908775042507,-0.0267496869347433,0.0150926967311251,74502.4,1.157049974229018,0.190008144783887,0.38543504,0
2025-05-07,5594.2,5710.0,5564.6,5594.4,105938.0,-0.0002501876407305,-0.0002501876407305,0.0205779334500875,0.036,-0.0305004852349923,5517.76,0.0138896943687292,5497.08,0.0177039446396995,5453.68,0.0258027607046984,5724.8933333333325,-0.0227940200341432,0.0086054635268153,0.0247419775651869,0.0166539112560014,66.50876361913771,5453.68,5679.942833657558,5227.417166342442,0.8109657863937451,85.14285714285714,0.0152193009335866,0.036,-0.0305004852349923,0.0090545074131525,79501.6,1.3325266409732632,0.228936347922926,0.57611686,1
2025-05-08,5583.6,5653.0,5583.6,5628.4,85253.0,0.006077506077506,0.006077506077506,0.0319386894503317,0.0261066141617443,-0.0171480459609543,5552.6,0.0136512624716347,5511.4,0.021228725913561,5448.77,0.032967073302782,5723.89,-0.0166827105342696,0.0075604960289064,0.024746125505583,0.016326856366342,72.13565536205301,5448.77,5653.315823974175,5244.224176025824,0.939094762508275,85.14285714285708,0.0151273642852066,0.0261066141617443,-0.0171480459609543,-0.0105825686460642,82950.6,1.0277562790383674,-0.1952557156072419,0.6777279,1
2025-05-09,5628.4,5628.4,5549.6,5568.2,83632.0,-0.0106957572311846,-0.0106957572311846,0.0182130709870897,0.0176919983916366,0.0780221482227212,5572.52,-0.0007752327492767,5521.08,0.0085345620784338,5468.92,0.0181534928285658,5720.31,-0.0265912162103102,0.0085534986023361,0.0098803560954053,0.0162354414838864,70.55132227700567,5468.92,5630.794774212433,5307.045225787567,0.8066567983894498,83.48571428571417,0.0149933038119525,0.0176919983916366,0.0780221482227212,-0.0371433512017984,86693.0,0.9646914975834264,-0.0190139936424524,0.6491286,1
2025-05-12,5568.6,5649.0,5568.6,5642.8,96321.0,0.0133975072734457,0.0133975072734457,0.0304978268015632,0.0295577287987154,0.0679839503368915,5605.92,0.0065787595969974,5537.280000000001,0.0190562875635689,5486.879999999999,0.0284168780800748,5717.4,-0.013047888900549,0.0093070884947502,0.0091101092798079,0.016313846196194,73.44381568310415,5486.879999999999,5641.735363416825,5332.024636583174,1.0034375192427454,82.69999999999995,0.014655844616148,0.0295577287987154,0.0679839503368915,-0.0300134080517068,91469.4,1.0530406890173107,0.1517242203941076,0.36864746,0
2025-05-13,5629.0,5671.8,5592.6,5605.6,92980.0,-0.0065924718224994,-0.0065924718224994,0.0017513134851139,0.0261028738788211,0.0382663456195593,5607.879999999999,-0.0004065707540101,5551.54,0.0097378385096749,5497.21,0.0197172747630161,5714.243333333333,-0.019012724344372,0.0096099775048495,0.0082476071805307,0.016327591524875,69.72371450498844,5497.21,5654.919418335077,5339.500581664923,0.8436383227592328,83.21428571428565,0.0148448490285224,0.0261028738788211,0.0382663456195593,-0.032683347713546,92824.8,1.001671966974343,-0.034686101680838,0.6298436,1
2025-05-14,5604.8,5690.0,5578.6,5642.0,130413.0,0.0064935064935063,0.0064935064935063,0.0085085085085085,0.0292615294804436,0.0366369014809098,5617.4,0.0043792501869193,5567.58,0.0133666691812242,5507.18,0.0244807687418968,5710.346666666666,-0.0119689172402842,0.009687279551214,0.0081927803917891,0.0162446548231328,66.59610499576624,5507.18,5675.225803279966,5339.134196720034,0.901140633590796,81.22857142857129,0.0143971236137134,0.0292615294804436,0.0366369014809098,-0.039790326423636,97719.8,1.3345606519865985,0.4025919552591954,0.64506865,1
2025-05-15,5629.2,5631.8,5538.8,5557.4,98288.0,-0.0149946827366183,-0.0149946827366183,-0.0126145973989055,0.0189211983425616,0.0187717690192483,5603.2,-0.0081739006282124,5577.9,-0.0036752182721095,5512.3,0.0081817027375141,5705.580000000001,-0.0259710669204534,0.0110203678113475,0.0090126970758088,0.0163396735256904,57.91605301914576,5512.3,5679.891056161336,5344.708943838665,0.6345537197300758,85.35714285714273,0.0153591864643795,0.0189211983425616,0.0187717690192483,-0.0489441078823972,100326.8,0.9796784109530056,-0.2463328042449756,0.46012032,0
2025-05-16,5550.6,5573.4,5524.6,5526.0,79190.0,-0.0056501241587791,-0.0056501241587791,-0.0075787507632627,0.0104962878981822,0.0167059169855754,5594.76,-0.0122900714239753,5583.64,-0.0103230150940963,5516.839999999999,0.0016603707919753,5699.47,-0.0304361633625582,0.0112700630425242,0.0090780392610378,0.0163075119723127,53.99858457183295,5516.839999999999,5680.510508548209,5353.169491451789,0.5279830498519611,82.78571428571409,0.0149811281733105,0.0104962878981822,0.0167059169855754,-0.0622136238672234,99438.4,0.7963724275531384,-0.1943065277551684,0.5290496,0
2025-05-19,5525.8,5535.6,5460.6,5529.6,74735.0,0.0006514657980456,0.0006514657980456,-0.0200609626426596,0.009825048394755,0.0268905066112019,5572.12,-0.0076308478640085,5589.02,-0.0106315597367694,5524.08,0.0009992614154756,5693.71,-0.0288230345416257,0.0112706162104729,0.008760242517156,0.0163065873252842,56.04355716878404,5524.08,5675.510423140926,5372.649576859074,0.5182261922191927,82.9999999999998,0.0150101273148147,0.009825048394755,0.0268905066112019,-0.0588235294117646,95121.2,0.7856818458976548,-0.056257103169592,0.6030718,1
2025-05-20,5526.0,5560.6,5501.2,5549.4,67678.0,0.0035807291666665,0.0035807291666665,-0.0100256885971172,-0.0082919332356411,0.0256154357950764,5560.88,-0.0020644214584742,5584.38,-0.0062639003792722,5531.01,0.0033248900291265,5689.76,-0.0246688788279295,0.0086932656373197,0.0087386887674336,0.0162081835975239,56.13908004346245,5531.01,5673.004305297256,5389.015694702744,0.5647561180763593,81.75714285714268,0.0147326094455513,-0.0082919332356411,0.0256154357950764,-0.0409581086686022,90060.8,0.7514701179647527,-0.0944269753127717,0.5885541,1
2025-05-21,5544.6,5559.8,5525.6,5553.0,59269.0,0.0006487187804087,0.0006487187804087,-0.0157745480326125,-0.0074002574002572,0.0283333333333333,5543.08,0.0017896187679051,5580.24,-0.0048815104726678,5538.66,0.0025890738915188,5684.393333333334,-0.0231147504453717,0.0087042030177894,0.0087061123151979,0.0160747756136907,59.34897804693414,5538.66,5666.739587099532,5410.580412900467,0.5559808175710947,79.77142857142839,0.0143654652568752,-0.0074002574002572,0.0283333333333333,-0.0548085106382978,75832.0,0.7815829728874354,-0.1242501255947279,0.24738589,0
2025-05-22,5550.0,5565.4,5494.4,5516.6,77616.0,-0.0065550153070411,-0.0065550153070411,-0.0073415626012162,-0.0198635491436286,0.0057244950047401,5534.92,-0.0033098942712811,5569.06,-0.0094199021019704,5540.2300000000005,-0.0042651658866148,5678.426666666666,-0.0284985042805282,0.0085247723059665,0.0081862055358262,0.0160915301906996,54.36046511627908,5540.2300000000005,5666.304482580348,5414.155517419653,0.4062855562982753,80.39999999999984,0.0145741942500815,-0.0198635491436286,0.0057244950047401,-0.0609403193408912,71697.6,1.0825466961237196,0.3095547419392936,0.5204905,0
2025-05-23,5515.0,5561.0,5458.0,5463.8,98824.0,-0.0095711126418446,-0.0095711126418446,-0.0112558812884545,-0.0187493265328112,-0.0013890411960374,5522.4800000000005,-0.0106256609349423,5558.620000000001,-0.0170581907020088,5539.85,-0.013727808514671,5669.793333333333,-0.0363317181461051,0.0084034444267724,0.0084620775554285,0.0159299974537554,48.99328859060402,5539.85,5666.840484517158,5412.859515482843,0.20056811622872,84.4999999999998,0.0154654269922031,-0.0187493265328112,-0.0013890411960374,-0.0865960078906015,75624.4,1.3067740041573883,0.2732426303854876,0.4352243,0
2025-05-26,5477.4,5514.6,5454.4,5487.2,83587.0,0.0042827336286099,0.0042827336286099,-0.0076678240740741,-0.0275749627844332,0.0011677127426652,5514.0,-0.0048603554588321,5543.06,-0.0100774662370602,5540.17,-0.0095610784506613,5662.236666666667,-0.0309129902141145,0.0069298883716601,0.0085093518274355,0.0159297943179466,39.12695234281132,5540.17,5666.564821679435,5413.775178320565,0.2904581877003485,79.98571428571417,0.014576781288401,-0.0275749627844332,0.0011677127426652,-0.0763222570110764,77394.8,1.0800079591910567,-0.1541831943657411,0.4277026,0
2025-05-27,5483.6,5490.8,5437.2,5471.6,74989.0,-0.0028429800262428,-0.0028429800262428,-0.0140195336432765,-0.0239046667618095,0.0015742266154128,5498.4400000000005,-0.0048813845381598,5529.66,-0.0104997413945883,5540.6,-0.0124535248890012,5655.193333333333,-0.0324645547042893,0.0068003515508355,0.0085014676858032,0.0159077065869007,38.0451713395639,5540.6,5665.943553148127,5415.256446851874,0.2247564862053242,73.42857142857136,0.0134199450669952,-0.0239046667618095,0.0015742266154128,-0.0716976010315224,78857.0,0.9509491865021494,-0.1028628853769126,0.5100415,0
2025-05-28,5474.8,5487.6,5442.6,5462.6,62165.0,-0.0016448570801959,-0.0016448570801959,-0.0162794885647397,-0.0317972350230414,-0.0034661412726211,5480.36,-0.0032406630221371,5511.72,-0.0089119186025414,5539.65,-0.0139088209543922,5647.39,-0.0327213101981623,0.0060656216754137,0.0084734958310242,0.0158787483443233,33.03315595579208,5539.65,5667.145907055078,5412.154092944921,0.1978334372462894,71.68571428571424,0.0131230026517984,-0.0317972350230414,-0.0034661412726211,-0.0789438187091117,79436.2,0.7825777164567288,-0.1710117483897638,0.42020416,0
2025-05-29,5457.4,5588.0,5457.4,5568.0,106273.0,0.01929484128437,0.01929484128437,0.0093173331399774,0.0019073667542377,0.0208646547614683,5490.64,0.0140894321973394,5512.780000000001,0.0100167247740703,5545.34,0.004086313914025,5641.610000000001,-0.0130476938320799,0.008035369381468,0.0094277940851421,0.0160968745500615,49.98126639190709,5545.34,5666.793242465035,5423.886757534965,0.5932869289452004,75.38571428571433,0.0135391009852216,0.0019073667542377,0.0208646547614683,-0.0586325826739704,85167.6,1.247810200123051,0.7095310866243063,0.46956795,0
2025-05-30,5561.4,5561.4,5484.8,5523.6,78470.0,-0.0079741379310344,-0.0079741379310344,0.0109447637175592,-0.0004343105320303,0.0100574187177704,5502.6,0.0038163777123541,5512.54,0.002006334647912,5548.09,-0.0044141317101921,5637.473333333332,-0.0201993564492838,0.0082546100352592,0.0096316036118882,0.0158330644962304,38.16521048451148,5548.09,5664.61790765806,5431.56209234194,0.3949178763602993,75.55714285714286,0.013678967133236,-0.0004343105320303,0.0100574187177704,-0.0430021830278248,81096.8,0.9676090795197836,-0.2616186613721265,0.57242674,1
2025-06-03,5515.0,5563.0,5497.6,5529.8,69380.0,0.0011224563690346,0.0011224563690346,0.0077635223793557,3.616898148139924e-05,0.00986157273823,5511.120000000001,0.0033895106620793,5512.56,0.0031274036019561,5550.79,-0.003781443722425,5633.319999999999,-0.0183763748553248,0.0082601641652753,0.0096308821072095,0.0158328250279285,41.98053322048237,5550.79,5662.675240078286,5438.904759921714,0.4061985299163989,74.57142857142857,0.013485375342947,3.616898148139924e-05,0.00986157273823,-0.043121647343831,78255.4,0.8865841846057908,-0.1158404485790748,0.43782446,0
2025-06-04,5537.2,5591.2,5534.4,5574.2,58090.0,0.0080292234800534,0.0080292234800534,0.0187513707142334,0.0044689515983711,-0.0038600378855571,5531.64,0.0076939207902175,5515.04,0.0107270300850039,5549.71,0.0044128431936083,5629.139999999999,-0.0097599278042471,0.0085857568387209,0.0084347323144367,0.0158334636351364,42.94631710362042,5549.71,5660.173862154609,5439.246137845391,0.6108507321866165,71.0,0.0127372537763266,0.0044689515983711,-0.0038600378855571,-0.0430557939914163,74875.6,0.7758201603726714,-0.162727010665898,0.2625856,0
2025-06-05,5574.0,5622.0,5555.0,5606.0,64999.0,0.0057048545082702,0.0057048545082702,0.0262512356753192,0.009544390419593,0.002073502073502,5560.320000000001,0.0082153545119705,5520.34,0.0155171601749166,5550.29,0.0100373133656079,5625.46,-0.0034592726639244,0.0087442769561155,0.0085358696698183,0.0158540514496132,55.68022440392715,5550.29,5661.858150520359,5438.721849479641,0.7496680268524928,68.41428571428573,0.0122037612761836,0.009544390419593,0.002073502073502,-0.0378938697054987,75442.4,0.861571211944477,0.118936133585815,0.4695505,0
2025-06-06,5607.8,5615.2,5589.8,5607.4,53635.0,0.0002497324295396,0.0002497324295396,0.0070761494252873,0.0164594134068083,-0.0037310781039016,5568.2,0.0070399770123199,5529.42,0.0141027449533583,5549.24,0.0104807144762164,5619.866666666667,-0.0022183207193529,0.0083481546797094,0.0084211461738374,0.015625562710604,60.2312719959779,5549.24,5658.074715823713,5440.405284176287,0.7671941556506915,66.74285714285718,0.0119026388598739,0.0164594134068083,-0.0037310781039016,-0.056469796399125,64914.8,0.8262368519967711,-0.174833458976292,0.30789354,0
2025-06-09,5602.0,5685.8,5602.0,5653.6,76382.0,0.0082391126012055,0.0082391126012055,0.0235353754797595,0.0347377283209489,0.0153370927768399,5594.2,0.0106181402166529,5548.4,0.0189604210222769,5553.51,0.0180228360082181,5615.573333333333,0.0067716445693881,0.0075459393791501,0.0082358647049937,0.0156575749805763,64.07811080835612,5553.51,5671.769837022714,5435.250162977287,0.9231783271474344,67.37142857142862,0.0119165538013705,0.0347377283209489,0.0153370927768399,-0.0435782920557584,64497.2,1.1842684643674457,0.4241073925608278,0.52194995,0
2025-06-10,5656.2,5659.4,5570.8,5601.4,86124.0,-0.0092330550445735,-0.0092330550445735,0.0129480270534194,0.0208120717305728,-0.0073367831572979,5608.52,-0.0012694971222354,5559.820000000001,0.0074786593810589,5551.4400000000005,0.008999466805009,5611.01,-0.001712704129916,0.0085261956896284,0.0079631468232031,0.0156814364622541,55.49915397631135,5551.4400000000005,5664.452014265867,5438.427985734134,0.7210384458880003,69.45714285714283,0.0123999612341812,0.0208120717305728,-0.0073367831572979,-0.0466026688453159,67846.0,1.2694042390118798,0.127543138435757,0.58205086,1
2025-06-11,5601.8,5684.8,5601.8,5641.8,80540.0,0.0072124825936374,0.0072124825936374,0.0121273007785871,0.0311060750054827,0.0064578278863993,5622.039999999999,0.0035147384223521,5576.84,0.0116481735176192,5553.25,0.015945617431234,5606.426666666666,0.0063094258493825,0.0084719638095624,0.0079907394984232,0.0156825502210376,58.71271585557303,5553.25,5670.975595303149,5435.524404696851,0.8760864397074388,72.9714285714286,0.0129340686609643,0.0311060750054827,0.0064578278863993,-0.0464778258518118,72336.0,1.1134151736341518,-0.0648367470159305,0.42876267,0
2025-06-12,5649.2,5660.8,5612.4,5654.6,67708.0,0.0022687794675457,0.0022687794675457,0.0086692829111667,0.0351480979753231,0.0022332506203475,5631.76,0.0040555705498814,5596.039999999999,0.0104645427838259,5553.88,0.0181350695369724,5602.016666666666,0.0093865006946904,0.0083174023027263,0.007874848726527,0.0156865534723555,64.19753086419753,5553.88,5673.721186137088,5434.038813862912,0.920222810064586,71.35714285714292,0.0126193086791537,0.0351480979753231,0.0022332506203475,-0.0447019867549668,72877.8,0.9290620737728088,-0.1593245592252297,0.34026623,0
2025-06-13,5651.2,5651.2,5580.2,5601.8,87685.0,-0.0093375305061366,-0.0093375305061366,-0.0009986803152975,0.0060704022988506,0.0079893475366179,5630.64,-0.0051219754770328,5599.42,0.0004250440224167,5556.1,0.0082251939309947,5597.553333333333,0.0007586647975961,0.0071138809454035,0.0073892010792494,0.0156950546974571,64.19753086419753,5556.1,5677.845584595206,5434.354415404795,0.6876864781254646,69.31428571428582,0.012373573800258,0.0060704022988506,0.0079893475366179,-0.0456249148153196,79687.8,1.1003566417946034,0.295046375612926,0.5635176,1
2025-06-16,5603.0,5644.4,5592.2,5629.6,86423.0,0.0049626905637474,0.0049626905637474,-0.0042450827791141,0.0191903830834963,0.018747737965979,5625.84,0.0006683446383117,5610.02,0.003490183635709,5561.280000000001,0.0122849415961792,5591.293333333333,0.0068511280633938,0.0065278664935074,0.0073107080922273,0.015401711172369,64.5187601957586,5561.280000000001,5686.402282924417,5436.1577170755845,0.77301292145249,68.74285714285718,0.0122109665238839,0.0191903830834963,0.018747737965979,-0.0625457936455071,81696.0,1.0578608499804152,-0.0143924274391287,0.37988973,0
2025-06-17,5631.2,5635.8,5593.0,5618.0,86313.0,-0.0020605371607219,-0.0020605371607219,0.0029635448280787,0.0159499439401062,0.0159866898148146,5629.160000000001,-0.0019825338061097,5618.839999999999,-0.0001494970492128,5565.7,0.0093968413676626,5585.240000000001,0.0058654596758598,0.0066476792780197,0.0073417093928438,0.0153972560938532,65.04934210526307,5565.7,5692.346495162121,5439.053504837879,0.706480250136613,67.9714285714286,0.0120988658902507,0.0159499439401062,0.0159866898148146,-0.0607236006152611,81733.8,1.056025781255735,-0.0012728093215926,0.53537875,0
2025-06-18,5604.6,5622.4,5567.8,5600.8,88945.0,-0.0030615877536489,-0.0030615877536489,-0.0072671842319826,0.0047719852176097,0.0092622625869465,5620.96,-0.003586575958555,5621.5,-0.0036822912034154,5568.27,0.0058420299303014,5578.5,0.0039974903647934,0.0063761616832829,0.0073604101970144,0.0153859132761397,63.97088556409214,5568.27,5695.607977135887,5440.932022864114,0.6277309437909707,68.65714285714284,0.0122584528740792,0.0047719852176097,0.0092622625869465,-0.0673416372477185,83414.8,1.066297587478481,0.0304936683929419,0.5495996,0
2025-06-19,5600.0,5605.2,5510.2,5536.6,105878.0,-0.0114626481931152,-0.0114626481931152,-0.0208679659038658,-0.0123795932929003,-0.0029533585449306,5597.360000000001,-0.0108551174124944,5614.56,-0.0138853267219513,5567.450000000001,-0.00554113642691,5571.046666666667,-0.0061831588797796,0.0070887393020775,0.0078296485183816,0.0154415705865112,46.537273930304416,5567.450000000001,5695.411696571595,5439.488303428407,0.3794561152807945,66.11428571428567,0.0119413151960202,-0.0123795932929003,-0.0029533585449306,-0.0747351181523446,91048.8,1.1628709000008786,0.1903760751025915,0.54181594,0
2025-06-20,5525.0,5549.0,5494.0,5494.0,95848.0,-0.0076942527905212,-0.0076942527905212,-0.0192438144882002,-0.0202232763847771,-0.004096726244426,5575.8,-0.0146705405502349,5603.219999999999,-0.0194923633196625,5566.320000000001,-0.0129924258756235,5563.75,-0.0125365086497416,0.0073459083459564,0.0078829001599783,0.0154338848886075,46.72276350752877,5566.320000000001,5696.551431245371,5436.088568754631,0.222340454572207,64.09999999999998,0.0116672733891517,-0.0202232763847771,-0.004096726244426,-0.0738055902087057,92681.4,1.034166510216721,-0.0947316723020835,0.48578787,0
2025-06-23,5495.2,5548.4,5472.4,5533.0,76708.0,0.007098653076083,0.007098653076083,-0.0171593008384255,-0.0213315409650488,0.0126651780811888,5556.4800000000005,-0.0042256968440452,5591.16,-0.0104021347985032,5569.780000000001,-0.006603492418013,5558.913333333334,-0.0046615825395132,0.0071758803807187,0.0077167403493989,0.0153032606859932,50.33030553261766,5569.780000000001,5691.971835372034,5447.588164627968,0.349498946111997,64.85714285714286,0.0117218765330097,-0.0213315409650488,0.0126651780811888,-0.0498351421898611,90738.4,0.8453752766193806,-0.1996911776980219,0.3408216,0
2025-06-24,5538.2,5653.0,5538.2,5639.0,94575.0,0.019157780589192,0.019157780589192,0.0037379850480598,0.0067126075623951,0.0276643825630558,5560.68,0.0140846083572512,5594.92,0.0078785755649768,5577.370000000001,0.0110500110267024,5556.0,0.0149388048956082,0.0093428009694972,0.0087342711323964,0.0155164184357969,55.93406593406593,5577.370000000001,5696.790796919336,5457.949203080666,0.7580371325173303,69.04285714285717,0.0122438122260785,0.0067126075623951,0.0276643825630558,-0.030066393752795,92390.8,1.0236408819925793,0.2329222506127131,0.36401418,0
2025-06-25,5632.0,5769.2,5632.0,5759.6,110445.0,0.0213867707040256,0.0213867707040256,0.0283530924153692,0.0208798610372575,0.0526354265662694,5592.4400000000005,0.0298903519751665,5606.7,0.0272709436923681,5591.77,0.0300137523539059,5555.206666666667,0.0367931106073462,0.0113077786997081,0.0097373564953376,0.0157683363013179,62.09829867674856,5591.77,5726.02394789846,5457.51605210154,1.1250467961170698,74.05714285714286,0.0128580357762939,0.0208798610372575,0.0526354265662694,-0.0081967213114753,96690.8,1.1422493143091172,0.1678033306899287,0.406239,0
2025-06-26,5746.0,5765.2,5725.0,5731.2,76233.0,-0.0049308979790264,-0.0049308979790264,0.0351479247191415,0.013546493120645,0.0491707245633945,5631.36,0.0177292874190249,5614.36,0.020810920567972,5605.2,0.0224791265253692,5553.933333333333,0.0319173198573983,0.0115247844506573,0.0098401616953051,0.0157811204916927,59.35327893623448,5605.2,5738.784682386969,5471.615317613031,0.9716109577406584,75.11428571428574,0.0131062056313312,0.013546493120645,0.0491707245633945,-0.0131551759763069,90761.8,0.839923844613042,-0.3097650414233328,0.4729468,0
2025-06-27,5734.0,5801.8,5727.0,5747.8,82622.0,0.0028964265773312,0.0028964265773312,0.0461958500182018,0.0260630511621264,0.0322916666666666,5682.120000000001,0.0115590659824149,5628.960000000001,0.0211122480884566,5614.1900000000005,0.0237986245567036,5552.53,0.0351677523579341,0.0108894478913728,0.0090108337197696,0.0157760002441306,57.45017399557097,5614.1900000000005,5760.799138797531,5467.58086120247,0.9556673652674456,74.4714285714286,0.0129565100684485,0.0260630511621264,0.0322916666666666,-0.0144375857338819,88116.6,0.9376439853557672,0.083808849186048,0.41062796,0
2025-06-30,5751.0,5791.4,5751.0,5773.4,71303.0,0.0044538780054976,0.0044538780054976,0.0434484005060544,0.0255435554923972,0.045224129191107,5730.2,0.0075390038742102,5643.34,0.0230466355030884,5626.68,0.0260757675929677,5552.456666666667,0.0397919959753549,0.0108785165525921,0.0087381538619262,0.0157402205523012,64.20079260237776,5626.68,5783.032443974656,5470.327556025344,0.9691963754138114,71.25714285714288,0.0123423187129149,0.0255435554923972,0.045224129191107,-0.0007615355325557,87035.6,0.8192394836136018,-0.1369974098908281,0.4374753,0
2025-07-01,5779.2,5784.2,5727.6,5769.2,68686.0,-0.0007274742785879,-0.0007274742785879,0.0230892002128035,0.0269134923460305,0.0432927049802884,5756.24,0.0022514697093936,5658.460000000001,0.0195706959137289,5638.65,0.023152704991443,5553.203333333333,0.0388958685107274,0.010823382985151,0.0087604813703578,0.015692743534525,61.187214611872086,5638.65,5800.338140371667,5476.961859628333,0.9037092630910014,69.34285714285708,0.0120194926753894,0.0269134923460305,0.0432927049802884,0.0078261477185381,81857.8,0.8390892498943289,-0.0367025230354963,0.47365215,0
2025-07-02,5774.2,5774.2,5729.6,5759.8,65479.0,-0.0016293420231573,-0.0016293420231573,3.472463365516987e-05,0.0283888015997715,0.033296257758961,5756.280000000001,0.0006115060420965,5674.36,0.0150572046891632,5647.93,0.0198072568179845,5553.373333333334,0.0371714009262837,0.0107477095007303,0.0086856675754269,0.0156850526118884,59.293286219081246,5647.93,5815.249839953637,5480.610160046364,0.834299865547918,69.07142857142844,0.0119919838486455,0.0283888015997715,0.033296257758961,0.0017740364547098,72864.6,0.8986393941639698,-0.0466907375593279,0.1863326,0
2025-07-03,5752.6,5790.4,5739.0,5773.0,64956.0,0.0022917462411888,0.0022917462411888,0.0072934115019542,0.0426976844995121,0.0297895112379593,5764.639999999999,0.001450220655583,5698.0,0.0131625131625132,5656.280000000001,0.0206354706626969,5553.416666666667,0.0395402229858494,0.0095220577102118,0.0086357021550452,0.0156810262306789,66.26139817629175,5656.280000000001,5831.281107966433,5481.278892033568,0.8334836029220672,67.42857142857123,0.0116799881220459,0.0426976844995121,0.0297895112379593,0.0004505753500625,70609.2,0.9199367787767032,-0.0079872936361276,0.13158734,0
2025-07-04,5773.8,5838.0,5732.6,5773.4,99284.0,6.928806513073482e-05,6.928806513073482e-05,0.0044538780054976,0.0508554787040407,0.0296037379177516,5769.76,0.0006308754610242,5725.9400000000005,0.0082885954096618,5664.58,0.0192106034339702,5554.196666666667,0.0394662534455927,0.0087249170920383,0.0086371757043613,0.0156482213273137,64.40881763527047,5664.58,5845.467072652074,5483.692927347925,0.8007954034650904,71.22857142857121,0.0123373699082986,0.0508554787040407,0.0296037379177516,0.0081723885027764,73941.6,1.3427353478961774,0.5284808177843463,0.3938681,0
2025-07-07,5768.0,5781.0,5741.8,5753.8,55201.0,-0.0033948799667439,-0.0033948799667439,-0.0033948799667439,0.0399060184348454,0.0177232206028017,5765.84,-0.0020881606149321,5748.02,0.0010055636549628,5669.59,0.0148529258729466,5564.006666666666,0.0341109104829733,0.0090695834777187,0.0085503954661607,0.0088770284908813,63.39250493096651,5669.59,5854.697808132407,5484.482191867593,0.7274620418490533,70.97142857142833,0.0123347055113887,0.0399060184348454,0.0177232206028017,0.1139549291411756,70721.2,0.780543882173945,-0.4440091051931831,0.20514514,0
2025-07-08,5756.8,5864.0,5756.2,5860.4,93001.0,0.018526886579304,0.018526886579304,0.0158080843097829,0.0392622805461959,0.0462384403899025,5784.08,0.0131948382456674,5770.16,0.015639081065343,5682.54,0.0312993837262913,5573.62,0.0514530951159211,0.0089535503678009,0.0090549038122047,0.0087167654662839,71.76391683433937,5682.54,5883.151070692062,5481.928929307938,0.9432955753299752,74.94285714285694,0.0127880105697319,0.0392622805461959,0.0462384403899025,0.1091679915209324,75584.2,1.2304291108459176,0.6847702034383436,0.5391547,0
2025-07-09,5853.4,5862.6,5821.2,5827.0,70784.0,-0.0056992696744249,-0.0056992696744249,0.0116670717733253,0.0117022015417735,0.0328264029210534,5797.52,0.005084932867847,5776.9,0.0086724713946926,5691.8,0.0237534699040724,5580.753333333333,0.0441242699611641,0.0069456303388082,0.0091461479108669,0.0083594927849065,75.6718528995757,5691.8,5901.389473419888,5482.210526580113,0.8225352824116859,71.11428571428554,0.0122042707592733,0.0117022015417735,0.0328264029210534,0.0792739396184478,76645.2,0.9235281531002594,-0.2388899044096299,0.34352246,0
2025-07-10,5833.6,5882.0,5816.0,5856.6,73407.0,0.0050798009267205,0.0050798009267205,0.0144812056123333,0.0218802345058628,0.0357231280727194,5814.24,0.0072855609675557,5789.4400000000005,0.011600431129781,5701.9,0.0271313071081571,5587.653333333333,0.0481323107613453,0.0066825406631825,0.0091776094364197,0.0083272615655433,82.80854144046339,5701.9,5923.08903560911,5480.710964390889,0.8497008781967595,71.89999999999984,0.0122767476009971,0.0218802345058628,0.0357231280727194,0.0760665858229523,78335.4,0.9370859151801102,0.037056396925859,0.36417425,0
2025-07-11,5863.2,5964.0,5833.2,5921.8,123705.0,0.0111327391319195,0.0111327391319195,0.0257040911767763,0.0302724520686175,0.0571244956978114,5843.92,0.0133266711385509,5806.84,0.0197973424444275,5717.9,0.0356599450847339,5595.433333333333,0.0583273264507366,0.0072621642606704,0.0090105146848024,0.0084235770066996,83.58673116793376,5717.9,5954.368669338987,5481.431330661012,0.9311353393453182,75.81428571428556,0.012802574506786,0.0302724520686175,0.0571244956978114,0.0855728689275894,83219.6,1.486488759859456,0.6851935101557072,0.8358768,1
2025-07-14,5924.2,5929.8,5895.4,5897.2,66406.0,-0.0041541423215915,-0.0041541423215915,0.0249226598074314,0.0214431704021893,0.0475344607076877,5872.6,0.0041889452712595,5819.22,0.0134004213623131,5731.280000000001,0.028949902988512,5603.133333333333,0.0524825395314525,0.0075754532305703,0.0091262662370359,0.0084291591368222,75.95496582227588,5731.280000000001,5976.820826061904,5485.739173938097,0.8378664205482657,69.69999999999989,0.0118191684189106,0.0214431704021893,0.0475344607076877,0.0850014718869591,85460.6,0.7770364355036121,-0.463190655187745,0.3741601,0
2025-07-15,5906.8,5938.4,5848.2,5893.2,100711.0,-0.0006782880010852,-0.0006782880010852,0.0055968875844651,0.0214934479650559,0.0489854040583837,5879.16,0.0023880962586491,5831.62,0.0105596729553709,5745.04,0.02578920251208,5611.606666666666,0.050180518710625,0.0075733933640378,0.0090961807385607,0.008317074307427,67.5420168067227,5745.04,5994.661982837636,5495.418017162364,0.796768734699878,66.34285714285703,0.0112575268348023,0.0214934479650559,0.0489854040583837,0.0944139058089437,87002.6,1.1575631073094366,0.5165948860042768,0.4489782,0
2025-07-16,5891.8,5955.8,5867.8,5888.4,100200.0,-0.0008144980655671,-0.0008144980655671,0.0105371546250214,0.0223271641376434,0.0513498071704041,5891.44,-0.0005160028787528,5844.4800000000005,0.0075147831800261,5759.42,0.0223946161245403,5619.566666666667,0.0478388013310633,0.0075324317347148,0.0090384342738527,0.0083111458340535,72.00447928331477,5759.42,6007.184366836088,5511.655633163912,0.7602876306368304,69.75714285714275,0.0118465360466583,0.0223271641376434,0.0513498071704041,0.08826790862719,92885.8,1.0787440060805848,-0.0050739243975335,0.5199378,0
2025-07-17,5893.6,5967.8,5885.6,5965.6,99016.0,0.0131105223829903,0.0131105223829903,0.0186114810640987,0.0333622033604712,0.0774843766932775,5913.24,0.0088547057112513,5863.74,0.0173711658429605,5780.87,0.0319553977169526,5628.993333333333,0.0597987325146356,0.0082810803338331,0.0086977803272806,0.0084330733935939,76.06510292005757,5780.87,6021.591941361054,5540.148058638946,0.8836999630269013,70.28571428571415,0.0117818349010517,0.0333622033604712,0.0774843766932775,0.1047407407407408,98007.6,1.0102889979960736,-0.011816367265469,0.6037205,1
2025-07-18,5960.4,6008.4,5953.0,5983.6,94505.0,0.0030172991819765,0.0030172991819765,0.0104360160761931,0.0364083555617142,0.0891153986166728,5925.6,0.0097880383421087,5884.76,0.016795927106628,5805.35,0.0307044364250217,5637.3,0.0614301172547142,0.0082047068041227,0.0082738956217597,0.0082304017994689,75.62164797659695,5805.35,6021.570233728684,5589.129766271317,0.9121954659980408,71.1285714285713,0.0118872537316283,0.0364083555617142,0.0891153986166728,0.0908626850433895,92167.6,1.0253603218484586,-0.0455582936091136,0.45715272,0
2025-07-21,5972.0,6053.6,5972.0,6030.4,85044.0,0.0078213784343872,0.0078213784343872,0.0225869904361391,0.0480725781222843,0.0898969817458883,5952.24,0.0131311909466016,5912.42,0.0199546040369256,5830.219999999999,0.0343348964533072,5646.616666666667,0.0679669536625175,0.0079013580907611,0.0082882834497937,0.0082534230808647,78.84275618374566,5830.219999999999,6028.194369420311,5632.245630579688,1.0055704952771083,72.91428571428567,0.0120911192813554,0.0480725781222843,0.0898969817458883,0.1021676353401324,95895.2,0.8868431370913247,-0.1001111052325274,0.6411351,1
2025-07-22,6034.2,6106.8,6024.4,6104.4,92576.0,0.0122711594587423,0.0122711594587423,0.0358379148849521,0.04163538325029,0.0825323638943074,5994.4800000000005,0.0183368699203265,5936.820000000001,0.0282272327609729,5853.49,0.0428650258222018,5657.01,0.0790859482306023,0.0068681051563023,0.0077672127855507,0.0083664412380703,83.30112098956323,5853.49,6065.721511128273,5641.258488871727,1.0911233413598729,75.61428571428574,0.0123868497664448,0.04163538325029,0.0825323638943074,0.1137790103634504,94268.2,0.982049089724849,0.0885659188184939,0.74667645,1
2025-07-23,6086.0,6152.2,6072.8,6090.0,105221.0,-0.0023589541969726,-0.0023589541969726,0.0342368045649073,0.0451347176934957,0.0573650947982498,6034.8,0.0091469477033208,5963.120000000001,0.0212774520720695,5870.01,0.0374769378587089,5667.460000000001,0.0745554445906984,0.0064036146590816,0.0067132035381924,0.0083580782425142,80.5630543771694,5870.01,6101.987293807187,5638.032706192814,0.974162786343326,77.61428571428574,0.0127445460942997,0.0451347176934957,0.0573650947982498,0.114772103239978,95272.4,1.1044226869481613,0.1365904770134809,0.75208724,1
2025-07-24,6091.6,6204.2,6087.6,6196.8,95468.0,0.0175369458128078,0.0175369458128078,0.0387555317151668,0.0580883106239114,0.0812395309882747,6081.04,0.0190362174891136,5997.139999999999,0.0332925361088787,5893.29,0.0515009442942737,5679.38,0.09110501498403,0.0076346564652283,0.0072104048755427,0.0085984031965829,83.8720000000001,5893.29,6157.784862351853,5628.795137648147,1.0737540557522172,78.41428571428573,0.0126539965327726,0.0580883106239114,0.0812395309882747,0.1304728546409808,94562.8,1.009572474588316,-0.092690622594349,0.6657863,1
2025-07-25,6187.4,6199.2,6159.0,6182.8,76933.0,-0.002259230570617,-0.002259230570617,0.0332909953873921,0.0440744368266405,0.0756811301715438,6120.879999999999,0.0101161924429169,6023.24,0.0264907259215971,5915.04,0.0452676566853309,5691.523333333333,0.0863172542558905,0.0077472702385497,0.0073405723889048,0.0085673857372675,84.63028737487893,5915.04,6199.916973631183,5630.163026368817,0.969957253102977,78.4857142857143,0.0126942023493747,0.0440744368266405,0.0756811301715438,0.133585127058047,91048.4,0.8449681707751043,-0.1941488247370847,0.6965004,1
2025-07-28,6183.2,6216.6,6144.6,6188.0,88191.0,0.0008410428931875,0.0008410428931875,0.0261342531175379,0.0493115376788984,0.0718121037863304,6152.4,0.0057863597945517,6052.32,0.0224178496840881,5935.77,0.0424932232886383,5703.513333333333,0.0849453027198441,0.0072853484742926,0.0073649333298138,0.0085687105856267,81.62162162162166,5935.77,6237.113078479275,5634.426921520724,0.9185096954489156,75.75714285714288,0.0122425893434296,0.0493115376788984,0.0718121037863304,0.1315510368284387,91677.8,0.9619668011230637,0.1463351227691627,0.58680665,1
2025-07-29,6188.0,6226.8,6128.6,6224.0,88093.0,0.0058177117000646,0.0058177117000646,0.0195924251359675,0.0561324916853323,0.0788324204395756,6176.32,0.0077198072638724,6085.4,0.0227758241035922,5958.51,0.0445564411237036,5715.983333333334,0.0888765129359485,0.0070226444639147,0.0073124702263112,0.00858144874079,88.12908182865921,5958.51,6275.178565903811,5641.841434096189,0.91919222269861,79.81428571428569,0.0128236320235034,0.0561324916853323,0.0788324204395756,0.1366375689396983,90781.2,0.9703881420382194,-0.0011112245013663,0.39246437,0
2025-07-30,6202.8,6235.8,6136.6,6179.2,105254.0,-0.0071979434447301,-0.0071979434447301,0.014646962233169,0.0493852319815231,0.0728150282995936,6194.16,-0.0024151781678225,6114.48,0.0105847103923801,5979.48,0.0334008977369268,5725.706666666667,0.0792030328716337,0.0078960372582333,0.0076302469777741,0.0082634437439312,80.10451661067556,5979.48,6296.289340638476,5662.670659361524,0.8152053528432877,82.18571428571424,0.0133003810017015,0.0493852319815231,0.0728150282995936,0.1042567640015725,90787.8,1.1593407924853338,0.1948054896529802,0.4357217,0
2025-07-31,6173.6,6189.6,6043.6,6084.4,119559.0,-0.0153417918177111,-0.0153417918177111,-0.0181383940098116,0.0199141746010458,0.053940758704313,6171.679999999999,-0.0141420164363673,6126.36,-0.0068490914670374,5995.05,0.0149039624356759,5733.873333333334,0.0611326142537735,0.0095464601073694,0.0087235026747756,0.0085482054222075,64.37920056597093,5995.05,6299.499276736306,5690.600723263695,0.6467403715946232,83.27142857142852,0.0136860542652403,0.0199141746010458,0.053940758704313,0.0875875875875875,95606.0,1.2505386691211848,0.1359093241111977,0.31055614,0
2025-08-01,6071.6,6120.6,6037.0,6061.8,89442.0,-0.0037144171980803,-0.0037144171980803,-0.0195704211684026,0.0130690554181429,0.0499532337963766,6147.4800000000005,-0.0139374182591891,6134.18,-0.0117994581182815,6009.469999999999,0.0087079226620652,5741.096666666666,0.0558609882316329,0.0097039563222833,0.0088232457763055,0.0085515636761889,64.60773872914453,6009.469999999999,6296.539616350415,5722.400383649584,0.5911451387041314,86.78571428571422,0.0143168224431215,0.0130690554181429,0.0499532337963766,0.077002345249094,98107.8,0.9116706316928928,-0.2519007352018668,0.43084544,0
2025-08-04,6067.8,6122.2,6041.2,6122.2,77587.0,0.0099640370846942,0.0099640370846942,-0.010633484162896,0.0152228707880075,0.0640272515554936,6134.32,-0.0019757691154032,6143.36,-0.0034443692051254,6027.89,0.0156456073352366,5750.330000000001,0.0646693320209446,0.0098848972975545,0.0088608975555785,0.0084770842693836,68.47370119393355,6027.89,6292.26515529421,5763.514844705791,0.6783639614226359,86.12857142857138,0.0140682387750435,0.0152228707880075,0.0640272515554936,0.0994935526741136,95987.0,0.8083073749570254,-0.1325439949911674,0.5470794,0
2025-08-05,6110.6,6153.0,6110.6,6149.4,65859.0,0.0044428473424584,0.0044428473424584,-0.0119858611825193,0.0073717318655395,0.0493140399972698,6119.4,0.0049024414158251,6147.86,0.0002504936677152,6042.34,0.0177183011879502,5758.773333333333,0.0678315752428759,0.0092303213772875,0.0081012018639315,0.0083439515721503,70.32077234506387,6042.34,6299.667678876144,5785.012321123856,0.7080227056560231,82.8714285714285,0.0134763438012535,0.0073717318655395,0.0493140399972698,0.0897781243354363,91540.2,0.719454403639057,-0.1511593437044865,0.4347778,0
2025-08-06,6146.0,6222.8,6143.4,6213.0,72137.0,0.0103424724363352,0.0103424724363352,0.0054699637493527,0.0201970443349752,0.0662433499227732,6126.16,0.0141752745602465,6160.16,0.0085776992805381,6061.64,0.0249701400940998,5768.8966666666665,0.0769823692456501,0.0096172409264138,0.0080467949068858,0.0083530915105386,69.67865097041044,6061.64,6308.658860562667,5814.621139437334,0.8063733669065345,82.67142857142855,0.013306201283024,0.0201970443349752,0.0662433499227732,0.1083559297845011,84916.8,0.8495021008799201,0.0953248606872256,0.64937806,1
2025-08-07,6216.0,6237.6,6145.8,6177.0,87946.0,-0.005794302269435,-0.005794302269435,0.0152192492275327,-0.0031951975213013,0.0547075094764879,6144.68,0.0052598345235226,6158.18,0.0030560977431643,6077.66,0.0163451065048061,5777.8133333333335,0.0690895748333855,0.0081605824686537,0.0082801364170352,0.0083853991919515,64.95515001546552,6077.66,6309.799127067762,5845.520872932238,0.7139665149404185,85.27142857142859,0.0138046670829575,-0.0031951975213013,0.0547075094764879,0.0948245303084012,78594.2,1.118988424082184,0.2191524460401734,0.42045072,0
2025-08-08,6177.6,6198.4,6145.8,6173.6,69645.0,-0.0005504290108466,-0.0005504290108466,0.0184433666567687,-0.0014879989648702,0.042520855145395,6167.039999999999,0.0010637193856373,6157.26,0.0026537778167561,6090.25,0.0136858092853331,5788.083333333333,0.0666052377730108,0.0081326076476695,0.0080631190748047,0.0081051548935198,61.87002652519902,6090.25,6313.956908817373,5866.543091182627,0.6862928606913177,83.19999999999995,0.0134767396656731,-0.0014879989648702,0.042520855145395,0.1108791881095476,74634.8,0.9331437881524436,-0.2080936028926842,0.38824248,0
2025-08-11,6179.0,6283.4,6179.0,6244.4,93503.0,0.0114681871193467,0.0114681871193467,0.0199601450458986,0.0091144149967679,0.0588753984942005,6191.4800000000005,0.0085472294184911,6162.9,0.0132242937578088,6107.61,0.0223966494258802,5800.056666666666,0.0766101710500528,0.0089275043752741,0.0081796885217734,0.0081401659180017,61.66666666666671,6107.61,6321.928620651326,5893.291379348673,0.8191276604531313,85.15714285714272,0.0136373619334351,0.0091144149967679,0.0588753984942005,0.1300036192544336,77818.0,1.2015600503739494,0.3425658697681097,0.5047837,0
2025-08-12,6254.8,6288.4,6226.0,6285.0,79041.0,0.0065018256357696,0.0065018256357696,0.0220509317982242,0.0098007712082262,0.066483404601914,6218.6,0.0106776444858971,6169.0,0.0188036958988491,6127.2,0.0257540148844497,5812.6466666666665,0.0812630390975082,0.00897151705622,0.0081721118578934,0.0081578871655644,65.57010539763657,6127.2,6330.333059840075,5924.066940159924,0.8884153572152028,83.942857142857,0.0133560631889987,0.0098007712082262,0.066483404601914,0.1366102430555555,80454.4,0.9824322846233396,-0.1546688341550538,0.59352005,1
2025-08-13,6280.2,6403.0,6280.2,6392.0,106869.0,0.0170246618933969,0.0170246618933969,0.0288105585063576,0.0344381149663386,0.0855240812444806,6254.4,0.0220005116398056,6190.280000000001,0.0325865712051796,6152.38,0.0389475292488434,5826.69,0.0970207785209098,0.0097451949377634,0.0086633193279617,0.0083789492786259,65.58109833971905,6152.38,6355.726938170086,5949.033061829914,1.0891900860576855,84.3857142857142,0.01320177006973,0.0344381149663386,0.0855240812444806,0.1518362345478792,87400.8,1.2227462448856303,0.3520704444528788,0.73543274,1
2025-08-14,6385.8,6408.4,6296.8,6320.4,112146.0,-0.0112015018773466,-0.0112015018773466,0.0232151529868867,0.0387877194135823,0.0594743194314066,6283.08,0.0059397620275405,6213.88,0.0171422685986855,6170.12,0.0243560903191508,5839.48,0.0823566481947022,0.008911105533171,0.0090370417061543,0.0085585031422807,60.05847953216372,6170.12,6366.648927561342,5973.591072438658,0.8823355723372914,89.48571428571417,0.0141582359163524,0.0387877194135823,0.0594743194314066,0.1381955699621826,92240.8,1.2157960468686309,0.0493782107065658,0.39114237,0
2025-08-15,6336.0,6475.2,6311.0,6467.2,122047.0,0.0232263780773369,0.0232263780773369,0.0475573409355967,0.0668778250684614,0.080820910488669,6341.8,0.019773565864581,6254.42,0.0340207405322954,6194.3,0.0440566327107179,5855.323333333334,0.1044992106897597,0.0103301217386884,0.0101129065171494,0.0088992180790673,66.90891472868216,6194.3,6412.056774019933,5976.543225980067,1.1266165570009297,96.07142857142844,0.0148551813105251,0.0668778250684614,0.080820910488669,0.1723162817677554,102721.2,1.1881383784457349,0.0882866976976441,0.66523266,1
2025-08-18,6457.6,6621.6,6457.6,6543.0,131737.0,0.011720682830282,0.011720682830282,0.0478188456857344,0.0687334618274477,0.0850026532236667,6401.52,0.0221010010122597,6296.5,0.0391487334233304,6219.93,0.0519410990155837,5873.31,0.1140225869228763,0.0104094033692992,0.010228558464173,0.0088261440378942,68.43078345273862,6219.93,6474.085402937049,5965.774597062951,1.1355757073557469,100.77142857142846,0.0154014104495534,0.0687334618274477,0.0850026532236667,0.1975182107690618,110368.0,1.1936159031603364,0.079395642662253,0.5306012,0
2025-08-19,6544.4,6584.0,6514.2,6525.8,102352.0,-0.0026287635641143,-0.0026287635641143,0.038313444709626,0.0612092236640973,0.0690321735141865,6449.679999999999,0.0118021359199216,6334.14,0.0302582513174638,6241.0,0.0456337125460664,5890.62,0.1078290570432314,0.0108135058082912,0.010147217552454,0.0088547955867999,70.68512771544525,6241.0,6523.15579123297,5958.84420876703,1.0046857247825316,98.67142857142848,0.0151202042004702,0.0612092236640973,0.0690321735141865,0.1892768625164018,115030.2,0.8897837263605558,-0.2230580626551386,0.53669816,0
2025-08-20,6531.8,6630.4,6448.6,6626.8,119244.0,0.0154770296362132,0.0154770296362132,0.0367334167709636,0.0666022855303396,0.0881444991789819,6496.639999999999,0.0200349719239485,6375.52,0.0394132557030644,6267.84,0.0572701281462193,5909.873333333334,0.1213099885953561,0.0111584331665521,0.0103959095533711,0.0089674403877332,82.13270142180102,6267.84,6588.953001261135,5946.726998738865,1.058930966031001,101.22857142857129,0.0152756340056394,0.0666022855303396,0.0881444991789819,0.2111265443380363,117505.2,1.0147976429979269,0.1650382992027512,0.5071137,0
2025-08-21,6589.6,6656.4,6545.0,6582.8,121463.0,-0.0066397054385223,-0.0066397054385223,0.0415163597240682,0.0656953213534079,0.062290214304157,6549.120000000001,0.0051426756571875,6416.1,0.0259815152506974,6287.14,0.0470261517955699,5928.543333333333,0.1103570691620146,0.0112648293037631,0.0101770484809694,0.0090364467403286,80.10168708111857,6287.14,6635.517510906271,5938.7624890937295,0.9243385275227276,103.21428571428552,0.0156793895780345,0.0656953213534079,0.062290214304157,0.2050671841247757,119368.6,1.017545652709339,0.018608902754017,0.4247264,0
2025-08-22,6571.8,6741.2,6571.8,6740.2,128579.0,0.0239107978367867,0.0239107978367867,0.0422130133597229,0.0917778929635868,0.0901533285889888,6603.719999999999,0.0206671391276431,6472.76,0.0413177686180237,6315.01,0.0673300596515285,5948.08,0.1331723850385333,0.0121956409696316,0.0110960165897199,0.0091944624531476,82.10723192019951,6315.01,6713.780351534743,5916.239648465257,1.0331263951339105,109.5285714285712,0.0162500476882839,0.0917778929635868,0.0901533285889888,0.2105244252873563,120675.0,1.0654982390718872,0.0585857421601641,0.50166225,0
2025-08-25,6715.4,6886.8,6715.4,6837.8,148122.0,0.0144802824841994,0.0144802824841994,0.045055784808192,0.095029146114919,0.1050096961861668,6662.68,0.0262837176631625,6532.1,0.0467996509545169,6347.5,0.0772430090586846,5969.983333333334,0.1453633315559228,0.0123032254487437,0.0112843773701108,0.0091876428442312,83.32687838884587,6347.5,6804.354315141207,5890.645684858793,1.0366043219362564,118.742857142857,0.0173656522774659,0.095029146114919,0.1050096961861668,0.2379245419653848,123952.0,1.1949948367109848,0.1519921604616616,0.43291014,0
2025-08-26,6834.8,6906.6,6800.2,6840.6,119382.0,0.0004094884319518,0.0004094884319518,0.0482392963314843,0.0884009546539379,0.0990681233933161,6725.640000000001,0.0170927971167054,6587.660000000001,0.0383960313677389,6378.33,0.0724750836033885,5991.830000000001,0.1416545529495996,0.0125982765790705,0.0113301075570568,0.0091913682026088,82.28395061728398,6378.33,6881.014570345201,5875.645429654799,0.9598012623329109,120.67142857142842,0.0176404743109417,0.0884009546539379,0.0990681233933161,0.2370429310282469,127358.0,0.9373733884011998,-0.1940292461619476,0.19451594,0
2025-08-27,6867.6,6965.4,6737.2,6756.8,176441.0,-0.0122503873929187,-0.0122503873929187,0.019617311522907,0.0570713391739674,0.0934748834800622,6751.639999999999,0.0007642587578722,6624.139999999999,0.0200267506423477,6407.21,0.0545619700306374,6011.54,0.123971561363644,0.0137647622738524,0.0116630173591653,0.0093960614617219,78.42714257697588,6407.21,6927.774802174656,5886.645197825344,0.8357795211466378,130.41428571428554,0.0193011907580934,0.0570713391739674,0.0934748834800622,0.2121560044490689,138797.4,1.271212573146183,0.4779531252617648,0.45030308,0
2025-08-28,6820.6,6892.2,6679.2,6882.2,191437.0,0.0185590812218801,0.0185590812218801,0.0454821656437989,0.0888867793177647,0.1311222141871015,6811.52,0.0103765385699521,6680.32,0.030220109216325,6447.1,0.0674877076515021,6032.81,0.1407950855405688,0.012906908381585,0.01106944199001,0.0095972553622152,81.02995270625325,6447.1,6985.475060030772,5908.724939969229,0.9040863259668186,141.87142857142842,0.0206142554083619,0.0888867793177647,0.1311222141871015,0.2276489475561898,152792.2,1.252923905801474,0.0849915835888484,0.35932928,0
2025-08-29,6837.2,6946.4,6833.2,6904.8,166467.0,0.003283833657842,0.003283833657842,0.0244206403370821,0.0676645225136072,0.1390676036820746,6844.4400000000005,0.0088188368953485,6724.08,0.0268765392440304,6489.25,0.064036676041145,6054.433333333333,0.1404535519426535,0.0119019663619914,0.0108466689056473,0.0095879930195802,80.1938551572787,6489.25,7032.588093833391,5945.911906166609,0.8824046249621365,142.1142857142856,0.0205819554099011,0.0676645225136072,0.1390676036820746,0.2313728287619931,160369.8,1.03801962713678,-0.1304345554934521,0.30420676,0
2025-09-01,6891.0,6971.2,6881.8,6917.2,126661.0,0.0017958521608156,0.0017958521608156,0.0116119219632044,0.0571908910285801,0.1298552807814184,6860.32,0.0082911584299274,6761.5,0.0230274347408119,6529.0,0.0594578036452748,6075.493333333334,0.1385412871821656,0.0118441700631514,0.0108665938570411,0.0095703066058989,79.66960765909515,6529.0,7075.585881921372,5982.414118078628,0.8551134532009772,144.04285714285703,0.0208238676260419,0.0571908910285801,0.1298552807814184,0.2235036083203621,156077.6,0.8115258051123287,-0.2391224687175236,0.5203121,0
2025-09-02,6925.4,6935.2,6736.4,6802.0,172836.0,-0.0166541375122881,-0.0166541375122881,-0.0056427798731105,0.0423243127279413,0.1061241747162324,6852.6,-0.0073840586054928,6789.12,0.0018971530920059,6561.63,0.0366326659686693,6095.503333333333,0.1159045657153825,0.0136281461122727,0.0120080119360932,0.0097821146560862,69.09463487332339,6561.63,7090.428061545907,6032.831938454093,0.7272795774792494,149.47142857142848,0.0219746293107069,0.0423243127279413,0.1061241747162324,0.2143392723247761,166768.4,1.036383391577781,0.3645557827587022,0.54789555,0
2025-09-03,6785.0,6850.4,6658.2,6685.2,166146.0,-0.017171420170538,-0.017171420170538,-0.010596732180914,0.008812699945675,0.0760019314340898,6838.279999999999,-0.022385746123294,6794.960000000001,-0.0161531488044081,6585.24,0.0151794012063342,6112.8933333333325,0.0936228779824939,0.0145179632029634,0.0129201209024284,0.0101171185559635,66.30318198069361,6585.24,7090.123129363381,6080.356870636619,0.5989932067308744,155.22857142857134,0.0232197348513988,0.008812699945675,0.0760019314340898,0.1849409762841645,164709.4,1.0087220280081162,-0.038707213774908,0.766034,1
2025-09-04,6708.6,6748.2,6446.6,6543.8,194079.0,-0.0211511996649313,-0.0211511996649313,-0.049170323443085,-0.0059245305948836,0.0593815768172252,6770.6,-0.0334977697692966,6791.06,-0.0364096326641202,6603.58,-0.0090526653724191,6127.713333333334,0.0679024366892706,0.0160117718955228,0.0139336686174044,0.0105822864001258,53.43991377761812,6603.58,7071.304253447614,6135.855746552385,0.4360948255736591,165.04285714285703,0.0252212563255076,-0.0059245305948836,0.0593815768172252,0.1572525023874367,165237.8,1.1745435971672342,0.1681232169296884,0.5180995,0
2025-09-05,6503.6,6804.4,6503.6,6795.6,170326.0,0.0384791711238119,0.0384791711238119,-0.0158150851581507,0.0082193406723836,0.1007515874044318,6748.759999999999,0.0069405342611088,6796.6,-0.0001471323897243,6634.68,0.024254372479155,6147.61,0.1054051899844006,0.0188827913363321,0.0159939393747952,0.0114419187114283,59.795253606328544,6634.68,7063.087841099761,6206.272158900239,0.6878116884916301,174.81428571428555,0.0257246285411568,0.0082193406723836,0.1007515874044318,0.2131100717626477,166009.6,1.0260009059717028,-0.1223883057930018,0.37235516,0
2025-09-08,6775.6,6845.0,6737.6,6815.0,140430.0,0.0028547883924892,0.0028547883924892,-0.0147747643555194,-0.0033344058030361,0.0913778745756197,6728.32,0.012882859317036,6794.32,0.003043718871057,6663.210000000001,0.0227803115915601,6167.366666666667,0.1050097016014397,0.0183082709940023,0.0159244920710206,0.0114399284274974,61.19541653762774,6663.210000000001,7056.763494792163,6269.656505207839,0.6928454479614774,177.4999999999998,0.0260454878943506,-0.0033344058030361,0.0913778745756197,0.2105655819241152,168763.4,0.832111701944853,-0.1755222338339419,0.33848655,0
2025-09-09,6818.8,6836.4,6717.4,6755.4,138446.0,-0.0087454145267792,-0.0087454145267792,-0.006850926198177,-0.0124550478028244,0.0748448687350835,6719.0,0.0054174728382199,6785.8,-0.0044799434112412,6686.7300000000005,0.0102695936578864,6186.323333333334,0.0919894800196345,0.0185031241211691,0.0161864954894406,0.0115248002900471,55.14317709166532,6686.7300000000005,7039.192931832207,6334.267068167794,0.5974144992255386,173.01428571428556,0.0256112570261251,-0.0124550478028244,0.0748448687350835,0.2024563901744391,161885.4,0.8552099201039748,-0.0141280353200883,0.5275402,0
2025-09-10,6750.4,6831.6,6717.6,6744.0,134597.0,-0.0016875388578025,-0.0016875388578025,0.0087955483755159,-0.0018943878759176,0.0550688360450564,6730.76,0.0019670884120068,6784.52,-0.0059724195668963,6704.33,0.0059170715045351,6205.376666666667,0.0867994583192102,0.0180928062830375,0.0159166916273923,0.0115136232014676,56.61957950065703,6704.33,7028.874033830082,6379.785966169918,0.5611165140394626,173.19999999999987,0.0256820877817318,-0.0018943878759176,0.0550688360450564,0.2041136980431366,155575.6,0.8651549471768066,-0.0278014532742008,0.25340882,0
2025-09-11,6769.4,7017.6,6707.4,7017.2,195795.0,0.0405100830367735,0.0405100830367735,0.0723432867752682,0.0196158205225074,0.1102461869501931,6825.44,0.0280948920509154,6798.02,0.0322417409775199,6739.17,0.0412558223045271,6230.053333333332,0.1263466979415908,0.021593486375458,0.0176298732357728,0.0123211841173077,60.38698065096745,6739.17,7038.826231810922,6439.513768189078,0.9639149306519882,183.2571428571428,0.0261154225128459,0.0196158205225074,0.1102461869501931,0.2674204385362857,155918.8,1.2557497877100132,0.4546758100106243,0.44056076,0
2025-09-12,6986.4,7082.8,6986.4,7031.2,175859.0,0.0019950977597902,0.0019950977597902,0.0346694920242509,0.0183061058973468,0.0872093023255813,6872.56,0.0230831014934755,6810.659999999999,0.0323815900367954,6767.37,0.0389856029742721,6255.673333333333,0.1239717333918757,0.0215898222666496,0.0171314453821132,0.0122280391877271,57.73723795807329,6767.37,7065.409157441404,6469.330842558596,0.9426096259714968,177.89999999999995,0.0253015132552053,0.0183061058973468,0.0872093023255813,0.2797961412449945,157025.4,1.1199398313903357,-0.1018207819402946,0.4515731,0
2025-09-15,7042.6,7062.4,6978.6,6980.4,137356.0,-0.0072249402662418,-0.0072249402662418,0.0242699926632428,0.0091366448852137,0.0668500687757909,6905.639999999999,0.010825933584722,6816.9800000000005,0.0239724922179616,6789.24,0.0281563179383848,6279.796666666666,0.1115646525710227,0.0217878933010698,0.0172246616075886,0.0123098961509266,55.386037910309724,6789.24,7082.103829683357,6496.376170316643,0.8263632798332953,176.28571428571416,0.0252543857494863,0.0091366448852137,0.0668500687757909,0.261594071932044,156410.6,0.8781757758105908,-0.2189424482113511,0.43718317,0
2025-09-16,6992.2,7066.4,6918.0,7033.0,161577.0,0.0075353847917025,0.0075353847917025,0.0410930514847383,0.0339605998235812,0.0777222715988843,6961.160000000001,0.0103201190606161,6840.08,0.0282043484871521,6814.6,0.0320488363220143,6303.03,0.1158125536448344,0.0209207840048704,0.0171879468766855,0.012157097192165,60.90320543186483,6814.6,7099.134530325104,6530.065469674897,0.8837847022476679,170.58571428571415,0.024255042554488,0.0339605998235812,0.0777222715988843,0.2472069515871608,161036.8,1.0033545127573325,0.1763374006231981,0.5239328,0
2025-09-17,7031.2,7117.0,6986.8,7108.8,163824.0,0.0107777619792408,0.0107777619792408,0.0540925266903915,0.0633638485011667,0.0727349550310858,7034.12,0.0106168220047426,6882.4400000000005,0.0328894984918139,6838.7,0.0394958106072791,6325.516666666666,0.1238291470261983,0.0196764182015588,0.0170527768749293,0.0119721343672508,59.309778142974544,6838.7,7137.549766869329,6539.850233130671,0.9518992984828072,164.6714285714284,0.0231644480884858,0.0633638485011667,0.0727349550310858,0.2342523786374053,166882.2,0.98167449853849,0.0139066822629458,0.34371874,0
2025-09-18,7097.8,7208.0,6921.2,7008.2,236268.0,-0.0141514742291245,-0.0141514742291245,-0.0012825628455794,0.0709679391179436,0.0646229567964999,7032.32,-0.0034298780487804,6928.88,0.011447737585295,6859.969999999999,0.0216079662155956,6346.8,0.104209995588328,0.0186897692341652,0.0173711650595111,0.0121412661339853,53.992277992277984,6859.969999999999,7142.2260621696805,6577.713937830318,0.7625807198976836,177.07142857142844,0.0252663206774105,0.0709679391179436,0.0646229567964999,0.2228154662199888,174976.8,1.3502818659387987,0.4422062701435687,0.6121467,1
2025-09-19,6985.6,7051.2,6940.4,6996.2,187556.0,-0.0017122799006877,-0.0017122799006877,-0.0049778131755603,0.0295191005945021,0.0379810688110144,7025.32,-0.0041450069178343,6948.94,0.006801037280506,6872.77,0.0179592798827838,6367.606666666668,0.098717362148625,0.0151655826835884,0.0167013095093577,0.0121592647128415,53.05113548586437,6872.77,7155.375271303237,6590.164728696762,0.7183787999261325,178.5999999999999,0.0255281438495183,0.0295191005945021,0.0379810688110144,0.2171961446118513,177316.2,1.0577488125732448,-0.2061726513958724,0.47038046,0
2025-09-22,6997.4,7018.2,6926.4,7012.8,114627.0,0.0023727166175924,0.0023727166175924,0.0046415678184632,0.0290242112986061,0.0255930269969872,7031.8,-0.0027020108649279,6968.719999999999,0.006325408396377,6881.52,0.0190771806228857,6388.263333333333,0.0977631375037242,0.0151669151833592,0.0164424203692377,0.0121590402706479,58.812709030100336,6881.52,7170.334823937883,6592.705176062116,0.72727365273369,170.95714285714277,0.0243778722988168,0.0290242112986061,0.0255930269969872,0.2146741954480895,172770.4,0.6634643434291986,-0.3888385335579774,0.5393195,0
2025-09-23,6995.0,7031.4,6795.0,6947.2,181806.0,-0.0093543235227013,-0.0093543235227013,-0.0121996303142328,0.0283921011339076,0.0155834283542377,7014.639999999999,-0.0096141783469999,6987.9,-0.0058243535253795,6886.85,0.0087630774592155,6407.896666666667,0.0841623018265482,0.0152202900191137,0.0166171232816386,0.0122582971154435,61.4430468204053,6886.85,7176.418735590591,6597.28126440941,0.6042066918531667,174.1142857142856,0.0250625123379614,0.0283921011339076,0.0155834283542377,0.2041877556680302,176816.2,1.028220264885231,0.5860661100787772,0.60887927,1
2025-09-24,6896.6,7160.0,6896.6,7155.8,177180.0,0.0300264854905574,0.0300264854905574,0.0066115237452171,0.0610616844602609,0.0590516220696186,7024.039999999999,0.0187584353164278,7029.08,0.0180279638302593,6906.8,0.0360514275786181,6431.163333333333,0.1126758300338612,0.0173165115900168,0.0175202788930254,0.0127205401243387,75.24752475247521,6906.8,7213.136175845316,6600.4638241546845,0.906416250566718,171.3857142857142,0.0239506015100637,0.0610616844602609,0.0590516220696186,0.2423695267196777,179487.4,0.987144501508184,-0.0254447047952213,0.6871151,1
2025-09-25,7135.2,7210.6,7131.4,7166.6,129665.0,0.0015092652114367,0.0015092652114367,0.0226020946890785,0.0212905432366186,0.0413239952340822,7055.719999999999,0.0157149093217985,7044.02,0.0174019948836035,6921.02,0.0354832091223549,6454.389999999999,0.1103450519723785,0.0123913498943742,0.0171347925917075,0.012722411840899,69.10401647785784,6921.02,7248.239711155017,6593.800288844982,0.8752524551976933,155.55714285714288,0.021705849755413,0.0212905432366186,0.0413239952340822,0.2413996189156417,158166.8,0.8197990981672514,-0.2681736087594536,0.38708642,0
2025-09-26,7184.8,7194.0,7078.8,7078.8,136035.0,-0.0122512767560628,-0.0122512767560628,0.0118064091935623,0.006769825918762,0.0251998609662842,7072.24,0.0009275703313236,7048.780000000001,0.0042588930282969,6929.719999999999,0.0215131347298305,6476.1466666666665,0.0930573942117845,0.0132067602971178,0.0174309349929198,0.0128802799761978,62.6900134693092,6929.719999999999,7264.293775044189,6595.14622495581,0.7227909225406427,156.11428571428573,0.0220537782836477,0.006769825918762,0.0251998609662842,0.2261059341116154,147862.6,0.9200095223538608,0.049126595457525,0.48138514,0
2025-09-29,7096.0,7256.8,7055.6,7226.6,160425.0,0.0208792450697858,0.0208792450697858,0.0304871092858771,0.0352701850896797,0.0447290811310936,7115.0,0.0156851721714688,7073.4,0.021658608307179,6945.19,0.040518689913451,6500.693333333334,0.1116660376739302,0.0142681284742309,0.0179684812000035,0.0130407764475622,70.89393401915572,6945.19,7304.987521421428,6585.392478578571,0.8910671742376834,161.9857142857143,0.0224152041465854,0.0352701850896797,0.0447290811310936,0.2559699676735374,157022.2,1.0216708210686132,0.1792920939464108,0.4335914,0
2025-09-30,7206.2,7314.4,7206.2,7284.8,128556.0,0.0080535798300722,0.0080535798300722,0.0485951174573928,0.0358026446751031,0.0709791237871215,7182.52,0.0142401274204597,7098.58,0.0262334156972239,6969.33,0.0452654702819352,6524.433333333333,0.1165414110037652,0.0142850888424515,0.0174351659958698,0.012910965241846,73.0245231607629,6969.33,7352.690350474249,6585.969649525751,0.9114536096517776,161.57142857142858,0.0221792538671519,0.0358026446751031,0.0709791237871215,0.2430550815643983,146372.2,0.8782815316023124,-0.1986535764375876,0.4970021,0
2025-10-09,7281.0,7458.8,7281.0,7409.6,155474.0,0.0171315616077312,0.0171315616077312,0.0354677324687666,0.0423137519693901,0.1083587626398612,7233.280000000001,0.0243762165988319,7128.660000000001,0.0394099311792117,7005.55,0.0576756999807295,6550.81,0.1310967651328616,0.0147720812201701,0.0169676115528974,0.0129651558611697,69.12280701754383,7005.55,7412.063947452767,6599.036052547233,0.9969694183087616,152.11428571428567,0.0205293518832711,0.0423137519693901,0.1083587626398612,0.2715977346833707,142031.0,1.0946483514162402,0.2093873487040667,0.33326674,0
2025-10-10,7424.8,7424.8,7246.6,7259.6,170390.0,-0.0202440077736989,-0.0202440077736989,0.0129768649010688,0.0358722639194086,0.1093859836792079,7251.88,0.0010645515369807,7153.8,0.0147893427269423,7041.339999999999,0.0309969409231767,6574.193333333334,0.1042571509406984,0.0157111566260571,0.0168942533391067,0.0133393307886372,59.82788296041308,7041.339999999999,7399.89394015398,6682.786059846018,0.8043614580086185,157.95714285714277,0.0217583810205993,0.0358722639194086,0.1093859836792079,0.2395587883755079,150176.0,1.1346020669081611,0.0959388708079806,0.33960608,0
2025-10-13,7267.0,7267.0,7078.2,7223.2,176728.0,-0.0050140503609015,-0.0050140503609015,0.0203989376730517,0.0324461850718962,0.0629230678674435,7280.76,-0.0079057680791566,7176.5,0.0065073503797115,7062.719999999999,0.0227221240541888,6595.883333333333,0.095107301776613,0.0158700512595013,0.0151085863240728,0.0133491459517236,60.57859881491807,7062.719999999999,7410.40625663459,6715.033743365409,0.7307827774864578,165.45714285714283,0.0229063493821495,0.0324461850718962,0.0629230678674435,0.2197642608666283,158314.6,1.1163089190763202,0.0371970186043781,0.5508238,1
2025-10-14,7215.0,7309.8,6968.4,7005.4,221091.0,-0.0301528408461624,-0.0301528408461624,-0.030609138460687,-0.0010552133242072,0.0279383712399119,7236.520000000001,-0.0319380033496765,7175.76,-0.023741039276676,7072.24,-0.0094510367295227,6614.3533333333335,0.0591209218739448,0.0190900747583912,0.0168468261908429,0.0140044907751993,48.9488117001828,7072.24,7401.294469335117,6743.185530664882,0.3984362678084026,179.2428571428572,0.0255863843810285,-0.0010552133242072,0.0279383712399119,0.1879196907006715,170447.8,1.2971185313040123,0.2510241727400299,0.5630079,1
2025-10-15,7014.2,7156.6,6999.8,7132.2,182614.0,0.0181003226082736,0.0181003226082736,-0.0209477267735559,0.0266294334408105,0.0557776001421086,7206.0,-0.0102414654454621,7194.26,-0.0086263215396719,7091.08,0.0057988345921917,6635.003333333333,0.0749354057094169,0.019554528956484,0.0170546856098493,0.0141308396480401,50.85789705235371,7091.08,7385.02726057567,6797.13273942433,0.569944519842556,181.1428571428572,0.0253978936573367,0.0266294334408105,0.0557776001421086,0.2102423131745061,181259.4,1.0074732675932945,-0.1740324119932517,0.52984697,0
2025-10-16,7126.6,7132.6,7011.2,7052.2,158548.0,-0.0112167353691707,-0.0112167353691707,-0.0482347225221335,-0.014477766287487,0.0456998813760378,7134.52,-0.011538267465786,7183.9,-0.0183326605325797,7106.49,-0.0076394957285523,6654.4,0.0597799951911517,0.0174063182899678,0.0173193250002345,0.0142453127941427,51.63787969029183,7106.49,7352.177639943469,6860.80236005653,0.3895141814775631,169.3285714285715,0.0240107443675124,-0.014477766287487,0.0456998813760378,0.1976428231777733,181874.2,0.8717454152375652,-0.1317861719254821,0.69600195,1
2025-10-17,7037.6,7086.4,6733.2,6849.4,172400.0,-0.028756983636312,-0.028756983636312,-0.056504490605543,-0.044260876845366,-0.0239126717209143,7052.479999999999,-0.0287955442624436,7152.18,-0.042333945734028,7098.1,-0.0350375452585903,6669.13,0.0270305122257326,0.0193791643887097,0.0161810851189573,0.0147631347011151,45.21512385919166,7098.1,7366.990977711557,6829.209022288444,0.037544914826438,186.6428571428572,0.0272495192488184,-0.044260876845366,-0.0239126717209143,0.1481493898350541,182276.2,0.9458173914093008,0.0873678633599919,0.6926696,1
2025-10-20,6842.2,6971.2,6842.2,6878.2,134833.0,0.0042047478611264,0.0042047478611264,-0.0477627644257392,-0.0283381364073007,-0.0217601547388781,6983.4800000000005,-0.0150755783649413,7132.12,-0.0356023174035209,7090.45,-0.0299346303831209,6684.039999999999,0.0290483001298615,0.0193320308170577,0.0162107380675671,0.0147647558961443,45.64739361014099,7090.45,7375.570897718371,6805.329102281628,0.1277894715917136,189.30000000000004,0.0275217353377337,-0.0283381364073007,-0.0217601547388781,0.1495086569957884,173897.2,0.7753603853311036,-0.2179060324825986,0.687978,1
2025-10-21,6877.2,7063.0,6877.2,7020.4,145647.0,0.0206740135500567,0.0206740135500567,0.0021412053558682,-0.0285334735560292,0.0057303306400779,6986.4800000000005,0.0048550915482472,7111.5,-0.0128102369401673,7092.45,-0.010158689874444,6700.54,0.0477364510920015,0.0193043046917323,0.0168329862217406,0.0149365120274299,52.25536110426423,7092.45,7374.868931078495,6810.031068921505,0.3724412706243571,185.6857142857144,0.0264494493598248,-0.0285334735560292,0.0057303306400779,0.1641682143804723,158808.4,0.9171240312225298,0.0802029176833565,0.5449798,0
2025-10-22,7035.6,7035.6,6938.2,6976.0,109239.0,-0.0063244259586348,-0.0063244259586348,-0.021900675808306,-0.0423896332088733,-0.0081046495094554,6955.24,0.0029847999493906,7080.62,-0.0147755422547742,7089.6,-0.0160234709997744,6715.066666666667,0.038857891706213,0.0189446449044212,0.016809941203584,0.0149263281393069,43.83655560126148,7089.6,7375.671761331872,6803.528238668128,0.3014484207194905,173.8285714285716,0.0249180865006553,-0.0423896332088733,-0.0081046495094554,0.1427822554223183,144133.4,0.7579020546243966,-0.2499742528167418,0.37737918,0
2025-10-23,6980.0,7008.8,6858.2,7001.8,145145.0,0.0036983944954127,0.0036983944954127,-0.0071467059924561,-0.0550367091340963,-0.0150517668242178,6945.160000000001,0.0081553196758605,7039.839999999999,-0.0054035318984521,7084.25,-0.0116384938419733,6730.263333333333,0.0403456229300587,0.0177027280026043,0.0166386726199704,0.0149145155409267,44.408251900108574,7084.25,7372.801281586488,6795.698718413512,0.3571311145341647,178.92857142857156,0.0255546532932348,-0.0550367091340963,-0.0150517668242178,0.1497208538587848,141452.8,1.0261019930323048,0.3286921337617516,0.48658314,0
2025-10-24,6959.2,7121.6,6959.2,7121.0,137728.0,0.0170241937787425,0.0170241937787425,0.039653108301457,-0.0190919609895862,0.0160954310664649,6999.4800000000005,0.0173612896958059,7025.9800000000005,0.0135240920127868,7089.890000000001,0.0043879383178015,6745.666666666667,0.0556406582003261,0.0181713331664813,0.0167647547337664,0.0149058611121063,51.40199335548172,7089.890000000001,7376.586067933208,6803.193932066794,0.5542560632663553,182.30000000000015,0.0256003370313158,-0.0190919609895862,0.0160954310664649,0.1491414923831655,134518.4,1.0238599329162406,-0.0511006235144165,0.4630955,0
2025-10-27,7090.6,7244.4,7090.6,7214.4,136694.0,0.013116135374245,0.013116135374245,0.0488790671978134,-0.0012182965998449,0.0311883593951001,7066.719999999999,0.0208979554871284,7025.1,0.0269462356407736,7100.8,0.01599819738621,6762.860000000001,0.0667676101531007,0.018708906676757,0.016968296436953,0.0149559874576977,49.57948435130288,7100.8,7389.086728613505,6812.513271386495,0.697026065935034,178.91428571428585,0.0247996071349364,-0.0012182965998449,0.0311883593951001,0.1668499708869766,134890.6,1.0133693526457737,-0.0075075511152415,0.43604153,0
2025-10-28,7220.0,7270.6,7163.6,7191.4,126404.0,-0.0031880683078288,-0.0031880683078288,0.0243575864623097,0.0265509464127673,0.0254677161761349,7100.92,0.0127420108943629,7043.7,0.0209690929483084,7109.7300000000005,0.0114870747552999,6779.583333333333,0.0607436543543729,0.0155509575282291,0.0170017673502882,0.0149734404264232,46.70057934152888,7109.7300000000005,7397.603635289299,6821.856364710702,0.6418504336423948,178.8285714285716,0.0248670038418905,0.0265509464127673,0.0254677161761349,0.1621525533290237,131042.0,0.9646067672959816,-0.075277627401349,0.45473745,0
2025-10-29,7196.2,7352.2,7196.2,7348.8,134767.0,0.0218872542203187,0.0218872542203187,0.053440366972477,0.0303693110120299,0.0578074619990787,7175.4800000000005,0.0241544816514016,7065.360000000001,0.0401168517952374,7129.81,0.0307147034773718,6798.33,0.0809713562007139,0.0160062004593908,0.0173927947834757,0.0151740247562392,47.90055248618784,7129.81,7425.858601273046,6833.761398726953,0.869854812788029,177.61428571428587,0.0241691549251967,0.0303693110120299,0.0578074619990787,0.1807197943444729,136147.6,0.9898595347989976,0.0661608809847789,0.41971874,0
2025-10-30,7335.4,7335.4,7221.6,7255.4,168288.0,-0.0127095580230787,-0.0127095580230787,0.0362192579051099,0.028813703525141,0.01391877917214,7226.2,0.0040408513464891,7085.68,0.0239525352542027,7134.790000000001,0.0169044919331891,6816.266666666666,0.0644243182974062,0.016160898721174,0.0164942003550504,0.0152525807666732,49.84907287623973,7134.790000000001,7435.985525932977,6833.594474067025,0.7002187775306424,173.97142857142873,0.0239781994888536,0.028813703525141,0.01391877917214,0.1741649404453651,140776.2,1.1954293410391812,0.2487329984343347,0.33565247,0
2025-10-31,7264.2,7309.2,7196.2,7199.2,145316.0,-0.0077459547371612,-0.0077459547371612,0.0109816037073444,0.0510701667299324,0.0045488795244605,7241.839999999999,-0.0058880063630236,7120.660000000001,0.0110298764440373,7136.42,0.008797127971728,6834.846666666666,0.0533081941852877,0.0125386863515788,0.0166033462398289,0.0151305408728893,49.14965986394558,7136.42,7438.691287004415,6834.148712995585,0.6038471113518016,168.557142857143,0.0234133157652437,0.0510701667299324,0.0045488795244605,0.183222667806193,142293.8,1.0212391544817836,-0.1365040882297015,0.47264776,0
2025-11-03,7221.4,7221.4,7063.8,7195.4,140206.0,-0.0005278364262696,-0.0005278364262696,-0.0026336216455976,0.0461167165828269,0.0164717183703451,7238.039999999999,-0.0058910975899552,7152.38,0.0060147810938455,7142.25,0.0074416325387658,6853.74,0.049850154805989,0.0126634004157574,0.0163395925535157,0.0151124404044034,57.93518209154694,7142.25,7444.339728740424,6840.160271259576,0.587970551368315,155.4285714285715,0.0216011022915434,0.0461167165828269,0.0164717183703451,0.1870071595895608,142996.2,0.9804875933766072,-0.0351647444190591,0.2944677,0
2025-11-04,7189.6,7189.6,6988.2,7049.8,143967.0,-0.0202351502348722,-0.0202351502348722,-0.0196901854993463,0.0041877955672042,-0.0244651703428998,7209.719999999999,-0.0221811665362869,7155.32,-0.0147470693134618,7133.410000000001,-0.0117209020650713,6869.2,0.0262912711815059,0.0134723006074525,0.0162858076645168,0.0153762514391651,46.61184210526317,7133.410000000001,7435.454136893131,6831.36586310687,0.3615930756676407,159.02857142857147,0.0225578841142403,0.0041877955672042,-0.0244651703428998,0.1515141615759041,146508.8,0.9826508714834876,0.0268248149151961,0.5596834,1
2025-11-05,7027.2,7109.6,6962.8,7060.0,147163.0,0.0014468495560158,0.0014468495560158,-0.0392989331591552,0.0120412844036696,-0.0308587744344388,7151.959999999999,-0.0128580137472803,7163.719999999999,-0.0144785111645904,7122.17,-0.0087290811648697,6884.376666666667,0.0255104190018655,0.0132573594273978,0.0161566185687103,0.0153746001156351,50.3402547548421,7122.17,7417.14153546873,6827.198464531271,0.3946169502402871,160.84285714285716,0.0227822743828409,0.0120412844036696,-0.0308587744344388,0.148079487429668,148988.0,0.9877506913308456,0.022199531837157,0.51284564,0
2025-11-06,7078.6,7212.2,7073.8,7198.4,133488.0,0.0196033994334277,0.0196033994334277,-0.007856217438046,0.0280784941015166,-0.0285035629453682,7140.56,0.0081002050259362,7183.38,0.0020909376922839,7111.610000000001,0.0122039875639974,6900.8,0.0431254347322049,0.0144780560215968,0.0163148533424389,0.0155014476162925,66.13052320207063,7111.610000000001,7376.88194308749,6846.338056912511,0.663586844107699,146.4857142857143,0.0203497602641856,0.0280784941015166,-0.0285035629453682,0.1586029293417028,142028.0,0.9398710113498748,-0.0929241725161895,0.3983604,0
2025-11-07,7192.2,7217.4,7124.6,7178.6,106961.0,-0.0027506112469436,-0.0027506112469436,-0.0028614290476718,0.0080887515798342,-0.0111576395393685,7136.44,0.005907707484404,7189.139999999999,-0.001466100256776,7107.56,0.0099949912487549,6917.493333333334,0.037745850134538,0.0136567406478727,0.0157042946471881,0.0154785609030855,64.00074571215515,7107.56,7365.695944600275,6849.424055399726,0.6376019138094193,143.89999999999995,0.0200456913604323,0.0080887515798342,-0.0111576395393685,0.162149910960013,134357.0,0.7960954769755204,-0.1987219825002996,0.36685476,0
2025-11-10,7179.2,7247.8,7125.2,7184.8,122736.0,0.0008636781545148,0.0008636781545148,-0.0014731634099562,-0.00410290530051,-0.0053162033447778,7134.32,0.0070756568250374,7186.18,-0.0001920352676944,7105.639999999999,0.0111404461807804,6934.346666666666,0.0361177981679601,0.0129703098835023,0.0156692157410691,0.0154747200643962,58.77455166524343,7105.639999999999,7360.7073669526335,6850.572633047365,0.6551746915839312,139.38571428571427,0.0194000827143016,-0.00410290530051,-0.0053162033447778,0.1637942205520279,130863.0,0.9378968845280944,0.1474836622694253,0.22631153,0
2025-11-11,7178.0,7241.2,7105.4,7119.4,112484.0,-0.0091025498274135,-0.0091025498274135,0.0098726204998722,-0.0100119587284812,0.0162731607045993,7148.24,-0.0040345595559186,7178.9800000000005,-0.0082992291384014,7111.339999999999,0.0011334010186547,6948.929999999999,0.024531834397526,0.013246740369516,0.0141844267522045,0.0155038538319485,57.48590519941531,7111.339999999999,7362.033122530613,6860.646877469386,0.5160754310262663,142.12857142857138,0.0199635603321307,-0.0100119587284812,0.0162731607045993,0.1401255524950355,124566.4,0.9030043414596552,-0.0835288749837048,0.61506253,1
2025-11-12,7128.6,7158.0,7029.0,7101.0,145629.0,-0.002584487456808,-0.002584487456808,0.0058073654390935,-0.0337197909862835,-0.0043745267939765,7156.44,-0.0077468685547562,7154.2,-0.0074361913281708,7109.779999999999,-0.0012349186613367,6962.53,0.0198878855818216,0.0105496355054936,0.0136068581506082,0.0155065484520724,55.218855218855225,7109.779999999999,7360.314818254535,6859.245181745463,0.482477485442605,140.5857142857142,0.0197980163759631,-0.0337197909862835,-0.0043745267939765,0.1298329355608591,124259.6,1.1719738354219713,0.2946641300096013,0.73267263,1
2025-11-13,7092.6,7218.2,7084.2,7207.2,132224.0,0.0149556400506971,0.0149556400506971,0.0012224938875304,-0.0066433277283126,0.0219789569212445,7158.2,0.0068452963035399,7149.38,0.0080874145730118,7117.530000000001,0.0125984716608147,6976.116666666667,0.033124923847317,0.011420995840267,0.0137424780835184,0.0154751877460414,54.59782376786857,7117.530000000001,7370.145998159764,6864.914001840237,0.6774828210667966,138.55714285714274,0.0192248227962513,-0.0066433277283126,0.0219789569212445,0.1275344180225281,124006.8,1.066264108097298,-0.092048973762094,0.45017618,0
2025-11-14,7189.4,7189.4,7074.8,7075.4,116612.0,-0.0182872682872683,-0.0182872682872683,-0.0143760621848272,-0.0171963551505722,0.0329955908546732,7137.56,-0.0087088584894557,7137.0,-0.0086310774835365,7128.83,-0.0074949185209916,6988.7,0.0124057406956945,0.0125806411730043,0.0127022229756257,0.0156050614824089,42.877638860422216,7128.83,7349.092017176053,6908.567982823947,0.3787126335148053,137.02857142857133,0.0193669010131683,-0.0171963551505722,0.0329955908546732,0.1194544649072844,125937.0,0.9259550410125698,-0.1180723620522748,0.7527531,1
2025-11-17,7115.2,7117.4,7043.0,7076.6,116917.0,0.0001696017186307,0.0001696017186307,-0.0150595702037634,-0.0165105484059259,0.0288447558954378,7115.92,-0.0055256382871082,7125.12,-0.0068097098715529,7138.75,-0.0087060059534231,6998.856666666666,0.0111080047836387,0.0125895563186073,0.0126924025385309,0.0153554309819346,43.98322851153044,7138.75,7327.034437683047,6950.465562316953,0.3349571510933334,134.69999999999987,0.0190345646214283,-0.0165105484059259,0.0288447558954378,0.0942293419099455,124773.2,0.9370361584058116,0.0026155112681369,0.5089522,0
2025-11-18,7047.6,7072.0,6960.6,7010.2,134440.0,-0.0093830370516915,-0.0093830370516915,-0.015338371211057,-0.0056171806292377,-0.0014529086661728,7094.079999999999,-0.0118239433443094,7121.160000000001,-0.0155817310662871,7138.24,-0.0179371946025911,7006.6433333333325,0.0005076134887225,0.0111943967910769,0.0120665274318879,0.0153617818768047,30.382387022016204,7138.24,7327.924262865648,6948.555737134351,0.1624917690438838,131.49999999999986,0.0187583806453453,-0.0056171806292377,-0.0014529086661728,0.0714045544857098,129164.4,1.0408440715862886,0.1498755527425439,0.6023656,1
2025-11-19,6988.2,7041.6,6939.2,6979.4,132592.0,-0.0043935979002025,-0.0043935979002025,-0.017124348683284,-0.0114164305949009,0.0004873853211009,7069.759999999999,-0.0127811976644185,7113.1,-0.0187963054083312,7138.410000000001,-0.0222752685822194,7014.203333333334,-0.0049618369584382,0.011233427929499,0.0120209330241246,0.01537105189256,32.75862068965516,7138.410000000001,7327.487159409759,6949.332840590242,0.0795102896183179,129.72857142857134,0.0185873529857253,-0.0114164305949009,0.0004873853211009,0.0695087192374881,126557.0,1.047686022898773,-0.0137459089556679,0.4910823,0
2025-11-20,6985.2,7048.6,6911.6,6922.8,137568.0,-0.0081095796200245,-0.0081095796200245,-0.0394605394605394,-0.038286285841298,-0.0112828129909451,7012.88,-0.0128449367449606,7085.539999999999,-0.0229679036460169,7134.459999999999,-0.0296672768506655,7019.136666666667,-0.0137248597999469,0.0086917250111182,0.0121240567832412,0.0153021307474847,32.74225774225775,7134.459999999999,7338.279656094458,6930.64034390554,-0.0192335323682091,131.44285714285706,0.0189869499541886,-0.038286285841298,-0.0112828129909451,0.0446671093136958,127625.8,1.0779011767213211,0.0375286593459636,0.7860496,1
2025-11-21,6928.8,6928.8,6686.4,6691.2,193831.0,-0.0334546715201942,-0.0334546715201942,-0.0543008169149447,-0.0678962471791158,-0.0603566914759163,6936.039999999999,-0.0352996810860374,7036.8,-0.0491132332878582,7112.969999999999,-0.0592959059295905,7020.943333333334,-0.0469656736535404,0.0127371646235871,0.0134646068891714,0.0159041192304934,25.490958584483764,7112.969999999999,7397.441255415785,6828.4987445842135,-0.2413227030329241,137.5,0.0205493782879005,-0.0678962471791158,-0.0603566914759163,0.0164671568329586,143069.6,1.3548021382599795,0.408983193765992,0.6658685,1
2025-11-24,6704.4,6781.2,6669.4,6741.8,131920.0,0.0075621712099473,0.0075621712099473,-0.047310855495577,-0.0616579445496047,-0.0655078731426036,6869.08,-0.0185294100520011,6992.5,-0.0358526993207006,7089.339999999999,-0.0490228991697392,7020.97,-0.0397623120452017,0.013353934444489,0.0131682747424715,0.0156321486412062,33.50471293916024,7089.339999999999,7414.009901349115,6764.670098650883,-0.0352205402407949,130.6857142857143,0.0193843950110822,-0.0616579445496047,-0.0655078731426036,0.0002373816800689,146070.2,0.9031274003869372,-0.3194071123814044,0.6148138,1
2025-11-25,6756.0,6902.6,6756.0,6811.4,134717.0,0.0103236524370344,0.0103236524370344,-0.0283586773558529,-0.0432620726465713,-0.0528408932892066,6829.32,-0.0026239801327219,6961.7,-0.0215895542755362,7070.339999999999,-0.0366234155641737,7020.53,-0.0297883493126587,0.014276070570428,0.0135162803593581,0.0155765578549153,37.48237663645517,7070.339999999999,7413.794429061623,6726.885570938375,0.1230358701335316,131.6857142857143,0.0193331347866392,-0.0432620726465713,-0.0528408932892066,-0.0038608909298313,146125.6,0.921926069080298,0.0212022437841115,0.552469,1
2025-11-26,6821.8,6886.6,6802.8,6818.2,106970.0,0.0009983263352615,0.0009983263352615,-0.0230965412499641,-0.0398253767075059,-0.0722022643152624,6797.079999999999,0.003107216628317,6933.42,-0.0166180615050004,7043.81,-0.0320295408308856,7020.156666666666,-0.0287681139119876,0.0143691250168325,0.0122724032618777,0.0155769708226806,27.93127466914328,7043.81,7378.55964030474,6709.060359695261,0.1630168149028985,126.80000000000004,0.0185972837405767,-0.0398253767075059,-0.0722022643152624,-0.0032745665584891,141001.2,0.7586460257075825,-0.2059650972037678,0.22675365,0
2025-11-27,6827.6,6914.8,6788.4,6802.4,112976.0,-0.0023173271537942,-0.0023173271537942,-0.0173918067833824,-0.0561660561660561,-0.0624362543760509,6773.0,0.0043407648014173,6892.94,-0.0131351788931863,7021.159999999999,-0.0311572446718205,7020.916666666667,-0.0311236661879384,0.0127942798088341,0.0120880571752308,0.0154964489522627,28.061581525542337,7021.159999999999,7356.929434676685,6685.390565323313,0.1742407476567297,129.20000000000013,0.018993296483594,-0.0561660561660561,-0.0624362543760509,0.0067487568079562,136082.8,0.8302004367928938,0.0561465831541554,0.30365515,0
2025-11-28,6816.8,6884.0,6795.0,6876.0,106633.0,0.0108197106903447,0.0108197106903447,0.0276183644189382,-0.0281821522458093,-0.0448938770974552,6809.960000000001,0.0096975606317804,6873.0,0.0004364906154517,7005.0,-0.0184154175588865,7020.8133333333335,-0.0206262902113905,0.0129200618109045,0.0124245919268168,0.0153730126928889,33.304498269896214,7005.0,7335.763251315797,6674.236748684203,0.3049964748398893,126.80000000000013,0.0184409540430483,-0.0281821522458093,-0.0448938770974552,-0.0009008747202928,118643.2,0.898770431006581,-0.056144667894066,0.46169502,0
2025-12-01,6872.6,6948.6,6872.6,6930.2,94804.0,0.0078824898196625,0.0078824898196625,0.0279450591830074,-0.0206879009693921,-0.0368568807849458,6847.639999999999,0.0120567085886524,6858.359999999999,0.0104748073883553,6991.740000000001,-0.0088018147127897,7021.236666666667,-0.0129659020182104,0.0133390326417457,0.0126255838977297,0.0154005898169189,39.64535901926448,6991.740000000001,7311.442785658555,6672.037214341446,0.403754357546127,122.52857142857154,0.0176803802817482,-0.0206879009693921,-0.0368568807849458,0.0036786003939288,111220.0,0.8524006473655817,-0.1109318878771111,0.42442125,0
2025-12-02,6924.8,6924.8,6862.0,6877.8,84055.0,-0.0075611093474935,-0.0075611093474935,0.0097483630384356,-0.0188867649995719,-0.0243978552583051,6860.92,0.0024603114451122,6845.12,0.00477420410453,6983.139999999999,-0.0150849044985492,7020.58,-0.0203373510450702,0.013239163581832,0.0119516501451547,0.0154312687554726,38.22287885183624,6983.139999999999,7305.509205790582,6660.770794209417,0.3366159079282062,118.18571428571438,0.0171836509182753,-0.0188867649995719,-0.0243978552583051,-0.0056959463366679,101087.6,0.8315065349261432,-0.1133812919286105,0.5484181,0
2025-12-03,6874.2,6912.4,6823.0,6848.4,102068.0,-0.0042746226991189,-0.0042746226991189,0.0044293215218091,-0.0187695217353927,-0.029971671388102,6866.960000000001,-0.0027027971620631,6832.02,0.0023975339650645,6972.56,-0.0178069460857991,7021.353333333333,-0.0246324782591769,0.0132366520198791,0.0119542932280041,0.01528660878261,29.398254478640368,6972.56,7298.180938160258,6646.939061839741,0.3093488694223758,115.00000000000009,0.016792243443724,-0.0187695217353927,-0.029971671388102,0.0068215230814465,100107.2,1.0195870027330702,0.214300160609125,0.50550985,0
2025-12-04,6839.6,6899.0,6807.6,6875.8,99796.0,0.0040009345248526,0.0040009345248526,0.0107903093025991,-0.006789160455307,-0.0448155145587907,6881.639999999999,-0.0008486349184204,6827.32,0.0071008829233141,6956.43,-0.0115907153525587,7024.530000000001,-0.0211729468021348,0.0131502910807346,0.0109770811697439,0.0151216391300024,36.97807933194163,6956.43,7266.537954717215,6646.322045282785,0.3699968853209102,112.07142857142864,0.0162994020436063,-0.006789160455307,-0.0448155145587907,0.028510740142404,97471.2,1.0238511478262298,-0.0222596700239056,0.61192894,1
2025-12-05,6868.2,6979.2,6814.6,6975.4,131971.0,0.0144855871316791,0.0144855871316791,0.0144560791157648,0.0424736967957914,-0.0283063549995822,6901.52,0.0107048881985418,6855.74,0.0174539874616015,6946.27,0.00419361758181,7031.723333333332,-0.0080098904156732,0.0072639604477784,0.0115935302380685,0.0149525102748551,44.148936170212735,6946.27,7238.531174474493,6654.008825525506,0.5498355624081405,118.51428571428576,0.0169903210875771,0.0424736967957914,-0.0283063549995822,0.0659555609890276,102538.8,1.287034761475656,0.322407711731933,0.86231554,1
2025-12-08,6968.8,7059.2,6968.8,7031.0,107047.0,0.0079708690541044,0.0079708690541044,0.014545034775331,0.0428965558159541,-0.0214063021935196,6921.68,0.0157938535153314,6884.660000000001,0.0212559516374082,6938.58,0.0133197282441075,7035.6466666666665,-0.0006604462797543,0.0072861451606796,0.0117731416526398,0.0141601772015423,51.217798594847785,6938.58,7211.894437001839,6665.265562998161,0.6690726640967345,116.68571428571433,0.0165958916634496,0.0428965558159541,-0.0214063021935196,0.0346400612160808,104987.4,1.0196175922063029,-0.1888596737161952,0.8258556,1
2025-12-09,7036.4,7044.8,6967.6,6978.4,95795.0,-0.007481154885507,-0.007481154885507,0.0146267701881415,0.0245177202924509,-0.0198050397505408,6941.8,0.0052724077328645,6901.360000000001,0.0111630171444467,6931.530000000001,0.0067618548862948,7038.37,-0.008520438681115,0.0077903798217606,0.0117199819361731,0.0141959265486461,49.94290934003197,6931.530000000001,7192.186831061255,6670.873168938746,0.5899074845059105,114.88571428571426,0.0164630451515697,0.0245177202924509,-0.0198050397505408,0.0239765223771093,107335.4,0.8924828155482721,-0.105112707502312,0.5694515,1
2025-12-10,6978.6,7020.6,6922.2,7001.0,116534.0,0.0032385647139745,0.0032385647139745,0.0222825769522809,0.0268105951717463,-0.014082523588227,6972.32,0.0041134084494114,6919.640000000001,0.0117578371129132,6926.530000000001,0.0107514152107908,7042.463333333333,-0.0058876179215699,0.007776118359731,0.0117491121884657,0.0141479526277943,54.64480874316938,6926.530000000001,7177.142060028099,6675.917939971902,0.6485762496658178,112.12857142857143,0.0160160793356051,0.0268105951717463,-0.014082523588227,0.0363561003049413,110228.6,1.0572029400718144,0.2164935539433163,0.5114352,0
2025-12-11,7006.2,7028.2,6938.0,6947.8,112902.0,-0.0075989144407941,-0.0075989144407941,0.0104715087698885,0.0213748088909797,-0.0359917859917859,6986.719999999999,-0.0055705681636016,6934.18,0.0019641832199337,6913.56,0.0049525859325731,7045.86,-0.0139173926248888,0.0083137593369754,0.0112447287451519,0.0141853491237626,69.33976484775398,6913.56,7127.122646053617,6699.997353946382,0.5801638316267262,101.25714285714282,0.0145739864211898,0.0213748088909797,-0.0359917859917859,0.0302194543297746,112849.8,1.000462561741359,-0.0311668697547496,0.55751085,1
2025-12-12,6956.0,7059.6,6932.0,7047.2,152440.0,0.0143066870088373,0.0143066870088373,0.0102933165123146,0.0248981966259453,-0.0039856403878225,7001.08,0.006587555062933,6951.3,0.0137959806079437,6912.15,0.0195380597932626,7046.360000000001,0.0001192104859812,0.0087780338842374,0.0110857579130261,0.0133121483237274,71.44060657118781,6912.15,7121.545355098414,6702.754644901585,0.8224761120812056,102.38571428571426,0.0145285665634172,0.0248981966259453,-0.0039856403878225,0.0042752094852647,116943.6,1.3035343533121948,0.3501975164301785,0.68571585,1
2025-12-15,7050.4,7050.4,6979.2,6981.8,132419.0,-0.009280281530253,-0.009280281530253,-0.0069975821362536,0.0074456725635623,-0.0133962637424752,6991.24,-0.0013502611839959,6956.459999999999,0.0036426573285839,6907.409999999999,0.0107695938130212,7045.536666666667,-0.0090463891797217,0.009271985288249,0.0112716594969292,0.0133652605546008,62.03389830508477,6907.409999999999,7105.095788962797,6709.724211037201,0.6881521185470759,95.98571428571424,0.013747989671104,0.0074456725635623,-0.0133962637424752,-0.0070258277392194,122018.0,1.0852415217426936,-0.1313369194437155,0.6966631,1
2025-12-16,6990.8,6990.8,6821.4,6876.6,163311.0,-0.0150677475722592,-0.0150677475722592,-0.014587871145248,-0.0001744743958823,-0.0190579441385408,6970.88,-0.0135248347410943,6956.339999999999,-0.0114629244689016,6900.7300000000005,-0.0034967315052175,7043.806666666666,-0.0237381113053452,0.0102722889632315,0.011572115338072,0.0134747287562907,53.621031746031775,6900.7300000000005,7092.738476786429,6708.721523213572,0.4371642325280253,102.09999999999998,0.0148474536835063,-0.0001744743958823,-0.0190579441385408,-0.0148702080110021,135521.2,1.2050586919242154,0.2332897846985704,0.8292055,1
2025-12-17,6869.0,7041.6,6849.4,7017.0,184831.0,0.0204170665735974,0.0204170665735974,0.0022853878017425,0.0246188890835816,0.0053872825744334,6974.08,0.0061542167569055,6973.2,0.0062811908449491,6902.610000000001,0.0165719923333347,7043.539999999999,-0.0037679916632827,0.011952751559079,0.0124724387577818,0.0137001590584825,61.52524167561764,6902.610000000001,7098.557639622512,6706.662360377489,0.7918892011671304,106.79999999999998,0.0152201795639162,0.0246188890835816,0.0053872825744334,-0.0022749893359874,149180.6,1.2389747728592055,0.1317731199980405,0.673675,1
2025-12-18,7014.2,7051.0,6973.4,6977.8,146506.0,-0.0055864329485534,-0.0055864329485534,0.0043179135841562,0.0148346374240089,0.0079447622349337,6980.08,-0.0003266438207011,6983.4,-0.0008019016524901,6905.359999999999,0.0104904016590012,7041.356666666668,-0.0090261961828379,0.0122008386500467,0.0123949617055932,0.0136458444914669,55.67700200758422,6905.359999999999,7104.02563711012,6706.694362889878,0.6823163810655584,105.9857142857143,0.0151889871142357,0.0148346374240089,0.0079447622349337,-0.018427864055818,155901.4,0.9397349863439328,-0.2073515806331188,0.7174212,1
2025-12-19,6984.6,7084.6,6984.6,7050.2,146482.0,0.0103757631345122,0.0103757631345122,0.0004257009876262,0.0107233993749462,0.0536525585844094,6980.68,0.0099589151773178,6990.88,0.0084853409012883,6923.31,0.0183279385149588,7042.056666666666,0.0011563856581671,0.0117782335980854,0.0096527141263522,0.0135886339415007,56.558810668998696,6923.31,7104.617089303005,6742.002910696996,0.8499311595806881,108.18571428571433,0.015345056067305,0.0107233993749462,0.0536525585844094,0.0059929796524071,154709.8,0.9468178486430724,-0.0001638158164171,0.6262106,1
2025-12-22,7037.6,7155.2,7037.6,7110.6,103188.0,0.0085671328472951,0.0085671328472951,0.0184479647082413,0.011321291423695,0.0547034916491144,7006.44,0.0148663229828558,6998.840000000001,0.0159683604711637,6941.75,0.0243238376490078,7043.963333333333,0.009460109815071,0.0118181576317415,0.0096821428639989,0.0136289777148944,62.61378413524058,6941.75,7120.325786653441,6763.174213346559,0.9727684619631114,111.71428571428572,0.0157109506531496,0.011321291423695,0.0547034916491144,0.0163517337983476,148863.6,0.6931714670342515,-0.2955584986551248,0.6113567,1
2025-12-23,7118.0,7165.2,7096.8,7120.6,96094.0,0.0014063510814839,0.0014063510814839,0.0354826513102404,0.0203771638197869,0.0453944857151247,7055.24,0.0092640363758,7013.06,0.015334247817643,6957.209999999999,0.0234849889539054,7045.759999999999,0.0106219910981926,0.0114212050052316,0.0095170398920515,0.0136271319757692,65.06530883329648,6957.209999999999,7141.709435457558,6772.71056454244,0.9427926827927507,110.21428571428572,0.0154782301651947,0.0203771638197869,0.0453944857151247,0.0153718913985854,135420.2,0.7095987157012026,-0.0687483040663643,0.33652407,0
2025-12-24,7117.2,7257.0,7117.2,7227.8,120446.0,0.0150549111029969,0.0150549111029969,0.0300413282029357,0.0323953720897014,0.0600745064679828,7097.4,0.0183729252965876,7035.740000000001,0.0272977682518114,6977.6900000000005,0.0358442407157668,7050.436666666666,0.0251563614735921,0.0121430835423937,0.0099286990798164,0.0136968155312071,67.90073230268513,6977.6900000000005,7186.544902037779,6768.835097962222,1.0987649740554295,113.6714285714286,0.0157269748154941,0.0323953720897014,0.0600745064679828,0.0403903730999539,122543.2,0.982886035292044,0.2534185276916352,0.6708881,1
2025-12-25,7237.2,7327.6,7209.2,7304.8,107990.0,0.0106533108276376,0.0106533108276376,0.0468629080799105,0.0513831716514581,0.0738562860167,7162.8,0.0198246495783771,7071.44,0.0330003507065039,7002.81,0.0431241173186194,7052.92,0.0357128678618217,0.011693022133065,0.0099887348788974,0.013214892640337,67.14553404122427,7002.81,7241.601182945638,6764.018817054361,1.1323307173128525,110.3714285714287,0.0151094388034482,0.0513831716514581,0.0738562860167,0.0208222700466753,114840.0,0.9403517938000696,-0.1034156385434136,0.5292306,0
2025-12-26,7314.0,7411.6,7314.0,7369.0,149544.0,0.0087887416493264,0.0087887416493264,0.0452185753595641,0.0456635259393802,0.0716986620127981,7226.56,0.0197106230350263,7103.62,0.0373584172576799,7027.459999999999,0.0486007746753451,7056.293333333334,0.0443159959336534,0.0113341702789358,0.0099217493233732,0.0132583168718547,67.4370614940157,7027.459999999999,7309.076659196126,6745.843340803873,1.106391683245809,111.5428571428573,0.0151367698660411,0.0456635259393802,0.0716986620127981,0.0282421231825411,115452.4,1.2952870620272945,0.384794888415594,0.41400555,0
2025-12-29,7369.6,7394.0,7303.4,7321.2,112787.0,-0.0064866331931062,-0.0064866331931062,0.0296177537760524,0.048612105760692,0.0564197281463738,7268.68,0.0072255210024378,7137.56,0.0257286803893765,7047.01,0.0389087002856529,7060.333333333333,0.0369482082998915,0.0109849216210355,0.0101073515025053,0.0131846540436145,67.77270841974288,7047.01,7353.395501237193,6740.624498762808,0.9474591631993248,112.5000000000002,0.0153663333879692,0.048612105760692,0.0564197281463738,0.0342430920494998,117372.2,0.9609345313455828,-0.2457938800620552,0.60811913,1
2025-12-30,7322.8,7405.4,7294.0,7363.2,117475.0,0.0057367644648418,0.0057367644648418,0.0340701626267447,0.0707617136375533,0.0705748931344325,7317.2,0.0062865576996664,7186.219999999999,0.0246276902182231,7071.279999999999,0.0412824835107648,7062.61,0.0425607530360589,0.008487731868578,0.0098235411237719,0.0129333454618593,68.40821305143324,7071.279999999999,7397.488132461705,6745.071867538292,0.9474443935487558,113.42857142857156,0.0154047929471658,0.0707617136375533,0.0705748931344325,0.0189023883984169,121648.4,0.9656929314318972,0.0415650739890236,0.096169315,0
2025-12-31,7370.0,7381.2,7319.6,7346.0,110981.0,-0.0023359408952629,-0.0023359408952629,0.0163535238938543,0.0468861336753598,0.0726593072834531,7340.839999999999,0.0007029168324061,7219.12,0.0175755493744389,7096.159999999999,0.0352077743455616,7063.63,0.0399751968888517,0.0074450849246494,0.0097524967053318,0.0128985699215327,71.006541464444,7096.159999999999,7426.668726853404,6765.651273146594,0.8779627884240645,111.3857142857144,0.0151627707984909,0.0468861336753598,0.0726593072834531,0.008401054249945,119755.4,0.9267306526469788,-0.0552798467759098,0.18160273,0
2026-01-05,7349.4,7577.2,7349.4,7575.2,140198.0,0.0312006534168254,0.0312006534168254,0.0370167561055743,0.0856143770242769,0.1017190726897232,7394.92,0.0243788979461576,7278.859999999999,0.0407124192524654,7131.13,0.0622720382323698,7066.39,0.0720042341280342,0.0103606414633387,0.0115485846376638,0.0133317961368832,74.49888641425393,7131.13,7508.191732206649,6754.068267793351,1.0888558319100738,118.78571428571436,0.0156808683976283,0.0856143770242769,0.1017190726897232,0.0223493845821636,126197.0,1.1109455850772998,0.2632612789576594,0.40414158,0
2026-01-06,7561.6,7761.0,7561.6,7760.8,167403.0,0.024501003273841,0.024501003273841,0.0531686796037453,0.1007914669087401,0.1125956934369356,7473.279999999999,0.0384730667123407,7349.92,0.0559026492805363,7170.4,0.0823385027334597,7074.743333333333,0.0969726581364789,0.0115681916404084,0.0121848933552559,0.0134055201612284,82.51794957421941,7170.4,7633.052234973804,6707.747765026195,1.1380602484644102,127.9428571428572,0.0164857820254171,0.1007914669087401,0.1125956934369356,0.0690396165077964,129768.8,1.290009617103649,0.1940469906846031,0.4436175,0
2026-01-07,7738.4,7819.8,7738.4,7779.2,149529.0,0.0023708895990104,0.0023708895990104,0.0625580505927989,0.0940286333080189,0.1064144502915658,7564.88,0.0283309186662577,7416.779999999999,0.0488648712783716,7207.81,0.0792737322432193,7084.009999999999,0.09813509580026,0.0117997532419802,0.0121875092399727,0.0133813628652711,90.62106210621064,7207.81,7738.933654548536,6676.686345451465,1.037906752134483,121.65714285714292,0.0156387729917141,0.0940286333080189,0.1064144502915658,0.0769741942629305,137117.2,1.0905196430498871,-0.1067722800666655,0.16493317,0
2026-01-08,7785.6,7857.4,7752.8,7792.4,147847.0,0.0016968325791855,0.0016968325791855,0.0582898739678401,0.0943459820801617,0.1166456494325347,7650.719999999999,0.0185185185185186,7483.960000000001,0.0412134752190014,7248.509999999999,0.075034731275807,7097.126666666667,0.0979654677151034,0.011779078406625,0.0118555783198496,0.0127272407309001,89.40841634478554,7248.509999999999,7828.151507721472,6668.868492278527,0.969160673239216,115.39999999999996,0.0148093013705661,0.0943459820801617,0.1166456494325347,0.1123419076712251,143191.6,1.0325116836462471,-0.01124865410723,0.14637075,0
2026-01-09,7783.8,8011.4,7783.8,8011.0,188896.0,0.0280529746932909,0.0280529746932909,0.0905254560304928,0.1083593901325437,0.1442651049850021,7783.719999999999,0.0291994059395765,7562.280000000001,0.0593366021887578,7299.009999999999,0.0975461055677415,7111.7733333333335,0.1264419750910697,0.0131449618372562,0.0128522256667311,0.0130043899165079,94.41196698762036,7299.009999999999,7958.36376943117,6639.6562305688285,1.039915014525692,126.1142857142856,0.0157426395848565,0.1083593901325437,0.1442651049850021,0.1232158380303412,158774.6,1.1897117045169694,0.2776451331443992,0.23155516,0
2026-01-12,7981.2,8239.4,7981.2,8208.8,203354.0,0.024691049806516,0.024691049806516,0.0836413560038018,0.1237542437849084,0.1814963009873627,7910.44,0.0377172445527682,7652.6799999999985,0.0726699665999364,7362.06,0.1150140042325109,7131.05,0.1511348258671583,0.0139007310118984,0.0129707094809159,0.0132094585222523,94.95576594753996,7362.06,8114.587453319767,6609.532546680234,1.0625974150608162,136.9285714285713,0.0166807050273573,0.1237542437849084,0.1814963009873627,0.1640055585491051,171405.8,1.1863892587065317,0.0765394714551923,0.37550488,0
2026-01-13,8203.0,8234.0,8052.2,8104.2,212314.0,-0.0127424227658122,-0.0127424227658122,0.0442480156684876,0.0997693038404126,0.1499886479736634,7979.12,0.0156759141358946,7726.2,0.0489244389221092,7414.909999999999,0.0929599954685898,7151.963333333334,0.1331433932593799,0.015940543099733,0.0137169751463758,0.0127173384153738,87.27490996398562,7414.909999999999,8220.89889348488,6608.921106515118,0.927605147894591,141.51428571428565,0.0174618451808057,0.0997693038404126,0.1499886479736634,0.1831985283382486,180388.0,1.1769851653103311,0.0440610954296447,0.27332702,0
2026-01-14,8093.8,8354.6,8035.2,8165.4,293457.0,0.0075516398904271,0.0075516398904271,0.049645207733443,0.1153089657433208,0.169526483141883,8056.359999999999,0.013534648402008,7810.62,0.0454227705355017,7474.089999999999,0.0924942033076936,7173.416666666667,0.1382860329224799,0.0149469179502323,0.0131642535747672,0.0127305498942048,87.74566473988442,7474.089999999999,8319.049230159364,6629.130769840634,0.9090789089726938,159.44285714285712,0.0195266437826508,0.1153089657433208,0.169526483141883,0.1871419848216102,209173.6,1.4029351696389984,0.3821839351149712,0.24304329,0
2026-01-15,8147.0,8205.0,8088.0,8175.8,195398.0,0.0012736669360962,0.0012736669360962,0.0492017863559366,0.1103596262494568,0.1889305761568216,8133.039999999999,0.005257566666339,7891.88,0.035976218594302,7539.05,0.0844602436646526,7192.673333333333,0.1366844594638434,0.0151886176270879,0.0121271993311726,0.0125171486676514,86.82411435674335,7539.05,8390.339804077461,6687.7601959225385,0.8739913229021011,157.8142857142857,0.0193026108410535,0.1103596262494568,0.1889305761568216,0.1645775169506012,218683.8,0.8935184041982077,-0.3341511703588601,0.05849607,0
2026-01-16,8147.8,8247.4,8133.2,8178.2,187707.0,0.0002935492551188,0.0002935492551188,0.0208713019598052,0.1132861421181594,0.1654838249964372,8166.48,0.0014351348438983,7975.1,0.0254667653070179,7597.109999999999,0.0764882962073738,7212.71,0.1338595340724915,0.0149603289154772,0.0119424730444848,0.012466055159354,86.01352465776021,7597.109999999999,8456.835209219984,6737.384790780015,0.8379510067683222,157.51428571428565,0.0192602633482044,0.1132861421181594,0.1654838249964372,0.1723337155963302,218446.0,0.8592833011362075,-0.0393606894645799,0.060508527,0
2026-01-19,8164.8,8287.0,8139.0,8233.2,166526.0,0.0067251962534544,0.0067251962534544,0.0029724198421208,0.0868623930721301,0.1799134397661155,8171.360000000001,0.0075678956746489,8040.9,0.023915233369399,7659.88,0.0748471255424367,7233.233333333334,0.1382461508684451,0.0131621146927585,0.0115288265713765,0.0124761618964032,85.90659797241155,7659.88,8512.50683538637,6807.25316461363,0.8362080433113505,160.45714285714277,0.0194890374164532,0.0868623930721301,0.1799134397661155,0.175869062241138,211080.4,0.7889221358307071,-0.1128407571374535,0.10222429,0
2026-01-20,8253.4,8312.0,8083.4,8214.0,213569.0,-0.0023320215711996,-0.0023320215711996,0.0135485303916487,0.0583960416451911,0.1650733312530141,8193.32,0.0025240073620949,8086.219999999999,0.0158021918770452,7718.07,0.0642557012310072,7251.45,0.1327389694474898,0.012226237897844,0.0117602532475849,0.0123512292622834,87.9979570990807,7718.07,8554.193539348435,6881.946460651566,0.796565026973444,170.31428571428563,0.0207346342481477,0.0583960416451911,0.1650733312530141,0.1534896784159527,211331.4,1.0105881094811278,0.2824964269843748,0.36585215,0
2026-01-21,8181.8,8335.6,8172.4,8335.6,171870.0,0.0148039931823715,0.0148039931823715,0.020844049281113,0.071524064171123,0.1722780074817878,8227.359999999999,0.0131561035374654,8141.860000000001,0.0237955454896054,7779.32,0.0715075353629881,7270.136666666666,0.1465534118799234,0.0124731887527789,0.011865742479938,0.0123778100945437,88.75956632653062,7779.32,8607.511367664263,6951.128632335736,0.8358402548730188,174.0142857142857,0.0208760360039212,0.071524064171123,0.1722780074817878,0.1554113994233756,187014.0,0.9190221052969296,-0.1952483740617786,0.20068087,0
2026-01-22,8319.8,8398.8,8300.8,8366.4,138385.0,0.0036949949613704,0.0036949949613704,0.0233127033440152,0.0736615163492633,0.1749571665309102,8265.48,0.012209817215697,8199.259999999998,0.0203847664301413,7841.610000000001,0.0669237567285288,7289.72,0.147698402682133,0.0123945255356891,0.011809249285718,0.012356211911452,90.2365930599369,7841.610000000001,8648.316035025948,7034.903964974053,0.8252671835925459,176.61428571428573,0.021109950004098,0.0736615163492633,0.1749571665309102,0.1633896042495202,175611.4,0.7880183177174147,-0.1948274858904986,0.18861757,0
2026-01-23,8341.8,8627.0,8341.8,8627.0,176293.0,0.0311484031363549,0.0311484031363549,0.054877601428187,0.0768942703782298,0.1935858767536455,8355.24,0.0325256964491744,8260.859999999999,0.0443222618468297,7911.57,0.0904283220650263,7311.023333333333,0.1799989695924919,0.0129971443339286,0.0128097349472658,0.0126554463140045,90.47252578112976,7911.57,8736.62070746873,7086.51929253127,0.9335672907880728,180.47142857142867,0.0209193727334448,0.0768942703782298,0.1935858767536455,0.1739331591552362,173328.6,1.0171027747296175,0.2739314232033818,0.2702999,0
2026-01-26,8586.0,8706.8,8401.0,8429.6,226677.0,-0.0228816506317375,-0.0228816506317375,0.0238546373220618,0.0268979631614854,0.1539809440367978,8394.52,0.0041789167218613,8282.939999999999,0.0177062733763617,7967.81,0.0579569542948439,7330.593333333333,0.1499205612278771,0.0146156544835422,0.0146409324834371,0.0129312486854694,75.503355704698,7967.81,8771.785998332443,7163.8340016675575,0.7871914092944416,188.07142857142864,0.0223108366436638,0.0268979631614854,0.1539809440367978,0.1618380792237506,185358.8,1.222909298074869,0.285796940320943,0.16240785,0
2026-01-27,8458.8,8568.2,8308.0,8514.0,211372.0,0.0100123374774603,0.0100123374774603,0.0365230094959825,0.050566372991782,0.1553806486633193,8454.52,0.0070352899987224,8323.92,0.0228353948620361,8025.06,0.0609266472774034,7352.506666666666,0.1579724284507053,0.0136761910103111,0.0146500891376838,0.0128939533836119,76.67731629392972,8025.06,8812.39280972094,7237.727190279062,0.8105040168294897,200.8428571428572,0.0235897177757642,0.050566372991782,0.1553806486633193,0.1826314034892766,184919.4,1.1430493501493084,-0.067518980752348,0.42814478,0
2026-01-28,8527.8,8626.0,8483.2,8594.6,170659.0,0.0094667606295513,0.0094667606295513,0.0310715485387973,0.0525632547088936,0.1739332349887996,8506.320000000002,0.0103781658813679,8366.84,0.0272217468004647,8088.729999999999,0.062540102092665,7375.826666666667,0.1652388794385986,0.0137287492425814,0.0142869452350134,0.0129137108613268,77.76547141077117,8088.729999999999,8841.60114463297,7335.858855367027,0.835960544912779,203.57142857142864,0.0236859689306574,0.0525632547088936,0.1739332349887996,0.1944575701142397,184677.2,0.9240934993599642,-0.1926130234846621,0.4040152,0
2026-01-29,8586.2,8670.2,8465.2,8489.4,204278.0,-0.0122402438740605,-0.0122402438740605,0.0147016637980492,0.0383571026688518,0.1529498044328552,8530.92,-0.0048670014488473,8398.2,0.0108594698864041,8145.040000000001,0.0422784909589146,7399.819999999999,0.1472441221543228,0.0147849214832416,0.0149945090888701,0.0127090224097225,67.96874999999997,8145.040000000001,8835.287462566039,7454.792537433963,0.7494467699452447,201.95714285714297,0.0237893305601271,0.0383571026688518,0.1529498044328552,0.2042043745921868,197855.8,1.0324589928624788,0.1969951775177401,0.3621405,0
2026-01-30,8512.2,8512.2,8090.8,8329.8,248185.0,-0.0187999151883525,-0.0187999151883525,-0.0344499826127275,0.0185370864004303,0.1339232235230056,8471.48,-0.0167243504086653,8413.36,-0.0099318227200548,8194.23,0.0165445685561669,7420.983333333334,0.122465800803577,0.0164384035278381,0.0159686302208354,0.0130208156966189,54.679040989945854,8194.23,8776.489775990705,7611.970224009294,0.616417109330049,213.61428571428587,0.0256445875908528,0.0185370864004303,0.1339232235230056,0.1798583569405099,212234.2,1.1693921149371778,0.2149374871498643,0.511987,0
2026-02-02,8348.4,8348.4,7778.2,7840.2,289004.0,-0.0587769214146797,-0.0587769214146797,-0.0699202809148714,-0.0477335665354905,0.0349825747174992,8353.6,-0.0614585328481134,8374.060000000001,-0.0637516330191091,8207.48,-0.0447494236964329,7431.679999999999,0.0549700740613159,0.025097976173391,0.0206187120863723,0.0150798753224279,42.133492252681776,8207.48,8740.397189577585,7674.562810422413,0.1554061238941063,241.35714285714295,0.0307845645337036,-0.0477335665354905,0.0349825747174992,0.0891587019337631,224699.6,1.2861794146496033,0.1644700525817435,0.6515068,1
2026-02-03,7919.0,8249.8,7919.0,8234.0,221446.0,0.0502283105022831,0.0502283105022831,-0.0328870096311957,0.002434867299732,0.060973095557159,8297.6,-0.0076648669494794,8376.060000000001,-0.0169602414500374,8231.140000000001,0.0003474609835332,7449.269999999999,0.1053432081264338,0.0305376094840291,0.0227895493274077,0.0163242638837117,51.70595842037204,8231.140000000001,8720.820421671448,7741.459578328556,0.5029202719502611,247.80000000000004,0.0300947291717269,0.002434867299732,0.060973095557159,0.1470203103669238,226714.4,0.9767619524829476,-0.233761470429475,0.7320543,1
2026-02-04,8225.0,8267.6,8077.0,8258.8,181396.0,0.0030119018702938,0.0030119018702938,-0.039071044609406,-0.0092134939296513,0.0616515837104072,8230.439999999999,0.0034457453064478,8368.38,-0.0130945296461202,8255.119999999999,0.0004457839498397,7467.169999999999,0.106014728471429,0.0301562894271768,0.0227887550816516,0.0163231479333667,52.04938271604937,8255.119999999999,8696.171936791203,7814.068063208796,0.5041718442807134,253.0571428571429,0.0306409094368604,-0.0092134939296513,0.0616515837104072,0.1494822402850459,228861.8,0.7926006000127588,-0.180856732566856,0.33845037,0
2026-02-05,8214.4,8214.4,7974.4,8062.8,199071.0,-0.0237322613454737,-0.0237322613454737,-0.0502509011237543,-0.0362880091795754,0.0347004773882244,8145.12,-0.0101066650951735,8338.02,-0.0330078363928126,8268.64,-0.024894057547553,7482.893333333334,0.0774976524232158,0.0309673385804753,0.0235754207817739,0.0166055545731663,47.39926079509601,8268.64,8664.200555747233,7873.079444252766,0.2398122777798746,265.2142857142858,0.0328935711805186,-0.0362880091795754,0.0347004773882244,0.1325111666713487,227820.4,0.8738067354811071,0.0974387527839644,0.55406445,1
2026-02-06,8083.4,8194.4,7888.0,8061.0,199101.0,-0.0002232475070694,-0.0002232475070694,-0.0322696823453143,-0.0656079749623276,0.006241418050181,8091.359999999999,-0.0037521504419527,8281.42,-0.0266162083314214,8271.14,-0.0254064131425655,7498.893333333334,0.0749586161158,0.0285926963137463,0.0227629198529165,0.0165967898317547,46.02382931559987,8271.14,8660.426723717956,7881.853276282043,0.2300961127147905,276.52857142857147,0.0343044996189767,-0.0656079749623276,0.006241418050181,0.1351922264469793,218003.6,0.9132922575590494,0.000150700001507,0.55026275,1
2026-02-09,8122.8,8267.6,8122.8,8253.2,136869.0,0.0238431956332962,0.0238431956332962,0.0526772276217444,-0.0209262598462559,0.005408829548777,8173.960000000001,0.009694199629066,8263.779999999999,-0.0012802857772107,8273.36,-0.0024367367067309,7516.326666666666,0.0980363635073517,0.0294051344895508,0.0227163531364856,0.0167510393176919,50.83817995210403,8273.36,8661.654984989922,7885.065015010079,0.4740403549114558,274.9571428571429,0.0333152162624367,-0.0209262598462559,0.005408829548777,0.1451326451326453,187576.6,0.7296699055212643,-0.3125649795832266,0.20817685,0
2026-02-10,8244.8,8267.0,8191.0,8229.0,94650.0,-0.0029321959967043,-0.0029321959967043,-0.0006072382803011,-0.0334742776603241,0.0153994225216553,8172.960000000001,0.0068567569154871,8235.279999999999,-0.0007625727358387,8279.6,-0.0061114063481327,7535.553333333332,0.0920233241000663,0.0291147096964801,0.022520059344872,0.0165456697895809,47.621597501115566,8279.6,8660.387461093742,7898.812538906258,0.433558736605112,268.7285714285714,0.0326562852629203,-0.0334742776603241,0.0153994225216553,0.1630437855103599,162217.4,0.5834762485405388,-0.3084628367270894,0.22785164,0
2026-02-11,8238.0,8317.6,8225.0,8274.0,101790.0,0.005468465184105,0.005468465184105,0.0018404610839348,-0.0373024922625835,0.0133000220442354,8176.0,0.0119863013698631,8203.219999999998,0.0086283191234664,8285.03,-0.0013313168449602,7555.509999999999,0.0950948380718179,0.0289512413686713,0.0224929963666255,0.0165463173938081,47.95140120610146,8285.03,8662.039200501873,7908.020799498129,0.4853717097814615,268.3428571428572,0.0324320591180634,-0.0373024922625835,0.0133000220442354,0.1692055506881835,146296.2,0.6957802048173499,0.0754358161648176,0.21037365,0
2026-02-12,8275.8,8396.2,8271.8,8386.8,113982.0,0.0136330674401738,0.0136330674401738,0.0401845512725107,-0.0120856597639409,0.0258078720125245,8240.8,0.0177167265314046,8192.96,0.0236593367964692,8295.579999999998,0.0109962172626869,7578.453333333334,0.106663804751717,0.0292297286081928,0.0226727889359669,0.0165271936738232,44.30103445003319,8295.579999999998,8671.526690509658,7919.633309490339,0.6213203923624605,256.85714285714295,0.0306263584271883,-0.0120856597639409,0.0258078720125245,0.1963710022538585,129278.4,0.8816786098837858,0.1197760094311819,0.3654635,0
2026-02-13,8384.4,8384.4,8175.4,8204.6,141906.0,-0.0217246148709876,-0.0217246148709876,0.0178141669768019,-0.0150303728781001,0.003228094201658,8269.52,-0.0078505161121806,8180.44,0.0029533863704154,8296.9,-0.0111246369125816,7598.873333333333,0.0797126942502881,0.0294433862310899,0.0232623997120913,0.0168099011287196,44.62288500143389,8296.9,8671.293555949811,7922.506444050188,0.3767339894969074,250.1142857142858,0.0304846410201942,-0.0150303728781001,0.003228094201658,0.1755451758030777,117839.4,1.204232200774953,0.2449860504290151,0.24159418,0
2026-02-24,8226.0,8386.0,8226.0,8304.0,123324.0,0.0121151549130975,0.0121151549130975,0.0061551882906023,0.0591566541669854,0.0085993295437982,8279.68,0.0029373115869211,8226.82,0.0093815107173853,8300.439999999999,0.0004288929261582,7621.893333333332,0.0894930743367352,0.0214749414669216,0.0233702663175413,0.0167894069354852,45.01708428246014,8300.439999999999,8673.634496490004,7927.245503509994,0.5047696308941907,244.4857142857143,0.0294419212771813,0.0591566541669854,0.0085993295437982,0.1995146472525566,115130.4,1.0711679973317214,-0.1309458373853114,0.3965461,0
2026-02-25,8313.8,8487.6,8313.8,8463.2,126978.0,0.0191714836223506,0.0191714836223506,0.0284603232470532,0.0278358027690066,0.0303384465546627,8326.52,0.0164150209211051,8249.74,0.0258747548407587,8312.9,0.0180803329764585,7651.426666666666,0.1060943754280248,0.0158797933864581,0.023716045697363,0.0162079118908197,46.99423552017568,8312.9,8690.556496665404,7935.2435033345955,0.698990354101023,247.4000000000001,0.0292324416296436,0.0278358027690066,0.0303384465546627,0.2648254423720708,121596.0,1.0442613243856709,0.0296292692419966,0.25308785,0
2026-02-26,8452.0,8494.0,8409.6,8459.0,114851.0,-0.0004962661877304,-0.0004962661877304,0.022359197486101,0.024240809802877,0.014803973319257,8363.52,0.0114162457912456,8269.76,0.0228833726734511,8319.07,0.0168203897791461,7680.046666666666,0.1014255989763952,0.0159148532335903,0.0235192405762326,0.01621172640838,49.27091327705296,8319.07,8702.27932358714,7935.860676412861,0.6825764554606154,238.7857142857144,0.0282285984496647,0.024240809802877,0.014803973319257,0.2547094247826988,124208.2,0.9246651992380536,-0.0955047331033722,0.23906463,0
2026-02-27,8457.4,8562.0,8406.6,8558.6,129654.0,0.011774441423336,0.011774441423336,0.0204845709925121,0.0614922855583668,0.0229728437559764,8397.880000000001,0.0191381634412493,8319.34,0.0287594929405456,8328.68,0.0276058150871447,7709.166666666667,0.1101848448816344,0.0131253876404495,0.0236370708892836,0.0162225199462798,55.64994073488742,8328.68,8726.257409079577,7931.102590920424,0.7891512379089685,219.78571428571428,0.0256801012181565,0.0614922855583668,0.0229728437559764,0.2565111430836539,127342.6,1.01815103508174,0.128888734098963,0.5013519,0
2026-03-02,8547.0,8598.8,8433.8,8537.6,178806.0,-0.0024536723295865,-0.0024536723295865,0.0405869877873388,0.0591241781416698,-0.0103628144198446,8464.48,0.0086384515055857,8367.0,0.0203896259113183,8324.21,0.0256348650502571,7737.823333333334,0.1033593857359542,0.0132623162734571,0.0225822031390765,0.0162392517792271,72.40714561110399,8324.21,8709.485064555602,7938.934935444397,0.7769320151125493,190.8428571428572,0.022353220711073,0.0591241781416698,-0.0103628144198446,0.2521779941920155,134722.6,1.327216072136375,0.3791013003840993,0.26343545,0
2026-03-03,8545.0,8551.4,8144.0,8173.0,261332.0,-0.0427052098950525,-0.0427052098950525,-0.0157755298651252,-0.0097174429312267,-0.0304403530416627,8438.28,-0.0314376863531431,8358.98,-0.0222491260895467,8311.38,-0.0166494613409565,7760.666666666667,0.0531311742977407,0.018775403805948,0.0240161177777044,0.0173029288707651,48.00261951538965,8311.38,8698.960997850305,7923.799002149693,0.3214824762210797,190.6857142857143,0.0233311775707468,-0.0097174429312267,-0.0304403530416627,0.2014877102199224,162324.2,1.6099386289906248,0.4615393219466908,0.3715625,0
2026-03-04,8177.4,8282.8,8096.2,8116.4,203068.0,-0.0069252416493331,-0.0069252416493331,-0.0409774080725967,-0.0136833151051161,-0.0466995536762978,8368.920000000002,-0.0301735468853809,8347.72,-0.0277105604883728,8291.5,-0.0211180124223603,7781.339999999999,0.0430594216420308,0.0188676699002635,0.0238957380089626,0.0173223323397014,45.4323838850398,8291.5,8676.097791273602,7906.902208726397,0.2723595871154728,190.39999999999995,0.023458676260411,-0.0136833151051161,-0.0466995536762978,0.1803955788248981,177542.2,1.1437731423853033,-0.2229501170924341,0.5844619,1
2026-03-05,8122.2,8259.8,8059.0,8132.4,175544.0,0.0019713173328077,0.0019713173328077,-0.0386097647476061,-0.0171138506163887,-0.0537779535987713,8303.6,-0.0206175634664483,8333.560000000001,-0.0241385434316188,8268.390000000001,-0.016446974562158,7801.376666666666,0.0424313999281322,0.0187621573480363,0.023762945029778,0.0173104141949842,52.52393385552652,8268.390000000001,8631.232636036917,7905.547363963086,0.312604712768421,184.42857142857136,0.0226782464498267,-0.0171138506163887,-0.0537779535987713,0.1734726270526103,189680.8,0.9254705800481652,-0.1355408040656331,0.61270493,1
2026-03-06,8103.8,8244.2,8099.6,8194.6,136523.0,0.007648418670995,0.007648418670995,-0.0425303203795013,-0.0229169647541372,-0.0347256578792375,8230.8,-0.0043981143995721,8314.34,-0.0144016241818352,8253.65,-0.0071544104729421,7823.323333333333,0.0474576661154659,0.0183136369420862,0.0237495716245448,0.0172671604426382,54.64146748193441,8253.65,8602.36625926186,7904.933740738139,0.4153323103932802,172.87142857142857,0.0210957738719923,-0.0229169647541372,-0.0347256578792375,0.1914565704149582,191054.6,0.7145758332958222,-0.2222861504807911,0.5081165,0
2026-03-09,8198.6,8198.6,7765.8,8130.2,203367.0,-0.0078588338662046,-0.0078588338662046,-0.0477183283358321,-0.009068083757892,-0.0239621599558211,8149.32,-0.0023462080271727,8306.9,-0.0212714731127134,8243.67,-0.0137645005197928,7844.686666666666,0.0363957600176085,0.0171562988960926,0.0234541635512158,0.0172991749123718,45.310355345432335,8243.67,8594.627625872121,7892.712374127879,0.3383423073967546,189.0285714285714,0.0232501748331617,-0.009068083757892,-0.0239621599558211,0.1871678056188306,195966.8,1.0377625189572928,0.489617134109271,0.6378859,1
2026-03-10,8128.6,8282.6,8128.6,8272.4,155247.0,0.0174903446409682,0.0174903446409682,0.0121619968187935,-0.0038053949903661,0.0551261447412054,8169.2,0.0126328159428095,8303.74,-0.0037742029495143,8265.279999999999,0.0008614348213249,7867.963333333333,0.0514029679006298,0.0176812324227917,0.019408126667579,0.0173996155611917,51.51811949069538,8265.279999999999,8560.419928276502,7970.140071723496,0.5120620751681731,194.6,0.0235240075431555,-0.0038053949903661,0.0551261447412054,0.2031181826114778,174749.8,0.8883958665474868,-0.2366165602088834,0.36488086,0
2026-03-11,8261.0,8314.0,8220.2,8228.2,117568.0,-0.0053430685169961,-0.0053430685169961,0.0137745798629935,-0.0277672747896776,-0.0007043964051492,8191.56,0.0044728964934639,8280.24,-0.0062848419852563,8264.99,-0.0044513060511869,7888.843333333333,0.0430172906632277,0.0163396429465502,0.0159382655399569,0.0173706152417322,48.39703205935884,8264.99,8560.270704272545,7969.709295727453,0.4377033455493908,194.68571428571417,0.023660790244004,-0.0277672747896776,-0.0007043964051492,0.1796026034349287,157649.8,0.7457541969606052,-0.2427035627097463,0.16979228,0
2026-03-12,8242.4,8253.2,8094.0,8159.2,141544.0,-0.0083857951921442,-0.0083857951921442,0.0032954601347696,-0.035441541553375,-0.0120598634184142,8196.92,-0.0046017284541023,8250.26,-0.0110372279176657,8260.01,-0.012204585708734,7907.646666666666,0.0318114028025193,0.0164122720031983,0.0160316593317536,0.0174180629778907,41.782206816868886,8260.01,8559.065706129013,7960.954293870987,0.3314528063936842,197.1714285714284,0.0241655344361491,-0.035441541553375,-0.0120598634184142,0.1604608163845824,150849.8,0.9383108230836236,0.2039330430048993,0.25927567,0
2026-03-13,8164.0,8211.4,8043.0,8060.8,143226.0,-0.0120600058829296,-0.0120600058829296,-0.0163278256412759,-0.0581637183651532,-0.0002480527856327,8170.160000000001,-0.0133852947800288,8200.48,-0.0170331492790665,8259.91,-0.0241055895282151,7925.686666666666,0.0170475239579663,0.0156646630746551,0.0153382219968817,0.0174730723841612,44.47348193697157,8259.91,8559.244573591608,7960.575426408392,0.1674122911848267,194.09999999999985,0.0240794958316792,-0.0581637183651532,-0.0002480527856327,0.1551071878940733,152190.4,0.9410974673829624,0.0118832306561917,0.5364066,0
2026-03-16,8078.2,8078.2,7881.4,8028.8,169779.0,-0.0039698292973402,-0.0039698292973402,-0.0124720179085384,-0.0595952023988006,-0.0039945416201463,8149.88,-0.0148566604661664,8149.6,-0.0148228133896142,8258.3,-0.0277902231694173,7942.816666666667,0.0108252949730258,0.015635316977193,0.0153652377702804,0.0174930762087207,38.84565499351496,8258.3,8562.446931250957,7954.153068749041,0.1227152464500228,195.19999999999987,0.0243124750896771,-0.0595952023988006,-0.0039945416201463,0.1468075989144408,145472.8,1.1670841559384295,0.1853923170374094,0.35177043,0
2026-03-17,8014.0,8070.2,7825.4,7829.6,170339.0,-0.0248106815464328,-0.0248106815464328,-0.0535273922924423,-0.0420163954484277,-0.0513255464547085,8061.32,-0.028744672088442,8115.26,-0.0352003509437774,8237.119999999999,-0.0494736024241481,7957.513333333333,-0.0160745358474632,0.0114271104021619,0.015228041829602,0.0177988892862877,25.125628140703554,8237.119999999999,8596.7063916398,7877.533608360199,-0.0666510322340197,199.57142857142844,0.0254893517640017,-0.0420163954484277,-0.0513255464547085,0.1269178732836293,148491.2,1.1471319512536768,0.0032984055743054,0.60447913,1
2026-03-18,7861.0,7929.0,7778.6,7904.8,170100.0,0.0096045775007662,0.0096045775007662,-0.0393038574657884,-0.0260706717263811,-0.039397253615263,7996.639999999999,-0.0114848236259228,8094.1,-0.023387405641146,8220.91,-0.0384519475337887,7971.806666666666,-0.0084054555596346,0.0121647495524453,0.0154663296714353,0.0177547528302267,29.39164063662058,8220.91,8610.052549446053,7831.767450553947,0.0938377845727939,204.28571428571416,0.0258432489481978,-0.0260706717263811,-0.039397253615263,0.1216937223294358,158997.6,1.0698274690938732,-0.001403084437504,0.65494096,1
2026-03-19,7906.0,7906.0,7624.6,7683.8,208430.0,-0.027957696589414,-0.027957696589414,-0.058265516227081,-0.0551620677782696,-0.0713318830070098,7901.56,-0.0275591149089546,8049.240000000001,-0.0454005595559332,8191.4,-0.0619674292550723,7983.506666666667,-0.0375407298046138,0.0143994059605376,0.0164064574631129,0.0181171898146231,20.163710777626207,8191.4,8647.367090225072,7735.432909774927,-0.0566191188814085,213.28571428571416,0.0277578430315357,-0.0551620677782696,-0.0713318830070098,0.1005471368415023,172374.8,1.2091674653139557,0.2253380364491475,0.5102732,0
2026-03-20,7661.4,7770.4,7561.4,7566.6,200135.0,-0.0152528696738593,-0.0152528696738593,-0.0613090512107978,-0.0766358333536719,-0.0977965374159391,7802.719999999999,-0.0302612422334774,7986.44,-0.0525691046323517,8150.390000000001,-0.0716272472850992,7995.006666666667,-0.0535842788540513,0.0138761727999171,0.0160810932875126,0.0181201197354614,18.92203303034184,8150.390000000001,8674.766505555737,7626.013494444265,-0.056651560295687,216.4285714285713,0.0286031469125593,-0.0766358333536719,-0.0977965374159391,0.1003402844428933,183756.6,1.0891309482217235,-0.0397975339442499,0.7233618,1
2026-03-23,7596.8,7596.8,7167.6,7227.2,217723.0,-0.0448550207490815,-0.0448550207490815,-0.0998405739338382,-0.1110673784162751,-0.1191282938839188,7642.4,-0.054328483198995,7896.139999999999,-0.0847173429042544,8101.519999999999,-0.1079204889946577,7998.51,-0.0964317104060631,0.0181509372989901,0.0180569276940171,0.0189224485561775,19.232270657124275,8101.519999999999,8767.645708382672,7435.394291617326,-0.1562725240876938,217.98571428571415,0.0301618488883266,-0.1110673784162751,-0.1191282938839188,0.0299558215761721,193345.4,1.126083165154175,0.0878806805406351,0.7403824,1
2026-03-24,7209.0,7413.2,7171.8,7404.8,195375.0,0.0245738321895063,0.0245738321895063,-0.0542556452436906,-0.1048788743290942,-0.1082851637764932,7557.44,-0.0201973154930769,7809.38,-0.0518069296154112,8056.56,-0.0808980507809785,8005.626666666666,-0.0750505477813936,0.019498539863217,0.0189152528245655,0.0191526496655094,28.540410132690013,8056.56,8783.728844217007,7329.391155782995,0.0518509867527417,221.8999999999999,0.0299670484010371,-0.1048788743290942,-0.1082851637764932,0.0611940726303419,198352.6,0.984988349030968,-0.1026441855017614,0.8188781,1
2026-03-25,7365.4,7641.4,7365.4,7524.0,176384.0,0.0160976663785652,0.0160976663785652,-0.0481732618156057,-0.0855837242653314,-0.1109745722658096,7481.280000000001,0.0057102527909662,7738.960000000001,-0.0277763420407911,8009.6,-0.0606272473032362,8013.523333333333,-0.0610871539235551,0.0212692556994148,0.0187153125293917,0.019213402857708,32.727685668862165,8009.6,8747.425858786903,7271.774141213097,0.1709250602856345,227.2714285714285,0.0302061973114604,-0.0855837242653314,-0.1109745722658096,0.0672037672690137,199609.4,0.8836457601696113,-0.0972028150991682,0.36448747,0
2026-03-26,7541.0,7568.2,7400.2,7409.2,137371.0,-0.015257841573631,-0.015257841573631,-0.035737525703428,-0.0919207765467202,-0.1241045040784962,7426.360000000001,-0.0023106878740056,7663.959999999999,-0.0332413008418623,7957.109999999999,-0.0688579144940813,8018.5,-0.075986780569932,0.0213687036321596,0.0187903970056078,0.0193059535949302,28.34932186569631,7957.109999999999,8709.545209730377,7204.674790269621,0.1359088510781328,228.94285714285704,0.0308998079607592,-0.0919207765467202,-0.1241045040784962,0.0419936432931116,185397.6,0.7409534967011439,-0.2211821933962264,0.6443293,1
2026-03-27,7420.6,7603.6,7346.8,7551.0,156429.0,0.0191383685148194,0.0191383685148194,-0.0020616921734993,-0.0632443429932513,-0.1177295352043559,7423.24,0.0172108136069963,7612.979999999999,-0.0081413585744345,7906.729999999999,-0.0449907863301262,8025.673333333334,-0.0591443625498505,0.023139487136575,0.0192329009997119,0.0194494854190689,34.68697123519459,7906.729999999999,8623.68647111493,7189.773528885068,0.2519165986138549,216.37142857142848,0.0286546720396541,-0.0632443429932513,-0.1177295352043559,0.060444344577704,176656.4,0.8854986289769292,0.1387337938866282,0.23659576,0
2026-03-30,7535.2,7564.6,7366.2,7551.6,159513.0,7.945967421529865e-05,7.945967421529865e-05,0.0448859862740758,-0.0594360302909525,-0.1154891304347826,7488.120000000001,0.0084774282463422,7565.26,-0.0018056220143127,7857.43,-0.0389223957451736,8031.070000000001,-0.0597018828126264,0.0232194828528599,0.0192662506161969,0.0193641296686007,29.401005944215854,7857.43,8525.677798665241,7189.182201334759,0.2711702151425975,219.54285714285712,0.0290723630942922,-0.0594360302909525,-0.1154891304347826,0.0447992473505078,165014.4,0.96666109139566,0.0197150144794124,0.23553571,0
2026-03-31,7547.4,7608.2,7411.4,7418.0,166503.0,-0.0176916150219821,-0.0176916150219821,0.0017826274848746,-0.0525697353632369,-0.0923773400220236,7490.76,-0.0097133001190801,7524.1,-0.0141013543148018,7819.68,-0.0513678309086816,8032.956666666666,-0.0765542118779842,0.0226768295191946,0.0174833166911752,0.0194680316191813,27.971723762914635,7819.68,8498.09143734144,7141.268562658562,0.2039554627984268,226.90000000000003,0.0305877595039094,-0.0525697353632369,-0.0923773400220236,0.0154966597305881,159240.0,1.0456103993971364,0.0438208798029,0.5941559,1
2026-04-01,7431.8,7600.6,7431.8,7556.6,151535.0,0.0186842814774872,0.0186842814774872,0.0043328017012227,-0.044049185305131,-0.0689714651816075,7497.280000000001,0.007912202825558,7489.280000000001,0.0089888480601605,7791.69,-0.0301718882553078,8036.083333333333,-0.0596662968071095,0.0235001585694018,0.0182326173270545,0.019581509880697,34.21355967725037,7791.69,8464.727012824305,7118.652987175693,0.325351358453916,228.57142857142856,0.0302479195102861,-0.044049185305131,-0.0689714651816075,0.0254579997285928,154270.2,0.982270069008791,-0.0898962781451385,0.24017988,0
2026-04-02,7551.4,7551.4,7334.2,7401.4,154051.0,-0.0205383373474844,-0.0205383373474844,-0.001052745235653,-0.0367526484291627,-0.0898873641237518,7495.720000000001,-0.0125831808018445,7461.039999999999,-0.007993523691067,7755.139999999999,-0.0456136188386024,8037.42,-0.0791323583936138,0.0227742069980156,0.0185746386324201,0.0197511035598573,33.22478884705404,7755.139999999999,8429.665069254299,7080.6149307457,0.2377858762232023,232.4285714285715,0.0314033252396264,-0.0367526484291627,-0.0898873641237518,0.0109544883352454,157606.2,0.9774425117793588,0.0166034249513313,0.36172312,0
2026-04-03,7370.0,7437.6,7316.0,7342.8,128027.0,-0.007917421028454,-0.007917421028454,-0.0275725069527215,-0.0295773531044326,-0.1039465013545505,7454.08,-0.0149287370138232,7438.660000000001,-0.0128867295991482,7712.55,-0.0479413423575859,8037.08,-0.0863846073449561,0.0224697715694536,0.0183622498199301,0.0197669279222278,32.78112449799198,7712.55,8377.74413074593,7047.355869254071,0.2220736151224204,227.0571428571429,0.0309224196297247,-0.0295773531044326,-0.1039465013545505,-0.0027705345501954,151925.8,0.8426942625939768,-0.1689310682825817,0.39955282,0
2026-04-07,7349.8,7457.6,7344.8,7378.0,116821.0,0.0047938116249932,0.0047938116249932,-0.0229885057471265,0.0208656187735223,-0.0925192492189613,7419.360000000001,-0.0055746048176662,7453.740000000001,-0.0101613418230311,7674.94,-0.0386895532733807,8037.613333333333,-0.0820658205337901,0.0169425320905271,0.0184874021212472,0.0197731782849346,37.647702407002186,7674.94,8325.607234540936,7024.272765459066,0.271818846687815,217.77142857142863,0.0295163226580955,0.0208656187735223,-0.0925192492189613,0.0043561121698882,143387.4,0.8147229114971051,-0.0875284119755989,0.15944055,0
2026-04-08,7380.6,7823.0,7380.6,7822.2,193487.0,0.0602060178910273,0.0602060178910273,0.0544890806147209,0.0563688418323249,-0.0544219331753783,7500.2,0.042932188474974,7495.48,0.0435889362655892,7652.43,0.0221851098278584,8041.73,-0.0272988523613699,0.0243147380230814,0.023080228209343,0.0208666385796731,48.12016385980882,7652.43,8244.587578956542,7060.272421043458,0.6433486676799415,238.81428571428583,0.03053032212348,0.0563688418323249,-0.0544219331753783,0.0326063998310275,148784.2,1.300453946050723,0.656268992732471,0.25986376,0
2026-04-09,7797.4,7797.4,7689.8,7737.0,136362.0,-0.0108920763979443,-0.0108920763979443,0.0238731704734933,0.0283094098883571,-0.0596971391069736,7536.280000000001,0.0266338299532393,7516.780000000001,0.0292971192452087,7627.87,0.0143067461820927,8041.333333333333,-0.0378461283369258,0.0245366115734675,0.0231489088815548,0.02068327484954,51.290510382301576,7627.87,8156.854620610078,7098.885379389922,0.6031504468637864,228.17142857142863,0.0294909433335179,0.0283094098883571,-0.0596971391069736,-0.0030666941552417,145749.6,0.9355909038515372,-0.2952394734529968,0.18238291,0
2026-04-10,7732.8,7929.4,7732.8,7814.6,154400.0,0.0100297272844771,0.0100297272844771,0.0558272759207718,0.0547157587863738,-0.042234532797333,7618.92,0.0256834301974557,7557.3200000000015,0.0340438144739139,7610.639999999999,0.026799323052989,8041.923333333334,-0.0282672843188011,0.0237287259708903,0.023281762782466,0.0207207542986551,56.13375544123466,7610.639999999999,8086.54059289275,7134.739407107249,0.7142884491488388,227.2857142857144,0.0290847534468449,0.0547157587863738,-0.042234532797333,0.0045505964623613,145819.4,1.0588440221259998,0.132280254029715,0.1782027,0
2026-04-13,7833.8,7847.6,7779.4,7794.0,126003.0,-0.0026360914186267,-0.0026360914186267,0.0614479490112762,0.032181168057211,-0.0330984517665741,7709.160000000001,0.011005090048721,7581.620000000001,0.0280124828202943,7597.3,0.025890776986561,8041.95,-0.0308320743103351,0.0233431779478216,0.0231603570020514,0.0207233077429259,66.64317594550151,7597.3,8033.359937936938,7161.240062063062,0.725542388657183,201.5000000000001,0.0258532204259687,0.032181168057211,-0.0330984517665741,0.0002053282685694,145414.6,0.8665085899215071,-0.1839183937823834,0.28795135,0
2026-04-14,7804.4,7926.6,7804.4,7922.0,146811.0,0.0164228894021041,0.0164228894021041,0.0737327188940091,0.0490492081148365,-0.0133021123953767,7817.960000000001,0.0133078194311557,7618.660000000001,0.0398154006085058,7591.960000000001,0.0434723049120384,8040.466666666666,-0.0147338048371984,0.0236540097407434,0.0234891517373365,0.0205118223003592,65.64239051536413,7591.960000000001,8007.92351256974,7175.996487430262,0.8967174884656091,193.7285714285716,0.0244545028311754,0.0490492081148365,-0.0133021123953767,-0.0111097241293222,151412.6,0.9696088700676164,0.1651389252636841,0.18593316,0
2026-04-15,7889.8,8005.4,7879.4,7884.6,143802.0,-0.0047210300429184,-0.0047210300429184,0.0079772953900438,0.0629010514963601,0.0070246245018903,7830.44,0.0069165972793356,7665.32,0.028606763970715,7594.710000000001,0.0381699893741827,8035.063333333333,-0.0187258428579073,0.0226008324453562,0.022810471514313,0.0202621837755724,61.47384497899962,7594.710000000001,8017.952112619502,7171.4678873805,0.8424635585124457,183.0142857142859,0.0232116132352035,0.0629010514963601,0.0070246245018903,-0.039494201344898,141475.6,1.0164438249422514,-0.0204957394200706,0.4371531,0
2026-04-16,7894.6,8060.6,7894.6,8043.4,152723.0,0.0201405271034673,0.0201405271034673,0.0396019128861315,0.0644205065770318,0.0175336504402388,7891.719999999999,0.0192201446579454,7714.0,0.0427015815400571,7601.639999999999,0.0581137754484559,8034.05,0.0011637965907604,0.0226936863212066,0.0231486366914563,0.0203690202035359,69.62981304939952,7601.639999999999,8050.050612579102,7153.229387420897,0.992584238204299,183.5857142857145,0.0228243919593349,0.0644205065770318,0.0175336504402388,-0.0075022827669604,144747.8,1.0550972104584664,0.0620366893367267,0.15240692,0
2026-04-17,8042.4,8093.2,7993.0,8073.6,128217.0,0.0037546311261407,0.0037546311261407,0.0331430911371024,0.0908206555516524,0.0507301074988937,7943.520000000001,0.0163756118194451,7781.219999999999,0.0375750846268323,7621.13,0.0593704608109295,8032.52,0.0051142107333688,0.0206909137362636,0.0221149220486633,0.0203513002675927,67.37598084851709,7621.13,8116.0496940704925,7126.210305929508,0.9571145636564162,172.40000000000015,0.0213535473642489,0.0908206555516524,0.0507301074988937,-0.0112425600705414,139511.2,0.919044492485191,-0.1604604414528263,0.115646824,0
2026-04-20,8061.0,8182.8,8051.4,8113.2,128510.0,0.0049048751486324,0.0049048751486324,0.0409545804464972,0.1049191044288282,0.0722385219253032,8007.360000000001,0.0132178395875792,7858.259999999999,0.0324422963862229,7648.459999999999,0.0607625587373146,8031.476666666667,0.0101753807830273,0.019914414979349,0.0217088929785024,0.020360502342764,68.2006740990407,7648.459999999999,8188.968907955114,7107.951092044884,0.9299096584348924,167.61428571428587,0.020659454434044,0.1049191044288282,0.0722385219253032,-0.0076567430710144,140012.6,0.9178459652916952,0.0022851883915548,0.092764564,0
2026-04-21,8124.0,8124.0,8023.6,8089.8,117634.0,-0.0028841887294778,-0.0028841887294778,0.0211815198182276,0.0964760097587422,0.1193546601726809,8040.920000000001,0.0060789063937956,7929.44,0.020223370124498,7691.590000000001,0.0517721303397604,8030.003333333333,0.0074466552732854,0.0202904857511463,0.0185679401016889,0.0203640595695858,73.44687979896693,7691.590000000001,8228.212772139641,7154.96722786036,0.8710334528035805,160.72857142857154,0.0198680525388231,0.0964760097587422,0.1193546601726809,-0.0108092245237337,134177.2,0.876706325664867,-0.0846315461831763,0.13099684,0
2026-04-22,8090.8,8226.2,8058.2,8224.4,123791.0,0.01663823580311,0.01663823580311,0.0430966694569159,0.0514177597095446,0.1106849611063094,8108.88,0.0142461104369531,7969.660000000001,0.0319637224172673,7732.57,0.0636049851472408,8029.8566666666675,0.0242274976265659,0.0104854084098447,0.0182276389700258,0.0204593471956126,73.37253254934902,7732.57,8301.202668776501,7163.937331223498,0.932467238523462,159.68571428571445,0.0194160928804185,0.0514177597095446,0.1106849611063094,-0.0010688432201332,130175.0,0.9509583253312848,0.0523403097743848,0.2636685,0
2026-04-23,8202.0,8247.2,8053.4,8141.0,159064.0,-0.0101405573658868,-0.0101405573658868,0.0121341721162693,0.0522166214294945,0.0820042530568847,8128.4,0.0015501205649328,8010.06,0.0163469437182741,7763.42,0.0486357816529312,8028.64,0.0139948982642139,0.0103601917490419,0.0183622317766272,0.0205004443142828,77.25530660377365,7763.42,8351.039452940056,7175.800547059943,0.8212793569978336,157.64285714285734,0.0193640654886202,0.0522166214294945,0.0820042530568847,-0.0088872656440224,131443.2,1.2101348719446878,0.2849399390908871,0.17257805,0
2026-04-24,8130.2,8153.4,8005.8,8093.2,155713.0,-0.0058715145559513,-0.0058715145559513,0.0024276654776058,0.035651216952883,0.0923176591264913,8132.32,-0.0048104353985086,8037.92,0.0068774011186973,7797.620000000001,0.0379064381182974,8024.6,0.0085487127084216,0.0107414458663138,0.017956750358361,0.0204219970770246,77.87518573551266,7797.620000000001,8378.009921926263,7217.230078073739,0.7546391562236259,159.50000000000014,0.0197079029308555,0.035651216952883,0.0923176591264913,-0.0290800902154614,136942.4,1.1370693079718188,-0.0210669919026303,0.2682521,0
2026-04-27,8119.6,8178.2,8065.0,8144.6,113902.0,0.0063510107250532,0.0063510107250532,0.0038702361583593,0.044983320502951,0.0786121043570389,8138.6,0.0007372275329908,8072.979999999999,0.008871569110787,7827.3,0.040537605560027,8020.903333333334,0.0154217874877766,0.0105394251772873,0.0176356986372923,0.0204336489042238,78.13830568198506,7827.3,8415.250022938662,7239.349977061337,0.7698358598695919,159.3857142857144,0.0195694956518078,0.044983320502951,0.0786121043570389,-0.0265108051252628,134020.8,0.8498830032353187,-0.2685132262559966,0.11920734,0
2026-04-28,8143.4,8143.4,8015.0,8053.4,128319.0,-0.0111976033199912,-0.0111976033199912,-0.004499493188954,0.0165867205251197,0.0664494941469355,8131.32,-0.009582699979831,8086.12,-0.0040464400726183,7852.390000000001,0.0255985757202581,8011.343333333333,0.0052496397815928,0.010674204178649,0.0179430760661484,0.0200589260618968,61.45461751882679,7852.390000000001,8433.591187740933,7271.18881225907,0.672926349979861,136.85714285714295,0.0169937098439346,0.0165867205251197,0.0664494941469355,-0.0664889301031644,136157.8,0.9424285645038332,0.1265737212691611,0.2914487,0
2026-04-29,8044.2,8237.6,8029.6,8227.0,141779.0,0.0215561129460848,0.0215561129460848,0.0003161324838285,0.0434264261979047,0.1090590455648423,8131.839999999999,0.0117021485912167,8120.360000000001,0.0131324227004714,7892.840000000001,0.0423371055285548,8007.966666666666,0.027351928704332,0.0120626563174272,0.0176621955054691,0.020055730052255,72.32142857142856,7892.840000000001,8459.165055999225,7326.514944000777,0.7950249123362616,142.257142857143,0.0172914966399833,0.0434264261979047,0.1090590455648423,-0.0240343551295435,139755.4,1.0144795836153735,0.1048948324098535,0.13545069,0
2026-04-30,8225.2,8242.0,8163.0,8224.6,110904.0,-0.0002917223775373,-0.0002917223775373,0.0102690087212873,0.0225277867568443,0.0883995447688112,8148.559999999999,0.0093317101426511,8138.479999999999,0.0105818285478371,7926.24,0.0376420597912756,8003.143333333334,0.027671210853402,0.0107445639519247,0.0174152540739133,0.0200108029450085,70.0508607198748,7926.24,8487.84212325275,7364.637876747248,0.7656328988501018,133.85714285714306,0.0162752161633566,0.0225277867568443,0.0883995447688112,-0.0339910735259572,130123.4,0.8522986641910679,-0.2177684988609032,0.21250358,0
2026-05-06,8219.8,8520.2,8219.8,8455.8,146632.0,0.0281107895824719,0.0281107895824719,0.0448030445312113,0.0473394768133172,0.1424595346826276,8221.08,0.0285509933001502,8176.7,0.0341335746694875,7978.960000000001,0.0597621745189846,8000.83,0.0568653502199145,0.0135180943933539,0.0171462722467743,0.0203088193821032,76.83698296836984,7978.960000000001,8530.994378792044,7426.925621207958,0.9318933913531036,150.44285714285738,0.017791676381047,0.0473394768133172,0.1424595346826276,-0.0161496753775627,128307.2,1.14281973264166,0.3221524922455456,0.18756983,0
2026-05-07,8467.8,8591.4,8467.8,8579.0,113766.0,0.0145698810284067,0.0145698810284067,0.0533359526557473,0.0574126115466153,0.1683553957618346,8307.960000000001,0.0326241339630906,8223.28,0.0432576782013989,8040.769999999999,0.0669376191583641,8002.323333333334,0.0720636548469049,0.0138738046791965,0.0168641343481852,0.0203313998369884,76.7464582315584,8040.769999999999,8569.216227309642,7512.323772690358,1.009257112819376,150.6571428571431,0.0175611543136896,0.0574126115466153,0.1683553957618346,0.0105543383513557,128280.0,0.8868568755846585,-0.2241393420262971,0.33963785,0
2026-05-08,8578.2,8601.6,8501.8,8574.2,112987.0,-0.0005595057699031,-0.0005595057699031,0.0646683388382547,0.0598778708991569,0.162130658715099,8412.119999999999,0.0192674379347894,8271.72,0.0365679689351188,8100.579999999999,0.0584674183823876,8006.396666666666,0.0709187112471321,0.0137330460782573,0.0169589521822384,0.0201755459934404,78.8390766142523,8100.579999999999,8581.850684750172,7619.309315249825,0.9920515782566904,148.78571428571462,0.0173527226196863,0.0598778708991569,0.162130658715099,0.0293404403467072,125213.6,0.9023540573867376,-0.0068473884992,0.18057588,0
2026-05-11,8571.8,8740.0,8571.8,8687.8,155860.0,0.0132490494740031,0.0132490494740031,0.0560106964871762,0.0563445357716063,0.1106594052824012,8504.28,0.0215797222104632,8318.06,0.0444502684520189,8143.860000000001,0.0667914232317352,8020.523333333333,0.0831961505421299,0.0134785058598524,0.0117558147430054,0.0186639051989808,78.00764951321284,8143.860000000001,8673.02433185275,7614.695668147252,1.013961322842297,148.2285714285718,0.0170616924225433,0.0563445357716063,0.1106594052824012,0.1081094870028824,128029.8,1.2173728303879252,0.3794507332701993,0.404777,0
2026-05-12,8702.0,8702.0,8605.6,8641.2,135762.0,-0.0053638435507261,-0.0053638435507261,0.0506529192909077,0.061442083282152,0.1168670027142304,8587.6,0.0062415575946714,8368.079999999998,0.0326383112972155,8189.07,0.0552113976312329,8027.31,0.0764751828445644,0.0129331793607872,0.011414431494673,0.0175711010427764,74.32293452176904,8189.07,8726.315187972777,7651.824812027223,0.9207855278388368,147.95714285714325,0.0171222912161671,0.061442083282152,0.1168670027142304,0.0494534855477291,133001.4,1.0207561724914174,-0.1289490568458873,0.18833145,0
2026-05-13,8647.0,8805.2,8600.8,8792.4,151477.0,0.0174975697819745,0.0174975697819745,0.0398069963811822,0.0863935155439132,0.1251247664627748,8654.92,0.015884606674585,8438.0,0.0420004740459825,8237.960000000001,0.067303070177568,8036.203333333334,0.0940987472940164,0.0126467870040276,0.0116857782973071,0.0176988748291301,76.56445556946193,8237.960000000001,8808.643528853927,7667.276471146075,0.9857683566875074,153.171428571429,0.0174208894694769,0.0863935155439132,0.1251247664627748,0.0646098706833924,133970.4,1.1306751342087509,0.1157540401585126,0.30366692,0
2026-05-14,8781.2,8829.2,8546.6,8547.2,212062.0,-0.0278877212137753,-0.0278877212137753,-0.0037067257256089,0.0494315251823294,0.0966384398255069,8648.560000000001,-0.0117198701286689,8478.26,0.0081313854493729,8275.619999999999,0.0328168765603062,8044.276666666667,0.0625193978493199,0.0171084980713647,0.0138322966016417,0.0178058893404763,65.24463404879357,8275.619999999999,8821.830276069682,7729.4097239303155,0.7486038911188065,166.18571428571477,0.0194432930416644,0.0494315251823294,0.0966384398255069,0.0600783846802599,153629.6,1.380345974994402,0.3999617103586683,0.2241331,0
2026-05-15,8599.8,8599.8,8313.4,8384.6,232334.0,-0.0190237738674654,-0.0190237738674654,-0.0221128501784423,0.0411254873717934,0.0583943448624084,8610.640000000001,-0.0262512426486302,8511.380000000001,-0.0148953518700846,8298.75,0.0103449314655821,8049.67,0.0416079168462806,0.0180814965284914,0.0145074739000787,0.0179945049876907,55.241460541813936,8298.75,8820.54276184679,7776.957238153211,0.5822644604115915,174.64285714285754,0.0208290028317221,0.0411254873717934,0.0583943448624084,0.0401439027415952,177499.0,1.3089313179229178,0.0955946845733795,0.34463412,0
2026-05-18,8358.6,8470.4,8326.4,8402.2,151021.0,0.002099086420342,0.002099086420342,-0.0328736849374984,0.0212957335602286,0.0656469573599167,8553.52,-0.0176909623172681,8528.9,-0.0148553740810654,8324.630000000001,0.0093181318569113,8052.153333333333,0.0434724293211838,0.0170203444752959,0.0143976203104106,0.0177400299218815,58.93052516411383,8324.630000000001,8810.007270953027,7839.252729046975,0.5799069143139861,171.0857142857146,0.020362014030339,0.0212957335602286,0.0656469573599167,0.0180536034507827,176531.2,0.8554918337381721,-0.3499832138214811,0.55134827,1
2026-05-19,8366.4,8463.2,8248.2,8456.0,171235.0,0.0064030849063339,0.0064030849063339,-0.0214322084895617,0.0281351068744983,0.0512967153193923,8516.48,-0.0071015255128878,8552.04,-0.0112300690829323,8345.26,0.0132698082504318,8055.936666666666,0.049660685018626,0.0170413516771703,0.0138690281344454,0.017750772665146,62.3535821302098,8345.26,8815.13423356504,7875.38576643496,0.6178400432385819,175.90000000000035,0.0208017975402081,0.0281351068744983,0.0512967153193923,0.0275853688175962,183625.8,0.9325214648486216,0.1338489349163361,0.15858197,0
2026-05-20,8440.0,8498.4,8365.6,8483.6,153619.0,0.0032639545884578,0.0032639545884578,-0.0351212410718346,0.0032876841930984,0.0507827982560444,8454.720000000001,0.0034158434578555,8554.820000000002,-0.0083251313294728,8365.76,0.0140859886011552,8059.429999999999,0.0526302728604877,0.0145943338284866,0.0138673040032637,0.0177428222107185,61.73335179288388,8365.76,8821.286838541368,7910.233161458632,0.6293447389152014,177.30000000000032,0.0208991465887123,0.0032876841930984,0.0507827982560444,0.0253323664491178,184054.2,0.8346400136481535,-0.1028761643355622,0.25325748,0
2026-05-21,8469.4,8636.2,8228.6,8240.8,216930.0,-0.0286199255033241,-0.0286199255033241,-0.0358479970048672,-0.0394218440377667,0.0157274564906571,8393.44,-0.0181856306830097,8521.0,-0.0328834643821148,8372.140000000001,-0.0156877453076516,8056.996666666667,0.0228128843708923,0.0162409843629241,0.0155003944389421,0.018051456719895,55.870191705300094,8372.140000000001,8816.202984626849,7928.077015373153,0.3521155730753282,197.1571428571432,0.023924514956939,-0.0394218440377667,0.0157274564906571,-0.0174083082939857,185027.8,1.1724184149625083,0.4121300099597056,0.5977608,1
2026-05-22,8318.4,8437.6,8268.6,8379.6,172502.0,0.0168430249490341,0.0168430249490341,-0.0005963313694153,-0.0226959949616291,0.0358228880812876,8392.439999999999,-0.0015299483821151,8501.54,-0.0143432836874261,8386.630000000001,-0.0008382389589144,8059.913333333333,0.0396637846395371,0.0175200004731548,0.0158705031437955,0.0179559782272647,54.88664019469709,8386.630000000001,8810.34844226527,7962.911557734733,0.4917043969547123,196.3571428571433,0.0234327584678437,-0.0226959949616291,0.0358228880812876,0.0213294980864393,173061.4,0.9967676212026484,-0.2048033927995205,0.32171908,0
2026-05-25,8401.8,8504.6,8353.6,8485.2,157170.0,0.0126020335099528,0.0126020335099528,0.0098783651900693,-0.023320058012385,0.0317105199163465,8409.04,0.0090569196959462,8481.28,0.000462194385753,8399.67,0.0101825428856134,8062.933333333333,0.0523713454160603,0.0174578811988315,0.015697698136144,0.0179614207833193,57.827706355881325,8399.67,8818.389577559368,7980.950422440632,0.6021327931434897,201.5000000000004,0.0237472304718804,-0.023320058012385,0.0317105199163465,0.021820809248555,174291.2,0.9017666984908016,-0.0888801289260414,0.24262607,0
2026-05-26,8485.6,8485.6,8325.6,8462.4,181029.0,-0.002687031537265,-0.002687031537265,0.0007568590350046,-0.0206915706151924,0.0394791794619824,8410.320000000002,0.0061923922038635,8463.4,-0.0001181558239005,8415.74,0.0055443728061941,8062.92,0.0495453260109239,0.0174247880760347,0.015489406095148,0.0177975992408069,50.22661722290896,8415.74,8816.964149978829,8014.515850021171,0.5581470482303494,191.47142857142885,0.0226261378062285,-0.0206915706151924,0.0394791794619824,-9.45268929011256e-05,176250.0,1.0271148936170214,0.1518037793472035,0.10006944,0
2026-05-27,8419.0,8553.0,8270.4,8315.0,197393.0,-0.0174182265078464,-0.0174182265078464,-0.0198736385496723,-0.0542968927710294,0.0274057233232838,8376.6,-0.0073538189718979,8415.66,-0.0119610345474983,8426.829999999998,-0.0132707079649165,8060.52,0.0315711641432561,0.016572025326607,0.0160068357854566,0.0179415752604232,41.08349094839232,8426.829999999998,8801.927354941525,8051.732645058472,0.3509320333418084,201.97142857142885,0.02429000944936,-0.0542968927710294,0.0274057233232838,-0.0170232888048232,185004.8,1.0669615058636317,0.0903943567052791,0.31653386,0
2026-05-28,8315.8,8412.4,8214.2,8351.0,182879.0,0.0043295249549006,0.0043295249549006,0.0133724881079506,-0.0229548858105579,0.0253419443557694,8398.64,-0.0056723469514111,8396.039999999999,-0.0053644337092246,8437.15,-0.0102107939292296,8057.06,0.0364822900661034,0.0147557928995757,0.0159807858282238,0.0178835143993974,42.61709446943632,8437.15,8790.266050701575,8084.033949298425,0.3780146076214374,209.0000000000001,0.0250269428810921,-0.0229548858105579,0.0253419443557694,-0.0242563036010562,178194.6,1.026288114230173,-0.0735284432578663,0.23921773,0
2026-05-29,8367.0,8407.0,8108.2,8163.0,197280.0,-0.0225122739791642,-0.0225122739791642,-0.025848489188028,-0.0264294062924886,0.013609158864579,8355.320000000002,-0.0230176701789999,8373.88,-0.0251830692582171,8442.63,-0.0331211956463802,8050.816666666667,0.0139344041701774,0.0152307717245192,0.0166360842011995,0.0181114016067061,33.455233291298896,8442.63,8773.36301110034,8111.896988899658,0.0772571974752738,218.3285714285715,0.0267461192488756,-0.0264294062924886,0.013609158864579,-0.0438764992503748,183150.2,1.0771487009023195,0.0787460561354775,0.66485643,1
2026-06-01,8142.4,8266.2,8094.6,8117.2,163955.0,-0.0056106823471763,-0.0056106823471763,-0.0433696318295385,-0.0339196877008403,-0.013346298772335,8281.72,-0.0198654385803914,8345.380000000001,-0.0273420742973958,8437.14,-0.0379204327532789,8049.886666666667,0.0083620224881011,0.0151631644591537,0.0159476783428005,0.0172625111448784,33.472117083017906,8437.14,8786.087629308351,8088.192370691647,0.0415644453092415,223.70000000000013,0.0275587641058493,-0.0339196877008403,-0.013346298772335,-0.0068273583751377,184507.2,0.8886103089743923,-0.1689223438767234,0.68862796,1
2026-06-02,8118.6,8231.6,7996.2,8152.8,172900.0,0.0043857487803675,0.0043857487803675,-0.0365853658536584,-0.035856196783349,-0.0087299078374631,8219.8,-0.0081510499038904,8315.060000000001,-0.0195139902778814,8433.55,-0.0332896585660841,8050.493333333334,0.0127081238913722,0.0150319803699263,0.0159859223516858,0.0172470020809509,28.238976592270063,8433.55,8793.023108576139,8074.07689142386,0.1094979105501938,225.9142857142858,0.0277100242510899,-0.035856196783349,-0.0087299078374631,0.0044847469321374,182881.4,0.9454214589345884,0.0545576530145466,0.56972456,1
2026-06-03,8165.0,8310.2,8130.6,8200.6,178286.0,0.0058630163870081,0.0058630163870081,-0.013758268190018,-0.0333584798906124,-0.0301804678445563,8196.92,0.0004489491174735,8286.759999999998,-0.0103973084776194,8420.789999999999,-0.0261483780025387,8051.63,0.0185018437260531,0.0151844354178072,0.0146193341944184,0.0172610106706755,36.37792799874237,8420.789999999999,8794.762596237691,8046.817403762307,0.2056067714383427,218.5571428571429,0.026651360005017,-0.0333584798906124,-0.0301804678445563,0.0083862082534063,179060.0,0.9956774265609292,0.031150954308849,0.24004486,0
2026-06-04,8189.2,8234.6,8142.6,8184.8,140145.0,-0.0019266882911006,-0.0019266882911006,-0.0199018081666866,-0.0067954567517715,-0.0459494113533045,8163.68,0.0025870685769162,8281.16,-0.0116360509880257,8401.08,-0.0257443090650248,8051.466666666666,0.0165601298314179,0.0123094489423295,0.0141262266468548,0.0172360261122771,41.12315621112496,8401.08,8781.441277568578,8020.718722431422,0.2156913535171765,204.67142857142863,0.0250062834243266,-0.0067954567517715,-0.0459494113533045,-0.0011959095013789,170513.2,0.821901178325197,-0.2139315481866215,0.15129378,0
2026-06-05,8184.8,8236.8,8043.0,8070.8,186896.0,-0.0139282572573551,-0.0139282572573551,-0.0112948670831801,-0.0368514010215285,-0.058711016771244,8145.24,-0.0091390800025535,8250.28,-0.0217544131835526,8375.91,-0.0364270867284868,8050.476666666667,0.0025244881980073,0.0112624712262811,0.0143562652499444,0.0173013674720159,36.43804223277134,8375.91,8774.23507168989,7977.584928310108,0.1170087929620246,208.22857142857148,0.0258002393106719,-0.0368514010215285,-0.058711016771244,-0.0073060933310373,168436.4,1.1095938882569327,0.3335902101394983,0.6341942,1
2026-06-08,8084.4,8084.4,7722.0,7818.8,212220.0,-0.031223670515934,-0.031223670515934,-0.0367614448331936,-0.0785367463347948,-0.1000253228665484,8085.56,-0.0329921489668001,8183.640000000001,-0.0445816287128956,8332.460000000001,-0.0616456604652168,8042.916666666667,-0.0278650986893229,0.0126586285262861,0.015142350674176,0.0176081373539487,27.56338028169023,8332.460000000001,8774.69992726016,7890.220072739842,-0.0807481056519657,218.7571428571429,0.0279783525422242,-0.0785367463347948,-0.1000253228665484,-0.0548329384459165,178089.4,1.1916486888046116,0.1354978169677254,0.4723501,0
2026-06-09,7801.2,8000.8,7795.2,7983.8,164083.0,0.0211029825548676,0.0211029825548676,-0.0207290746737317,-0.0565560597466439,-0.0760773966578716,8051.76,-0.0084403906723499,8135.779999999999,-0.0186804461280908,8299.59,-0.0380488674741764,8038.843333333334,-0.0068471707994476,0.0156623886535595,0.016239083425811,0.0178218688457091,33.95402594067038,8299.59,8742.931711621035,7856.248288378965,0.1438525952753856,223.95714285714297,0.0280514470373935,-0.0565560597466439,-0.0760773966578716,-0.0297027296371017,176326.0,0.9305661104998696,-0.2268259353501084,0.41650483,0
2026-06-10,7975.8,7975.8,7787.2,7892.0,166031.0,-0.0114982840251509,-0.0114982840251509,-0.0376313928249153,-0.0508719182200841,-0.1024066239024611,7990.040000000001,-0.0122702764942354,8093.479999999999,-0.0248941122978,8254.57,-0.0439235478044283,8034.39,-0.0177225651231768,0.0152771422357316,0.015513641258433,0.0178501727183389,37.59954493742896,8254.57,8669.134654851978,7840.005345148022,0.0627099467398435,208.8857142857144,0.026468032727536,-0.0508719182200841,-0.1024066239024611,-0.0327483086577115,173875.0,0.9548871315600288,0.0118720403698129,0.7404768,1
2026-06-11,7873.8,7918.0,7786.6,7859.2,167755.0,-0.0041561074505829,-0.0041561074505829,-0.03978105757013,-0.0588911507603879,-0.0804941969299888,7924.92,-0.0082928281925874,8044.3,-0.0230100816727372,8220.170000000002,-0.0439127171335874,8031.03,-0.0213957611912792,0.0149267192629693,0.01457180552719,0.0177917230117969,29.99077207013228,8220.170000000002,8646.505973765084,7793.834026234918,0.0766601668489497,204.2142857142857,0.0259841059795253,-0.0588911507603879,-0.0804941969299888,-0.0250099245732433,179397.0,0.935104823380547,0.0103836030620787,0.66837,1
2026-06-12,7833.4,8094.2,7833.4,7978.8,186033.0,0.0152178338762214,0.0152178338762214,-0.0113991178074044,-0.0225652333700845,-0.0483982539417503,7906.519999999999,0.0091418221923174,8025.879999999999,-0.0058660234142547,8199.880000000001,-0.0269613701663927,8030.196666666667,-0.006400424398074,0.0150432949792229,0.0147349629606806,0.0178961710387209,30.7364576993305,8199.880000000001,8631.85460744075,7767.905392559252,0.2441053291189979,212.05714285714288,0.0265775734267236,-0.0225652333700845,-0.0483982539417503,-0.0062275807094459,179224.4,1.0379892469998504,0.1089565139638162,0.21780433,0
2026-06-15,7974.4,8249.6,7974.4,8249.2,201870.0,0.0338898079911766,0.0338898079911766,0.0550468102522125,0.0162617651406891,-0.0182095165551878,7992.6,0.0321046968445812,8039.08,0.026137319195729,8192.23,0.0069541504572017,8037.19,0.0263786223792146,0.0187667985812,0.0168112700868245,0.0181170387493521,43.175416133162656,8192.23,8614.426866526941,7770.033133473059,0.5674685253690358,220.2857142857144,0.0267038881692423,0.0162617651406891,-0.0182095165551878,0.0535914989271482,177154.4,1.139514457445031,0.085130057570431,0.27658477,0
2026-06-16,8216.8,8360.8,8216.8,8316.0,174867.0,0.0080977549338117,0.0080977549338117,0.0416092587489667,0.0200176626435089,-0.0165562913907284,8059.039999999999,0.0318846909805634,8055.4,0.0323509695359633,8185.23,0.0159763378671093,8044.043333333334,0.0338084537088105,0.0188607040538788,0.0168536190795663,0.0181059942029971,50.0337518563521,8185.23,8593.423148811622,7777.03685118838,0.6601815223757573,210.38571428571436,0.0252989074417645,0.0200176626435089,-0.0165562913907284,0.0520190264143305,179311.2,0.975215156666176,-0.1337643037598455,0.25408688,0
2026-06-17,8320.6,8456.4,8291.2,8453.4,175100.0,0.0165223665223663,0.0165223665223663,0.0711353269133299,0.0308270126576102,-0.0035598095148287,8171.32,0.034520738387433,8080.68,0.0461248310785724,8183.719999999999,0.0329532290938594,8056.869999999999,0.0492163830370853,0.019388092047691,0.0172732428804837,0.0178081392498806,53.23477381854939,8183.719999999999,8587.465024280773,7779.974975719226,0.8339731560536318,208.02857142857147,0.0246088640580797,0.0308270126576102,-0.0035598095148287,0.1001587756058199,181125.0,0.966735679779158,0.001332441226761,0.1549901,0
2026-06-18,8423.4,8553.4,8423.4,8524.6,200274.0,0.008422646509097,0.008422646509097,0.0846651058631922,0.0415159808425373,0.0344384040384431,8304.4,0.0265160637734214,8114.660000000001,0.0505184443956985,8197.91,0.0398504008948623,8072.836666666667,0.0559609158449467,0.0193596457283204,0.0159849598636985,0.0176869474170874,62.33287858117325,8197.91,8629.116785904896,7766.703214095104,0.8788089736510459,195.9714285714286,0.0229889295182681,0.0415159808425373,0.0344384040384431,0.1266090450136123,187628.8,1.0673947709520075,0.1437692747001713,0.13617015,0
2026-06-22,8522.0,8673.8,8436.0,8651.2,210048.0,0.0148511367102268,0.0148511367102268,0.08427332430942,0.0719135649501909,0.0324120483077952,8438.880000000001,0.0251597368371156,8172.7,0.0585485824758036,8211.49,0.0535481380358497,8096.570000000001,0.0685018470784541,0.0184769444806057,0.0158923416375722,0.0166469958550918,67.26144297905353,8211.49,8682.09630053705,7740.88369946295,0.9671739408271932,200.7,0.0231990937673386,0.0719135649501909,0.0324120483077952,0.1970334292672129,192431.8,1.0915451604152744,0.0488031396986128,0.20232987,0
2026-06-23,8623.8,8662.4,8372.4,8449.2,206245.0,-0.0233493619382282,-0.0233493619382282,0.0242447752509333,0.0806261830459917,-0.0042426813746287,8478.880000000001,-0.0035004623252128,8235.74,0.0259187395425306,8209.69,0.0291740613835602,8113.976666666666,0.0413143082738305,0.0167480681763364,0.0166131186065343,0.0167503933326797,58.65047863646977,8209.69,8676.145381292517,7743.234618707484,0.7567340946269436,204.5999999999999,0.0242153103252378,0.0806261830459917,-0.0042426813746287,0.1410436473638721,193306.8,1.0669309098283144,-0.0181053854357099,0.17123446,0
2026-06-24,8423.8,8626.8,8409.6,8587.4,180187.0,0.0163565781375749,0.0163565781375749,0.0326358826358825,0.0756030962699465,0.0147712232936283,8533.16,0.0063563791139507,8296.1,0.0351128843673531,8215.94,0.045212112065083,8131.7,0.0560399424474586,0.0163961983505208,0.0169972178756003,0.0167540309536046,60.72299844754932,8215.94,8699.681820656988,7732.198179343013,0.8839444763071196,207.28571428571408,0.0241383555308608,0.0756030962699465,0.0147712232936283,0.1413343965975544,194370.8,0.9270271048943566,-0.1263448810880263,0.20162773,0
2026-06-25,8594.0,8704.2,8554.0,8693.4,189590.0,0.012343666301791,0.012343666301791,0.0283909432890907,0.101545869234668,0.0455081178592904,8581.16,0.0130798167147565,8376.240000000002,0.037864244577519,8234.859999999999,0.0556827924214864,8153.103333333333,0.0662688358747649,0.0150121393123064,0.0166101633650677,0.01664112166401,63.42802830288308,8234.859999999999,8762.521184752717,7707.198815247279,0.9345023030402452,211.442857142857,0.0243222280284879,0.101545869234668,0.0455081178592904,0.1733250553366085,197268.8,0.9610744324495308,0.0521846748100585,0.1809208,0
2026-06-26,8681.6,8681.6,8399.8,8445.6,230308.0,-0.0285043826351023,-0.0285043826351023,-0.0092672969992726,0.0746131921824104,0.0113279846724942,8565.36,-0.0139818991846227,8434.88,0.0012709131605903,8239.59,0.0250024576465577,8168.013333333333,0.033984600090434,0.0189807033661479,0.0179719192227984,0.016981623532464,59.242454132965086,8239.59,8773.296096530283,7705.883903469718,0.6929994816803738,218.5714285714285,0.025879917184265,0.0746131921824104,0.0113279846724942,0.1184743742550655,203275.6,1.1329839882405954,0.2147687114299277,0.35384622,0
2026-06-29,8459.4,8583.8,8346.2,8535.2,214084.0,0.0106090745476934,0.0106090745476934,-0.0134085444793785,0.0697347972126134,0.0455959818694109,8542.16,-0.0008147822096518,8490.52,0.005262339644686,8258.2,0.0335424184446973,8184.406666666667,0.0428611807331178,0.0188246865272376,0.0172294084985037,0.0170157205911157,69.20437486596613,8258.2,8806.420670130015,7709.979329869986,0.7526354943295984,209.6571428571427,0.0245638230922699,0.0697347972126134,0.0455959818694109,0.1302505429312994,204082.8,1.04900559968797,-0.0704447956649356,0.24852778,0
2026-06-30,8512.6,8796.4,8510.2,8774.6,185559.0,0.0280485518792763,0.0280485518792763,0.0385125218955639,0.0636910245842019,0.0809885182082492,8607.240000000002,0.0194440959006603,8543.06,0.0271027009057645,8291.07,0.0583193725297217,8207.016666666666,0.0691583015346624,0.0179660124709482,0.018033635202312,0.0171343563600497,70.38564652505673,8291.07,8880.944609690741,7701.195390309258,0.9098582919626808,215.41428571428543,0.024549755625816,0.0636910245842019,0.0809885182082492,0.1828794823402535,199945.6,0.9280474289006608,-0.133242091889165,0.34819824,0
2026-07-01,8753.6,8865.2,8652.4,8708.0,210988.0,-0.0075900895767329,-0.0075900895767329,0.0140438316603395,0.0471380471380471,0.0680993033068393,8631.36,0.0088792496199903,8582.259999999998,0.0146511524936323,8318.829999999998,0.0467818190779234,8226.206666666667,0.0585681046995334,0.018473221176293,0.018219978755987,0.0170609226349115,71.31216046803176,8318.829999999998,8933.059845887397,7704.600154112598,0.8167950911256637,216.5714285714284,0.0248703983200997,0.0471380471380471,0.0680993033068393,0.1523701135431279,206105.8,1.0236878341123832,0.1370399711143086,0.16369985,0
2026-07-02,8712.8,8712.8,8450.0,8479.6,220984.0,-0.0262287551676618,-0.0262287551676618,-0.0245933696827477,0.0030993446423925,0.0340219008365241,8588.6,-0.0126912418787695,8584.880000000001,-0.0122634212708856,8332.78,0.0176195699394439,8244.176666666668,0.0285563183386412,0.0203072648868111,0.0193735759599643,0.0172064071557465,64.70142180094788,8332.78,8948.375313411863,7717.184686588138,0.6192504205289248,225.95714285714263,0.0266471464287398,0.0030993446423925,0.0340219008365241,0.1456751425406004,212384.6,1.0404897530235242,0.0473771020152804,0.18811676,0
2026-07-03,8507.2,8640.0,8434.0,8529.2,196737.0,0.0058493325156847,0.0058493325156847,0.0098986454485177,0.0005396147619829,0.0420779982406411,8605.320000000002,-0.0088456908052229,8585.34,-0.0065390537823778,8350.0,0.0214610778443113,8263.95,0.0320972416338434,0.0202117370548547,0.0193717608565495,0.0171580255695657,63.4901960784314,8350.0,8967.431133172307,7732.568866827692,0.64511739882575,222.0428571428569,0.0260332571803752,0.0005396147619829,0.0420779982406411,0.1615732418151114,205670.4,0.9565644837565348,-0.1097228758643159,0.27899307,0
2026-07-06,8557.6,8572.8,8365.2,8458.6,196746.0,-0.0082774468883365,-0.0082774468883365,-0.0089745993064017,-0.0222628074717958,0.0480497596272984,8590.000000000002,-0.0152968568102446,8566.08,-0.0125471627628973,8369.390000000001,0.010659080291395,8281.960000000001,0.0213282846089573,0.0196698623609653,0.0191635979895963,0.0172131528313773,55.689598956635145,8369.390000000001,8974.129630445612,7764.65036955439,0.5737590158712303,217.21428571428527,0.0256796970792194,-0.0222628074717958,0.0480497596272984,0.1464624559501219,202202.8,0.9730132322598896,4.574635172849284e-05,0.3560404,0
2026-07-07,8456.0,8464.8,8269.2,8311.2,192518.0,-0.017426051592462,-0.017426051592462,-0.0528115241720419,-0.0163329072574918,0.0629764158182841,8497.32,-0.0219033765940318,8552.28,-0.0281889741682919,8394.009999999998,-0.0098653682804759,8290.11,0.0025439951942736,0.0190370125620325,0.0181037969769625,0.0156423587451998,49.87505206164101,8394.009999999998,8941.777995068138,7846.242004931859,0.424411428975787,220.8999999999995,0.0265785927423235,-0.0163329072574918,0.0629764158182841,0.0625143821431311,203594.6,0.945594824224218,-0.0214896363839671,0.79264903,1
2026-07-08,8306.8,8362.4,8189.6,8242.8,209159.0,-0.0082298585041873,-0.0082298585041873,-0.0534221405604042,-0.04012856044903,0.0324406924021141,8404.28,-0.0192140195233858,8517.82,-0.0322876041052758,8406.960000000001,-0.0195266778954582,8298.54,-0.0067168441677694,0.0180386696092423,0.0177632544035092,0.0156114199314327,44.313640781941885,8406.960000000001,8925.353187089657,7888.566812910345,0.3416645857928585,221.44285714285667,0.026865004263461,-0.04012856044903,0.0324406924021141,0.0653741760372237,203228.8,1.029179919381505,0.0864386706697555,0.7768862,1
2026-07-09,8262.0,8496.0,8158.8,8489.0,240976.0,0.0298684912893678,0.0298684912893678,0.001108542855795,-0.0235120896312144,0.0756462240243285,8406.16,0.0098546779980395,8497.380000000001,-0.0009861863303748,8436.810000000001,0.0061859873577807,8309.78,0.0215673579805961,0.0204822623639209,0.018531504260767,0.0160071907751598,49.12176830471678,8436.810000000001,8895.687559176422,7977.932440823581,0.5568670214486711,236.24285714285665,0.0278292916884034,-0.0235120896312144,0.0756462240243285,0.0863000025593119,207227.2,1.16285892971579,0.1521187230767025,0.2566489,0
2026-07-10,8444.8,8603.0,8320.4,8320.4,214117.0,-0.0198609965838143,-0.0198609965838143,-0.0244806077944005,-0.0148242872028039,0.0586828175895766,8364.4,-0.0052603892688058,8484.86,-0.0193827594091123,8459.869999999999,-0.0164860689348653,8318.553333333333,0.000221993728076,0.0194022381454093,0.0192074852295476,0.0162355798991486,42.00502706883216,8459.869999999999,8835.294986410034,8084.445013589965,0.3142505093578501,239.44285714285675,0.0287778060120735,-0.0148242872028039,0.0586828175895766,0.0675391326661534,210703.2,1.0162019371324214,-0.1114592324546842,0.58821166,1
2026-07-13,8407.8,8407.8,7980.8,8005.8,247004.0,-0.0378106821787413,-0.0378106821787413,-0.0535313172392595,-0.062025494423095,0.0033839675139117,8273.84,-0.0323960821093953,8431.92,-0.0505365326046736,8461.22,-0.0538243893906551,8319.95,-0.0377586403764446,0.0219658215240554,0.0210118935605621,0.0168720259389431,39.83680205372695,8461.22,8829.487177610474,8092.952822389525,-0.1183282514545846,249.22857142857097,0.0311310014525182,-0.062025494423095,0.0033839675139117,0.0105781368341328,220754.8,1.118906587761625,0.1535935960246033,0.55883795,1
2026-07-14,8016.6,8144.6,7859.4,8101.4,274699.0,0.0119413425266681,0.0119413425266681,-0.0252430455289249,-0.0767214459918401,-0.0179168889104399,8231.880000000001,-0.0158505711939437,8364.6,-0.0314659397938934,8453.829999999998,-0.0416887966755894,8323.563333333334,-0.0266908924022524,0.0196462604553716,0.0197018893249685,0.0169247636670992,38.63848887226483,8453.829999999998,8845.2173036694,8062.442696330595,0.0497682261332512,254.08571428571395,0.0313631859043762,-0.0767214459918401,-0.0179168889104399,0.0274966390178321,237191.0,1.1581341619201404,0.1121236903046105,0.68605953,1
2026-07-15,8096.8,8173.2,7966.4,8023.6,219212.0,-0.0096032784457006,-0.0096032784457006,-0.0265929053234336,-0.0785943959577399,-0.0351611351611351,8188.039999999999,-0.0200829502542732,8296.16,-0.0328537540259589,8439.21,-0.0492475006546819,8323.233333333334,-0.0359996315534427,0.0196544514090436,0.0196825823287366,0.0167774806575888,34.1324741779589,8439.21,8871.93696095432,8006.483039045678,0.0197780153524211,258.12857142857104,0.0321711664874334,-0.0785943959577399,-0.0351611351611351,-0.0024616455727676,239201.6,0.9164319971103873,-0.2019919985147379,0.62539274,1
2026-07-16,8001.8,8027.8,7800.8,7844.0,230553.0,-0.0223839672964754,-0.0223839672964754,-0.0759806808811403,-0.0749563658663144,-0.0720893368348829,8059.039999999999,-0.0266830788778811,8232.6,-0.0472025848456137,8408.74,-0.06716107288369,8319.406666666668,-0.0571442995534138,0.0192920222988452,0.0197194552912902,0.0170185400246183,35.27222875048962,8408.74,8916.564073971665,7900.915926028333,-0.056039019165827,253.37142857142817,0.0323013039994171,-0.0749563658663144,-0.0720893368348829,-0.0284383670233848,237117.0,0.972317463530662,0.051735306461325,0.6404016,1
2026-07-17,7842.4,7842.4,7344.0,7367.2,313578.0,-0.0607853136155023,-0.0607853136155023,-0.1145617999134657,-0.136237865215964,-0.1357717664171926,7868.4,-0.0636978292918509,8116.4,-0.0923069341087181,8350.869999999999,-0.1177925174263279,8306.973333333333,-0.1131306548875402,0.0248424053266609,0.0232622472413977,0.0187049735850085,25.963121501481723,8350.869999999999,9035.952925752646,7665.787074247351,-0.2179203881919237,272.1142857142854,0.0369359167274249,-0.136237865215964,-0.1357717664171926,-0.091948922743184,257009.2,1.2201041830409185,0.360112425342546,0.77476627,1
2026-07-20,7434.2,7528.6,7060.0,7266.0,329115.0,-0.0137365620588554,-0.0137365620588554,-0.0924080041969572,-0.1409925992481026,-0.1601165156278898,7720.44,-0.0588619301490588,7997.139999999999,-0.0914251845034599,8281.61,-0.1226343669890275,8293.243333333334,-0.1238650901758179,0.0247562426973119,0.0227203094033556,0.0187715974042682,17.081260364842464,8281.61,9104.974634705744,7458.2453652942595,-0.1167437591990851,285.14285714285694,0.0392434430419566,-0.1409925992481026,-0.1601165156278898,-0.1018319365126455,273431.4,1.203647423083084,0.0495474810095095,0.7774864,1
2026-07-21,7178.8,7662.8,7165.4,7652.4,292167.0,0.0531791907514449,0.0531791907514449,-0.0554225195645197,-0.0792665319087497,-0.0943047862519529,7630.639999999999,0.002851661197488,7931.26,-0.0351596089398154,8241.77,-0.0715101246455556,8283.71,-0.0762110213901741,0.0327142301687319,0.0262474154561745,0.0199307577128454,29.787071078431367,8241.77,9107.03400984714,7376.505990152863,0.1594276467686882,305.4714285714284,0.0399183822815624,-0.0792665319087497,-0.0943047862519529,-0.0695491464422937,276925.0,1.0550401733321295,-0.1122647099038329,0.4804862,0
2026-07-22,7637.8,7725.0,7544.4,7569.4,245037.0,-0.0108462704511003,-0.0108462704511003,-0.0566080063811755,-0.0816955403503663,-0.1185457763700305,7539.8,0.0039258335764873,7863.92,-0.0374520595326504,8190.87,-0.0758735030588936,8274.183333333332,-0.0851785976863778,0.0327290234308884,0.0258047236685203,0.0199364479500864,31.54351528915564,8190.87,9089.646209133934,7292.093790866065,0.1542687747604868,299.59999999999985,0.0395804158850106,-0.0816955403503663,-0.1185457763700305,-0.0702125046063137,282090.0,0.8686483037328512,-0.1613118524679379,0.379917,0
2026-07-23,7583.4,7643.6,7496.2,7561.2,195584.0,-0.0010833091130075,-0.0010833091130075,-0.0360530341662417,-0.1092943809636,-0.1302367313134101,7483.24,0.0104179473062471,7771.139999999999,-0.0270153413784849,8134.26,-0.0704501700216123,8265.316666666668,-0.0851893151905857,0.0301081049245093,0.0254756928668616,0.0199262648713066,30.03629764065333,8134.26,9042.340423982892,7226.179576017107,0.1844662736552969,295.4142857142856,0.0390697621692701,-0.1092943809636,-0.1302367313134101,-0.0657341966094993,275096.2,0.7109658366782238,-0.201818500879459,0.55565506,1
2026-07-24,7553.8,7553.8,7368.2,7372.4,215305.0,-0.0249695815479025,-0.0249695815479025,0.000705831252036,-0.1139368299600981,-0.1270720848725964,7484.280000000001,-0.0149486657367176,7676.340000000001,-0.0395943900348344,8080.6,-0.0876420067816746,8252.446666666667,-0.1066406972639225,0.0303159156595368,0.0253278817603787,0.0201412091699354,28.639974828915257,8080.6,9036.777468663033,7124.42253133697,0.1296712570574178,294.37142857142857,0.0399288465861088,-0.1139368299600981,-0.1270720848725964,-0.0948112860054515,255441.6,0.8428736744523992,0.1008313563481675,0.6622089,1
2026-07-27,7394.6,7621.8,7351.6,7604.2,229620.0,0.0314415929683684,0.0314415929683684,0.0465455546380402,-0.0501636313672587,-0.1090777017527416,7551.92,0.0069227428256655,7636.18,-0.0041879578532721,8034.05,-0.0535035256190837,8244.960000000001,-0.0777153558052435,0.0315503954971569,0.0264697361881553,0.0205400415852473,36.54358583936048,8034.05,8987.687431930415,7080.412568069584,0.2746260865988296,299.7000000000001,0.0394124299729097,-0.0501636313672587,-0.1090777017527416,-0.0557776839595698,235542.6,0.9748555038451644,0.0664870764729104,0.26123068,0
2026-07-28,7563.0,7563.0,7241.6,7307.6,238769.0,-0.039004760527077,-0.039004760527077,-0.0450577596571009,-0.0979830646554915,-0.1671871082442504,7482.959999999999,-0.0234345766915764,7556.8,-0.032976921448232,7960.7,-0.082040524074516,8229.636666666667,-0.1120385630633349,0.0326611329052995,0.0262523998914278,0.0209100931406837,33.62286354721212,7960.7,8900.070059919715,7021.329940080284,0.1523734213671779,313.2571428571429,0.0428673083990835,-0.0979830646554915,-0.1671871082442504,-0.1117539807949434,224863.0,1.0618420994116418,0.0398440902360421,0.7917616,1
2026-07-29,7280.2,7470.4,7214.8,7413.0,284484.0,0.0144233400842956,0.0144233400842956,-0.0206621396676089,-0.0761005035146318,-0.1487138263665595,7451.68,-0.0051907757713697,7495.74,-0.0110382697372106,7895.95,-0.0611642677575212,8216.109999999999,-0.097748204442248,0.0335472334154088,0.0267613589606726,0.0210136132822091,30.179781903919817,7895.95,8796.142174804263,6995.757825195737,0.2317517228446182,307.4285714285715,0.0414715461255323,-0.0761005035146318,-0.1487138263665595,-0.0986795710429686,232752.4,1.2222602215917,0.1914612030875029,0.34746632,0
2026-07-30,7398.4,7446.0,7063.8,7204.0,291985.0,-0.0281937137461216,-0.0281937137461216,-0.0472411786488916,-0.0815910249872513,-0.1504316241332138,7380.24,-0.0238799822228003,7431.74,-0.0306442367467106,7832.17,-0.0802038260150124,8195.246666666666,-0.1209538537379797,0.0338846213593251,0.0268365525559698,0.0209253330864306,29.7371860026136,7832.17,8738.978513646034,6925.361486353966,0.1536369087039683,314.54285714285714,0.0436622511303244,-0.0815910249872513,-0.1504316241332138,-0.1480403983064877,252032.6,1.1585207627902103,0.0263670364589925,0.67388,1
2026-07-31,7231.8,7567.0,7231.8,7355.2,272803.0,0.020988339811216,0.020988339811216,-0.0023330258803103,-0.0016288413508523,-0.1376447966984009,7376.8,-0.0029280989046741,7430.540000000001,-0.0101392361793356,7773.469999999999,-0.0538073730264604,8174.85,-0.1002648366636697,0.0292724844767027,0.0274476259006034,0.0210299638034057,37.44693987805818,7773.469999999999,8641.458447897829,6905.48155210217,0.2590578532392898,309.97142857142865,0.042143167904534,-0.0016288413508523,-0.1376447966984009,-0.1426506585849166,263532.2,1.0351790027935863,-0.0656951555730602,0.22214068,0
2026-08-03,7397.6,7399.4,7297.6,7313.4,161387.0,-0.0056830541657603,-0.0056830541657603,-0.0382420241445516,0.0065235342691989,-0.135388835031802,7318.639999999999,-0.0007159800181454,7435.280000000001,-0.016392119731873,7716.209999999999,-0.0522030893404922,8153.836666666667,-0.1030725413108185,0.0289549121617899,0.0274474933930341,0.0210329989754698,34.47351828499369,7716.209999999999,8544.061484010757,6888.358515989241,0.2567136087934071,296.87142857142857,0.0405928061601209,0.0065235342691989,-0.135388835031802,-0.1470457885283759,249885.6,0.6458435380029901,-0.4084119309538384,0.70579946,1
2026-08-04,7319.8,7555.2,7319.8,7487.2,179748.0,0.0237645964941066,0.0237645964941066,0.0245771525535059,-0.0215879985364068,-0.0991433246703245,7354.56,0.0180350693991209,7418.759999999999,0.009225261364433,7675.01,-0.0244703264230274,8133.826666666666,-0.0794984566509899,0.0241660935141083,0.0281515567966013,0.0212089259475048,39.81622114216281,7675.01,8459.040015268529,6890.979984731472,0.3802277997382052,299.37142857142857,0.0399844305710317,-0.0215879985364068,-0.0991433246703245,-0.1381937889914593,238081.4,0.7549854797560834,0.1137700062582487,0.23302642,0
2026-08-05,7505.6,7730.4,7474.6,7698.4,197142.0,0.0282081418955015,0.0282081418955015,0.0384999325509241,0.0170423018997543,-0.0660455185131265,7411.639999999999,0.0386904922527269,7431.660000000001,0.0358923847431125,7647.789999999999,0.0066175980250504,8118.113333333333,-0.0517008467484645,0.0256714545145344,0.0290835544001519,0.0215653346431541,47.26849767372055,7647.789999999999,8385.236889862777,6910.343110137222,0.5343143355106003,301.4285714285714,0.0391547037603361,0.0170423018997543,-0.0660455185131265,-0.1091052168680276,220613.0,0.8936100773753133,0.0967688096668668,0.21120849,0
2026-08-06,7687.0,7717.8,7597.6,7680.2,184396.0,-0.002364127610932,-0.002364127610932,0.0661021654636313,0.0157382426069936,-0.0952762398397927,7506.88,0.0230881538002472,7443.56,0.031791239675639,7607.35,0.009576265059449,8099.576666666667,-0.0517776031916071,0.0256916743690916,0.0280402502645551,0.0214176822347383,57.09235928577903,7607.35,8230.396989864174,6984.303010135827,0.5584626851466541,274.2999999999999,0.0357152157495898,0.0157382426069936,-0.0952762398397927,-0.1264956098448659,199095.2,0.9261699930485516,-0.0646539042923375,0.2790299,0
2026-08-07,7665.6,7830.6,7619.0,7826.0,185716.0,0.0189838806281086,0.0189838806281086,0.0640091363932999,0.0615267755412078,-0.0594202201817219,7601.039999999999,0.029595950027891,7488.92,0.0450104955053598,7582.63,0.0320957240429771,8087.556666666667,-0.032340628628259,0.024314318225865,0.028273276159673,0.0213129223951782,62.43781094527364,7582.63,8119.881645830171,7045.378354169829,0.7264953508182747,255.94285714285704,0.0327041729035084,0.0615267755412078,-0.0594202201817219,-0.0843785099213778,181677.8,1.0222272616687345,0.0071585066921191,0.1791213,0
2026-08-10,7803.2,7862.0,7741.8,7826.0,163535.0,0.0,0.0,0.0700905187737577,0.0291680913179559,-0.0224587174298633,7703.559999999999,0.0158939503294581,7511.1,0.0419246182316837,7573.640000000001,0.0333208338394745,8078.246666666667,-0.0312254226783534,0.0226732033205862,0.0270374702234565,0.0211850571487837,54.65465465465466,7573.640000000001,8086.542274060762,7060.737725939241,0.7460117772553521,228.99999999999983,0.0292614362381804,0.0291680913179559,-0.0224587174298633,-0.0666221405910837,182107.4,0.8980140290839362,-0.1194350513687566,0.18192714,0
2026-08-11,7816.4,7901.8,7774.2,7812.8,157983.0,-0.0016866854076156,-0.0016866854076156,0.0434875520888984,0.0691335048442716,-0.0356234724862368,7768.68,0.0056792144868884,7561.620000000001,0.03321774963566,7559.210000000001,0.0335471563827436,8068.423333333334,-0.0316819436428513,0.0174374743498631,0.0268710430787378,0.0211815294209048,56.77994428969362,7559.210000000001,8023.532691330144,7094.887308669858,0.7730751745876785,225.2142857142856,0.0288263216406775,0.0691335048442716,-0.0356234724862368,-0.0701482944942991,177754.4,0.8887712484191671,-0.0339499189775889,0.20779039,0
2026-08-12,7815.0,7907.0,7800.2,7852.4,136299.0,0.0050686053655539,0.0050686053655539,0.0200041567078872,0.0592742479428032,-0.0213370556857271,7799.48,0.0067850677224634,7605.56,0.0324552038245702,7550.65,0.0399634468555687,8058.363333333334,-0.0255589534516729,0.0172354462678121,0.0268374983164337,0.0211743342859896,57.971966710468685,7550.65,7984.219213802999,7117.080786197001,0.8479836556581555,222.31428571428555,0.0283116353871791,0.0592742479428032,-0.0213370556857271,-0.0713812677388836,165585.8,0.8231321767929376,-0.1372552743016654,0.16297399,0
2026-08-13,7853.8,7958.2,7798.0,7803.8,163500.0,-0.0061891905659415,-0.0061891905659415,0.016093330902841,0.083259300388673,-0.0051249362570117,7824.2,-0.0026072953145368,7665.540000000001,0.0180365636341339,7548.640000000001,0.0338021153479299,8047.033333333334,-0.0302264602690018,0.013368762827364,0.0263904876480227,0.0211771461473506,62.79207685921009,7548.640000000001,7976.822363509883,7120.45763649012,0.7979571576797444,219.9714285714284,0.0281877327162957,0.083259300388673,-0.0051249362570117,-0.0801310764298175,161406.6,1.0129697298623477,0.1995685955142738,0.42509544,0
2026-08-14,7845.0,7850.0,7737.6,7797.2,158781.0,-0.0008457418180887,-0.0008457418180887,-0.0036800408893432,0.0600935392647379,0.0583668150722118,7818.44,-0.0027166544732708,7709.74,0.0113440920186673,7570.139999999999,0.0299941612704652,8039.64,-0.0301555791055321,0.0128025773549013,0.0221832567049228,0.0208682536527637,56.6050650239562,7570.139999999999,8003.117998225343,7137.162001774655,0.7622073187675309,208.69999999999985,0.0267660185707689,0.0600935392647379,0.0583668150722118,-0.0538297252693912,156019.6,1.017699058323441,-0.0288623853211009,0.30629992,0
2026-08-17,7808.0,8013.8,7805.0,8007.6,168148.0,0.0269840455548147,0.0269840455548147,0.0232047022744696,0.0949216506686356,0.1020644095788605,7854.76,0.0194582647973966,7779.160000000001,0.0293656384493954,7607.219999999999,0.0526315789473685,8033.44,-0.003216554800932,0.0136509439807461,0.0224266413821797,0.0210530526277872,75.4582484725051,7607.219999999999,8057.215048393653,7157.224951606346,0.9448715618418876,198.2714285714285,0.0247604061855522,0.0949216506686356,0.1020644095788605,-0.0443935271373335,156942.2,1.0714008087053704,0.0589932044766061,0.2851347,0
2026-08-18,7996.0,8018.4,7860.0,7948.8,178667.0,-0.0073430241270793,-0.0073430241270793,0.0174073315584681,0.0616518858852441,0.0387329465265799,7881.960000000001,0.0084801242330587,7825.32,0.0157795463955467,7622.039999999999,0.0428704126454335,8024.5,-0.0094336095706897,0.0135048732780421,0.0194898960562552,0.0209994569686919,70.17015509712394,7622.039999999999,8097.12378164152,7146.956218358479,0.8438972373156713,191.3285714285713,0.0240701201978375,0.0616518858852441,0.0387329465265799,-0.0632159524819686,161079.0,1.109188658980997,0.0625579846325856,0.23492816,0
2026-08-19,7942.4,7942.4,7606.4,7638.8,214554.0,-0.0389995974235104,-0.0389995974235104,-0.0272018745861137,-0.0077418684401953,0.0091684942003329,7839.24,-0.0255688051392736,7819.359999999999,-0.0230914039000632,7625.51,0.0017428342497747,8010.773333333333,-0.0464341353643759,0.0174243622909306,0.0213962966931531,0.0215682688714358,65.21130702490905,7625.51,8099.98831917621,7151.03168082379,0.5140048548720562,188.48571428571424,0.0246747806312135,-0.0077418684401953,0.0091684942003329,-0.0973246360370579,176730.0,1.2140213885588185,0.2008596998886196,0.4885041,0
